{
    "Ю": {
        "0": {
            "x": 0.22082921862602234,
            "y": 0.739864706993103,
            "z": 2.584111769010633e-07
        },
        "1": {
            "x": 0.304833322763443,
            "y": 0.7036712765693665,
            "z": 0.009651655331254005
        },
        "2": {
            "x": 0.36735907196998596,
            "y": 0.6079848408699036,
            "z": 0.017470398917794228
        },
        "3": {
            "x": 0.4258675277233124,
            "y": 0.5679895281791687,
            "z": 0.01643088273704052
        },
        "4": {
            "x": 0.48067593574523926,
            "y": 0.5662436485290527,
            "z": 0.016908222809433937
        },
        "5": {
            "x": 0.31298983097076416,
            "y": 0.519703209400177,
            "z": 0.04214620962738991
        },
        "6": {
            "x": 0.3828279674053192,
            "y": 0.4986065626144409,
            "z": 0.029914120212197304
        },
        "7": {
            "x": 0.43343231081962585,
            "y": 0.5155318379402161,
            "z": 0.015642307698726654
        },
        "8": {
            "x": 0.4778836965560913,
            "y": 0.5338175892829895,
            "z": 0.006561893969774246
        },
        "9": {
            "x": 0.29988735914230347,
            "y": 0.5099704265594482,
            "z": 0.021147368475794792
        },
        "10": {
            "x": 0.3848585784435272,
            "y": 0.5016106367111206,
            "z": -0.006158899515867233
        },
        "11": {
            "x": 0.4405531585216522,
            "y": 0.5255311727523804,
            "z": -0.028567956760525703
        },
        "12": {
            "x": 0.49096691608428955,
            "y": 0.5451915860176086,
            "z": -0.037586573511362076
        },
        "13": {
            "x": 0.2849690318107605,
            "y": 0.5085307955741882,
            "z": -0.004229378886520863
        },
        "14": {
            "x": 0.3647316098213196,
            "y": 0.48620837926864624,
            "z": -0.03519728407263756
        },
        "15": {
            "x": 0.42509856820106506,
            "y": 0.5083862543106079,
            "z": -0.053542494773864746
        },
        "16": {
            "x": 0.473717600107193,
            "y": 0.5266392827033997,
            "z": -0.05651206150650978
        },
        "17": {
            "x": 0.27401861548423767,
            "y": 0.5069770216941833,
            "z": -0.029765931889414787
        },
        "18": {
            "x": 0.3241182863712311,
            "y": 0.4283483326435089,
            "z": -0.0448683425784111
        },
        "19": {
            "x": 0.35147595405578613,
            "y": 0.3701680898666382,
            "z": -0.05115562677383423
        },
        "20": {
            "x": 0.376448392868042,
            "y": 0.3200185000896454,
            "z": -0.05336659029126167
        }
    }
}