{
    "Ю": {
        "0": {
            "x": 0.37226584553718567,
            "y": 0.8406723141670227,
            "z": 2.710254989324312e-07
        },
        "1": {
            "x": 0.44051888585090637,
            "y": 0.7849159836769104,
            "z": 0.01456918939948082
        },
        "2": {
            "x": 0.4718881845474243,
            "y": 0.7044017314910889,
            "z": 0.025900326669216156
        },
        "3": {
            "x": 0.5048019289970398,
            "y": 0.6584436297416687,
            "z": 0.028215767815709114
        },
        "4": {
            "x": 0.5407259464263916,
            "y": 0.6369893550872803,
            "z": 0.031711459159851074
        },
        "5": {
            "x": 0.39889171719551086,
            "y": 0.6459986567497253,
            "z": 0.05596170946955681
        },
        "6": {
            "x": 0.4572330117225647,
            "y": 0.6089049577713013,
            "z": 0.05375998467206955
        },
        "7": {
            "x": 0.5003001689910889,
            "y": 0.602077841758728,
            "z": 0.045078542083501816
        },
        "8": {
            "x": 0.5386084914207458,
            "y": 0.5980814695358276,
            "z": 0.03896816074848175
        },
        "9": {
            "x": 0.3881288170814514,
            "y": 0.637736439704895,
            "z": 0.03870231658220291
        },
        "10": {
            "x": 0.4610406458377838,
            "y": 0.6062080264091492,
            "z": 0.02727249078452587
        },
        "11": {
            "x": 0.5051931738853455,
            "y": 0.6099047064781189,
            "z": 0.009475371800363064
        },
        "12": {
            "x": 0.5452893376350403,
            "y": 0.6117258667945862,
            "z": 0.0004256979445926845
        },
        "13": {
            "x": 0.38319486379623413,
            "y": 0.6357567310333252,
            "z": 0.018051590770483017
        },
        "14": {
            "x": 0.46022167801856995,
            "y": 0.6084771156311035,
            "z": 0.003178141312673688
        },
        "15": {
            "x": 0.5064711570739746,
            "y": 0.6191248297691345,
            "z": -0.011066652834415436
        },
        "16": {
            "x": 0.5415201783180237,
            "y": 0.6232620477676392,
            "z": -0.015627536922693253
        },
        "17": {
            "x": 0.38399356603622437,
            "y": 0.6338634490966797,
            "z": -0.0023932105395942926
        },
        "18": {
            "x": 0.42049989104270935,
            "y": 0.5740958452224731,
            "z": -0.004677342250943184
        },
        "19": {
            "x": 0.43808066844940186,
            "y": 0.5350350737571716,
            "z": -0.005768848117440939
        },
        "20": {
            "x": 0.4548507630825043,
            "y": 0.49895936250686646,
            "z": -0.006066611502319574
        }
    }
}