{
    "Ю": {
        "0": {
            "x": 0.8903819918632507,
            "y": 0.9629144072532654,
            "z": -2.459620418449049e-07
        },
        "1": {
            "x": 0.8522241115570068,
            "y": 0.931702733039856,
            "z": -0.008273417130112648
        },
        "2": {
            "x": 0.8236833810806274,
            "y": 0.8625944256782532,
            "z": -0.009165254421532154
        },
        "3": {
            "x": 0.8011956214904785,
            "y": 0.8100085854530334,
            "z": -0.010685814544558525
        },
        "4": {
            "x": 0.775861382484436,
            "y": 0.7815060615539551,
            "z": -0.011731336824595928
        },
        "5": {
            "x": 0.8584498167037964,
            "y": 0.825757622718811,
            "z": 0.0017677893629297614
        },
        "6": {
            "x": 0.821967601776123,
            "y": 0.7769182324409485,
            "z": -0.013965503312647343
        },
        "7": {
            "x": 0.7856348752975464,
            "y": 0.7568990588188171,
            "z": -0.027975812554359436
        },
        "8": {
            "x": 0.7524643540382385,
            "y": 0.7479226589202881,
            "z": -0.03612731024622917
        },
        "9": {
            "x": 0.8700499534606934,
            "y": 0.8136023283004761,
            "z": -0.000965613464359194
        },
        "10": {
            "x": 0.8317726254463196,
            "y": 0.7674643993377686,
            "z": -0.016892801970243454
        },
        "11": {
            "x": 0.7946455478668213,
            "y": 0.7467198371887207,
            "z": -0.031194481998682022
        },
        "12": {
            "x": 0.7615590691566467,
            "y": 0.7353370785713196,
            "z": -0.03928442671895027
        },
        "13": {
            "x": 0.8830587267875671,
            "y": 0.8071833848953247,
            "z": -0.006167649291455746
        },
        "14": {
            "x": 0.8471606373786926,
            "y": 0.7548122406005859,
            "z": -0.022738177329301834
        },
        "15": {
            "x": 0.8102463483810425,
            "y": 0.7315679788589478,
            "z": -0.033231109380722046
        },
        "16": {
            "x": 0.7779011130332947,
            "y": 0.7193796634674072,
            "z": -0.03669610247015953
        },
        "17": {
            "x": 0.8995005488395691,
            "y": 0.8022539019584656,
            "z": -0.012101395055651665
        },
        "18": {
            "x": 0.8791438341140747,
            "y": 0.7405974268913269,
            "z": -0.02525298111140728
        },
        "19": {
            "x": 0.8550876975059509,
            "y": 0.7058424949645996,
            "z": -0.031738825142383575
        },
        "20": {
            "x": 0.8309934139251709,
            "y": 0.6826319694519043,
            "z": -0.03393842652440071
        }
    }
}