{
    "Ю": {
        "0": {
            "x": 0.715610921382904,
            "y": 0.7895785570144653,
            "z": -2.2207440508736909e-07
        },
        "1": {
            "x": 0.6646427512168884,
            "y": 0.7672367691993713,
            "z": -0.0018840536940842867
        },
        "2": {
            "x": 0.6246849298477173,
            "y": 0.7092785835266113,
            "z": 0.0014247033977881074
        },
        "3": {
            "x": 0.5948654413223267,
            "y": 0.665418803691864,
            "z": 0.00138575816527009
        },
        "4": {
            "x": 0.5642547607421875,
            "y": 0.6438356041908264,
            "z": 0.0020690150558948517
        },
        "5": {
            "x": 0.6610075235366821,
            "y": 0.6656162738800049,
            "z": 0.029311250895261765
        },
        "6": {
            "x": 0.6292397975921631,
            "y": 0.635283887386322,
            "z": 0.022487923502922058
        },
        "7": {
            "x": 0.5980871319770813,
            "y": 0.6306041479110718,
            "z": 0.013630062341690063
        },
        "8": {
            "x": 0.5683749914169312,
            "y": 0.629863977432251,
            "z": 0.008097335696220398
        },
        "9": {
            "x": 0.6730599999427795,
            "y": 0.6515320539474487,
            "z": 0.02363036386668682
        },
        "10": {
            "x": 0.635472297668457,
            "y": 0.6267544031143188,
            "z": 0.011877553537487984
        },
        "11": {
            "x": 0.6095070838928223,
            "y": 0.6304914355278015,
            "z": -0.002576405182480812
        },
        "12": {
            "x": 0.5862500667572021,
            "y": 0.634170413017273,
            "z": -0.009499292820692062
        },
        "13": {
            "x": 0.6912001371383667,
            "y": 0.6413785219192505,
            "z": 0.01464738231152296
        },
        "14": {
            "x": 0.6464418768882751,
            "y": 0.6165244579315186,
            "z": -0.0015280185034498572
        },
        "15": {
            "x": 0.6061046123504639,
            "y": 0.6152111887931824,
            "z": -0.012951218523085117
        },
        "16": {
            "x": 0.5731192827224731,
            "y": 0.6149706244468689,
            "z": -0.015698187053203583
        },
        "17": {
            "x": 0.7140066623687744,
            "y": 0.6294543147087097,
            "z": 0.0056062061339616776
        },
        "18": {
            "x": 0.6849212646484375,
            "y": 0.5748646259307861,
            "z": -0.0035244780592620373
        },
        "19": {
            "x": 0.6666417121887207,
            "y": 0.5427322387695312,
            "z": -0.006915078032761812
        },
        "20": {
            "x": 0.6500626802444458,
            "y": 0.5155072808265686,
            "z": -0.007374176289886236
        }
    }
}