{
    "Ю": {
        "0": {
            "x": 0.6979039907455444,
            "y": 0.711512565612793,
            "z": -4.33482369999183e-07
        },
        "1": {
            "x": 0.6564536690711975,
            "y": 0.671454906463623,
            "z": 0.0009911636589094996
        },
        "2": {
            "x": 0.6308557391166687,
            "y": 0.597733736038208,
            "z": 0.002459317445755005
        },
        "3": {
            "x": 0.6061233878135681,
            "y": 0.5502634644508362,
            "z": -0.00081161706475541
        },
        "4": {
            "x": 0.5755265355110168,
            "y": 0.5254547595977783,
            "z": -0.004698887001723051
        },
        "5": {
            "x": 0.6741004586219788,
            "y": 0.5436765551567078,
            "z": 0.025571422651410103
        },
        "6": {
            "x": 0.6423860788345337,
            "y": 0.5073850154876709,
            "z": 0.011012425646185875
        },
        "7": {
            "x": 0.6074053645133972,
            "y": 0.5042267441749573,
            "z": -0.004125575069338083
        },
        "8": {
            "x": 0.5763481855392456,
            "y": 0.5072816610336304,
            "z": -0.012361305765807629
        },
        "9": {
            "x": 0.690319836139679,
            "y": 0.5363511443138123,
            "z": 0.015722934156656265
        },
        "10": {
            "x": 0.6515188813209534,
            "y": 0.5008071064949036,
            "z": -0.0022299194242805243
        },
        "11": {
            "x": 0.6145117282867432,
            "y": 0.5027981400489807,
            "z": -0.02146119624376297
        },
        "12": {
            "x": 0.5826388597488403,
            "y": 0.5060890316963196,
            "z": -0.031424712389707565
        },
        "13": {
            "x": 0.7085026502609253,
            "y": 0.5376694202423096,
            "z": 0.0028322446160018444
        },
        "14": {
            "x": 0.6663041710853577,
            "y": 0.5017756223678589,
            "z": -0.018775520846247673
        },
        "15": {
            "x": 0.6232085227966309,
            "y": 0.5028613805770874,
            "z": -0.03248905763030052
        },
        "16": {
            "x": 0.5886479616165161,
            "y": 0.5038309097290039,
            "z": -0.03579648956656456
        },
        "17": {
            "x": 0.7251649498939514,
            "y": 0.5431790351867676,
            "z": -0.009652189910411835
        },
        "18": {
            "x": 0.704034149646759,
            "y": 0.4793301224708557,
            "z": -0.023079562932252884
        },
        "19": {
            "x": 0.6918101906776428,
            "y": 0.44029122591018677,
            "z": -0.02824092097580433
        },
        "20": {
            "x": 0.679669201374054,
            "y": 0.40387117862701416,
            "z": -0.02930617891252041
        }
    }
}