{
    "Ю": {
        "0": {
            "x": 0.41146862506866455,
            "y": 0.912208616733551,
            "z": 1.0497097235884212e-07
        },
        "1": {
            "x": 0.4842967689037323,
            "y": 0.8564682006835938,
            "z": 0.015811512246727943
        },
        "2": {
            "x": 0.5204260349273682,
            "y": 0.7697547674179077,
            "z": 0.026403408497571945
        },
        "3": {
            "x": 0.547545850276947,
            "y": 0.7161795496940613,
            "z": 0.02808365412056446
        },
        "4": {
            "x": 0.5747283101081848,
            "y": 0.6794531941413879,
            "z": 0.03047909215092659
        },
        "5": {
            "x": 0.466107040643692,
            "y": 0.6728893518447876,
            "z": 0.038977157324552536
        },
        "6": {
            "x": 0.5372225642204285,
            "y": 0.6310173273086548,
            "z": 0.02943975292146206
        },
        "7": {
            "x": 0.590381920337677,
            "y": 0.6254458427429199,
            "z": 0.01966610737144947
        },
        "8": {
            "x": 0.6334584951400757,
            "y": 0.6240408420562744,
            "z": 0.013634257018566132
        },
        "9": {
            "x": 0.455740749835968,
            "y": 0.6662081480026245,
            "z": 0.017011577263474464
        },
        "10": {
            "x": 0.5402085185050964,
            "y": 0.6327081322669983,
            "z": -0.003568320767953992
        },
        "11": {
            "x": 0.595264196395874,
            "y": 0.6387324929237366,
            "z": -0.021738609299063683
        },
        "12": {
            "x": 0.6396920084953308,
            "y": 0.6409900784492493,
            "z": -0.03063010610640049
        },
        "13": {
            "x": 0.44603925943374634,
            "y": 0.6677031517028809,
            "z": -0.007972406223416328
        },
        "14": {
            "x": 0.52679443359375,
            "y": 0.6279136538505554,
            "z": -0.03523419797420502
        },
        "15": {
            "x": 0.5893019437789917,
            "y": 0.631546139717102,
            "z": -0.05403989925980568
        },
        "16": {
            "x": 0.6350767016410828,
            "y": 0.6330845355987549,
            "z": -0.06006529554724693
        },
        "17": {
            "x": 0.43916240334510803,
            "y": 0.6719102263450623,
            "z": -0.031914133578538895
        },
        "18": {
            "x": 0.47136545181274414,
            "y": 0.5801748633384705,
            "z": -0.04812932014465332
        },
        "19": {
            "x": 0.48814117908477783,
            "y": 0.5164122581481934,
            "z": -0.05702979117631912
        },
        "20": {
            "x": 0.5031539797782898,
            "y": 0.46492233872413635,
            "z": -0.06185418739914894
        }
    }
}