{
    "Ю": {
        "0": {
            "x": 0.4128793776035309,
            "y": 0.9142245054244995,
            "z": 1.8594998607568414e-07
        },
        "1": {
            "x": 0.4863080084323883,
            "y": 0.8655552268028259,
            "z": 0.005887252278625965
        },
        "2": {
            "x": 0.51641845703125,
            "y": 0.7802814245223999,
            "z": 0.014065180905163288
        },
        "3": {
            "x": 0.5317688584327698,
            "y": 0.7201700806617737,
            "z": 0.015185976400971413
        },
        "4": {
            "x": 0.5503782033920288,
            "y": 0.6785186529159546,
            "z": 0.01816934533417225
        },
        "5": {
            "x": 0.47540125250816345,
            "y": 0.6949806213378906,
            "z": 0.03926592692732811
        },
        "6": {
            "x": 0.532400906085968,
            "y": 0.6502904891967773,
            "z": 0.026250557973980904
        },
        "7": {
            "x": 0.5817776918411255,
            "y": 0.6369836926460266,
            "z": 0.011364093981683254
        },
        "8": {
            "x": 0.6235761642456055,
            "y": 0.6281880736351013,
            "z": 0.0021280620712786913
        },
        "9": {
            "x": 0.464795857667923,
            "y": 0.6812236905097961,
            "z": 0.022260300815105438
        },
        "10": {
            "x": 0.5293525457382202,
            "y": 0.6464054584503174,
            "z": -0.0005981531576253474
        },
        "11": {
            "x": 0.5842467546463013,
            "y": 0.6466144323348999,
            "z": -0.0218906719237566
        },
        "12": {
            "x": 0.6320071220397949,
            "y": 0.6443142890930176,
            "z": -0.03255944326519966
        },
        "13": {
            "x": 0.44914743304252625,
            "y": 0.6708698272705078,
            "z": 0.00037016082205809653
        },
        "14": {
            "x": 0.5087743997573853,
            "y": 0.6241347193717957,
            "z": -0.029772596433758736
        },
        "15": {
            "x": 0.5683621168136597,
            "y": 0.6217242479324341,
            "z": -0.04943367466330528
        },
        "16": {
            "x": 0.6136065125465393,
            "y": 0.618365466594696,
            "z": -0.05589275807142258
        },
        "17": {
            "x": 0.43007704615592957,
            "y": 0.6610163450241089,
            "z": -0.021409757435321808
        },
        "18": {
            "x": 0.4442085027694702,
            "y": 0.5679974555969238,
            "z": -0.03879912942647934
        },
        "19": {
            "x": 0.4554832875728607,
            "y": 0.50519859790802,
            "z": -0.04640909656882286
        },
        "20": {
            "x": 0.4676196873188019,
            "y": 0.45190903544425964,
            "z": -0.05043436214327812
        }
    }
}