{
    "Ю": {
        "0": {
            "x": 0.4163987338542938,
            "y": 0.8914517164230347,
            "z": 2.4211490767811483e-07
        },
        "1": {
            "x": 0.4913674592971802,
            "y": 0.8483203649520874,
            "z": 0.00910967867821455
        },
        "2": {
            "x": 0.5239153504371643,
            "y": 0.762414813041687,
            "z": 0.023282937705516815
        },
        "3": {
            "x": 0.5357688665390015,
            "y": 0.6987714767456055,
            "z": 0.029366981238126755
        },
        "4": {
            "x": 0.5533305406570435,
            "y": 0.6664751768112183,
            "z": 0.0365295335650444
        },
        "5": {
            "x": 0.4866122305393219,
            "y": 0.6838291883468628,
            "z": 0.05383845791220665
        },
        "6": {
            "x": 0.5357704162597656,
            "y": 0.6348325610160828,
            "z": 0.04879444092512131
        },
        "7": {
            "x": 0.5814175009727478,
            "y": 0.6199318170547485,
            "z": 0.03914115950465202
        },
        "8": {
            "x": 0.6193637251853943,
            "y": 0.6118005514144897,
            "z": 0.033226463943719864
        },
        "9": {
            "x": 0.4712560474872589,
            "y": 0.671133816242218,
            "z": 0.037823691964149475
        },
        "10": {
            "x": 0.5307968854904175,
            "y": 0.6307133436203003,
            "z": 0.022259099408984184
        },
        "11": {
            "x": 0.5814751982688904,
            "y": 0.6249324083328247,
            "z": 0.0012251402949914336
        },
        "12": {
            "x": 0.6231796741485596,
            "y": 0.622721791267395,
            "z": -0.009728826582431793
        },
        "13": {
            "x": 0.45137953758239746,
            "y": 0.6595062613487244,
            "z": 0.01682787388563156
        },
        "14": {
            "x": 0.5084274411201477,
            "y": 0.619009256362915,
            "z": -0.01030572410672903
        },
        "15": {
            "x": 0.5656346678733826,
            "y": 0.6225066184997559,
            "z": -0.03442471846938133
        },
        "16": {
            "x": 0.6063569784164429,
            "y": 0.6259536743164062,
            "z": -0.04358174651861191
        },
        "17": {
            "x": 0.42803627252578735,
            "y": 0.648826539516449,
            "z": -0.0032790815457701683
        },
        "18": {
            "x": 0.43877851963043213,
            "y": 0.5587247610092163,
            "z": -0.018770478665828705
        },
        "19": {
            "x": 0.4464123249053955,
            "y": 0.497844398021698,
            "z": -0.029053175821900368
        },
        "20": {
            "x": 0.45442479848861694,
            "y": 0.4477638006210327,
            "z": -0.03523266315460205
        }
    }
}