{
    "Ю": {
        "0": {
            "x": 0.38827812671661377,
            "y": 0.8586041927337646,
            "z": -2.332702564444844e-08
        },
        "1": {
            "x": 0.4573495388031006,
            "y": 0.786952793598175,
            "z": 0.0656140148639679
        },
        "2": {
            "x": 0.480797678232193,
            "y": 0.7140042185783386,
            "z": 0.09935291111469269
        },
        "3": {
            "x": 0.5024484992027283,
            "y": 0.6663086414337158,
            "z": 0.11281619220972061
        },
        "4": {
            "x": 0.5314638614654541,
            "y": 0.6313103437423706,
            "z": 0.1246248260140419
        },
        "5": {
            "x": 0.4018627107143402,
            "y": 0.6303036212921143,
            "z": 0.11666738241910934
        },
        "6": {
            "x": 0.46904295682907104,
            "y": 0.5858840346336365,
            "z": 0.13181522488594055
        },
        "7": {
            "x": 0.5147173404693604,
            "y": 0.5770115852355957,
            "z": 0.12950685620307922
        },
        "8": {
            "x": 0.549532949924469,
            "y": 0.5696756839752197,
            "z": 0.12581120431423187
        },
        "9": {
            "x": 0.39520063996315,
            "y": 0.6240628957748413,
            "z": 0.07174568623304367
        },
        "10": {
            "x": 0.4789687693119049,
            "y": 0.5899239182472229,
            "z": 0.07529831677675247
        },
        "11": {
            "x": 0.5308499932289124,
            "y": 0.589573085308075,
            "z": 0.0571882389485836
        },
        "12": {
            "x": 0.5694276094436646,
            "y": 0.593937873840332,
            "z": 0.04474927484989166
        },
        "13": {
            "x": 0.3968872129917145,
            "y": 0.6262008547782898,
            "z": 0.02627762034535408
        },
        "14": {
            "x": 0.48012012243270874,
            "y": 0.5839036107063293,
            "z": 0.02221512235701084
        },
        "15": {
            "x": 0.5360240340232849,
            "y": 0.5942869186401367,
            "z": 0.0070865945890545845
        },
        "16": {
            "x": 0.5717273950576782,
            "y": 0.5978507399559021,
            "z": -0.0010045217350125313
        },
        "17": {
            "x": 0.4076637625694275,
            "y": 0.6257962584495544,
            "z": -0.015033002011477947
        },
        "18": {
            "x": 0.444033682346344,
            "y": 0.5411497950553894,
            "z": -0.01335266325622797
        },
        "19": {
            "x": 0.46170774102211,
            "y": 0.48832976818084717,
            "z": -0.014086725190281868
        },
        "20": {
            "x": 0.47488588094711304,
            "y": 0.4412311017513275,
            "z": -0.015787167474627495
        }
    }
}