{
    "Ю": {
        "0": {
            "x": 0.38482430577278137,
            "y": 0.8400081396102905,
            "z": -1.0928189020376067e-08
        },
        "1": {
            "x": 0.45274510979652405,
            "y": 0.7728849053382874,
            "z": 0.0827629566192627
        },
        "2": {
            "x": 0.4752237796783447,
            "y": 0.7060562968254089,
            "z": 0.1268850564956665
        },
        "3": {
            "x": 0.49822574853897095,
            "y": 0.6603792905807495,
            "z": 0.1472431719303131
        },
        "4": {
            "x": 0.5291298627853394,
            "y": 0.6239792704582214,
            "z": 0.16504737734794617
        },
        "5": {
            "x": 0.39618587493896484,
            "y": 0.6274236440658569,
            "z": 0.15286123752593994
        },
        "6": {
            "x": 0.4571664035320282,
            "y": 0.5868923664093018,
            "z": 0.17776745557785034
        },
        "7": {
            "x": 0.5027452707290649,
            "y": 0.5810599327087402,
            "z": 0.17513199150562286
        },
        "8": {
            "x": 0.5371465086936951,
            "y": 0.5758500099182129,
            "z": 0.16995593905448914
        },
        "9": {
            "x": 0.39144474267959595,
            "y": 0.6202734708786011,
            "z": 0.10196473449468613
        },
        "10": {
            "x": 0.4699586033821106,
            "y": 0.5769959688186646,
            "z": 0.11402082443237305
        },
        "11": {
            "x": 0.5239620208740234,
            "y": 0.5785039663314819,
            "z": 0.08967415988445282
        },
        "12": {
            "x": 0.5633808970451355,
            "y": 0.5898243188858032,
            "z": 0.07234808057546616
        },
        "13": {
            "x": 0.3945671021938324,
            "y": 0.6172580718994141,
            "z": 0.051366351544857025
        },
        "14": {
            "x": 0.4717944264411926,
            "y": 0.5681801438331604,
            "z": 0.05742258206009865
        },
        "15": {
            "x": 0.528420090675354,
            "y": 0.5816173553466797,
            "z": 0.03843418136239052
        },
        "16": {
            "x": 0.5640099048614502,
            "y": 0.5888155698776245,
            "z": 0.02623387798666954
        },
        "17": {
            "x": 0.4047899842262268,
            "y": 0.6089420914649963,
            "z": 0.006178394891321659
        },
        "18": {
            "x": 0.4389668107032776,
            "y": 0.529802680015564,
            "z": 0.018321635201573372
        },
        "19": {
            "x": 0.45494839549064636,
            "y": 0.48124974966049194,
            "z": 0.019421353936195374
        },
        "20": {
            "x": 0.46711266040802,
            "y": 0.43715208768844604,
            "z": 0.017303744331002235
        }
    }
}