{
    "Ю": {
        "0": {
            "x": 0.3705689609050751,
            "y": 0.8509223461151123,
            "z": -5.077937625941331e-09
        },
        "1": {
            "x": 0.4431574046611786,
            "y": 0.7762870788574219,
            "z": 0.06741831451654434
        },
        "2": {
            "x": 0.4658569097518921,
            "y": 0.6998708248138428,
            "z": 0.10501035302877426
        },
        "3": {
            "x": 0.4890577495098114,
            "y": 0.654086172580719,
            "z": 0.12154479324817657
        },
        "4": {
            "x": 0.5199199318885803,
            "y": 0.61728435754776,
            "z": 0.13595610857009888
        },
        "5": {
            "x": 0.3809504508972168,
            "y": 0.6240835785865784,
            "z": 0.12857002019882202
        },
        "6": {
            "x": 0.4394335448741913,
            "y": 0.5751860737800598,
            "z": 0.14641644060611725
        },
        "7": {
            "x": 0.48386797308921814,
            "y": 0.558198869228363,
            "z": 0.14319771528244019
        },
        "8": {
            "x": 0.5191442966461182,
            "y": 0.5459665060043335,
            "z": 0.1388062685728073
        },
        "9": {
            "x": 0.37496277689933777,
            "y": 0.6190582513809204,
            "z": 0.08353791385889053
        },
        "10": {
            "x": 0.460640549659729,
            "y": 0.5783172249794006,
            "z": 0.0857296884059906
        },
        "11": {
            "x": 0.5155649781227112,
            "y": 0.5784025192260742,
            "z": 0.06164035573601723
        },
        "12": {
            "x": 0.5564249753952026,
            "y": 0.585233211517334,
            "z": 0.04724811762571335
        },
        "13": {
            "x": 0.3787682354450226,
            "y": 0.6216500997543335,
            "z": 0.03816904127597809
        },
        "14": {
            "x": 0.46478962898254395,
            "y": 0.5723145008087158,
            "z": 0.032794076949357986
        },
        "15": {
            "x": 0.523400068283081,
            "y": 0.5830416083335876,
            "z": 0.013336976990103722
        },
        "16": {
            "x": 0.5598621368408203,
            "y": 0.5862485766410828,
            "z": 0.00458297785371542
        },
        "17": {
            "x": 0.39166077971458435,
            "y": 0.6218989491462708,
            "z": -0.002675584051758051
        },
        "18": {
            "x": 0.4228024184703827,
            "y": 0.5336342453956604,
            "z": -0.0002721143828239292
        },
        "19": {
            "x": 0.4394347667694092,
            "y": 0.4803647994995117,
            "z": -0.001186824170872569
        },
        "20": {
            "x": 0.453664630651474,
            "y": 0.43307358026504517,
            "z": -0.001906517893075943
        }
    }
}