{
    "Ю": {
        "0": {
            "x": 0.38492050766944885,
            "y": 0.8473714590072632,
            "z": -1.8487169128889036e-08
        },
        "1": {
            "x": 0.4566458761692047,
            "y": 0.7881213426589966,
            "z": 0.05687731131911278
        },
        "2": {
            "x": 0.4810467064380646,
            "y": 0.7156042456626892,
            "z": 0.09041102230548859
        },
        "3": {
            "x": 0.5018929243087769,
            "y": 0.6667499542236328,
            "z": 0.10486014932394028
        },
        "4": {
            "x": 0.5318268537521362,
            "y": 0.6318184733390808,
            "z": 0.11838243901729584
        },
        "5": {
            "x": 0.40906235575675964,
            "y": 0.6363533139228821,
            "z": 0.12200057506561279
        },
        "6": {
            "x": 0.465807169675827,
            "y": 0.5940924286842346,
            "z": 0.1387835144996643
        },
        "7": {
            "x": 0.5107945203781128,
            "y": 0.5886896848678589,
            "z": 0.1366736888885498
        },
        "8": {
            "x": 0.5425925850868225,
            "y": 0.5896084904670715,
            "z": 0.13456286489963531
        },
        "9": {
            "x": 0.4001375436782837,
            "y": 0.6267695426940918,
            "z": 0.08430217206478119
        },
        "10": {
            "x": 0.47341716289520264,
            "y": 0.5952901840209961,
            "z": 0.08907103538513184
        },
        "11": {
            "x": 0.5238122344017029,
            "y": 0.5970125198364258,
            "z": 0.06937381625175476
        },
        "12": {
            "x": 0.5599843263626099,
            "y": 0.6052194833755493,
            "z": 0.05783737078309059
        },
        "13": {
            "x": 0.3983774185180664,
            "y": 0.6226154565811157,
            "z": 0.04492942988872528
        },
        "14": {
            "x": 0.473734974861145,
            "y": 0.5815990567207336,
            "z": 0.04242329299449921
        },
        "15": {
            "x": 0.5263150930404663,
            "y": 0.5951764583587646,
            "z": 0.02626945823431015
        },
        "16": {
            "x": 0.5587133169174194,
            "y": 0.6041929721832275,
            "z": 0.019286023452878
        },
        "17": {
            "x": 0.4032571613788605,
            "y": 0.6167746186256409,
            "z": 0.009044027887284756
        },
        "18": {
            "x": 0.4339391589164734,
            "y": 0.5337858200073242,
            "z": 0.014294926077127457
        },
        "19": {
            "x": 0.45235636830329895,
            "y": 0.4819401502609253,
            "z": 0.015448342077434063
        },
        "20": {
            "x": 0.4669748842716217,
            "y": 0.43930524587631226,
            "z": 0.016207871958613396
        }
    }
}