{
    "Ц": {
        "0": {
            "x": 0.5788120031356812,
            "y": 0.7024403214454651,
            "z": 2.229655677865594e-07
        },
        "1": {
            "x": 0.5102965235710144,
            "y": 0.6107170581817627,
            "z": 0.015323996543884277
        },
        "2": {
            "x": 0.4867909550666809,
            "y": 0.5107998847961426,
            "z": 0.027660690248012543
        },
        "3": {
            "x": 0.5225675106048584,
            "y": 0.45582419633865356,
            "z": 0.0370885469019413
        },
        "4": {
            "x": 0.5593929290771484,
            "y": 0.44429680705070496,
            "z": 0.04612545296549797
        },
        "5": {
            "x": 0.559725284576416,
            "y": 0.41407111287117004,
            "z": 0.0228143148124218
        },
        "6": {
            "x": 0.5481305122375488,
            "y": 0.29018402099609375,
            "z": 0.04585446044802666
        },
        "7": {
            "x": 0.5476078391075134,
            "y": 0.2385670244693756,
            "z": 0.06480248272418976
        },
        "8": {
            "x": 0.5483964085578918,
            "y": 0.19829165935516357,
            "z": 0.07851339131593704
        },
        "9": {
            "x": 0.6201131939888,
            "y": 0.4214552044868469,
            "z": 0.02471993677318096
        },
        "10": {
            "x": 0.6076528429985046,
            "y": 0.29410111904144287,
            "z": 0.04882994666695595
        },
        "11": {
            "x": 0.599161684513092,
            "y": 0.23869676887989044,
            "z": 0.06405918300151825
        },
        "12": {
            "x": 0.596644937992096,
            "y": 0.20977628231048584,
            "z": 0.07560405880212784
        },
        "13": {
            "x": 0.6652587652206421,
            "y": 0.4576985538005829,
            "z": 0.02879737690091133
        },
        "14": {
            "x": 0.6333647966384888,
            "y": 0.4157474637031555,
            "z": 0.049978796392679214
        },
        "15": {
            "x": 0.6085859537124634,
            "y": 0.45546194911003113,
            "z": 0.049839481711387634
        },
        "16": {
            "x": 0.5991780161857605,
            "y": 0.49918264150619507,
            "z": 0.05105787515640259
        },
        "17": {
            "x": 0.6950007081031799,
            "y": 0.49410125613212585,
            "z": 0.034738749265670776
        },
        "18": {
            "x": 0.6639030575752258,
            "y": 0.4661354124546051,
            "z": 0.05859270691871643
        },
        "19": {
            "x": 0.6399379968643188,
            "y": 0.4971047043800354,
            "z": 0.06761256605386734
        },
        "20": {
            "x": 0.6356908679008484,
            "y": 0.5356786847114563,
            "z": 0.07395466417074203
        }
    }
}