{
    "Ц": {
        "0": {
            "x": 0.38738957047462463,
            "y": 0.6589930057525635,
            "z": 2.576751114702347e-07
        },
        "1": {
            "x": 0.3224840462207794,
            "y": 0.5709879398345947,
            "z": 0.01699150912463665
        },
        "2": {
            "x": 0.29563209414482117,
            "y": 0.47481048107147217,
            "z": 0.02434481866657734
        },
        "3": {
            "x": 0.33037781715393066,
            "y": 0.4228324294090271,
            "z": 0.027198132127523422
        },
        "4": {
            "x": 0.3771509528160095,
            "y": 0.42418840527534485,
            "z": 0.029180355370044708
        },
        "5": {
            "x": 0.35562244057655334,
            "y": 0.3872724175453186,
            "z": 0.015078656375408173
        },
        "6": {
            "x": 0.3511893153190613,
            "y": 0.2649889290332794,
            "z": 0.02944101393222809
        },
        "7": {
            "x": 0.3529108166694641,
            "y": 0.21152760088443756,
            "z": 0.0420585460960865
        },
        "8": {
            "x": 0.35624802112579346,
            "y": 0.1721912920475006,
            "z": 0.051231324672698975
        },
        "9": {
            "x": 0.4155106544494629,
            "y": 0.38873958587646484,
            "z": 0.010188451036810875
        },
        "10": {
            "x": 0.4091342091560364,
            "y": 0.2646567225456238,
            "z": 0.03166395425796509
        },
        "11": {
            "x": 0.4044416844844818,
            "y": 0.21278394758701324,
            "z": 0.044273313134908676
        },
        "12": {
            "x": 0.404276579618454,
            "y": 0.1856299787759781,
            "z": 0.052695102989673615
        },
        "13": {
            "x": 0.46456781029701233,
            "y": 0.416791170835495,
            "z": 0.007534970995038748
        },
        "14": {
            "x": 0.43847471475601196,
            "y": 0.3885420858860016,
            "z": 0.03201387822628021
        },
        "15": {
            "x": 0.42068490386009216,
            "y": 0.42313212156295776,
            "z": 0.03431884944438934
        },
        "16": {
            "x": 0.4143678843975067,
            "y": 0.46025970578193665,
            "z": 0.03407451882958412
        },
        "17": {
            "x": 0.49820348620414734,
            "y": 0.4508787989616394,
            "z": 0.0055912393145263195
        },
        "18": {
            "x": 0.4714813530445099,
            "y": 0.4362260401248932,
            "z": 0.03172590583562851
        },
        "19": {
            "x": 0.4547368884086609,
            "y": 0.4647658169269562,
            "z": 0.04227517172694206
        },
        "20": {
            "x": 0.4522433578968048,
            "y": 0.498288631439209,
            "z": 0.04834488779306412
        }
    }
}