{
    "Ц": {
        "0": {
            "x": 0.7429047226905823,
            "y": 0.6639407873153687,
            "z": -4.1573844811182425e-08
        },
        "1": {
            "x": 0.6681110858917236,
            "y": 0.5732994079589844,
            "z": -0.012775439769029617
        },
        "2": {
            "x": 0.6402192115783691,
            "y": 0.46248745918273926,
            "z": -0.0064301202073693275
        },
        "3": {
            "x": 0.6712834239006042,
            "y": 0.4061638116836548,
            "z": 0.005857389885932207
        },
        "4": {
            "x": 0.7096288800239563,
            "y": 0.3940598964691162,
            "z": 0.019339658319950104
        },
        "5": {
            "x": 0.7454126477241516,
            "y": 0.39119017124176025,
            "z": -0.01261416170746088
        },
        "6": {
            "x": 0.7197431921958923,
            "y": 0.28028711676597595,
            "z": 0.000800500565674156
        },
        "7": {
            "x": 0.7086738348007202,
            "y": 0.22930282354354858,
            "z": 0.008586966432631016
        },
        "8": {
            "x": 0.7031331658363342,
            "y": 0.18321122229099274,
            "z": 0.012403039261698723
        },
        "9": {
            "x": 0.7994781136512756,
            "y": 0.39929649233818054,
            "z": 0.0024598974268883467
        },
        "10": {
            "x": 0.7701231837272644,
            "y": 0.28189828991889954,
            "z": 0.020308708772063255
        },
        "11": {
            "x": 0.7494280934333801,
            "y": 0.2252654731273651,
            "z": 0.02850685641169548
        },
        "12": {
            "x": 0.735196053981781,
            "y": 0.18592527508735657,
            "z": 0.031949978321790695
        },
        "13": {
            "x": 0.8335704207420349,
            "y": 0.4273236095905304,
            "z": 0.018298368901014328
        },
        "14": {
            "x": 0.7792196869850159,
            "y": 0.3740733563899994,
            "z": 0.03053945302963257
        },
        "15": {
            "x": 0.7525027990341187,
            "y": 0.4054862856864929,
            "z": 0.025627247989177704
        },
        "16": {
            "x": 0.7427645325660706,
            "y": 0.44232892990112305,
            "z": 0.022032156586647034
        },
        "17": {
            "x": 0.8534692525863647,
            "y": 0.4564528465270996,
            "z": 0.033642228692770004
        },
        "18": {
            "x": 0.8041398525238037,
            "y": 0.42332708835601807,
            "z": 0.04090091586112976
        },
        "19": {
            "x": 0.7790130376815796,
            "y": 0.4501403570175171,
            "z": 0.03954385593533516
        },
        "20": {
            "x": 0.7717910408973694,
            "y": 0.48463258147239685,
            "z": 0.03886638954281807
        }
    }
}