{
    "Ц": {
        "0": {
            "x": 0.5069871544837952,
            "y": 0.8956220149993896,
            "z": 3.687848675326677e-07
        },
        "1": {
            "x": 0.4577344059944153,
            "y": 0.7815006375312805,
            "z": 0.015664614737033844
        },
        "2": {
            "x": 0.4615389108657837,
            "y": 0.6688315868377686,
            "z": 0.019848905503749847
        },
        "3": {
            "x": 0.5204395055770874,
            "y": 0.6071276068687439,
            "z": 0.020781241357326508
        },
        "4": {
            "x": 0.5755838751792908,
            "y": 0.6001195907592773,
            "z": 0.021977776661515236
        },
        "5": {
            "x": 0.4985998272895813,
            "y": 0.5983241200447083,
            "z": -0.0036383052356541157
        },
        "6": {
            "x": 0.5182139873504639,
            "y": 0.4565054774284363,
            "z": -0.0022146643605083227
        },
        "7": {
            "x": 0.5345937013626099,
            "y": 0.3872165083885193,
            "z": 0.0036299405619502068
        },
        "8": {
            "x": 0.5493749380111694,
            "y": 0.3391101360321045,
            "z": 0.010144493542611599
        },
        "9": {
            "x": 0.5635914206504822,
            "y": 0.6137781143188477,
            "z": -0.0124469930306077
        },
        "10": {
            "x": 0.5854215621948242,
            "y": 0.4674547016620636,
            "z": -0.005132829770445824
        },
        "11": {
            "x": 0.5957643985748291,
            "y": 0.389721155166626,
            "z": -0.0019303567241877317
        },
        "12": {
            "x": 0.6079408526420593,
            "y": 0.3430839776992798,
            "z": 0.0011095936642959714
        },
        "13": {
            "x": 0.6196163892745972,
            "y": 0.6501725912094116,
            "z": -0.016963107511401176
        },
        "14": {
            "x": 0.6207072734832764,
            "y": 0.5872473120689392,
            "z": -0.005821569357067347
        },
        "15": {
            "x": 0.5943760275840759,
            "y": 0.611733078956604,
            "z": 0.0008104988373816013
        },
        "16": {
            "x": 0.576374888420105,
            "y": 0.6503448486328125,
            "z": 0.006891923490911722
        },
        "17": {
            "x": 0.6604346632957458,
            "y": 0.6959619522094727,
            "z": -0.020419899374246597
        },
        "18": {
            "x": 0.6408960223197937,
            "y": 0.6597845554351807,
            "z": -0.0010472821304574609
        },
        "19": {
            "x": 0.6185596585273743,
            "y": 0.682081401348114,
            "z": 0.0169166699051857
        },
        "20": {
            "x": 0.611470639705658,
            "y": 0.7165009379386902,
            "z": 0.03136085718870163
        }
    }
}