{
    "Ц": {
        "0": {
            "x": 0.2868277430534363,
            "y": 0.6400614976882935,
            "z": 3.1511038400822144e-07
        },
        "1": {
            "x": 0.23047734797000885,
            "y": 0.5351870059967041,
            "z": 0.035892777144908905
        },
        "2": {
            "x": 0.21598345041275024,
            "y": 0.45310962200164795,
            "z": 0.04197914898395538
        },
        "3": {
            "x": 0.2465342879295349,
            "y": 0.39959633350372314,
            "z": 0.0393892303109169
        },
        "4": {
            "x": 0.2910187244415283,
            "y": 0.3910375237464905,
            "z": 0.03626584634184837
        },
        "5": {
            "x": 0.2465672492980957,
            "y": 0.35885089635849,
            "z": 0.011746369302272797
        },
        "6": {
            "x": 0.2627454996109009,
            "y": 0.2384192794561386,
            "z": 0.01916252076625824
        },
        "7": {
            "x": 0.27917855978012085,
            "y": 0.18644116818904877,
            "z": 0.03142217546701431
        },
        "8": {
            "x": 0.29076623916625977,
            "y": 0.15304110944271088,
            "z": 0.041552264243364334
        },
        "9": {
            "x": 0.3097601532936096,
            "y": 0.35712480545043945,
            "z": -0.007715906482189894
        },
        "10": {
            "x": 0.32924985885620117,
            "y": 0.23220983147621155,
            "z": 0.00510810874402523
        },
        "11": {
            "x": 0.3388719856739044,
            "y": 0.1812191903591156,
            "z": 0.015314210206270218
        },
        "12": {
            "x": 0.34419628977775574,
            "y": 0.16452175378799438,
            "z": 0.023473452776670456
        },
        "13": {
            "x": 0.36759883165359497,
            "y": 0.38423383235931396,
            "z": -0.021726397797465324
        },
        "14": {
            "x": 0.37229272723197937,
            "y": 0.3659534156322479,
            "z": 0.0029809109400957823
        },
        "15": {
            "x": 0.359538197517395,
            "y": 0.40276405215263367,
            "z": 0.0157508235424757
        },
        "16": {
            "x": 0.34550032019615173,
            "y": 0.4428824484348297,
            "z": 0.022094883024692535
        },
        "17": {
            "x": 0.4142830967903137,
            "y": 0.42639535665512085,
            "z": -0.034169185906648636
        },
        "18": {
            "x": 0.40929120779037476,
            "y": 0.4307476878166199,
            "z": -0.004424362443387508
        },
        "19": {
            "x": 0.3969542980194092,
            "y": 0.46016615629196167,
            "z": 0.014922401867806911
        },
        "20": {
            "x": 0.3858068585395813,
            "y": 0.49550333619117737,
            "z": 0.02833169884979725
        }
    }
}