{
    "Ц": {
        "0": {
            "x": 0.3083443343639374,
            "y": 0.6375176906585693,
            "z": 2.1814605588588165e-07
        },
        "1": {
            "x": 0.24913954734802246,
            "y": 0.5446721315383911,
            "z": 0.0358382910490036
        },
        "2": {
            "x": 0.23000335693359375,
            "y": 0.4566078782081604,
            "z": 0.04782810062170029
        },
        "3": {
            "x": 0.2584501802921295,
            "y": 0.40082383155822754,
            "z": 0.05186276137828827
        },
        "4": {
            "x": 0.2947205603122711,
            "y": 0.39185085892677307,
            "z": 0.05486321076750755
        },
        "5": {
            "x": 0.26550906896591187,
            "y": 0.3495296239852905,
            "z": 0.022785263136029243
        },
        "6": {
            "x": 0.279287189245224,
            "y": 0.23024699091911316,
            "z": 0.039002709090709686
        },
        "7": {
            "x": 0.29375648498535156,
            "y": 0.18081338703632355,
            "z": 0.05551356077194214
        },
        "8": {
            "x": 0.3040159046649933,
            "y": 0.14930374920368195,
            "z": 0.06808280944824219
        },
        "9": {
            "x": 0.3295516073703766,
            "y": 0.34956735372543335,
            "z": 0.006630122661590576
        },
        "10": {
            "x": 0.3435192108154297,
            "y": 0.22499841451644897,
            "z": 0.02989480458199978
        },
        "11": {
            "x": 0.3490578532218933,
            "y": 0.17535731196403503,
            "z": 0.04379279166460037
        },
        "12": {
            "x": 0.35302573442459106,
            "y": 0.1596745401620865,
            "z": 0.05308859422802925
        },
        "13": {
            "x": 0.3857049345970154,
            "y": 0.3796194791793823,
            "z": -0.00478496216237545
        },
        "14": {
            "x": 0.3790998160839081,
            "y": 0.3534497022628784,
            "z": 0.024814307689666748
        },
        "15": {
            "x": 0.3659365475177765,
            "y": 0.39050590991973877,
            "z": 0.03380115330219269
        },
        "16": {
            "x": 0.35635170340538025,
            "y": 0.429502010345459,
            "z": 0.03682159632444382
        },
        "17": {
            "x": 0.428169310092926,
            "y": 0.4194240868091583,
            "z": -0.014208425767719746
        },
        "18": {
            "x": 0.4157369136810303,
            "y": 0.4071018099784851,
            "z": 0.017882218584418297
        },
        "19": {
            "x": 0.4037005305290222,
            "y": 0.43520721793174744,
            "z": 0.03498698025941849
        },
        "20": {
            "x": 0.39746415615081787,
            "y": 0.4693507254123688,
            "z": 0.04568012058734894
        }
    }
}