{
    "Ц": {
        "0": {
            "x": 0.4367147386074066,
            "y": 0.6738332509994507,
            "z": 9.415756352382232e-08
        },
        "1": {
            "x": 0.3771793842315674,
            "y": 0.5633771419525146,
            "z": 0.052405454218387604
        },
        "2": {
            "x": 0.3708648681640625,
            "y": 0.4598797559738159,
            "z": 0.08050408214330673
        },
        "3": {
            "x": 0.4091399013996124,
            "y": 0.4063926935195923,
            "z": 0.09891848266124725
        },
        "4": {
            "x": 0.44769763946533203,
            "y": 0.40266919136047363,
            "z": 0.11647973209619522
        },
        "5": {
            "x": 0.4235767722129822,
            "y": 0.3594338893890381,
            "z": 0.06351517885923386
        },
        "6": {
            "x": 0.42899414896965027,
            "y": 0.23299327492713928,
            "z": 0.10395628958940506
        },
        "7": {
            "x": 0.43465733528137207,
            "y": 0.18480266630649567,
            "z": 0.13452297449111938
        },
        "8": {
            "x": 0.4396705627441406,
            "y": 0.14870727062225342,
            "z": 0.15498678386211395
        },
        "9": {
            "x": 0.486023873090744,
            "y": 0.3627663254737854,
            "z": 0.04974989965558052
        },
        "10": {
            "x": 0.48492613434791565,
            "y": 0.2249944657087326,
            "z": 0.08946476876735687
        },
        "11": {
            "x": 0.4834502339363098,
            "y": 0.16845424473285675,
            "z": 0.10960806906223297
        },
        "12": {
            "x": 0.48471304774284363,
            "y": 0.14270350337028503,
            "z": 0.12232039123773575
        },
        "13": {
            "x": 0.5377857089042664,
            "y": 0.39747995138168335,
            "z": 0.04154599457979202
        },
        "14": {
            "x": 0.519045889377594,
            "y": 0.36850711703300476,
            "z": 0.08431137353181839
        },
        "15": {
            "x": 0.4971834421157837,
            "y": 0.407656192779541,
            "z": 0.09043902903795242
        },
        "16": {
            "x": 0.48369526863098145,
            "y": 0.44771718978881836,
            "z": 0.09020227193832397
        },
        "17": {
            "x": 0.5759285092353821,
            "y": 0.4370327591896057,
            "z": 0.0371912457048893
        },
        "18": {
            "x": 0.5523742437362671,
            "y": 0.41989126801490784,
            "z": 0.08119066059589386
        },
        "19": {
            "x": 0.5321980118751526,
            "y": 0.44977471232414246,
            "z": 0.09737587720155716
        },
        "20": {
            "x": 0.52474445104599,
            "y": 0.4879303574562073,
            "z": 0.10521897673606873
        }
    }
}