{
    "Ц": {
        "0": {
            "x": 0.5054508447647095,
            "y": 0.9202622771263123,
            "z": 4.3376613234613615e-07
        },
        "1": {
            "x": 0.44480791687965393,
            "y": 0.8134257793426514,
            "z": 0.00036903450381942093
        },
        "2": {
            "x": 0.4378897547721863,
            "y": 0.7053440809249878,
            "z": -0.004929610062390566
        },
        "3": {
            "x": 0.49170005321502686,
            "y": 0.6289055943489075,
            "z": -0.010205160826444626
        },
        "4": {
            "x": 0.5495604276657104,
            "y": 0.6044748425483704,
            "z": -0.013260141015052795
        },
        "5": {
            "x": 0.48632922768592834,
            "y": 0.6320921182632446,
            "z": -0.017434870824217796
        },
        "6": {
            "x": 0.49523666501045227,
            "y": 0.4890645146369934,
            "z": -0.021762575954198837
        },
        "7": {
            "x": 0.5027561187744141,
            "y": 0.41565531492233276,
            "z": -0.01875898614525795
        },
        "8": {
            "x": 0.5101340413093567,
            "y": 0.3597276210784912,
            "z": -0.013959930278360844
        },
        "9": {
            "x": 0.5500598549842834,
            "y": 0.6443522572517395,
            "z": -0.01968580298125744
        },
        "10": {
            "x": 0.5589793920516968,
            "y": 0.49562615156173706,
            "z": -0.022232521325349808
        },
        "11": {
            "x": 0.5645407438278198,
            "y": 0.4092855453491211,
            "z": -0.022638775408267975
        },
        "12": {
            "x": 0.5743039846420288,
            "y": 0.35266831517219543,
            "z": -0.021208036690950394
        },
        "13": {
            "x": 0.6030183434486389,
            "y": 0.6773189306259155,
            "z": -0.019004536792635918
        },
        "14": {
            "x": 0.5877382159233093,
            "y": 0.6097419261932373,
            "z": -0.018728503957390785
        },
        "15": {
            "x": 0.5602008104324341,
            "y": 0.6331502795219421,
            "z": -0.01366503071039915
        },
        "16": {
            "x": 0.5441494584083557,
            "y": 0.6744098663330078,
            "z": -0.006070632953196764
        },
        "17": {
            "x": 0.6423177123069763,
            "y": 0.7161192893981934,
            "z": -0.018007008358836174
        },
        "18": {
            "x": 0.612435519695282,
            "y": 0.6736009120941162,
            "z": -0.0065067908726632595
        },
        "19": {
            "x": 0.5874423980712891,
            "y": 0.6950927972793579,
            "z": 0.008867942728102207
        },
        "20": {
            "x": 0.5807715058326721,
            "y": 0.7299167513847351,
            "z": 0.02243736758828163
        }
    }
}