{
    "Ц": {
        "0": {
            "x": 0.520313560962677,
            "y": 0.8103440999984741,
            "z": 3.3572462143638404e-07
        },
        "1": {
            "x": 0.5677014589309692,
            "y": 0.7598382234573364,
            "z": -0.015474828891456127
        },
        "2": {
            "x": 0.5735085010528564,
            "y": 0.6895045042037964,
            "z": -0.012103551998734474
        },
        "3": {
            "x": 0.5533134341239929,
            "y": 0.6361835598945618,
            "z": -0.010545850731432438
        },
        "4": {
            "x": 0.5424445271492004,
            "y": 0.5959982872009277,
            "z": -0.007866110652685165
        },
        "5": {
            "x": 0.5536569952964783,
            "y": 0.6530593037605286,
            "z": 0.01298447884619236
        },
        "6": {
            "x": 0.5561046600341797,
            "y": 0.5824377536773682,
            "z": 0.009569458663463593
        },
        "7": {
            "x": 0.5552023649215698,
            "y": 0.5420826077461243,
            "z": 0.007124075200408697
        },
        "8": {
            "x": 0.5513985753059387,
            "y": 0.5043555498123169,
            "z": 0.0060322885401546955
        },
        "9": {
            "x": 0.5292608737945557,
            "y": 0.6489216089248657,
            "z": 0.012583905830979347
        },
        "10": {
            "x": 0.5315262675285339,
            "y": 0.5660592317581177,
            "z": 0.005130530800670385
        },
        "11": {
            "x": 0.536976158618927,
            "y": 0.5158273577690125,
            "z": -0.0011633506510406733
        },
        "12": {
            "x": 0.538179337978363,
            "y": 0.47464287281036377,
            "z": -0.0034399728756397963
        },
        "13": {
            "x": 0.5053186416625977,
            "y": 0.6558087468147278,
            "z": 0.0077818576246500015
        },
        "14": {
            "x": 0.5110191702842712,
            "y": 0.5974339246749878,
            "z": -0.016401736065745354
        },
        "15": {
            "x": 0.528322696685791,
            "y": 0.6418537497520447,
            "z": -0.023607883602380753
        },
        "16": {
            "x": 0.5337451100349426,
            "y": 0.6821405291557312,
            "z": -0.018700532615184784
        },
        "17": {
            "x": 0.4794297516345978,
            "y": 0.6671015620231628,
            "z": 0.0019175385823473334
        },
        "18": {
            "x": 0.4831734299659729,
            "y": 0.6079301834106445,
            "z": -0.01626400277018547
        },
        "19": {
            "x": 0.4989238381385803,
            "y": 0.624963104724884,
            "z": -0.017743663862347603
        },
        "20": {
            "x": 0.5077440738677979,
            "y": 0.653356671333313,
            "z": -0.013842359185218811
        }
    }
}