{
    "Ц": {
        "0": {
            "x": 0.7718267440795898,
            "y": 0.9436022043228149,
            "z": 4.4571382318281394e-07
        },
        "1": {
            "x": 0.7213532328605652,
            "y": 0.912233293056488,
            "z": -0.009555961936712265
        },
        "2": {
            "x": 0.6936591267585754,
            "y": 0.8389347195625305,
            "z": -0.014161582104861736
        },
        "3": {
            "x": 0.7065734267234802,
            "y": 0.7717044949531555,
            "z": -0.02311578206717968
        },
        "4": {
            "x": 0.7253471612930298,
            "y": 0.7239095568656921,
            "z": -0.03306933492422104
        },
        "5": {
            "x": 0.7117211818695068,
            "y": 0.7629010677337646,
            "z": -0.0009674347238615155
        },
        "6": {
            "x": 0.7027583122253418,
            "y": 0.6850528120994568,
            "z": -0.016306931152939796
        },
        "7": {
            "x": 0.6983946561813354,
            "y": 0.6364567875862122,
            "z": -0.02693885937333107
        },
        "8": {
            "x": 0.6961317658424377,
            "y": 0.594070315361023,
            "z": -0.03278515115380287
        },
        "9": {
            "x": 0.7409482598304749,
            "y": 0.7593843340873718,
            "z": -0.010245449841022491
        },
        "10": {
            "x": 0.7280541062355042,
            "y": 0.6651007533073425,
            "z": -0.028182661160826683
        },
        "11": {
            "x": 0.7163147330284119,
            "y": 0.6067451238632202,
            "z": -0.0404486358165741
        },
        "12": {
            "x": 0.7101015448570251,
            "y": 0.5597649812698364,
            "z": -0.04522513970732689
        },
        "13": {
            "x": 0.7714864611625671,
            "y": 0.7712587714195251,
            "z": -0.02187490649521351
        },
        "14": {
            "x": 0.7490944266319275,
            "y": 0.7218762636184692,
            "z": -0.05205586180090904
        },
        "15": {
            "x": 0.7369509935379028,
            "y": 0.7748708724975586,
            "z": -0.05724083632230759
        },
        "16": {
            "x": 0.7363282442092896,
            "y": 0.8181174993515015,
            "z": -0.05010421574115753
        },
        "17": {
            "x": 0.8005167841911316,
            "y": 0.7921002507209778,
            "z": -0.03383379802107811
        },
        "18": {
            "x": 0.7711429595947266,
            "y": 0.7507497072219849,
            "z": -0.055276572704315186
        },
        "19": {
            "x": 0.7580442428588867,
            "y": 0.790520966053009,
            "z": -0.051580317318439484
        },
        "20": {
            "x": 0.7570240497589111,
            "y": 0.8288512825965881,
            "z": -0.04249711334705353
        }
    }
}