{
    "Ц": {
        "0": {
            "x": 0.6918462514877319,
            "y": 0.8148383498191833,
            "z": 5.212311293689709e-07
        },
        "1": {
            "x": 0.643386721611023,
            "y": 0.7967211008071899,
            "z": -0.014620736241340637
        },
        "2": {
            "x": 0.6114677786827087,
            "y": 0.7281771898269653,
            "z": -0.02138456143438816
        },
        "3": {
            "x": 0.6129153370857239,
            "y": 0.6571873426437378,
            "z": -0.03011103719472885
        },
        "4": {
            "x": 0.6175330281257629,
            "y": 0.604857325553894,
            "z": -0.037664368748664856
        },
        "5": {
            "x": 0.6136854290962219,
            "y": 0.6688361763954163,
            "z": -0.0088051101192832
        },
        "6": {
            "x": 0.6035552620887756,
            "y": 0.591036856174469,
            "z": -0.02716965042054653
        },
        "7": {
            "x": 0.6006399393081665,
            "y": 0.5418393611907959,
            "z": -0.03865523636341095
        },
        "8": {
            "x": 0.600860059261322,
            "y": 0.49945658445358276,
            "z": -0.04497694969177246
        },
        "9": {
            "x": 0.6423598527908325,
            "y": 0.6599975228309631,
            "z": -0.013643503189086914
        },
        "10": {
            "x": 0.6299207806587219,
            "y": 0.5656783580780029,
            "z": -0.03629602491855621
        },
        "11": {
            "x": 0.6221762299537659,
            "y": 0.508747935295105,
            "z": -0.05020729824900627
        },
        "12": {
            "x": 0.6201822757720947,
            "y": 0.45750296115875244,
            "z": -0.05664796382188797
        },
        "13": {
            "x": 0.6728752851486206,
            "y": 0.664057195186615,
            "z": -0.020531028509140015
        },
        "14": {
            "x": 0.6718041300773621,
            "y": 0.6082426905632019,
            "z": -0.04901585727930069
        },
        "15": {
            "x": 0.6633591055870056,
            "y": 0.6597601175308228,
            "z": -0.047703422605991364
        },
        "16": {
            "x": 0.6587346196174622,
            "y": 0.7018910050392151,
            "z": -0.03778286650776863
        },
        "17": {
            "x": 0.7028626799583435,
            "y": 0.6755514144897461,
            "z": -0.02872866950929165
        },
        "18": {
            "x": 0.6967148184776306,
            "y": 0.6278569102287292,
            "z": -0.04776003956794739
        },
        "19": {
            "x": 0.6903090476989746,
            "y": 0.6556148529052734,
            "z": -0.0416853167116642
        },
        "20": {
            "x": 0.6856656074523926,
            "y": 0.6838592886924744,
            "z": -0.03181402385234833
        }
    }
}