{
    "Ц": {
        "0": {
            "x": 0.6891464591026306,
            "y": 0.8159613609313965,
            "z": 5.18233548518765e-07
        },
        "1": {
            "x": 0.6412914395332336,
            "y": 0.7953176498413086,
            "z": -0.013791962526738644
        },
        "2": {
            "x": 0.6116968393325806,
            "y": 0.7243428230285645,
            "z": -0.019858289510011673
        },
        "3": {
            "x": 0.6156609058380127,
            "y": 0.6558505296707153,
            "z": -0.028284016996622086
        },
        "4": {
            "x": 0.6249884963035583,
            "y": 0.6061791181564331,
            "z": -0.0356072299182415
        },
        "5": {
            "x": 0.614297091960907,
            "y": 0.6632695198059082,
            "z": -0.006902651861310005
        },
        "6": {
            "x": 0.606587290763855,
            "y": 0.585085391998291,
            "z": -0.023846855387091637
        },
        "7": {
            "x": 0.6060644388198853,
            "y": 0.5362236499786377,
            "z": -0.03416997194290161
        },
        "8": {
            "x": 0.6084420084953308,
            "y": 0.4942486882209778,
            "z": -0.03923401981592178
        },
        "9": {
            "x": 0.642955482006073,
            "y": 0.6559450626373291,
            "z": -0.011557450518012047
        },
        "10": {
            "x": 0.6328105330467224,
            "y": 0.5624172687530518,
            "z": -0.03183053061366081
        },
        "11": {
            "x": 0.6273316740989685,
            "y": 0.5047673583030701,
            "z": -0.043650027364492416
        },
        "12": {
            "x": 0.6273350119590759,
            "y": 0.45462125539779663,
            "z": -0.04831903055310249
        },
        "13": {
            "x": 0.6733089089393616,
            "y": 0.6612003445625305,
            "z": -0.018470382317900658
        },
        "14": {
            "x": 0.6706852316856384,
            "y": 0.6109830737113953,
            "z": -0.04540909454226494
        },
        "15": {
            "x": 0.6628784537315369,
            "y": 0.6617467403411865,
            "z": -0.04443599656224251
        },
        "16": {
            "x": 0.6595388650894165,
            "y": 0.7035488486289978,
            "z": -0.03438543900847435
        },
        "17": {
            "x": 0.7028574347496033,
            "y": 0.6731840968132019,
            "z": -0.026644611731171608
        },
        "18": {
            "x": 0.6948495507240295,
            "y": 0.6249033808708191,
            "z": -0.04349031299352646
        },
        "19": {
            "x": 0.6860349178314209,
            "y": 0.6518407464027405,
            "z": -0.0369006022810936
        },
        "20": {
            "x": 0.6798193454742432,
            "y": 0.6803913116455078,
            "z": -0.026814786717295647
        }
    }
}