{
    "Ц": {
        "0": {
            "x": 0.6995196342468262,
            "y": 0.8032836318016052,
            "z": 1.8028518411483674e-07
        },
        "1": {
            "x": 0.7244552969932556,
            "y": 0.7333385348320007,
            "z": 0.01777481846511364
        },
        "2": {
            "x": 0.7124329805374146,
            "y": 0.6698563694953918,
            "z": 0.0292387492954731
        },
        "3": {
            "x": 0.6761943101882935,
            "y": 0.640012800693512,
            "z": 0.037192452698946
        },
        "4": {
            "x": 0.6458814740180969,
            "y": 0.6427199244499207,
            "z": 0.04463416337966919
        },
        "5": {
            "x": 0.7210392951965332,
            "y": 0.6330689191818237,
            "z": 0.01882462203502655
        },
        "6": {
            "x": 0.6887702345848083,
            "y": 0.5616883039474487,
            "z": 0.026439275592565536
        },
        "7": {
            "x": 0.6694737672805786,
            "y": 0.5257530808448792,
            "z": 0.03214362636208534
        },
        "8": {
            "x": 0.6538797616958618,
            "y": 0.4975746273994446,
            "z": 0.03612114116549492
        },
        "9": {
            "x": 0.6906042695045471,
            "y": 0.6335456967353821,
            "z": 0.011615317314863205
        },
        "10": {
            "x": 0.658452033996582,
            "y": 0.5575555562973022,
            "z": 0.02193349227309227
        },
        "11": {
            "x": 0.6406169533729553,
            "y": 0.5144955515861511,
            "z": 0.02383396588265896
        },
        "12": {
            "x": 0.6268791556358337,
            "y": 0.4821162521839142,
            "z": 0.02446494996547699
        },
        "13": {
            "x": 0.661571741104126,
            "y": 0.6478907465934753,
            "z": 0.006355521269142628
        },
        "14": {
            "x": 0.6343651413917542,
            "y": 0.6336733102798462,
            "z": 0.01660900190472603
        },
        "15": {
            "x": 0.6435667276382446,
            "y": 0.6579816341400146,
            "z": 0.014002999290823936
        },
        "16": {
            "x": 0.6545290350914001,
            "y": 0.6768887639045715,
            "z": 0.011935065500438213
        },
        "17": {
            "x": 0.632847249507904,
            "y": 0.6683412790298462,
            "z": 0.0022537854965776205
        },
        "18": {
            "x": 0.6230815649032593,
            "y": 0.6699487566947937,
            "z": 0.010265595279633999
        },
        "19": {
            "x": 0.6317014098167419,
            "y": 0.6902512311935425,
            "z": 0.010735077783465385
        },
        "20": {
            "x": 0.6408265829086304,
            "y": 0.707107424736023,
            "z": 0.011259326711297035
        }
    }
}