{
    "Ц": {
        "0": {
            "x": 0.44447267055511475,
            "y": 0.8173719048500061,
            "z": 7.318679422496643e-07
        },
        "1": {
            "x": 0.385808527469635,
            "y": 0.745219349861145,
            "z": 0.006653951946645975
        },
        "2": {
            "x": 0.3678891956806183,
            "y": 0.6718258261680603,
            "z": -0.00041992668411694467
        },
        "3": {
            "x": 0.3980563282966614,
            "y": 0.6118273138999939,
            "z": -0.010615442879498005
        },
        "4": {
            "x": 0.43746939301490784,
            "y": 0.5873767733573914,
            "z": -0.0212539229542017
        },
        "5": {
            "x": 0.38494864106178284,
            "y": 0.6018943190574646,
            "z": -0.02547767013311386
        },
        "6": {
            "x": 0.4060748219490051,
            "y": 0.48308783769607544,
            "z": -0.03839652240276337
        },
        "7": {
            "x": 0.42368343472480774,
            "y": 0.41741520166397095,
            "z": -0.04358217492699623
        },
        "8": {
            "x": 0.4381749927997589,
            "y": 0.36852893233299255,
            "z": -0.04477061331272125
        },
        "9": {
            "x": 0.4302450120449066,
            "y": 0.5974630117416382,
            "z": -0.0356513150036335
        },
        "10": {
            "x": 0.4510236084461212,
            "y": 0.4777202606201172,
            "z": -0.042415082454681396
        },
        "11": {
            "x": 0.4655553102493286,
            "y": 0.40064239501953125,
            "z": -0.046418447047472
        },
        "12": {
            "x": 0.4801519811153412,
            "y": 0.34865278005599976,
            "z": -0.048273563385009766
        },
        "13": {
            "x": 0.47685137391090393,
            "y": 0.6151002049446106,
            "z": -0.04176689311861992
        },
        "14": {
            "x": 0.48453617095947266,
            "y": 0.5877246260643005,
            "z": -0.03767997398972511
        },
        "15": {
            "x": 0.47551220655441284,
            "y": 0.6211995482444763,
            "z": -0.026799049228429794
        },
        "16": {
            "x": 0.47022783756256104,
            "y": 0.6568535566329956,
            "z": -0.01786033622920513
        },
        "17": {
            "x": 0.5154573321342468,
            "y": 0.6458812355995178,
            "z": -0.04837372899055481
        },
        "18": {
            "x": 0.5110255479812622,
            "y": 0.634623110294342,
            "z": -0.03698135167360306
        },
        "19": {
            "x": 0.5029997229576111,
            "y": 0.660205602645874,
            "z": -0.01867632009088993
        },
        "20": {
            "x": 0.5015662908554077,
            "y": 0.6883484125137329,
            "z": -0.0031478251330554485
        }
    }
}