{
    "Ц": {
        "0": {
            "x": 0.4566922187805176,
            "y": 0.8104552030563354,
            "z": 6.586568019883998e-07
        },
        "1": {
            "x": 0.40118709206581116,
            "y": 0.7345165014266968,
            "z": 0.008809993043541908
        },
        "2": {
            "x": 0.3821527659893036,
            "y": 0.6617892980575562,
            "z": 0.002829198259860277
        },
        "3": {
            "x": 0.40223705768585205,
            "y": 0.6076613068580627,
            "z": -0.006896951701492071
        },
        "4": {
            "x": 0.4346098005771637,
            "y": 0.5813494324684143,
            "z": -0.017096638679504395
        },
        "5": {
            "x": 0.4037238359451294,
            "y": 0.5919187068939209,
            "z": -0.023115208372473717
        },
        "6": {
            "x": 0.428520530462265,
            "y": 0.47474968433380127,
            "z": -0.03467698022723198
        },
        "7": {
            "x": 0.44634899497032166,
            "y": 0.41257548332214355,
            "z": -0.03817276656627655
        },
        "8": {
            "x": 0.46063530445098877,
            "y": 0.3678828179836273,
            "z": -0.03814607486128807
        },
        "9": {
            "x": 0.4484913647174835,
            "y": 0.5896791219711304,
            "z": -0.03448035567998886
        },
        "10": {
            "x": 0.47140446305274963,
            "y": 0.4738155007362366,
            "z": -0.04005159065127373
        },
        "11": {
            "x": 0.4873804450035095,
            "y": 0.4043801426887512,
            "z": -0.04218094423413277
        },
        "12": {
            "x": 0.5010530352592468,
            "y": 0.3592272400856018,
            "z": -0.042781103402376175
        },
        "13": {
            "x": 0.49381521344184875,
            "y": 0.6066929697990417,
            "z": -0.042033955454826355
        },
        "14": {
            "x": 0.506586492061615,
            "y": 0.583469033241272,
            "z": -0.038034435361623764
        },
        "15": {
            "x": 0.49938663840293884,
            "y": 0.6162782907485962,
            "z": -0.0280153751373291
        },
        "16": {
            "x": 0.49166661500930786,
            "y": 0.6508501172065735,
            "z": -0.02017047442495823
        },
        "17": {
            "x": 0.5312135815620422,
            "y": 0.6350900530815125,
            "z": -0.04990806803107262
        },
        "18": {
            "x": 0.5282537937164307,
            "y": 0.6323924660682678,
            "z": -0.038964420557022095
        },
        "19": {
            "x": 0.5205116868019104,
            "y": 0.6582424640655518,
            "z": -0.021992331370711327
        },
        "20": {
            "x": 0.5159812569618225,
            "y": 0.686375617980957,
            "z": -0.0077412184327840805
        }
    }
}