{
    "Ц": {
        "0": {
            "x": 0.43718641996383667,
            "y": 0.8030185103416443,
            "z": 7.920988309706445e-07
        },
        "1": {
            "x": 0.4080469608306885,
            "y": 0.7325627207756042,
            "z": 0.0068377479910850525
        },
        "2": {
            "x": 0.3994637131690979,
            "y": 0.6469786167144775,
            "z": -0.00027359850355423987
        },
        "3": {
            "x": 0.42452579736709595,
            "y": 0.5828058123588562,
            "z": -0.012466970831155777
        },
        "4": {
            "x": 0.44782400131225586,
            "y": 0.5466496348381042,
            "z": -0.0243278369307518
        },
        "5": {
            "x": 0.3610377907752991,
            "y": 0.608484148979187,
            "z": -0.016915718093514442
        },
        "6": {
            "x": 0.38254356384277344,
            "y": 0.49956125020980835,
            "z": -0.03826108202338219
        },
        "7": {
            "x": 0.39441704750061035,
            "y": 0.43278568983078003,
            "z": -0.05230601131916046
        },
        "8": {
            "x": 0.40243813395500183,
            "y": 0.37770965695381165,
            "z": -0.061049945652484894
        },
        "9": {
            "x": 0.37671199440956116,
            "y": 0.6196399331092834,
            "z": -0.03452989086508751
        },
        "10": {
            "x": 0.40363261103630066,
            "y": 0.5033551454544067,
            "z": -0.05998777225613594
        },
        "11": {
            "x": 0.4191094636917114,
            "y": 0.42770320177078247,
            "z": -0.07458915561437607
        },
        "12": {
            "x": 0.43140891194343567,
            "y": 0.36749324202537537,
            "z": -0.08369607478380203
        },
        "13": {
            "x": 0.4050945043563843,
            "y": 0.6356018781661987,
            "z": -0.05039294436573982
        },
        "14": {
            "x": 0.47199729084968567,
            "y": 0.5613706707954407,
            "z": -0.07145236432552338
        },
        "15": {
            "x": 0.4822348356246948,
            "y": 0.6002188920974731,
            "z": -0.0676804631948471
        },
        "16": {
            "x": 0.47554638981819153,
            "y": 0.6336377859115601,
            "z": -0.06077124923467636
        },
        "17": {
            "x": 0.44007259607315063,
            "y": 0.6549807190895081,
            "z": -0.06653156131505966
        },
        "18": {
            "x": 0.48769518733024597,
            "y": 0.5960030555725098,
            "z": -0.07669557631015778
        },
        "19": {
            "x": 0.4922938346862793,
            "y": 0.6267215609550476,
            "z": -0.06783732026815414
        },
        "20": {
            "x": 0.48395848274230957,
            "y": 0.6539767980575562,
            "z": -0.05894394963979721
        }
    }
}