{
    "Ц": {
        "0": {
            "x": 0.43591347336769104,
            "y": 0.8002736568450928,
            "z": 7.499259595533658e-07
        },
        "1": {
            "x": 0.39231908321380615,
            "y": 0.7278167009353638,
            "z": 0.002839102176949382
        },
        "2": {
            "x": 0.3849491775035858,
            "y": 0.6460840702056885,
            "z": -0.00541202025488019
        },
        "3": {
            "x": 0.4156619608402252,
            "y": 0.5814764499664307,
            "z": -0.013317305594682693
        },
        "4": {
            "x": 0.44188016653060913,
            "y": 0.5427550673484802,
            "z": -0.02047637663781643
        },
        "5": {
            "x": 0.35723766684532166,
            "y": 0.6240959763526917,
            "z": -0.040470633655786514
        },
        "6": {
            "x": 0.37545403838157654,
            "y": 0.5029274821281433,
            "z": -0.05973968282341957
        },
        "7": {
            "x": 0.3857271075248718,
            "y": 0.4356831908226013,
            "z": -0.06978774070739746
        },
        "8": {
            "x": 0.394830584526062,
            "y": 0.38083750009536743,
            "z": -0.07504232972860336
        },
        "9": {
            "x": 0.3914790749549866,
            "y": 0.6282786130905151,
            "z": -0.04908071830868721
        },
        "10": {
            "x": 0.4086962342262268,
            "y": 0.5002996921539307,
            "z": -0.0698997974395752
        },
        "11": {
            "x": 0.4184432625770569,
            "y": 0.4229928255081177,
            "z": -0.07910989224910736
        },
        "12": {
            "x": 0.4274650514125824,
            "y": 0.36412858963012695,
            "z": -0.08516090363264084
        },
        "13": {
            "x": 0.4349004030227661,
            "y": 0.6383571624755859,
            "z": -0.05310291796922684
        },
        "14": {
            "x": 0.4695528447628021,
            "y": 0.5612515807151794,
            "z": -0.0644431859254837
        },
        "15": {
            "x": 0.4608357846736908,
            "y": 0.6009677052497864,
            "z": -0.05381898581981659
        },
        "16": {
            "x": 0.4474441409111023,
            "y": 0.6391916275024414,
            "z": -0.04407582804560661
        },
        "17": {
            "x": 0.47806715965270996,
            "y": 0.6531953811645508,
            "z": -0.057094037532806396
        },
        "18": {
            "x": 0.49414151906967163,
            "y": 0.5989038348197937,
            "z": -0.061802368611097336
        },
        "19": {
            "x": 0.4836313724517822,
            "y": 0.630165696144104,
            "z": -0.04975800961256027
        },
        "20": {
            "x": 0.4714335799217224,
            "y": 0.6582704782485962,
            "z": -0.03879178315401077
        }
    }
}