{
    "Ц": {
        "0": {
            "x": 0.3511117994785309,
            "y": 0.9139437675476074,
            "z": 4.579144388117129e-07
        },
        "1": {
            "x": 0.2933249771595001,
            "y": 0.8082959055900574,
            "z": 0.02745741233229637
        },
        "2": {
            "x": 0.2856191396713257,
            "y": 0.704460620880127,
            "z": 0.03355368971824646
        },
        "3": {
            "x": 0.336239218711853,
            "y": 0.6369661688804626,
            "z": 0.035403717309236526
        },
        "4": {
            "x": 0.3897421061992645,
            "y": 0.6194015145301819,
            "z": 0.03646545112133026
        },
        "5": {
            "x": 0.31721386313438416,
            "y": 0.6249068379402161,
            "z": -0.005729143973439932
        },
        "6": {
            "x": 0.3239290416240692,
            "y": 0.4742920994758606,
            "z": 0.00045867948210798204
        },
        "7": {
            "x": 0.3311062455177307,
            "y": 0.4000214636325836,
            "z": 0.010881034657359123
        },
        "8": {
            "x": 0.33971506357192993,
            "y": 0.34491047263145447,
            "z": 0.019353648647665977
        },
        "9": {
            "x": 0.3796829581260681,
            "y": 0.6303121447563171,
            "z": -0.017338838428258896
        },
        "10": {
            "x": 0.3924312889575958,
            "y": 0.4717063307762146,
            "z": -0.010471112094819546
        },
        "11": {
            "x": 0.3950316905975342,
            "y": 0.38377049565315247,
            "z": -0.005160134751349688
        },
        "12": {
            "x": 0.4026572108268738,
            "y": 0.3309484124183655,
            "z": -0.0016507706604897976
        },
        "13": {
            "x": 0.43506306409835815,
            "y": 0.6626220345497131,
            "z": -0.021646851673722267
        },
        "14": {
            "x": 0.43527230620384216,
            "y": 0.5835637450218201,
            "z": -0.0031584789976477623
        },
        "15": {
            "x": 0.40697064995765686,
            "y": 0.6105632185935974,
            "z": 0.011727415025234222
        },
        "16": {
            "x": 0.3896276354789734,
            "y": 0.6532809138298035,
            "z": 0.02090238220989704
        },
        "17": {
            "x": 0.4751674234867096,
            "y": 0.7051537036895752,
            "z": -0.02387193962931633
        },
        "18": {
            "x": 0.45133358240127563,
            "y": 0.6633197069168091,
            "z": 0.00481065921485424
        },
        "19": {
            "x": 0.4248708486557007,
            "y": 0.6874100565910339,
            "z": 0.02931404858827591
        },
        "20": {
            "x": 0.41929319500923157,
            "y": 0.7230129837989807,
            "z": 0.046013958752155304
        }
    }
}