{
    "Ц": {
        "0": {
            "x": 0.41097119450569153,
            "y": 0.7921810150146484,
            "z": 5.965671903140901e-07
        },
        "1": {
            "x": 0.35411185026168823,
            "y": 0.7383362650871277,
            "z": 0.006541761569678783
        },
        "2": {
            "x": 0.33607208728790283,
            "y": 0.6712797284126282,
            "z": 0.0016156313940882683
        },
        "3": {
            "x": 0.3616248071193695,
            "y": 0.6070248484611511,
            "z": -0.00498628243803978
        },
        "4": {
            "x": 0.39361342787742615,
            "y": 0.5696398019790649,
            "z": -0.011737522669136524
        },
        "5": {
            "x": 0.3308788537979126,
            "y": 0.6217179894447327,
            "z": -0.02502259984612465
        },
        "6": {
            "x": 0.337169885635376,
            "y": 0.5063867568969727,
            "z": -0.03565309941768646
        },
        "7": {
            "x": 0.3433184325695038,
            "y": 0.44434159994125366,
            "z": -0.03852080926299095
        },
        "8": {
            "x": 0.34859010577201843,
            "y": 0.39877378940582275,
            "z": -0.038141701370477676
        },
        "9": {
            "x": 0.37107303738594055,
            "y": 0.6133018136024475,
            "z": -0.03331439569592476
        },
        "10": {
            "x": 0.3736978769302368,
            "y": 0.4973708987236023,
            "z": -0.041117534041404724
        },
        "11": {
            "x": 0.3759675621986389,
            "y": 0.428595632314682,
            "z": -0.04419273883104324
        },
        "12": {
            "x": 0.38024643063545227,
            "y": 0.380117267370224,
            "z": -0.045599184930324554
        },
        "13": {
            "x": 0.41396453976631165,
            "y": 0.6182457804679871,
            "z": -0.037717413157224655
        },
        "14": {
            "x": 0.4164952039718628,
            "y": 0.5710527896881104,
            "z": -0.0394354909658432
        },
        "15": {
            "x": 0.41182249784469604,
            "y": 0.6015358567237854,
            "z": -0.03036794625222683
        },
        "16": {
            "x": 0.4097479581832886,
            "y": 0.6345784664154053,
            "z": -0.02172154374420643
        },
        "17": {
            "x": 0.4512760043144226,
            "y": 0.6331101059913635,
            "z": -0.041655175387859344
        },
        "18": {
            "x": 0.439400315284729,
            "y": 0.6029677391052246,
            "z": -0.03555941954255104
        },
        "19": {
            "x": 0.43246448040008545,
            "y": 0.6266483664512634,
            "z": -0.020376918837428093
        },
        "20": {
            "x": 0.43310660123825073,
            "y": 0.6514211893081665,
            "z": -0.007245601620525122
        }
    }
}