{
    "Ц": {
        "0": {
            "x": 0.5985346436500549,
            "y": 0.6723088026046753,
            "z": 8.780486950854538e-07
        },
        "1": {
            "x": 0.5446184873580933,
            "y": 0.5956385731697083,
            "z": 0.0025145800318568945
        },
        "2": {
            "x": 0.527729868888855,
            "y": 0.5169163942337036,
            "z": -0.00648606987670064
        },
        "3": {
            "x": 0.5548675656318665,
            "y": 0.4569455087184906,
            "z": -0.0186177808791399
        },
        "4": {
            "x": 0.5848954916000366,
            "y": 0.42262935638427734,
            "z": -0.030960263684391975
        },
        "5": {
            "x": 0.5285161137580872,
            "y": 0.4527702331542969,
            "z": -0.02900043874979019
        },
        "6": {
            "x": 0.5633561611175537,
            "y": 0.326967716217041,
            "z": -0.049106694757938385
        },
        "7": {
            "x": 0.5840520262718201,
            "y": 0.2545732259750366,
            "z": -0.058747876435518265
        },
        "8": {
            "x": 0.6009557247161865,
            "y": 0.20146876573562622,
            "z": -0.06247018650174141
        },
        "9": {
            "x": 0.5724669694900513,
            "y": 0.45108383893966675,
            "z": -0.04108859598636627
        },
        "10": {
            "x": 0.6044124960899353,
            "y": 0.32649803161621094,
            "z": -0.05951228737831116
        },
        "11": {
            "x": 0.6272597312927246,
            "y": 0.24763086438179016,
            "z": -0.06916523724794388
        },
        "12": {
            "x": 0.6465562582015991,
            "y": 0.19266736507415771,
            "z": -0.07320039719343185
        },
        "13": {
            "x": 0.6222914457321167,
            "y": 0.46836283802986145,
            "z": -0.05002536624670029
        },
        "14": {
            "x": 0.6548784375190735,
            "y": 0.43310749530792236,
            "z": -0.06027469411492348
        },
        "15": {
            "x": 0.652642011642456,
            "y": 0.4730032682418823,
            "z": -0.053143005818128586
        },
        "16": {
            "x": 0.6440389752388,
            "y": 0.5113580822944641,
            "z": -0.04378531128168106
        },
        "17": {
            "x": 0.6679151654243469,
            "y": 0.49907204508781433,
            "z": -0.059342581778764725
        },
        "18": {
            "x": 0.6830452680587769,
            "y": 0.48415645956993103,
            "z": -0.059689961373806
        },
        "19": {
            "x": 0.6768452525138855,
            "y": 0.5128496289253235,
            "z": -0.0445873998105526
        },
        "20": {
            "x": 0.6692308783531189,
            "y": 0.5416584014892578,
            "z": -0.029606876894831657
        }
    }
}