{
    "Ц": {
        "0": {
            "x": 0.4984380900859833,
            "y": 0.6755856871604919,
            "z": 8.651284701954864e-07
        },
        "1": {
            "x": 0.4405221939086914,
            "y": 0.5964754819869995,
            "z": 0.013123640790581703
        },
        "2": {
            "x": 0.41990938782691956,
            "y": 0.512501060962677,
            "z": 0.005067752208560705
        },
        "3": {
            "x": 0.44751521944999695,
            "y": 0.443889319896698,
            "z": -0.007957798428833485
        },
        "4": {
            "x": 0.493018239736557,
            "y": 0.4112497568130493,
            "z": -0.02115887776017189
        },
        "5": {
            "x": 0.39968639612197876,
            "y": 0.4536043703556061,
            "z": -0.024432919919490814
        },
        "6": {
            "x": 0.4177897572517395,
            "y": 0.31830930709838867,
            "z": -0.04108294099569321
        },
        "7": {
            "x": 0.4305368661880493,
            "y": 0.24369916319847107,
            "z": -0.04820655286312103
        },
        "8": {
            "x": 0.43954747915267944,
            "y": 0.18776452541351318,
            "z": -0.05161549523472786
        },
        "9": {
            "x": 0.4437209963798523,
            "y": 0.4461703598499298,
            "z": -0.044480063021183014
        },
        "10": {
            "x": 0.4621336758136749,
            "y": 0.2997722625732422,
            "z": -0.06097375974059105
        },
        "11": {
            "x": 0.4729782044887543,
            "y": 0.21692360937595367,
            "z": -0.06946303695440292
        },
        "12": {
            "x": 0.47987836599349976,
            "y": 0.15562736988067627,
            "z": -0.07430524379014969
        },
        "13": {
            "x": 0.49534374475479126,
            "y": 0.4559187591075897,
            "z": -0.05982726439833641
        },
        "14": {
            "x": 0.5284220576286316,
            "y": 0.3791801333427429,
            "z": -0.06610428541898727
        },
        "15": {
            "x": 0.5278374552726746,
            "y": 0.4218190908432007,
            "z": -0.05051058903336525
        },
        "16": {
            "x": 0.5191500782966614,
            "y": 0.4609318673610687,
            "z": -0.037110283970832825
        },
        "17": {
            "x": 0.5449297428131104,
            "y": 0.47985976934432983,
            "z": -0.07505329698324203
        },
        "18": {
            "x": 0.557643711566925,
            "y": 0.4308221638202667,
            "z": -0.06762905418872833
        },
        "19": {
            "x": 0.555717945098877,
            "y": 0.4665271043777466,
            "z": -0.04315367713570595
        },
        "20": {
            "x": 0.5522240400314331,
            "y": 0.499522864818573,
            "z": -0.02352432906627655
        }
    }
}