{
    "Ц": {
        "0": {
            "x": 0.5037727952003479,
            "y": 0.8683178424835205,
            "z": 9.718212368170498e-07
        },
        "1": {
            "x": 0.4625026285648346,
            "y": 0.7709068655967712,
            "z": 0.018417034298181534
        },
        "2": {
            "x": 0.45839986205101013,
            "y": 0.6762517094612122,
            "z": 0.0019792334642261267
        },
        "3": {
            "x": 0.4686335623264313,
            "y": 0.586096465587616,
            "z": -0.01655985414981842
        },
        "4": {
            "x": 0.47772711515426636,
            "y": 0.5245382785797119,
            "z": -0.03575751557946205
        },
        "5": {
            "x": 0.44841718673706055,
            "y": 0.6477726101875305,
            "z": -0.06833723932504654
        },
        "6": {
            "x": 0.4943085014820099,
            "y": 0.504471480846405,
            "z": -0.09903983026742935
        },
        "7": {
            "x": 0.5184955596923828,
            "y": 0.4218527674674988,
            "z": -0.1115100234746933
        },
        "8": {
            "x": 0.5390105843544006,
            "y": 0.35377806425094604,
            "z": -0.11734072118997574
        },
        "9": {
            "x": 0.4847497344017029,
            "y": 0.6652209758758545,
            "z": -0.09073033183813095
        },
        "10": {
            "x": 0.5351231694221497,
            "y": 0.5058431029319763,
            "z": -0.12276283651590347
        },
        "11": {
            "x": 0.5636804103851318,
            "y": 0.4115597903728485,
            "z": -0.13045017421245575
        },
        "12": {
            "x": 0.5854623317718506,
            "y": 0.3461062014102936,
            "z": -0.13510599732398987
        },
        "13": {
            "x": 0.5326772332191467,
            "y": 0.692183256149292,
            "z": -0.10375343263149261
        },
        "14": {
            "x": 0.5970944762229919,
            "y": 0.5944172143936157,
            "z": -0.11453242599964142
        },
        "15": {
            "x": 0.5932407975196838,
            "y": 0.6358420848846436,
            "z": -0.086258664727211
        },
        "16": {
            "x": 0.5823334455490112,
            "y": 0.6799184083938599,
            "z": -0.06618808209896088
        },
        "17": {
            "x": 0.5804028511047363,
            "y": 0.7259446382522583,
            "z": -0.11561447381973267
        },
        "18": {
            "x": 0.6137111783027649,
            "y": 0.6624912619590759,
            "z": -0.11353261768817902
        },
        "19": {
            "x": 0.6063879132270813,
            "y": 0.7003648281097412,
            "z": -0.0856441855430603
        },
        "20": {
            "x": 0.5955421924591064,
            "y": 0.7359134554862976,
            "z": -0.0638892874121666
        }
    }
}