{
    "Б": {
        "0": {
            "x": 0.3348345458507538,
            "y": 0.8068685531616211,
            "z": 4.3708450903068297e-07
        },
        "1": {
            "x": 0.40794679522514343,
            "y": 0.7393865585327148,
            "z": -0.0011418526992201805
        },
        "2": {
            "x": 0.44947564601898193,
            "y": 0.6412304043769836,
            "z": -0.0031838384456932545
        },
        "3": {
            "x": 0.4601724147796631,
            "y": 0.5574700236320496,
            "z": -0.013378956355154514
        },
        "4": {
            "x": 0.43339598178863525,
            "y": 0.5008026957511902,
            "z": -0.022071965038776398
        },
        "5": {
            "x": 0.39663952589035034,
            "y": 0.5087542533874512,
            "z": 0.023387486115098
        },
        "6": {
            "x": 0.4075329601764679,
            "y": 0.3919037878513336,
            "z": 0.011335031129419804
        },
        "7": {
            "x": 0.4273761808872223,
            "y": 0.3273783326148987,
            "z": -0.00023863402020651847
        },
        "8": {
            "x": 0.4502752423286438,
            "y": 0.2774285674095154,
            "z": -0.0089783426374197
        },
        "9": {
            "x": 0.36557307839393616,
            "y": 0.5052682161331177,
            "z": 0.005410912912338972
        },
        "10": {
            "x": 0.3534756600856781,
            "y": 0.36212682723999023,
            "z": -0.010613502003252506
        },
        "11": {
            "x": 0.39373359084129333,
            "y": 0.30631113052368164,
            "z": -0.02050546556711197
        },
        "12": {
            "x": 0.4329456090927124,
            "y": 0.2786516845226288,
            "z": -0.026447879150509834
        },
        "13": {
            "x": 0.3384934663772583,
            "y": 0.5217837691307068,
            "z": -0.01684296689927578
        },
        "14": {
            "x": 0.3472924530506134,
            "y": 0.3930656611919403,
            "z": -0.0453978106379509
        },
        "15": {
            "x": 0.3979184329509735,
            "y": 0.4145212173461914,
            "z": -0.05010346695780754
        },
        "16": {
            "x": 0.42938631772994995,
            "y": 0.46308088302612305,
            "z": -0.04664711654186249
        },
        "17": {
            "x": 0.3193817734718323,
            "y": 0.5511317253112793,
            "z": -0.04033572971820831
        },
        "18": {
            "x": 0.34404319524765015,
            "y": 0.44324398040771484,
            "z": -0.0669519305229187
        },
        "19": {
            "x": 0.39005428552627563,
            "y": 0.4530520439147949,
            "z": -0.06954387575387955
        },
        "20": {
            "x": 0.4210306704044342,
            "y": 0.4945719242095947,
            "z": -0.0664840117096901
        }
    }
}