{
    "Б": {
        "0": {
            "x": 0.24142761528491974,
            "y": 0.8397618532180786,
            "z": 5.380621814765618e-07
        },
        "1": {
            "x": 0.3352871239185333,
            "y": 0.7746664881706238,
            "z": -0.020785653963685036
        },
        "2": {
            "x": 0.3908521234989166,
            "y": 0.6640230417251587,
            "z": -0.02711205929517746
        },
        "3": {
            "x": 0.39136919379234314,
            "y": 0.5529106855392456,
            "z": -0.03820386156439781
        },
        "4": {
            "x": 0.34195828437805176,
            "y": 0.4972839653491974,
            "z": -0.04862126708030701
        },
        "5": {
            "x": 0.3399745225906372,
            "y": 0.5189622044563293,
            "z": 0.0041999234817922115
        },
        "6": {
            "x": 0.3564973473548889,
            "y": 0.3867492079734802,
            "z": -0.013715606182813644
        },
        "7": {
            "x": 0.37317827343940735,
            "y": 0.3057105243206024,
            "z": -0.031018368899822235
        },
        "8": {
            "x": 0.3903456926345825,
            "y": 0.23688337206840515,
            "z": -0.045941513031721115
        },
        "9": {
            "x": 0.29671943187713623,
            "y": 0.5023496747016907,
            "z": -0.006490177940577269
        },
        "10": {
            "x": 0.2856981158256531,
            "y": 0.35128265619277954,
            "z": -0.03118419647216797
        },
        "11": {
            "x": 0.3335318863391876,
            "y": 0.2982202470302582,
            "z": -0.047689128667116165
        },
        "12": {
            "x": 0.37591779232025146,
            "y": 0.2738189697265625,
            "z": -0.05937112867832184
        },
        "13": {
            "x": 0.25393643975257874,
            "y": 0.5155651569366455,
            "z": -0.022355521097779274
        },
        "14": {
            "x": 0.2583785653114319,
            "y": 0.37752804160118103,
            "z": -0.0633174329996109
        },
        "15": {
            "x": 0.3062393367290497,
            "y": 0.4260527491569519,
            "z": -0.0727822408080101
        },
        "16": {
            "x": 0.3299669027328491,
            "y": 0.5016766786575317,
            "z": -0.07090042531490326
        },
        "17": {
            "x": 0.2125280201435089,
            "y": 0.5460865497589111,
            "z": -0.040773119777441025
        },
        "18": {
            "x": 0.23358577489852905,
            "y": 0.4302997291088104,
            "z": -0.08128881454467773
        },
        "19": {
            "x": 0.27731963992118835,
            "y": 0.4503275156021118,
            "z": -0.09092200547456741
        },
        "20": {
            "x": 0.3010714650154114,
            "y": 0.5061634182929993,
            "z": -0.09195488691329956
        }
    }
}