{
    "Б": {
        "0": {
            "x": 0.3773118853569031,
            "y": 0.8400135040283203,
            "z": 4.402425872740423e-07
        },
        "1": {
            "x": 0.45908045768737793,
            "y": 0.7576450109481812,
            "z": 0.024442104622721672
        },
        "2": {
            "x": 0.49855703115463257,
            "y": 0.6538951396942139,
            "z": 0.030529825016856194
        },
        "3": {
            "x": 0.5232174396514893,
            "y": 0.5722203850746155,
            "z": 0.020858805626630783
        },
        "4": {
            "x": 0.5140772461891174,
            "y": 0.5096105933189392,
            "z": 0.011663231067359447
        },
        "5": {
            "x": 0.43256253004074097,
            "y": 0.5286006331443787,
            "z": 0.05169946327805519
        },
        "6": {
            "x": 0.4475118815898895,
            "y": 0.4035894274711609,
            "z": 0.04102557525038719
        },
        "7": {
            "x": 0.47576725482940674,
            "y": 0.33767253160476685,
            "z": 0.029311401769518852
        },
        "8": {
            "x": 0.5062388181686401,
            "y": 0.29146498441696167,
            "z": 0.020880158990621567
        },
        "9": {
            "x": 0.4048268496990204,
            "y": 0.5264350175857544,
            "z": 0.016244372352957726
        },
        "10": {
            "x": 0.40029871463775635,
            "y": 0.37009647488594055,
            "z": -0.0009182200883515179
        },
        "11": {
            "x": 0.45253708958625793,
            "y": 0.30682632327079773,
            "z": -0.013255741447210312
        },
        "12": {
            "x": 0.4971247911453247,
            "y": 0.28370821475982666,
            "z": -0.020212266594171524
        },
        "13": {
            "x": 0.37968283891677856,
            "y": 0.5428575873374939,
            "z": -0.023038651794195175
        },
        "14": {
            "x": 0.41101816296577454,
            "y": 0.40983322262763977,
            "z": -0.05314464494585991
        },
        "15": {
            "x": 0.4699755907058716,
            "y": 0.44423916935920715,
            "z": -0.058413054794073105
        },
        "16": {
            "x": 0.4973902106285095,
            "y": 0.5040481686592102,
            "z": -0.05449533835053444
        },
        "17": {
            "x": 0.36787474155426025,
            "y": 0.5717504620552063,
            "z": -0.06176627427339554
        },
        "18": {
            "x": 0.4093133211135864,
            "y": 0.4581318199634552,
            "z": -0.0870952308177948
        },
        "19": {
            "x": 0.4599480926990509,
            "y": 0.4734782874584198,
            "z": -0.08783754706382751
        },
        "20": {
            "x": 0.4869726002216339,
            "y": 0.5199772119522095,
            "z": -0.08383239060640335
        }
    }
}