{
    "Б": {
        "0": {
            "x": 0.4146387577056885,
            "y": 0.8522813320159912,
            "z": 4.3437384533717704e-07
        },
        "1": {
            "x": 0.47933295369148254,
            "y": 0.7713637351989746,
            "z": 0.031398773193359375
        },
        "2": {
            "x": 0.5003283023834229,
            "y": 0.6958726644515991,
            "z": 0.04007494077086449
        },
        "3": {
            "x": 0.5217741131782532,
            "y": 0.6274900436401367,
            "z": 0.03134780377149582
        },
        "4": {
            "x": 0.5116267204284668,
            "y": 0.5603442788124084,
            "z": 0.02228909358382225
        },
        "5": {
            "x": 0.4014987051486969,
            "y": 0.617973268032074,
            "z": 0.09931360185146332
        },
        "6": {
            "x": 0.41595005989074707,
            "y": 0.5404548645019531,
            "z": 0.11690303683280945
        },
        "7": {
            "x": 0.4290880858898163,
            "y": 0.4802883267402649,
            "z": 0.12180028110742569
        },
        "8": {
            "x": 0.43613243103027344,
            "y": 0.44099128246307373,
            "z": 0.12270224094390869
        },
        "9": {
            "x": 0.38502246141433716,
            "y": 0.6131687164306641,
            "z": 0.0705239325761795
        },
        "10": {
            "x": 0.3924638032913208,
            "y": 0.5054978132247925,
            "z": 0.07747550308704376
        },
        "11": {
            "x": 0.41983988881111145,
            "y": 0.4903814196586609,
            "z": 0.0728149265050888
        },
        "12": {
            "x": 0.43373480439186096,
            "y": 0.4995907247066498,
            "z": 0.07379354536533356
        },
        "13": {
            "x": 0.3824349045753479,
            "y": 0.6156833171844482,
            "z": 0.03822992369532585
        },
        "14": {
            "x": 0.42617934942245483,
            "y": 0.5121246576309204,
            "z": 0.03225681558251381
        },
        "15": {
            "x": 0.4684946835041046,
            "y": 0.5512446761131287,
            "z": 0.02773268334567547
        },
        "16": {
            "x": 0.4804925322532654,
            "y": 0.6030105948448181,
            "z": 0.0304496381431818
        },
        "17": {
            "x": 0.3977549970149994,
            "y": 0.6229774355888367,
            "z": 0.007348197046667337
        },
        "18": {
            "x": 0.4467145800590515,
            "y": 0.5393679141998291,
            "z": 0.005049515049904585
        },
        "19": {
            "x": 0.4769853353500366,
            "y": 0.5663769245147705,
            "z": 0.008375406265258789
        },
        "20": {
            "x": 0.48433801531791687,
            "y": 0.6151846051216125,
            "z": 0.01328274980187416
        }
    }
}