{
    "Б": {
        "0": {
            "x": 0.4027676582336426,
            "y": 0.8724108934402466,
            "z": 2.693088276828348e-07
        },
        "1": {
            "x": 0.46683040261268616,
            "y": 0.8130709528923035,
            "z": 0.01912073604762554
        },
        "2": {
            "x": 0.4972414970397949,
            "y": 0.7424941658973694,
            "z": 0.020763060078024864
        },
        "3": {
            "x": 0.5249803066253662,
            "y": 0.6768842935562134,
            "z": 0.007515242323279381
        },
        "4": {
            "x": 0.5178854465484619,
            "y": 0.6087584495544434,
            "z": -0.005468721967190504
        },
        "5": {
            "x": 0.4171653389930725,
            "y": 0.6378933787345886,
            "z": 0.0691145732998848
        },
        "6": {
            "x": 0.4219776391983032,
            "y": 0.5592820644378662,
            "z": 0.06919680535793304
        },
        "7": {
            "x": 0.4400019943714142,
            "y": 0.5029546618461609,
            "z": 0.0660264790058136
        },
        "8": {
            "x": 0.4516763687133789,
            "y": 0.47030287981033325,
            "z": 0.0637553334236145
        },
        "9": {
            "x": 0.40181219577789307,
            "y": 0.6331608891487122,
            "z": 0.04430249333381653
        },
        "10": {
            "x": 0.4401386082172394,
            "y": 0.5366432070732117,
            "z": 0.032342202961444855
        },
        "11": {
            "x": 0.4717358350753784,
            "y": 0.558646559715271,
            "z": 0.024651531130075455
        },
        "12": {
            "x": 0.47370052337646484,
            "y": 0.5885694622993469,
            "z": 0.026758603751659393
        },
        "13": {
            "x": 0.3921375274658203,
            "y": 0.6338152885437012,
            "z": 0.015431131236255169
        },
        "14": {
            "x": 0.4498674273490906,
            "y": 0.5491746068000793,
            "z": -0.005842459853738546
        },
        "15": {
            "x": 0.48132410645484924,
            "y": 0.6022420525550842,
            "z": -0.008206289261579514
        },
        "16": {
            "x": 0.4768449366092682,
            "y": 0.6541311144828796,
            "z": -0.0008046128205023706
        },
        "17": {
            "x": 0.39216694235801697,
            "y": 0.6428256630897522,
            "z": -0.01271029282361269
        },
        "18": {
            "x": 0.45046761631965637,
            "y": 0.5770101547241211,
            "z": -0.027327537536621094
        },
        "19": {
            "x": 0.4763184189796448,
            "y": 0.614072859287262,
            "z": -0.02450612746179104
        },
        "20": {
            "x": 0.4718426764011383,
            "y": 0.6617081165313721,
            "z": -0.01728007383644581
        }
    }
}