{
    "Б": {
        "0": {
            "x": 0.39975565671920776,
            "y": 0.8291130661964417,
            "z": 2.3521413083926745e-07
        },
        "1": {
            "x": 0.46986228227615356,
            "y": 0.749537467956543,
            "z": 0.019947821274399757
        },
        "2": {
            "x": 0.4943825304508209,
            "y": 0.6759132742881775,
            "z": 0.016799546778202057
        },
        "3": {
            "x": 0.5212135314941406,
            "y": 0.6154900789260864,
            "z": 0.0013913511065766215
        },
        "4": {
            "x": 0.5182083249092102,
            "y": 0.5591344833374023,
            "z": -0.012800023891031742
        },
        "5": {
            "x": 0.38165515661239624,
            "y": 0.5754784941673279,
            "z": 0.035688918083906174
        },
        "6": {
            "x": 0.3956413269042969,
            "y": 0.49178412556648254,
            "z": 0.024367481470108032
        },
        "7": {
            "x": 0.42139866948127747,
            "y": 0.431505411863327,
            "z": 0.015284312888979912
        },
        "8": {
            "x": 0.4406183063983917,
            "y": 0.3958156108856201,
            "z": 0.009618515148758888
        },
        "9": {
            "x": 0.3665579557418823,
            "y": 0.5842205882072449,
            "z": 0.008190871216356754
        },
        "10": {
            "x": 0.40817952156066895,
            "y": 0.4613860845565796,
            "z": -0.012717175297439098
        },
        "11": {
            "x": 0.44809257984161377,
            "y": 0.49025166034698486,
            "z": -0.017687860876321793
        },
        "12": {
            "x": 0.45768630504608154,
            "y": 0.5288534760475159,
            "z": -0.013439800590276718
        },
        "13": {
            "x": 0.3728727102279663,
            "y": 0.5987048149108887,
            "z": -0.020717410370707512
        },
        "14": {
            "x": 0.44059959053993225,
            "y": 0.4986046552658081,
            "z": -0.04299398139119148
        },
        "15": {
            "x": 0.48220294713974,
            "y": 0.5464304685592651,
            "z": -0.03392837196588516
        },
        "16": {
            "x": 0.48472657799720764,
            "y": 0.5929283499717712,
            "z": -0.01985577493906021
        },
        "17": {
            "x": 0.3973848819732666,
            "y": 0.622248113155365,
            "z": -0.04895652085542679
        },
        "18": {
            "x": 0.4573146402835846,
            "y": 0.5382562875747681,
            "z": -0.056501079350709915
        },
        "19": {
            "x": 0.4848879277706146,
            "y": 0.5688629150390625,
            "z": -0.04225623980164528
        },
        "20": {
            "x": 0.48266297578811646,
            "y": 0.6098315119743347,
            "z": -0.028644781559705734
        }
    }
}