{
    "Б": {
        "0": {
            "x": 0.40015286207199097,
            "y": 0.8849913477897644,
            "z": 4.744184423088882e-07
        },
        "1": {
            "x": 0.46599674224853516,
            "y": 0.8284615874290466,
            "z": 0.014203867875039577
        },
        "2": {
            "x": 0.49644529819488525,
            "y": 0.7596801519393921,
            "z": 0.017563117668032646
        },
        "3": {
            "x": 0.5217900276184082,
            "y": 0.6923385262489319,
            "z": 0.006999903824180365
        },
        "4": {
            "x": 0.5151919722557068,
            "y": 0.6251091361045837,
            "z": -0.0026584332808852196
        },
        "5": {
            "x": 0.41638243198394775,
            "y": 0.6645343899726868,
            "z": 0.07507438957691193
        },
        "6": {
            "x": 0.42561662197113037,
            "y": 0.593242883682251,
            "z": 0.07895123958587646
        },
        "7": {
            "x": 0.4462873935699463,
            "y": 0.5380330681800842,
            "z": 0.07891947776079178
        },
        "8": {
            "x": 0.4675145447254181,
            "y": 0.5057525038719177,
            "z": 0.08005945384502411
        },
        "9": {
            "x": 0.3992554843425751,
            "y": 0.6525782942771912,
            "z": 0.05350795388221741
        },
        "10": {
            "x": 0.4087495505809784,
            "y": 0.5455313920974731,
            "z": 0.052356939762830734
        },
        "11": {
            "x": 0.43674468994140625,
            "y": 0.5173604488372803,
            "z": 0.05052066594362259
        },
        "12": {
            "x": 0.45712578296661377,
            "y": 0.50876384973526,
            "z": 0.05459926649928093
        },
        "13": {
            "x": 0.3896011710166931,
            "y": 0.6521627306938171,
            "z": 0.02582348883152008
        },
        "14": {
            "x": 0.44744187593460083,
            "y": 0.5590574145317078,
            "z": 0.0035598967224359512
        },
        "15": {
            "x": 0.4802294373512268,
            "y": 0.6104947328567505,
            "z": -0.002911217510700226
        },
        "16": {
            "x": 0.4862048625946045,
            "y": 0.6682317852973938,
            "z": 0.00333475973457098
        },
        "17": {
            "x": 0.3937377631664276,
            "y": 0.6586609482765198,
            "z": -0.0012341567780822515
        },
        "18": {
            "x": 0.45371049642562866,
            "y": 0.5871948599815369,
            "z": -0.01884140819311142
        },
        "19": {
            "x": 0.4826124310493469,
            "y": 0.6214947700500488,
            "z": -0.02071451023221016
        },
        "20": {
            "x": 0.49102911353111267,
            "y": 0.671074390411377,
            "z": -0.015960928052663803
        }
    }
}