{
    "Б": {
        "0": {
            "x": 0.44282037019729614,
            "y": 0.8382251858711243,
            "z": 4.093529923920869e-07
        },
        "1": {
            "x": 0.5311964750289917,
            "y": 0.7500883340835571,
            "z": 0.034897781908512115
        },
        "2": {
            "x": 0.5666227340698242,
            "y": 0.6387096047401428,
            "z": 0.050078753381967545
        },
        "3": {
            "x": 0.587215006351471,
            "y": 0.5534258484840393,
            "z": 0.048189278692007065
        },
        "4": {
            "x": 0.5778256058692932,
            "y": 0.48445963859558105,
            "z": 0.04820143058896065
        },
        "5": {
            "x": 0.49384334683418274,
            "y": 0.5161575078964233,
            "z": 0.06951747834682465
        },
        "6": {
            "x": 0.5101670622825623,
            "y": 0.3874718248844147,
            "z": 0.06770563125610352
        },
        "7": {
            "x": 0.5436473488807678,
            "y": 0.3240744471549988,
            "z": 0.062241166830062866
        },
        "8": {
            "x": 0.5745897889137268,
            "y": 0.2772195637226105,
            "z": 0.057869769632816315
        },
        "9": {
            "x": 0.4693286120891571,
            "y": 0.5116809010505676,
            "z": 0.033856116235256195
        },
        "10": {
            "x": 0.47017407417297363,
            "y": 0.35409411787986755,
            "z": 0.021561002358794212
        },
        "11": {
            "x": 0.5263586640357971,
            "y": 0.28971704840660095,
            "z": 0.015474860556423664
        },
        "12": {
            "x": 0.5711566209793091,
            "y": 0.26563403010368347,
            "z": 0.014536592178046703
        },
        "13": {
            "x": 0.4547257423400879,
            "y": 0.5277664661407471,
            "z": -0.005023251287639141
        },
        "14": {
            "x": 0.49066850543022156,
            "y": 0.3919070363044739,
            "z": -0.02804582566022873
        },
        "15": {
            "x": 0.5506847500801086,
            "y": 0.4238852560520172,
            "z": -0.02722088061273098
        },
        "16": {
            "x": 0.5787280201911926,
            "y": 0.47765225172042847,
            "z": -0.01851077564060688
        },
        "17": {
            "x": 0.4572318196296692,
            "y": 0.5595345497131348,
            "z": -0.04274188354611397
        },
        "18": {
            "x": 0.5011613965034485,
            "y": 0.44322651624679565,
            "z": -0.05630425736308098
        },
        "19": {
            "x": 0.5481979846954346,
            "y": 0.46662819385528564,
            "z": -0.04896794259548187
        },
        "20": {
            "x": 0.5771830081939697,
            "y": 0.521579384803772,
            "z": -0.03941698744893074
        }
    }
}