{
    "Б": {
        "0": {
            "x": 0.3995574116706848,
            "y": 0.89849853515625,
            "z": 4.3044732933594787e-07
        },
        "1": {
            "x": 0.46403008699417114,
            "y": 0.8344629406929016,
            "z": 0.009167992509901524
        },
        "2": {
            "x": 0.4927041530609131,
            "y": 0.7673074007034302,
            "z": 0.007591919042170048
        },
        "3": {
            "x": 0.5150649547576904,
            "y": 0.7062047123908997,
            "z": -0.005192488897591829
        },
        "4": {
            "x": 0.5119552612304688,
            "y": 0.6429280638694763,
            "z": -0.015551614575088024
        },
        "5": {
            "x": 0.4070230722427368,
            "y": 0.6612788438796997,
            "z": 0.04776705801486969
        },
        "6": {
            "x": 0.424215167760849,
            "y": 0.5872068405151367,
            "z": 0.0406637117266655
        },
        "7": {
            "x": 0.44821134209632874,
            "y": 0.5354149341583252,
            "z": 0.03323888033628464
        },
        "8": {
            "x": 0.4667457342147827,
            "y": 0.5023916959762573,
            "z": 0.029438305646181107
        },
        "9": {
            "x": 0.39042073488235474,
            "y": 0.6561900973320007,
            "z": 0.02785653807222843
        },
        "10": {
            "x": 0.4094390869140625,
            "y": 0.5489773750305176,
            "z": 0.016901139169931412
        },
        "11": {
            "x": 0.44186341762542725,
            "y": 0.5193040370941162,
            "z": 0.011645955964922905
        },
        "12": {
            "x": 0.4608203172683716,
            "y": 0.5065580606460571,
            "z": 0.012613761238753796
        },
        "13": {
            "x": 0.38235974311828613,
            "y": 0.6614102721214294,
            "z": 0.0033034593798220158
        },
        "14": {
            "x": 0.4411197602748871,
            "y": 0.5726845860481262,
            "z": -0.022582056000828743
        },
        "15": {
            "x": 0.47693806886672974,
            "y": 0.6229380369186401,
            "z": -0.024095231667160988
        },
        "16": {
            "x": 0.48229774832725525,
            "y": 0.6759754419326782,
            "z": -0.015084270387887955
        },
        "17": {
            "x": 0.39041367173194885,
            "y": 0.6748637557029724,
            "z": -0.02117297612130642
        },
        "18": {
            "x": 0.45177748799324036,
            "y": 0.6065278649330139,
            "z": -0.03902431204915047
        },
        "19": {
            "x": 0.47723880410194397,
            "y": 0.6432265043258667,
            "z": -0.03518744930624962
        },
        "20": {
            "x": 0.4778667092323303,
            "y": 0.6911617517471313,
            "z": -0.026271412149071693
        }
    }
}