{
    "Б": {
        "0": {
            "x": 0.3964301347732544,
            "y": 0.9126183986663818,
            "z": 6.677616397610109e-07
        },
        "1": {
            "x": 0.46278005838394165,
            "y": 0.8416911363601685,
            "z": 0.009875643998384476
        },
        "2": {
            "x": 0.495897501707077,
            "y": 0.7618737816810608,
            "z": 0.009535735473036766
        },
        "3": {
            "x": 0.5200375318527222,
            "y": 0.6996130347251892,
            "z": -0.0015322541585192084
        },
        "4": {
            "x": 0.5171735286712646,
            "y": 0.6335930824279785,
            "z": -0.01089208573102951
        },
        "5": {
            "x": 0.4099426865577698,
            "y": 0.6595985293388367,
            "z": 0.03554806485772133
        },
        "6": {
            "x": 0.4396175742149353,
            "y": 0.5683234930038452,
            "z": 0.026543226093053818
        },
        "7": {
            "x": 0.4569430947303772,
            "y": 0.5101914405822754,
            "z": 0.016916532069444656
        },
        "8": {
            "x": 0.46642011404037476,
            "y": 0.462851881980896,
            "z": 0.008525995537638664
        },
        "9": {
            "x": 0.3929952085018158,
            "y": 0.6514865159988403,
            "z": 0.013312062248587608
        },
        "10": {
            "x": 0.4507865011692047,
            "y": 0.5476608872413635,
            "z": -0.006920518819242716
        },
        "11": {
            "x": 0.5170220136642456,
            "y": 0.5060883164405823,
            "z": -0.02030586078763008
        },
        "12": {
            "x": 0.5622140169143677,
            "y": 0.4891166687011719,
            "z": -0.02625429444015026
        },
        "13": {
            "x": 0.3824508786201477,
            "y": 0.66135573387146,
            "z": -0.01185267698019743
        },
        "14": {
            "x": 0.4498515725135803,
            "y": 0.5702682137489319,
            "z": -0.04242102801799774
        },
        "15": {
            "x": 0.48201683163642883,
            "y": 0.6259142160415649,
            "z": -0.04503427445888519
        },
        "16": {
            "x": 0.4863780736923218,
            "y": 0.6822121739387512,
            "z": -0.03797648847103119
        },
        "17": {
            "x": 0.3883056044578552,
            "y": 0.6816039085388184,
            "z": -0.03666824847459793
        },
        "18": {
            "x": 0.4469166398048401,
            "y": 0.6047419905662537,
            "z": -0.06046287715435028
        },
        "19": {
            "x": 0.4728062152862549,
            "y": 0.642267644405365,
            "z": -0.05692187696695328
        },
        "20": {
            "x": 0.4746018052101135,
            "y": 0.6905058026313782,
            "z": -0.048395853489637375
        }
    }
}