{
    "Б": {
        "0": {
            "x": 0.7794169187545776,
            "y": 0.8099039196968079,
            "z": 9.780316645446874e-08
        },
        "1": {
            "x": 0.7120623588562012,
            "y": 0.777178168296814,
            "z": -0.0014280634932219982
        },
        "2": {
            "x": 0.6835945248603821,
            "y": 0.709747850894928,
            "z": -0.00443759560585022
        },
        "3": {
            "x": 0.67079097032547,
            "y": 0.6451342701911926,
            "z": -0.014314319007098675
        },
        "4": {
            "x": 0.6669721007347107,
            "y": 0.5820187330245972,
            "z": -0.020519057288765907
        },
        "5": {
            "x": 0.7534576654434204,
            "y": 0.6241682171821594,
            "z": 0.041450146585702896
        },
        "6": {
            "x": 0.7405522465705872,
            "y": 0.5510627031326294,
            "z": 0.034304358065128326
        },
        "7": {
            "x": 0.7162719368934631,
            "y": 0.5085912942886353,
            "z": 0.029164105653762817
        },
        "8": {
            "x": 0.696344792842865,
            "y": 0.4888645112514496,
            "z": 0.027921615168452263
        },
        "9": {
            "x": 0.7714850306510925,
            "y": 0.6100684404373169,
            "z": 0.029731370508670807
        },
        "10": {
            "x": 0.7738373875617981,
            "y": 0.5124928951263428,
            "z": 0.014505196362733841
        },
        "11": {
            "x": 0.7408064007759094,
            "y": 0.4873369038105011,
            "z": 0.007090744096785784
        },
        "12": {
            "x": 0.7154929041862488,
            "y": 0.48639151453971863,
            "z": 0.009414641186594963
        },
        "13": {
            "x": 0.7785808444023132,
            "y": 0.6029620170593262,
            "z": 0.012336358428001404
        },
        "14": {
            "x": 0.7277634739875793,
            "y": 0.5404552221298218,
            "z": -0.013325135223567486
        },
        "15": {
            "x": 0.6987596154212952,
            "y": 0.590297281742096,
            "z": -0.020612915977835655
        },
        "16": {
            "x": 0.6966548562049866,
            "y": 0.6460806727409363,
            "z": -0.014715812169015408
        },
        "17": {
            "x": 0.7743445038795471,
            "y": 0.5992301106452942,
            "z": -0.005637120921164751
        },
        "18": {
            "x": 0.716952383518219,
            "y": 0.5647571682929993,
            "z": -0.023171234875917435
        },
        "19": {
            "x": 0.6921175718307495,
            "y": 0.5991010069847107,
            "z": -0.02644347958266735
        },
        "20": {
            "x": 0.6897461414337158,
            "y": 0.6430424451828003,
            "z": -0.022931059822440147
        }
    }
}