{
    "Б": {
        "0": {
            "x": 0.7719350457191467,
            "y": 0.8009882569313049,
            "z": -1.5258797247952316e-07
        },
        "1": {
            "x": 0.7054700255393982,
            "y": 0.749276876449585,
            "z": 0.013837875798344612
        },
        "2": {
            "x": 0.6838712692260742,
            "y": 0.6876935362815857,
            "z": 0.012427111156284809
        },
        "3": {
            "x": 0.6658086776733398,
            "y": 0.6430153250694275,
            "z": 0.0024498291313648224
        },
        "4": {
            "x": 0.6527813673019409,
            "y": 0.6026478409767151,
            "z": -0.004857989028096199
        },
        "5": {
            "x": 0.7589924335479736,
            "y": 0.5904079675674438,
            "z": 0.025253387168049812
        },
        "6": {
            "x": 0.7584221959114075,
            "y": 0.5073390007019043,
            "z": 0.007701768074184656
        },
        "7": {
            "x": 0.7160888314247131,
            "y": 0.486750066280365,
            "z": 0.00011502206325531006
        },
        "8": {
            "x": 0.6858254075050354,
            "y": 0.4964052438735962,
            "z": -2.9581635317299515e-05
        },
        "9": {
            "x": 0.764255702495575,
            "y": 0.586493968963623,
            "z": 0.00676455395296216
        },
        "10": {
            "x": 0.7340072989463806,
            "y": 0.49677008390426636,
            "z": -0.01653517410159111
        },
        "11": {
            "x": 0.6982705593109131,
            "y": 0.5121836066246033,
            "z": -0.017852386459708214
        },
        "12": {
            "x": 0.6888119578361511,
            "y": 0.5429929494857788,
            "z": -0.009635159745812416
        },
        "13": {
            "x": 0.7552587985992432,
            "y": 0.596125602722168,
            "z": -0.014363099820911884
        },
        "14": {
            "x": 0.6798692345619202,
            "y": 0.5622768402099609,
            "z": -0.03890259191393852
        },
        "15": {
            "x": 0.6631954908370972,
            "y": 0.6169337630271912,
            "z": -0.03451453894376755
        },
        "16": {
            "x": 0.677622377872467,
            "y": 0.6571419835090637,
            "z": -0.022077485918998718
        },
        "17": {
            "x": 0.7348812222480774,
            "y": 0.6149349808692932,
            "z": -0.03484614938497543
        },
        "18": {
            "x": 0.6665714979171753,
            "y": 0.5933924913406372,
            "z": -0.04849082604050636
        },
        "19": {
            "x": 0.6538714170455933,
            "y": 0.635172963142395,
            "z": -0.042125869542360306
        },
        "20": {
            "x": 0.6687467098236084,
            "y": 0.6703976392745972,
            "z": -0.031706713140010834
        }
    }
}