{
    "Б": {
        "0": {
            "x": 0.5821390151977539,
            "y": 0.6786441802978516,
            "z": 5.370579856389668e-07
        },
        "1": {
            "x": 0.6547943949699402,
            "y": 0.5937938094139099,
            "z": 0.004694830160588026
        },
        "2": {
            "x": 0.6817874908447266,
            "y": 0.49653160572052,
            "z": 0.0005665823118761182
        },
        "3": {
            "x": 0.6931635141372681,
            "y": 0.41870027780532837,
            "z": -0.011969109065830708
        },
        "4": {
            "x": 0.6875218152999878,
            "y": 0.3365216553211212,
            "z": -0.021288815885782242
        },
        "5": {
            "x": 0.5740236639976501,
            "y": 0.38072580099105835,
            "z": 0.027596883475780487
        },
        "6": {
            "x": 0.5889817476272583,
            "y": 0.2545406222343445,
            "z": 0.011199161410331726
        },
        "7": {
            "x": 0.6288281679153442,
            "y": 0.18743307888507843,
            "z": -0.00442095473408699
        },
        "8": {
            "x": 0.6638466715812683,
            "y": 0.1489538550376892,
            "z": -0.012903274036943913
        },
        "9": {
            "x": 0.5583666563034058,
            "y": 0.38449063897132874,
            "z": 0.00940555240958929
        },
        "10": {
            "x": 0.5662232637405396,
            "y": 0.23144301772117615,
            "z": -0.007358140777796507
        },
        "11": {
            "x": 0.6164195537567139,
            "y": 0.16255216300487518,
            "z": -0.01723330281674862
        },
        "12": {
            "x": 0.6585144400596619,
            "y": 0.1339922845363617,
            "z": -0.021883422508835793
        },
        "13": {
            "x": 0.5579633712768555,
            "y": 0.39749792218208313,
            "z": -0.012924314476549625
        },
        "14": {
            "x": 0.5825511813163757,
            "y": 0.24116048216819763,
            "z": -0.03272512927651405
        },
        "15": {
            "x": 0.6381309032440186,
            "y": 0.21672575175762177,
            "z": -0.035649415105581284
        },
        "16": {
            "x": 0.6759151220321655,
            "y": 0.22804304957389832,
            "z": -0.03391509875655174
        },
        "17": {
            "x": 0.5777918696403503,
            "y": 0.4177097678184509,
            "z": -0.03616524860262871
        },
        "18": {
            "x": 0.6132193207740784,
            "y": 0.2983274459838867,
            "z": -0.04770735651254654
        },
        "19": {
            "x": 0.6519230008125305,
            "y": 0.3038841784000397,
            "z": -0.0416392982006073
        },
        "20": {
            "x": 0.6765890717506409,
            "y": 0.34271103143692017,
            "z": -0.03473631665110588
        }
    }
}