{
    "Б": {
        "0": {
            "x": 0.4002319872379303,
            "y": 0.842467725276947,
            "z": -2.3605213783639556e-08
        },
        "1": {
            "x": 0.4139023721218109,
            "y": 0.7409487962722778,
            "z": 0.051422759890556335
        },
        "2": {
            "x": 0.42334651947021484,
            "y": 0.6666900515556335,
            "z": 0.05674075335264206
        },
        "3": {
            "x": 0.42598211765289307,
            "y": 0.6042747497558594,
            "z": 0.05181954801082611
        },
        "4": {
            "x": 0.42192426323890686,
            "y": 0.5437798500061035,
            "z": 0.04054701328277588
        },
        "5": {
            "x": 0.4186002314090729,
            "y": 0.6433703303337097,
            "z": -0.031710244715213776
        },
        "6": {
            "x": 0.42030999064445496,
            "y": 0.5621145367622375,
            "z": -0.06672323495149612
        },
        "7": {
            "x": 0.414717435836792,
            "y": 0.49537843465805054,
            "z": -0.0880851075053215
        },
        "8": {
            "x": 0.4088767170906067,
            "y": 0.440584659576416,
            "z": -0.10411533713340759
        },
        "9": {
            "x": 0.4206191897392273,
            "y": 0.6669237017631531,
            "z": -0.07853307574987411
        },
        "10": {
            "x": 0.42481085658073425,
            "y": 0.5688589811325073,
            "z": -0.1256367564201355
        },
        "11": {
            "x": 0.4244158864021301,
            "y": 0.4887109398841858,
            "z": -0.1522752046585083
        },
        "12": {
            "x": 0.4210432171821594,
            "y": 0.4257011413574219,
            "z": -0.17234890162944794
        },
        "13": {
            "x": 0.4265230894088745,
            "y": 0.698228120803833,
            "z": -0.11813030391931534
        },
        "14": {
            "x": 0.43395575881004333,
            "y": 0.606170117855072,
            "z": -0.15976795554161072
        },
        "15": {
            "x": 0.4326050579547882,
            "y": 0.5334348082542419,
            "z": -0.1818515509366989
        },
        "16": {
            "x": 0.43012672662734985,
            "y": 0.4724472165107727,
            "z": -0.19900165498256683
        },
        "17": {
            "x": 0.4383479058742523,
            "y": 0.7292292714118958,
            "z": -0.15078933537006378
        },
        "18": {
            "x": 0.44529810547828674,
            "y": 0.6735432147979736,
            "z": -0.1928449124097824
        },
        "19": {
            "x": 0.44549232721328735,
            "y": 0.627769947052002,
            "z": -0.21541070938110352
        },
        "20": {
            "x": 0.4438849687576294,
            "y": 0.5863809585571289,
            "z": -0.23274920880794525
        }
    }
}