{
    "Б": {
        "0": {
            "x": 0.4427626132965088,
            "y": 0.929115891456604,
            "z": 1.55662945644508e-07
        },
        "1": {
            "x": 0.5215919613838196,
            "y": 0.8448946475982666,
            "z": 0.020210834220051765
        },
        "2": {
            "x": 0.5325764417648315,
            "y": 0.7233404517173767,
            "z": 0.025331126525998116
        },
        "3": {
            "x": 0.5304309725761414,
            "y": 0.6522678136825562,
            "z": 0.02033182419836521
        },
        "4": {
            "x": 0.5481331944465637,
            "y": 0.5989501476287842,
            "z": 0.01428974512964487
        },
        "5": {
            "x": 0.49107271432876587,
            "y": 0.6109580993652344,
            "z": 0.02617357298731804
        },
        "6": {
            "x": 0.512785017490387,
            "y": 0.4887581467628479,
            "z": 0.009290346875786781
        },
        "7": {
            "x": 0.5208283066749573,
            "y": 0.4031999409198761,
            "z": -0.007286147214472294
        },
        "8": {
            "x": 0.5201362371444702,
            "y": 0.33368542790412903,
            "z": -0.021533722057938576
        },
        "9": {
            "x": 0.4745561480522156,
            "y": 0.6129232048988342,
            "z": -0.0046728686429560184
        },
        "10": {
            "x": 0.5025117993354797,
            "y": 0.46984297037124634,
            "z": -0.02256288193166256
        },
        "11": {
            "x": 0.5113391280174255,
            "y": 0.3749116063117981,
            "z": -0.041946474462747574
        },
        "12": {
            "x": 0.5102752447128296,
            "y": 0.2932983934879303,
            "z": -0.05764316767454147
        },
        "13": {
            "x": 0.4665517807006836,
            "y": 0.6277080178260803,
            "z": -0.037259913980960846
        },
        "14": {
            "x": 0.4981832206249237,
            "y": 0.48463672399520874,
            "z": -0.05432785674929619
        },
        "15": {
            "x": 0.5090415477752686,
            "y": 0.39521217346191406,
            "z": -0.06783391535282135
        },
        "16": {
            "x": 0.5101272463798523,
            "y": 0.3175266981124878,
            "z": -0.07959475368261337
        },
        "17": {
            "x": 0.46968862414360046,
            "y": 0.6520786881446838,
            "z": -0.06951284408569336
        },
        "18": {
            "x": 0.4959542155265808,
            "y": 0.5471593141555786,
            "z": -0.0835305005311966
        },
        "19": {
            "x": 0.5051894783973694,
            "y": 0.47397300601005554,
            "z": -0.0905514657497406
        },
        "20": {
            "x": 0.5082279443740845,
            "y": 0.4084475636482239,
            "z": -0.09763982892036438
        }
    }
}