{
    "Б": {
        "0": {
            "x": 0.42464524507522583,
            "y": 0.9025396108627319,
            "z": 6.328517088149965e-08
        },
        "1": {
            "x": 0.5119006037712097,
            "y": 0.8037110567092896,
            "z": 0.04131438583135605
        },
        "2": {
            "x": 0.5302481055259705,
            "y": 0.6870540976524353,
            "z": 0.05431826412677765
        },
        "3": {
            "x": 0.5323805809020996,
            "y": 0.6124933362007141,
            "z": 0.05278811603784561
        },
        "4": {
            "x": 0.5461795926094055,
            "y": 0.5541948676109314,
            "z": 0.048791952431201935
        },
        "5": {
            "x": 0.4959958791732788,
            "y": 0.5927597880363464,
            "z": 0.04065383970737457
        },
        "6": {
            "x": 0.5287051796913147,
            "y": 0.4640166759490967,
            "z": 0.02877896837890148
        },
        "7": {
            "x": 0.5419834852218628,
            "y": 0.3748757541179657,
            "z": 0.017488015815615654
        },
        "8": {
            "x": 0.5463708639144897,
            "y": 0.29971250891685486,
            "z": 0.006680677644908428
        },
        "9": {
            "x": 0.48173245787620544,
            "y": 0.5924124717712402,
            "z": 0.0008496566442772746
        },
        "10": {
            "x": 0.5222692489624023,
            "y": 0.44157886505126953,
            "z": -0.013273096643388271
        },
        "11": {
            "x": 0.5362504720687866,
            "y": 0.342487633228302,
            "z": -0.0272838044911623
        },
        "12": {
            "x": 0.5396914482116699,
            "y": 0.2576562464237213,
            "z": -0.03949018940329552
        },
        "13": {
            "x": 0.4765341281890869,
            "y": 0.6063569188117981,
            "z": -0.0390888974070549
        },
        "14": {
            "x": 0.5211237072944641,
            "y": 0.4549531638622284,
            "z": -0.050695035606622696
        },
        "15": {
            "x": 0.536907970905304,
            "y": 0.36317235231399536,
            "z": -0.06092298403382301
        },
        "16": {
            "x": 0.541286826133728,
            "y": 0.28435882925987244,
            "z": -0.07181800901889801
        },
        "17": {
            "x": 0.4850837290287018,
            "y": 0.6283177137374878,
            "z": -0.07719486206769943
        },
        "18": {
            "x": 0.519052267074585,
            "y": 0.5197864174842834,
            "z": -0.08983210474252701
        },
        "19": {
            "x": 0.5321407914161682,
            "y": 0.44086283445358276,
            "z": -0.09799812734127045
        },
        "20": {
            "x": 0.5368425250053406,
            "y": 0.3711528778076172,
            "z": -0.10641520470380783
        }
    }
}