{
    "Б": {
        "0": {
            "x": 0.38958999514579773,
            "y": 0.9136942028999329,
            "z": 1.6911005218389619e-07
        },
        "1": {
            "x": 0.46958065032958984,
            "y": 0.8139110207557678,
            "z": 0.05777052044868469
        },
        "2": {
            "x": 0.4767674505710602,
            "y": 0.6935710906982422,
            "z": 0.08557351678609848
        },
        "3": {
            "x": 0.47241413593292236,
            "y": 0.6200478672981262,
            "z": 0.09268392622470856
        },
        "4": {
            "x": 0.47123944759368896,
            "y": 0.5605445504188538,
            "z": 0.09712647646665573
        },
        "5": {
            "x": 0.44141408801078796,
            "y": 0.5745651721954346,
            "z": 0.09908594191074371
        },
        "6": {
            "x": 0.45979347825050354,
            "y": 0.4555445909500122,
            "z": 0.10270597785711288
        },
        "7": {
            "x": 0.4682806134223938,
            "y": 0.37047260999679565,
            "z": 0.0962003767490387
        },
        "8": {
            "x": 0.47107404470443726,
            "y": 0.29999271035194397,
            "z": 0.08717787265777588
        },
        "9": {
            "x": 0.4249608516693115,
            "y": 0.5693697929382324,
            "z": 0.05002918839454651
        },
        "10": {
            "x": 0.45174652338027954,
            "y": 0.4277038872241974,
            "z": 0.04964015260338783
        },
        "11": {
            "x": 0.4651561379432678,
            "y": 0.3328395485877991,
            "z": 0.03937714546918869
        },
        "12": {
            "x": 0.4699637293815613,
            "y": 0.2576962113380432,
            "z": 0.030351491644978523
        },
        "13": {
            "x": 0.41524738073349,
            "y": 0.5803090929985046,
            "z": -0.0020803564693778753
        },
        "14": {
            "x": 0.44539588689804077,
            "y": 0.4369601905345917,
            "z": -0.006441688165068626
        },
        "15": {
            "x": 0.45979228615760803,
            "y": 0.34814217686653137,
            "z": -0.012840681709349155
        },
        "16": {
            "x": 0.46318623423576355,
            "y": 0.2737213969230652,
            "z": -0.019696973264217377
        },
        "17": {
            "x": 0.4158245325088501,
            "y": 0.6046713590621948,
            "z": -0.05267704278230667
        },
        "18": {
            "x": 0.4424017071723938,
            "y": 0.4921513497829437,
            "z": -0.05941549316048622
        },
        "19": {
            "x": 0.45065322518348694,
            "y": 0.4143405556678772,
            "z": -0.06216784194111824
        },
        "20": {
            "x": 0.4526265263557434,
            "y": 0.3448847234249115,
            "z": -0.06584718078374863
        }
    }
}