{
    "Б": {
        "0": {
            "x": 0.36692115664482117,
            "y": 0.887665867805481,
            "z": 3.323086161799438e-08
        },
        "1": {
            "x": 0.43419837951660156,
            "y": 0.7501773238182068,
            "z": 0.11142752319574356
        },
        "2": {
            "x": 0.4512988030910492,
            "y": 0.6423055529594421,
            "z": 0.15839135646820068
        },
        "3": {
            "x": 0.466979056596756,
            "y": 0.5677933096885681,
            "z": 0.17843207716941833
        },
        "4": {
            "x": 0.4817734956741333,
            "y": 0.5007281303405762,
            "z": 0.1936149299144745
        },
        "5": {
            "x": 0.3605390787124634,
            "y": 0.53138667345047,
            "z": 0.12107544392347336
        },
        "6": {
            "x": 0.40463492274284363,
            "y": 0.40749117732048035,
            "z": 0.13817352056503296
        },
        "7": {
            "x": 0.42503705620765686,
            "y": 0.3215135633945465,
            "z": 0.14940060675144196
        },
        "8": {
            "x": 0.4373111128807068,
            "y": 0.25409355759620667,
            "z": 0.15371623635292053
        },
        "9": {
            "x": 0.357073038816452,
            "y": 0.534461259841919,
            "z": 0.05168122053146362
        },
        "10": {
            "x": 0.40947702527046204,
            "y": 0.3854479193687439,
            "z": 0.06416942179203033
        },
        "11": {
            "x": 0.43424543738365173,
            "y": 0.2912197411060333,
            "z": 0.07514268159866333
        },
        "12": {
            "x": 0.4453144371509552,
            "y": 0.2174438238143921,
            "z": 0.08193904161453247
        },
        "13": {
            "x": 0.37379100918769836,
            "y": 0.5517042279243469,
            "z": -0.014828787185251713
        },
        "14": {
            "x": 0.4231744706630707,
            "y": 0.39728209376335144,
            "z": -0.00968924630433321
        },
        "15": {
            "x": 0.4449382424354553,
            "y": 0.30223679542541504,
            "z": 0.0022434410639107227
        },
        "16": {
            "x": 0.45181918144226074,
            "y": 0.22599148750305176,
            "z": 0.007970108650624752
        },
        "17": {
            "x": 0.41329455375671387,
            "y": 0.5712200999259949,
            "z": -0.07454010844230652
        },
        "18": {
            "x": 0.44202280044555664,
            "y": 0.44335824251174927,
            "z": -0.08641950786113739
        },
        "19": {
            "x": 0.45177268981933594,
            "y": 0.3585568368434906,
            "z": -0.08765140175819397
        },
        "20": {
            "x": 0.4559440016746521,
            "y": 0.28815266489982605,
            "z": -0.08715702593326569
        }
    }
}