{
    "Б": {
        "0": {
            "x": 0.36089521646499634,
            "y": 0.8688273429870605,
            "z": 1.5347973203461152e-07
        },
        "1": {
            "x": 0.44605714082717896,
            "y": 0.7593435049057007,
            "z": 0.05178381875157356
        },
        "2": {
            "x": 0.4572431147098541,
            "y": 0.641618013381958,
            "z": 0.07075344771146774
        },
        "3": {
            "x": 0.45975443720817566,
            "y": 0.5651170015335083,
            "z": 0.07018861174583435
        },
        "4": {
            "x": 0.4726303517818451,
            "y": 0.501571774482727,
            "z": 0.06715478003025055
        },
        "5": {
            "x": 0.41004201769828796,
            "y": 0.548095703125,
            "z": 0.07656117528676987
        },
        "6": {
            "x": 0.431599885225296,
            "y": 0.41956958174705505,
            "z": 0.07013224810361862
        },
        "7": {
            "x": 0.44176846742630005,
            "y": 0.33561742305755615,
            "z": 0.05776979401707649
        },
        "8": {
            "x": 0.4470749497413635,
            "y": 0.2644370198249817,
            "z": 0.04545024037361145
        },
        "9": {
            "x": 0.3947654366493225,
            "y": 0.5469421148300171,
            "z": 0.02895154431462288
        },
        "10": {
            "x": 0.4237167239189148,
            "y": 0.3945866823196411,
            "z": 0.020293256267905235
        },
        "11": {
            "x": 0.43784770369529724,
            "y": 0.2982349991798401,
            "z": 0.005453676916658878
        },
        "12": {
            "x": 0.4445090591907501,
            "y": 0.21999332308769226,
            "z": -0.006888171657919884
        },
        "13": {
            "x": 0.3898235559463501,
            "y": 0.5600612759590149,
            "z": -0.020951099693775177
        },
        "14": {
            "x": 0.4232470691204071,
            "y": 0.39980801939964294,
            "z": -0.02934999018907547
        },
        "15": {
            "x": 0.4366012215614319,
            "y": 0.3095911741256714,
            "z": -0.03727615624666214
        },
        "16": {
            "x": 0.44086790084838867,
            "y": 0.23562705516815186,
            "z": -0.04563504830002785
        },
        "17": {
            "x": 0.39918214082717896,
            "y": 0.5824019908905029,
            "z": -0.069361612200737
        },
        "18": {
            "x": 0.42692846059799194,
            "y": 0.46727436780929565,
            "z": -0.07792387902736664
        },
        "19": {
            "x": 0.43567919731140137,
            "y": 0.38850295543670654,
            "z": -0.08170612901449203
        },
        "20": {
            "x": 0.43783628940582275,
            "y": 0.3187546730041504,
            "z": -0.08656544238328934
        }
    }
}