{
    "Б": {
        "0": {
            "x": 0.3669445216655731,
            "y": 0.8678721189498901,
            "z": 9.793566135840592e-08
        },
        "1": {
            "x": 0.45232275128364563,
            "y": 0.7664563059806824,
            "z": 0.03966217488050461
        },
        "2": {
            "x": 0.4626590609550476,
            "y": 0.6444640159606934,
            "z": 0.05708816275000572
        },
        "3": {
            "x": 0.462594211101532,
            "y": 0.5657434463500977,
            "z": 0.05833946168422699
        },
        "4": {
            "x": 0.4792357087135315,
            "y": 0.5068402290344238,
            "z": 0.05776224285364151
        },
        "5": {
            "x": 0.42241865396499634,
            "y": 0.5455591678619385,
            "z": 0.06683187931776047
        },
        "6": {
            "x": 0.4407960772514343,
            "y": 0.42512035369873047,
            "z": 0.05988381430506706
        },
        "7": {
            "x": 0.4509749710559845,
            "y": 0.3433890640735626,
            "z": 0.046431899070739746
        },
        "8": {
            "x": 0.45580098032951355,
            "y": 0.27293485403060913,
            "z": 0.03285066410899162
        },
        "9": {
            "x": 0.40500837564468384,
            "y": 0.542891800403595,
            "z": 0.026785671710968018
        },
        "10": {
            "x": 0.43191447854042053,
            "y": 0.40085411071777344,
            "z": 0.01833513379096985
        },
        "11": {
            "x": 0.4459550082683563,
            "y": 0.30664369463920593,
            "z": 0.0022049942053854465
        },
        "12": {
            "x": 0.4520469307899475,
            "y": 0.23063361644744873,
            "z": -0.01225294079631567
        },
        "13": {
            "x": 0.3951818645000458,
            "y": 0.5569969415664673,
            "z": -0.016140030696988106
        },
        "14": {
            "x": 0.4285620450973511,
            "y": 0.41214415431022644,
            "z": -0.025265248492360115
        },
        "15": {
            "x": 0.44485384225845337,
            "y": 0.32548651099205017,
            "z": -0.03644305095076561
        },
        "16": {
            "x": 0.45088785886764526,
            "y": 0.2552076578140259,
            "z": -0.04788355901837349
        },
        "17": {
            "x": 0.39745357632637024,
            "y": 0.5816251039505005,
            "z": -0.05831892415881157
        },
        "18": {
            "x": 0.4288605749607086,
            "y": 0.47574228048324585,
            "z": -0.0673409178853035
        },
        "19": {
            "x": 0.4421084523200989,
            "y": 0.40319663286209106,
            "z": -0.07323846966028214
        },
        "20": {
            "x": 0.4478059411048889,
            "y": 0.34007149934768677,
            "z": -0.08064626157283783
        }
    }
}