{
    "Б": {
        "0": {
            "x": 0.5314825773239136,
            "y": 0.8407720327377319,
            "z": 6.719272960253875e-08
        },
        "1": {
            "x": 0.6061395406723022,
            "y": 0.7387303113937378,
            "z": 0.05598795413970947
        },
        "2": {
            "x": 0.6276068091392517,
            "y": 0.6262809634208679,
            "z": 0.0782892182469368
        },
        "3": {
            "x": 0.6405473351478577,
            "y": 0.5477045774459839,
            "z": 0.08550824970006943
        },
        "4": {
            "x": 0.6606469750404358,
            "y": 0.4846339523792267,
            "z": 0.08906229585409164
        },
        "5": {
            "x": 0.5795640349388123,
            "y": 0.5345061421394348,
            "z": 0.04692965745925903
        },
        "6": {
            "x": 0.6253818869590759,
            "y": 0.4087607264518738,
            "z": 0.03844980522990227
        },
        "7": {
            "x": 0.6483377814292908,
            "y": 0.3149506151676178,
            "z": 0.030415832996368408
        },
        "8": {
            "x": 0.6609918475151062,
            "y": 0.23510202765464783,
            "z": 0.022260626778006554
        },
        "9": {
            "x": 0.5758516192436218,
            "y": 0.5303409695625305,
            "z": 0.004491704050451517
        },
        "10": {
            "x": 0.6291539072990417,
            "y": 0.37770190834999084,
            "z": -0.007458774372935295
        },
        "11": {
            "x": 0.6504029631614685,
            "y": 0.271252304315567,
            "z": -0.016980446875095367
        },
        "12": {
            "x": 0.6588718891143799,
            "y": 0.1787165403366089,
            "z": -0.02527598664164543
        },
        "13": {
            "x": 0.5849520564079285,
            "y": 0.5415558218955994,
            "z": -0.03605828806757927
        },
        "14": {
            "x": 0.6399330496788025,
            "y": 0.38356703519821167,
            "z": -0.045272842049598694
        },
        "15": {
            "x": 0.6578174233436584,
            "y": 0.28222039341926575,
            "z": -0.05256560817360878
        },
        "16": {
            "x": 0.6635736227035522,
            "y": 0.19732722640037537,
            "z": -0.06024618819355965
        },
        "17": {
            "x": 0.6106416583061218,
            "y": 0.5604327321052551,
            "z": -0.07331300526857376
        },
        "18": {
            "x": 0.6473933458328247,
            "y": 0.43711262941360474,
            "z": -0.08772283047437668
        },
        "19": {
            "x": 0.6604952216148376,
            "y": 0.350885272026062,
            "z": -0.0968128964304924
        },
        "20": {
            "x": 0.6667783260345459,
            "y": 0.2775838375091553,
            "z": -0.10423031449317932
        }
    }
}