{
    "Б": {
        "0": {
            "x": 0.5445542931556702,
            "y": 0.8423432111740112,
            "z": 2.6795909491283965e-08
        },
        "1": {
            "x": 0.6065248847007751,
            "y": 0.7368077635765076,
            "z": 0.058185137808322906
        },
        "2": {
            "x": 0.6299675703048706,
            "y": 0.6230626702308655,
            "z": 0.07920560240745544
        },
        "3": {
            "x": 0.6511188745498657,
            "y": 0.5483300685882568,
            "z": 0.08411384373903275
        },
        "4": {
            "x": 0.6745824813842773,
            "y": 0.48732414841651917,
            "z": 0.0852290689945221
        },
        "5": {
            "x": 0.5913823843002319,
            "y": 0.5357547402381897,
            "z": 0.046167127788066864
        },
        "6": {
            "x": 0.6358627676963806,
            "y": 0.40611302852630615,
            "z": 0.036244772374629974
        },
        "7": {
            "x": 0.6582748889923096,
            "y": 0.3113894462585449,
            "z": 0.02664744295179844
        },
        "8": {
            "x": 0.6700423955917358,
            "y": 0.23011988401412964,
            "z": 0.017241284251213074
        },
        "9": {
            "x": 0.5895984768867493,
            "y": 0.5337275266647339,
            "z": 0.0012323434930294752
        },
        "10": {
            "x": 0.640026330947876,
            "y": 0.38195163011550903,
            "z": -0.01165809202939272
        },
        "11": {
            "x": 0.6611155867576599,
            "y": 0.27626338601112366,
            "z": -0.02339724637567997
        },
        "12": {
            "x": 0.669012725353241,
            "y": 0.18357440829277039,
            "z": -0.03358263522386551
        },
        "13": {
            "x": 0.6005468368530273,
            "y": 0.5464541912078857,
            "z": -0.04132779687643051
        },
        "14": {
            "x": 0.6510943174362183,
            "y": 0.38890576362609863,
            "z": -0.05117519572377205
        },
        "15": {
            "x": 0.6698479652404785,
            "y": 0.2900318205356598,
            "z": -0.05940387025475502
        },
        "16": {
            "x": 0.6761595606803894,
            "y": 0.20697364211082458,
            "z": -0.06807241588830948
        },
        "17": {
            "x": 0.6284452080726624,
            "y": 0.5666405558586121,
            "z": -0.08039131760597229
        },
        "18": {
            "x": 0.6625977754592896,
            "y": 0.4481174349784851,
            "z": -0.09373380243778229
        },
        "19": {
            "x": 0.6758104562759399,
            "y": 0.364546537399292,
            "z": -0.10185563564300537
        },
        "20": {
            "x": 0.682937741279602,
            "y": 0.29269760847091675,
            "z": -0.10905683785676956
        }
    }
}