{
    "Б": {
        "0": {
            "x": 0.35706663131713867,
            "y": 0.9198338985443115,
            "z": 1.7509178462660202e-07
        },
        "1": {
            "x": 0.440169095993042,
            "y": 0.8046008944511414,
            "z": 0.05681315436959267
        },
        "2": {
            "x": 0.44756001234054565,
            "y": 0.6861699223518372,
            "z": 0.07774928212165833
        },
        "3": {
            "x": 0.45156773924827576,
            "y": 0.6181849241256714,
            "z": 0.07760434597730637
        },
        "4": {
            "x": 0.4688056409358978,
            "y": 0.5546338558197021,
            "z": 0.07247879356145859
        },
        "5": {
            "x": 0.3760504424571991,
            "y": 0.5603204965591431,
            "z": 0.0789409875869751
        },
        "6": {
            "x": 0.3986259400844574,
            "y": 0.45153316855430603,
            "z": 0.0684618130326271
        },
        "7": {
            "x": 0.41632914543151855,
            "y": 0.37162676453590393,
            "z": 0.04987679794430733
        },
        "8": {
            "x": 0.43004557490348816,
            "y": 0.303986519575119,
            "z": 0.030193492770195007
        },
        "9": {
            "x": 0.35712867975234985,
            "y": 0.5633974075317383,
            "z": 0.020541995763778687
        },
        "10": {
            "x": 0.37870141863822937,
            "y": 0.42512622475624084,
            "z": 0.0032894895412027836
        },
        "11": {
            "x": 0.405120313167572,
            "y": 0.3313717842102051,
            "z": -0.02389642968773842
        },
        "12": {
            "x": 0.42520302534103394,
            "y": 0.254631370306015,
            "z": -0.0472998283803463
        },
        "13": {
            "x": 0.34689056873321533,
            "y": 0.5865404605865479,
            "z": -0.0403604581952095
        },
        "14": {
            "x": 0.3646419942378998,
            "y": 0.4439941644668579,
            "z": -0.06483514606952667
        },
        "15": {
            "x": 0.3901660442352295,
            "y": 0.35388344526290894,
            "z": -0.08783029764890671
        },
        "16": {
            "x": 0.40765589475631714,
            "y": 0.27337828278541565,
            "z": -0.10711914300918579
        },
        "17": {
            "x": 0.352263867855072,
            "y": 0.6276062726974487,
            "z": -0.09819867461919785
        },
        "18": {
            "x": 0.37496811151504517,
            "y": 0.513782262802124,
            "z": -0.12417709082365036
        },
        "19": {
            "x": 0.39038947224617004,
            "y": 0.43452218174934387,
            "z": -0.13991931080818176
        },
        "20": {
            "x": 0.40192264318466187,
            "y": 0.3611096441745758,
            "z": -0.15467262268066406
        }
    }
}