{
    "Д": {
        "0": {
            "x": 0.4475993812084198,
            "y": 0.9417584538459778,
            "z": 7.606907956869691e-07
        },
        "1": {
            "x": 0.5325787663459778,
            "y": 0.8444720506668091,
            "z": -0.032614678144454956
        },
        "2": {
            "x": 0.5716800689697266,
            "y": 0.7078897953033447,
            "z": -0.04172726720571518
        },
        "3": {
            "x": 0.5500661134719849,
            "y": 0.5763111710548401,
            "z": -0.052177585661411285
        },
        "4": {
            "x": 0.48773419857025146,
            "y": 0.5122887492179871,
            "z": -0.06035842001438141
        },
        "5": {
            "x": 0.531985342502594,
            "y": 0.5769480466842651,
            "z": -0.006147922016680241
        },
        "6": {
            "x": 0.551977276802063,
            "y": 0.40679627656936646,
            "z": -0.024302365258336067
        },
        "7": {
            "x": 0.5571897625923157,
            "y": 0.30577877163887024,
            "z": -0.037809211760759354
        },
        "8": {
            "x": 0.557125449180603,
            "y": 0.2173774540424347,
            "z": -0.0475771501660347
        },
        "9": {
            "x": 0.4810665547847748,
            "y": 0.5608826279640198,
            "z": -0.009594064205884933
        },
        "10": {
            "x": 0.49338337779045105,
            "y": 0.3816390037536621,
            "z": -0.03236592188477516
        },
        "11": {
            "x": 0.5108234882354736,
            "y": 0.26892590522766113,
            "z": -0.049853455275297165
        },
        "12": {
            "x": 0.5205718278884888,
            "y": 0.18090468645095825,
            "z": -0.062065403908491135
        },
        "13": {
            "x": 0.4311988949775696,
            "y": 0.5749566555023193,
            "z": -0.01870737411081791
        },
        "14": {
            "x": 0.4330558478832245,
            "y": 0.41517186164855957,
            "z": -0.05896036699414253
        },
        "15": {
            "x": 0.4707011878490448,
            "y": 0.4447478950023651,
            "z": -0.07318071275949478
        },
        "16": {
            "x": 0.49084699153900146,
            "y": 0.5073009729385376,
            "z": -0.07216869294643402
        },
        "17": {
            "x": 0.3787989020347595,
            "y": 0.6047314405441284,
            "z": -0.03073263354599476
        },
        "18": {
            "x": 0.3909250497817993,
            "y": 0.4686957001686096,
            "z": -0.065451480448246
        },
        "19": {
            "x": 0.4312533736228943,
            "y": 0.46968376636505127,
            "z": -0.07304087281227112
        },
        "20": {
            "x": 0.4618762731552124,
            "y": 0.5153872966766357,
            "z": -0.07174123823642731
        }
    }
}