{
    "Д": {
        "0": {
            "x": 0.576152503490448,
            "y": 0.9399777054786682,
            "z": 6.605184807995101e-07
        },
        "1": {
            "x": 0.6665549874305725,
            "y": 0.8398698568344116,
            "z": -0.01910974830389023
        },
        "2": {
            "x": 0.7091829180717468,
            "y": 0.7134303450584412,
            "z": -0.02728397771716118
        },
        "3": {
            "x": 0.6980378031730652,
            "y": 0.578785240650177,
            "z": -0.04080298915505409
        },
        "4": {
            "x": 0.631438136100769,
            "y": 0.5242837071418762,
            "z": -0.0526941753923893
        },
        "5": {
            "x": 0.6560426950454712,
            "y": 0.5654327869415283,
            "z": -0.007383283693343401
        },
        "6": {
            "x": 0.6713401675224304,
            "y": 0.3967345356941223,
            "z": -0.026362668722867966
        },
        "7": {
            "x": 0.6799880862236023,
            "y": 0.3046102225780487,
            "z": -0.03834053874015808
        },
        "8": {
            "x": 0.6806718707084656,
            "y": 0.21714287996292114,
            "z": -0.04928651079535484
        },
        "9": {
            "x": 0.6104711890220642,
            "y": 0.5508832335472107,
            "z": -0.020285071805119514
        },
        "10": {
            "x": 0.6216569542884827,
            "y": 0.3711181879043579,
            "z": -0.05481831729412079
        },
        "11": {
            "x": 0.6368025541305542,
            "y": 0.2619684040546417,
            "z": -0.07637473195791245
        },
        "12": {
            "x": 0.644923210144043,
            "y": 0.17008867859840393,
            "z": -0.09081550687551498
        },
        "13": {
            "x": 0.5675953030586243,
            "y": 0.5729063153266907,
            "z": -0.03564115986227989
        },
        "14": {
            "x": 0.5640551447868347,
            "y": 0.40959644317626953,
            "z": -0.0781322717666626
        },
        "15": {
            "x": 0.605503499507904,
            "y": 0.4674030542373657,
            "z": -0.07691119611263275
        },
        "16": {
            "x": 0.6317861080169678,
            "y": 0.53711998462677,
            "z": -0.06461337208747864
        },
        "17": {
            "x": 0.5276665687561035,
            "y": 0.6190657615661621,
            "z": -0.053597770631313324
        },
        "18": {
            "x": 0.5316382050514221,
            "y": 0.4676356911659241,
            "z": -0.08823374658823013
        },
        "19": {
            "x": 0.5797649621963501,
            "y": 0.48582160472869873,
            "z": -0.08603151142597198
        },
        "20": {
            "x": 0.6194208860397339,
            "y": 0.5474939346313477,
            "z": -0.07675420492887497
        }
    }
}