{
    "Д": {
        "0": {
            "x": 0.3705126941204071,
            "y": 0.80286705493927,
            "z": 7.929399998829467e-07
        },
        "1": {
            "x": 0.4453505277633667,
            "y": 0.7093197703361511,
            "z": -0.04303715005517006
        },
        "2": {
            "x": 0.4736730456352234,
            "y": 0.5671164989471436,
            "z": -0.058685582131147385
        },
        "3": {
            "x": 0.4411534070968628,
            "y": 0.442489355802536,
            "z": -0.07363664358854294
        },
        "4": {
            "x": 0.3753908574581146,
            "y": 0.3783538043498993,
            "z": -0.08615192770957947
        },
        "5": {
            "x": 0.43910905718803406,
            "y": 0.4514642059803009,
            "z": -0.026056772097945213
        },
        "6": {
            "x": 0.4556728005409241,
            "y": 0.2907090187072754,
            "z": -0.050980087369680405
        },
        "7": {
            "x": 0.46012911200523376,
            "y": 0.19509592652320862,
            "z": -0.06705326586961746
        },
        "8": {
            "x": 0.45910656452178955,
            "y": 0.11161726713180542,
            "z": -0.07753458619117737
        },
        "9": {
            "x": 0.3870742619037628,
            "y": 0.43471696972846985,
            "z": -0.026576051488518715
        },
        "10": {
            "x": 0.3935264050960541,
            "y": 0.2602597177028656,
            "z": -0.05190800502896309
        },
        "11": {
            "x": 0.41316428780555725,
            "y": 0.15492644906044006,
            "z": -0.06642729789018631
        },
        "12": {
            "x": 0.4260009229183197,
            "y": 0.07896566390991211,
            "z": -0.07607564330101013
        },
        "13": {
            "x": 0.3381580114364624,
            "y": 0.45123061537742615,
            "z": -0.03357474133372307
        },
        "14": {
            "x": 0.33338308334350586,
            "y": 0.30540144443511963,
            "z": -0.07401140034198761
        },
        "15": {
            "x": 0.37005099654197693,
            "y": 0.3403492569923401,
            "z": -0.08376168459653854
        },
        "16": {
            "x": 0.39208492636680603,
            "y": 0.40691274404525757,
            "z": -0.0799049362540245
        },
        "17": {
            "x": 0.28953391313552856,
            "y": 0.4863336682319641,
            "z": -0.04486779123544693
        },
        "18": {
            "x": 0.2879998981952667,
            "y": 0.35653752088546753,
            "z": -0.077321857213974
        },
        "19": {
            "x": 0.3282642662525177,
            "y": 0.34275269508361816,
            "z": -0.0834147036075592
        },
        "20": {
            "x": 0.3637837767601013,
            "y": 0.37447771430015564,
            "z": -0.08208763599395752
        }
    }
}