{
    "Д": {
        "0": {
            "x": 0.6879714727401733,
            "y": 0.8572795391082764,
            "z": 7.830429922250914e-07
        },
        "1": {
            "x": 0.7763584852218628,
            "y": 0.7621092796325684,
            "z": -0.03256244584918022
        },
        "2": {
            "x": 0.8218257427215576,
            "y": 0.6409341096878052,
            "z": -0.05139080435037613
        },
        "3": {
            "x": 0.8079580664634705,
            "y": 0.5057385563850403,
            "z": -0.0745866447687149
        },
        "4": {
            "x": 0.7476469278335571,
            "y": 0.43243688344955444,
            "z": -0.09517689049243927
        },
        "5": {
            "x": 0.7522588968276978,
            "y": 0.48499101400375366,
            "z": -0.012180411256849766
        },
        "6": {
            "x": 0.7637909650802612,
            "y": 0.3236857056617737,
            "z": -0.03504480421543121
        },
        "7": {
            "x": 0.7713484168052673,
            "y": 0.23157018423080444,
            "z": -0.04778477922081947
        },
        "8": {
            "x": 0.7717041373252869,
            "y": 0.14955338835716248,
            "z": -0.05720997229218483
        },
        "9": {
            "x": 0.7098551392555237,
            "y": 0.47674664855003357,
            "z": -0.020338209345936775
        },
        "10": {
            "x": 0.7128591537475586,
            "y": 0.29930853843688965,
            "z": -0.05137220025062561
        },
        "11": {
            "x": 0.7285940051078796,
            "y": 0.1976204812526703,
            "z": -0.06731380522251129
        },
        "12": {
            "x": 0.7389093637466431,
            "y": 0.10660308599472046,
            "z": -0.07734421640634537
        },
        "13": {
            "x": 0.6702622771263123,
            "y": 0.500175416469574,
            "z": -0.03425484895706177
        },
        "14": {
            "x": 0.6748819947242737,
            "y": 0.3459984064102173,
            "z": -0.0786466971039772
        },
        "15": {
            "x": 0.721574068069458,
            "y": 0.3935059905052185,
            "z": -0.0804075077176094
        },
        "16": {
            "x": 0.7500219941139221,
            "y": 0.4551215171813965,
            "z": -0.06984451413154602
        },
        "17": {
            "x": 0.6326344013214111,
            "y": 0.5426145195960999,
            "z": -0.052020393311977386
        },
        "18": {
            "x": 0.6421525478363037,
            "y": 0.3994736671447754,
            "z": -0.0891183391213417
        },
        "19": {
            "x": 0.6959226131439209,
            "y": 0.4031219482421875,
            "z": -0.09179621934890747
        },
        "20": {
            "x": 0.7402346730232239,
            "y": 0.4503118097782135,
            "z": -0.08603006601333618
        }
    }
}