{
    "Д": {
        "0": {
            "x": 0.290645033121109,
            "y": 0.9107818603515625,
            "z": 7.479151236111647e-07
        },
        "1": {
            "x": 0.366130530834198,
            "y": 0.8064696788787842,
            "z": -0.038625504821538925
        },
        "2": {
            "x": 0.3936844766139984,
            "y": 0.6654521226882935,
            "z": -0.05045397952198982
        },
        "3": {
            "x": 0.347996324300766,
            "y": 0.5562722086906433,
            "z": -0.06270799040794373
        },
        "4": {
            "x": 0.28190597891807556,
            "y": 0.5033671259880066,
            "z": -0.072166308760643
        },
        "5": {
            "x": 0.35912376642227173,
            "y": 0.5354877710342407,
            "z": -0.0138850137591362
        },
        "6": {
            "x": 0.36392343044281006,
            "y": 0.37465041875839233,
            "z": -0.036219775676727295
        },
        "7": {
            "x": 0.36006399989128113,
            "y": 0.27703261375427246,
            "z": -0.05392074212431908
        },
        "8": {
            "x": 0.353672593832016,
            "y": 0.19139328598976135,
            "z": -0.06678739935159683
        },
        "9": {
            "x": 0.2996745705604553,
            "y": 0.5239055156707764,
            "z": -0.0163851510733366
        },
        "10": {
            "x": 0.299945205450058,
            "y": 0.35242265462875366,
            "z": -0.04043469950556755
        },
        "11": {
            "x": 0.31580352783203125,
            "y": 0.24993988871574402,
            "z": -0.058772701770067215
        },
        "12": {
            "x": 0.3264884650707245,
            "y": 0.1759195625782013,
            "z": -0.07173620909452438
        },
        "13": {
            "x": 0.2467917650938034,
            "y": 0.5445119142532349,
            "z": -0.024982793256640434
        },
        "14": {
            "x": 0.2318650782108307,
            "y": 0.394133985042572,
            "z": -0.06323696672916412
        },
        "15": {
            "x": 0.2680112421512604,
            "y": 0.4280017018318176,
            "z": -0.07519766688346863
        },
        "16": {
            "x": 0.29403984546661377,
            "y": 0.4937357008457184,
            "z": -0.07368998229503632
        },
        "17": {
            "x": 0.19834282994270325,
            "y": 0.5837606191635132,
            "z": -0.037630435079336166
        },
        "18": {
            "x": 0.1923852562904358,
            "y": 0.4634648561477661,
            "z": -0.06834067404270172
        },
        "19": {
            "x": 0.2295120507478714,
            "y": 0.4621894657611847,
            "z": -0.07350867241621017
        },
        "20": {
            "x": 0.26263976097106934,
            "y": 0.5022912621498108,
            "z": -0.07159804552793503
        }
    }
}