{
    "Д": {
        "0": {
            "x": 0.4708338975906372,
            "y": 0.7536017894744873,
            "z": 6.074909038034093e-07
        },
        "1": {
            "x": 0.5110338926315308,
            "y": 0.7583891749382019,
            "z": -0.023440342396497726
        },
        "2": {
            "x": 0.5416996479034424,
            "y": 0.7573568224906921,
            "z": -0.044358327984809875
        },
        "3": {
            "x": 0.5251440405845642,
            "y": 0.7756026983261108,
            "z": -0.06476099044084549
        },
        "4": {
            "x": 0.49649685621261597,
            "y": 0.7927109003067017,
            "z": -0.08698184788227081
        },
        "5": {
            "x": 0.5423945188522339,
            "y": 0.6548869609832764,
            "z": -0.053016018122434616
        },
        "6": {
            "x": 0.5667855739593506,
            "y": 0.6170715689659119,
            "z": -0.08539128303527832
        },
        "7": {
            "x": 0.5795407891273499,
            "y": 0.5879165530204773,
            "z": -0.10446261614561081
        },
        "8": {
            "x": 0.5880011916160583,
            "y": 0.5612941980361938,
            "z": -0.11633218079805374
        },
        "9": {
            "x": 0.5017643570899963,
            "y": 0.630868673324585,
            "z": -0.06036233901977539
        },
        "10": {
            "x": 0.5240158438682556,
            "y": 0.6034685969352722,
            "z": -0.09443068504333496
        },
        "11": {
            "x": 0.5413041114807129,
            "y": 0.5788424611091614,
            "z": -0.10901185870170593
        },
        "12": {
            "x": 0.5545141696929932,
            "y": 0.5504100918769836,
            "z": -0.11554533243179321
        },
        "13": {
            "x": 0.4610176384449005,
            "y": 0.6344835162162781,
            "z": -0.0691833645105362
        },
        "14": {
            "x": 0.4772081673145294,
            "y": 0.6936991810798645,
            "z": -0.10584230720996857
        },
        "15": {
            "x": 0.48364198207855225,
            "y": 0.7489068508148193,
            "z": -0.11030226200819016
        },
        "16": {
            "x": 0.48585113883018494,
            "y": 0.775654673576355,
            "z": -0.10511038452386856
        },
        "17": {
            "x": 0.4266347289085388,
            "y": 0.6586657166481018,
            "z": -0.0798192173242569
        },
        "18": {
            "x": 0.440207839012146,
            "y": 0.7246705293655396,
            "z": -0.10811835527420044
        },
        "19": {
            "x": 0.4499695301055908,
            "y": 0.7645326256752014,
            "z": -0.11040546745061874
        },
        "20": {
            "x": 0.4541722536087036,
            "y": 0.7819267511367798,
            "z": -0.10677334666252136
        }
    }
}