{
    "Д": {
        "0": {
            "x": 0.9027054905891418,
            "y": 0.8865252137184143,
            "z": 2.0293028057949414e-07
        },
        "1": {
            "x": 0.9243323802947998,
            "y": 0.8212526440620422,
            "z": -0.01008514128625393
        },
        "2": {
            "x": 0.9231355786323547,
            "y": 0.7652419805526733,
            "z": -0.018420085310935974
        },
        "3": {
            "x": 0.9064034819602966,
            "y": 0.7347017526626587,
            "z": -0.02697107195854187
        },
        "4": {
            "x": 0.8829259276390076,
            "y": 0.7214386463165283,
            "z": -0.0375477559864521
        },
        "5": {
            "x": 0.8854454159736633,
            "y": 0.7358880639076233,
            "z": -0.02045036293566227
        },
        "6": {
            "x": 0.8597041964530945,
            "y": 0.6961358189582825,
            "z": -0.03962665796279907
        },
        "7": {
            "x": 0.8381295204162598,
            "y": 0.6787471175193787,
            "z": -0.05524326488375664
        },
        "8": {
            "x": 0.8192880153656006,
            "y": 0.673202395439148,
            "z": -0.06483455747365952
        },
        "9": {
            "x": 0.8596957921981812,
            "y": 0.7626165747642517,
            "z": -0.026286911219358444
        },
        "10": {
            "x": 0.8335467576980591,
            "y": 0.7221478223800659,
            "z": -0.04141845181584358
        },
        "11": {
            "x": 0.8089524507522583,
            "y": 0.6999293565750122,
            "z": -0.053315576165914536
        },
        "12": {
            "x": 0.7881467938423157,
            "y": 0.6926832795143127,
            "z": -0.06215382367372513
        },
        "13": {
            "x": 0.8401744961738586,
            "y": 0.8031381964683533,
            "z": -0.0334305539727211
        },
        "14": {
            "x": 0.8150060772895813,
            "y": 0.7726483941078186,
            "z": -0.04825819283723831
        },
        "15": {
            "x": 0.7985351085662842,
            "y": 0.7530949115753174,
            "z": -0.05632077157497406
        },
        "16": {
            "x": 0.7866296768188477,
            "y": 0.742364227771759,
            "z": -0.062040653079748154
        },
        "17": {
            "x": 0.8268556594848633,
            "y": 0.851472795009613,
            "z": -0.04107627645134926
        },
        "18": {
            "x": 0.7978554964065552,
            "y": 0.8362665176391602,
            "z": -0.05508358031511307
        },
        "19": {
            "x": 0.7846778035163879,
            "y": 0.8228504657745361,
            "z": -0.05909159034490585
        },
        "20": {
            "x": 0.777642548084259,
            "y": 0.8143596649169922,
            "z": -0.061120107769966125
        }
    }
}