{
    "Д": {
        "0": {
            "x": 0.29896193742752075,
            "y": 0.5087093710899353,
            "z": 8.251713552454021e-07
        },
        "1": {
            "x": 0.3595344126224518,
            "y": 0.5298647880554199,
            "z": -0.06537386775016785
        },
        "2": {
            "x": 0.38975945115089417,
            "y": 0.5655346512794495,
            "z": -0.13457182049751282
        },
        "3": {
            "x": 0.38624316453933716,
            "y": 0.6423861384391785,
            "z": -0.19272257387638092
        },
        "4": {
            "x": 0.36608201265335083,
            "y": 0.7001813650131226,
            "z": -0.25022250413894653
        },
        "5": {
            "x": 0.38598737120628357,
            "y": 0.4618901014328003,
            "z": -0.17492492496967316
        },
        "6": {
            "x": 0.4097183048725128,
            "y": 0.6011068224906921,
            "z": -0.24370424449443817
        },
        "7": {
            "x": 0.414182186126709,
            "y": 0.6550959348678589,
            "z": -0.2810042202472687
        },
        "8": {
            "x": 0.40905362367630005,
            "y": 0.6757161021232605,
            "z": -0.30255207419395447
        },
        "9": {
            "x": 0.3274386525154114,
            "y": 0.46208450198173523,
            "z": -0.16895899176597595
        },
        "10": {
            "x": 0.3583773374557495,
            "y": 0.6213008165359497,
            "z": -0.225427508354187
        },
        "11": {
            "x": 0.3684030771255493,
            "y": 0.6414669156074524,
            "z": -0.22799938917160034
        },
        "12": {
            "x": 0.37641048431396484,
            "y": 0.6298305988311768,
            "z": -0.23073627054691315
        },
        "13": {
            "x": 0.277171790599823,
            "y": 0.4905185103416443,
            "z": -0.16278381645679474
        },
        "14": {
            "x": 0.319950133562088,
            "y": 0.6355516910552979,
            "z": -0.19711177051067352
        },
        "15": {
            "x": 0.329603910446167,
            "y": 0.6271389722824097,
            "z": -0.16467349231243134
        },
        "16": {
            "x": 0.33284255862236023,
            "y": 0.602135181427002,
            "z": -0.14255991578102112
        },
        "17": {
            "x": 0.23866669833660126,
            "y": 0.52601158618927,
            "z": -0.16412486135959625
        },
        "18": {
            "x": 0.2827479839324951,
            "y": 0.6341110467910767,
            "z": -0.1888844072818756
        },
        "19": {
            "x": 0.3060932755470276,
            "y": 0.6281042098999023,
            "z": -0.1723436564207077
        },
        "20": {
            "x": 0.31935998797416687,
            "y": 0.6101998686790466,
            "z": -0.15839919447898865
        }
    }
}