{
    "Д": {
        "0": {
            "x": 0.2923659086227417,
            "y": 0.6126403212547302,
            "z": 8.467628163089103e-07
        },
        "1": {
            "x": 0.34583935141563416,
            "y": 0.6063098311424255,
            "z": -0.022582445293664932
        },
        "2": {
            "x": 0.38661032915115356,
            "y": 0.6288121938705444,
            "z": -0.05550835281610489
        },
        "3": {
            "x": 0.3985506594181061,
            "y": 0.6879639029502869,
            "z": -0.08845436573028564
        },
        "4": {
            "x": 0.3761363625526428,
            "y": 0.7282768487930298,
            "z": -0.12215665727853775
        },
        "5": {
            "x": 0.3876368999481201,
            "y": 0.5077208280563354,
            "z": -0.06212523207068443
        },
        "6": {
            "x": 0.4307056665420532,
            "y": 0.5499023795127869,
            "z": -0.10104060173034668
        },
        "7": {
            "x": 0.46101832389831543,
            "y": 0.5898581147193909,
            "z": -0.13249710202217102
        },
        "8": {
            "x": 0.48731088638305664,
            "y": 0.6265553832054138,
            "z": -0.15493610501289368
        },
        "9": {
            "x": 0.3363741338253021,
            "y": 0.5170351266860962,
            "z": -0.07326173782348633
        },
        "10": {
            "x": 0.3918609619140625,
            "y": 0.5868155360221863,
            "z": -0.11129762977361679
        },
        "11": {
            "x": 0.4310028553009033,
            "y": 0.628352701663971,
            "z": -0.13142900168895721
        },
        "12": {
            "x": 0.46200984716415405,
            "y": 0.65644371509552,
            "z": -0.1473340094089508
        },
        "13": {
            "x": 0.2931221127510071,
            "y": 0.5519538521766663,
            "z": -0.08442852646112442
        },
        "14": {
            "x": 0.3497931957244873,
            "y": 0.6630664467811584,
            "z": -0.10974378138780594
        },
        "15": {
            "x": 0.3542049527168274,
            "y": 0.6930920481681824,
            "z": -0.10291431099176407
        },
        "16": {
            "x": 0.34514451026916504,
            "y": 0.6911727786064148,
            "z": -0.09850168973207474
        },
        "17": {
            "x": 0.2631101906299591,
            "y": 0.5963501334190369,
            "z": -0.0993649885058403
        },
        "18": {
            "x": 0.31264010071754456,
            "y": 0.6893073916435242,
            "z": -0.11334594339132309
        },
        "19": {
            "x": 0.32428085803985596,
            "y": 0.7044548988342285,
            "z": -0.10346738249063492
        },
        "20": {
            "x": 0.32203108072280884,
            "y": 0.6892005801200867,
            "z": -0.09670007973909378
        }
    }
}