{
    "Д": {
        "0": {
            "x": 0.3657541275024414,
            "y": 0.6605820655822754,
            "z": 2.2893206619301054e-07
        },
        "1": {
            "x": 0.39692842960357666,
            "y": 0.6690564155578613,
            "z": -0.05019906535744667
        },
        "2": {
            "x": 0.41398879885673523,
            "y": 0.6720208525657654,
            "z": -0.08255867660045624
        },
        "3": {
            "x": 0.37448278069496155,
            "y": 0.705681562423706,
            "z": -0.10718527436256409
        },
        "4": {
            "x": 0.3350844979286194,
            "y": 0.7144520282745361,
            "z": -0.12955842912197113
        },
        "5": {
            "x": 0.37033823132514954,
            "y": 0.5367150902748108,
            "z": -0.07253307849168777
        },
        "6": {
            "x": 0.3601040244102478,
            "y": 0.5394075512886047,
            "z": -0.11458664387464523
        },
        "7": {
            "x": 0.3569619059562683,
            "y": 0.5540044903755188,
            "z": -0.13882122933864594
        },
        "8": {
            "x": 0.35614168643951416,
            "y": 0.5510875582695007,
            "z": -0.1545410305261612
        },
        "9": {
            "x": 0.32285362482070923,
            "y": 0.5226517915725708,
            "z": -0.0660792738199234
        },
        "10": {
            "x": 0.3067280650138855,
            "y": 0.5401713252067566,
            "z": -0.10520870983600616
        },
        "11": {
            "x": 0.3118857145309448,
            "y": 0.5708585977554321,
            "z": -0.11624110490083694
        },
        "12": {
            "x": 0.3177115023136139,
            "y": 0.5635764002799988,
            "z": -0.120158851146698
        },
        "13": {
            "x": 0.28550073504447937,
            "y": 0.539225697517395,
            "z": -0.06457185745239258
        },
        "14": {
            "x": 0.2782127559185028,
            "y": 0.6079750657081604,
            "z": -0.10202303528785706
        },
        "15": {
            "x": 0.31101638078689575,
            "y": 0.6587983965873718,
            "z": -0.09747975319623947
        },
        "16": {
            "x": 0.3374018669128418,
            "y": 0.6594889163970947,
            "z": -0.08898336440324783
        },
        "17": {
            "x": 0.25862306356430054,
            "y": 0.5699847936630249,
            "z": -0.06763111799955368
        },
        "18": {
            "x": 0.25312790274620056,
            "y": 0.6351388692855835,
            "z": -0.09680209308862686
        },
        "19": {
            "x": 0.2788512110710144,
            "y": 0.6731119751930237,
            "z": -0.09678582102060318
        },
        "20": {
            "x": 0.30099716782569885,
            "y": 0.6715630292892456,
            "z": -0.09209644794464111
        }
    }
}