{
    "Д": {
        "0": {
            "x": 0.2413615584373474,
            "y": 0.7063468098640442,
            "z": 4.463505547391833e-07
        },
        "1": {
            "x": 0.29461365938186646,
            "y": 0.7304831147193909,
            "z": -0.036590851843357086
        },
        "2": {
            "x": 0.3384263217449188,
            "y": 0.7594092488288879,
            "z": -0.07167156785726547
        },
        "3": {
            "x": 0.33313295245170593,
            "y": 0.7993296384811401,
            "z": -0.1039307713508606
        },
        "4": {
            "x": 0.29813164472579956,
            "y": 0.8218582272529602,
            "z": -0.13339470326900482
        },
        "5": {
            "x": 0.325754851102829,
            "y": 0.593292772769928,
            "z": -0.0676509290933609
        },
        "6": {
            "x": 0.34750717878341675,
            "y": 0.6115253567695618,
            "z": -0.11895471066236496
        },
        "7": {
            "x": 0.37087729573249817,
            "y": 0.6403945684432983,
            "z": -0.15457527339458466
        },
        "8": {
            "x": 0.3868020474910736,
            "y": 0.673493504524231,
            "z": -0.17495454847812653
        },
        "9": {
            "x": 0.2745792269706726,
            "y": 0.5831158757209778,
            "z": -0.07179953902959824
        },
        "10": {
            "x": 0.31233811378479004,
            "y": 0.6890628933906555,
            "z": -0.11734945327043533
        },
        "11": {
            "x": 0.33261120319366455,
            "y": 0.70832759141922,
            "z": -0.13272669911384583
        },
        "12": {
            "x": 0.3421900272369385,
            "y": 0.7079846858978271,
            "z": -0.1398535817861557
        },
        "13": {
            "x": 0.22804632782936096,
            "y": 0.6135612726211548,
            "z": -0.08054918795824051
        },
        "14": {
            "x": 0.27053898572921753,
            "y": 0.7637955546379089,
            "z": -0.10955825448036194
        },
        "15": {
            "x": 0.2845567762851715,
            "y": 0.7667799592018127,
            "z": -0.1009315773844719
        },
        "16": {
            "x": 0.28782057762145996,
            "y": 0.7411235570907593,
            "z": -0.09184207767248154
        },
        "17": {
            "x": 0.19101175665855408,
            "y": 0.6622116565704346,
            "z": -0.09521261602640152
        },
        "18": {
            "x": 0.22958773374557495,
            "y": 0.7807542085647583,
            "z": -0.11731970310211182
        },
        "19": {
            "x": 0.24414139986038208,
            "y": 0.776829183101654,
            "z": -0.11549738794565201
        },
        "20": {
            "x": 0.2468954622745514,
            "y": 0.742450475692749,
            "z": -0.1099499836564064
        }
    }
}