{
    "Д": {
        "0": {
            "x": 0.2486361563205719,
            "y": 0.6742344498634338,
            "z": 3.536369774792547e-07
        },
        "1": {
            "x": 0.30445829033851624,
            "y": 0.6793190836906433,
            "z": -0.039192236959934235
        },
        "2": {
            "x": 0.35105910897254944,
            "y": 0.6916705369949341,
            "z": -0.07711942493915558
        },
        "3": {
            "x": 0.36773425340652466,
            "y": 0.72514808177948,
            "z": -0.11274804919958115
        },
        "4": {
            "x": 0.33708110451698303,
            "y": 0.7483009099960327,
            "z": -0.144972026348114
        },
        "5": {
            "x": 0.3177874684333801,
            "y": 0.5261219143867493,
            "z": -0.07098511606454849
        },
        "6": {
            "x": 0.3408997058868408,
            "y": 0.5569803714752197,
            "z": -0.12545332312583923
        },
        "7": {
            "x": 0.36446627974510193,
            "y": 0.5900857448577881,
            "z": -0.1636616438627243
        },
        "8": {
            "x": 0.38221219182014465,
            "y": 0.6144916415214539,
            "z": -0.18571491539478302
        },
        "9": {
            "x": 0.26657238602638245,
            "y": 0.5401856303215027,
            "z": -0.07471311092376709
        },
        "10": {
            "x": 0.3274232745170593,
            "y": 0.6664550304412842,
            "z": -0.11859940737485886
        },
        "11": {
            "x": 0.33527833223342896,
            "y": 0.6707612872123718,
            "z": -0.13098475337028503
        },
        "12": {
            "x": 0.33359062671661377,
            "y": 0.6479490995407104,
            "z": -0.13821707665920258
        },
        "13": {
            "x": 0.2250491976737976,
            "y": 0.5873629450798035,
            "z": -0.0835590660572052
        },
        "14": {
            "x": 0.29485028982162476,
            "y": 0.7277864813804626,
            "z": -0.11113779246807098
        },
        "15": {
            "x": 0.2979481816291809,
            "y": 0.714625358581543,
            "z": -0.09692315012216568
        },
        "16": {
            "x": 0.29217085242271423,
            "y": 0.6780505776405334,
            "z": -0.08508028090000153
        },
        "17": {
            "x": 0.19340083003044128,
            "y": 0.6465817093849182,
            "z": -0.09918398410081863
        },
        "18": {
            "x": 0.2532255947589874,
            "y": 0.7530195713043213,
            "z": -0.12040351331233978
        },
        "19": {
            "x": 0.2595474123954773,
            "y": 0.7325574159622192,
            "z": -0.1150570958852768
        },
        "20": {
            "x": 0.25394123792648315,
            "y": 0.6923387050628662,
            "z": -0.10671693831682205
        }
    }
}