{
    "Д": {
        "0": {
            "x": 0.33646488189697266,
            "y": 0.6429559588432312,
            "z": 1.7440081023778475e-07
        },
        "1": {
            "x": 0.3805529773235321,
            "y": 0.6683093905448914,
            "z": -0.039557844400405884
        },
        "2": {
            "x": 0.4160533547401428,
            "y": 0.6914241909980774,
            "z": -0.0734252855181694
        },
        "3": {
            "x": 0.39115244150161743,
            "y": 0.7206770777702332,
            "z": -0.10319599509239197
        },
        "4": {
            "x": 0.35001876950263977,
            "y": 0.7331660389900208,
            "z": -0.1319948434829712
        },
        "5": {
            "x": 0.3966664671897888,
            "y": 0.548002302646637,
            "z": -0.07010698318481445
        },
        "6": {
            "x": 0.40830671787261963,
            "y": 0.6161684989929199,
            "z": -0.11671619117259979
        },
        "7": {
            "x": 0.409820556640625,
            "y": 0.6370355486869812,
            "z": -0.14742951095104218
        },
        "8": {
            "x": 0.40834692120552063,
            "y": 0.6192907094955444,
            "z": -0.16808529198169708
        },
        "9": {
            "x": 0.3461434841156006,
            "y": 0.5304207801818848,
            "z": -0.06996515393257141
        },
        "10": {
            "x": 0.35687604546546936,
            "y": 0.6240817904472351,
            "z": -0.10880742222070694
        },
        "11": {
            "x": 0.3716433644294739,
            "y": 0.6559089422225952,
            "z": -0.12146613001823425
        },
        "12": {
            "x": 0.3764001727104187,
            "y": 0.6371228694915771,
            "z": -0.13078999519348145
        },
        "13": {
            "x": 0.3013862073421478,
            "y": 0.5425617098808289,
            "z": -0.07340182363986969
        },
        "14": {
            "x": 0.3131104111671448,
            "y": 0.6365679502487183,
            "z": -0.1059536263346672
        },
        "15": {
            "x": 0.3342829942703247,
            "y": 0.6721550822257996,
            "z": -0.0992567166686058
        },
        "16": {
            "x": 0.3420296013355255,
            "y": 0.6586154103279114,
            "z": -0.09396052360534668
        },
        "17": {
            "x": 0.2658276855945587,
            "y": 0.5717188715934753,
            "z": -0.08115942031145096
        },
        "18": {
            "x": 0.2809244990348816,
            "y": 0.6494181752204895,
            "z": -0.1039171814918518
        },
        "19": {
            "x": 0.30137544870376587,
            "y": 0.6761273741722107,
            "z": -0.10141277313232422
        },
        "20": {
            "x": 0.31269896030426025,
            "y": 0.6689248085021973,
            "z": -0.09829678386449814
        }
    }
}