{
    "Д": {
        "0": {
            "x": 0.3327367603778839,
            "y": 0.5998468399047852,
            "z": -2.145766231365087e-08
        },
        "1": {
            "x": 0.37225377559661865,
            "y": 0.6267287135124207,
            "z": -0.04202888160943985
        },
        "2": {
            "x": 0.3938949406147003,
            "y": 0.6539098620414734,
            "z": -0.07198783755302429
        },
        "3": {
            "x": 0.38671401143074036,
            "y": 0.6900593042373657,
            "z": -0.0933433547616005
        },
        "4": {
            "x": 0.3756798505783081,
            "y": 0.702089786529541,
            "z": -0.11165227741003036
        },
        "5": {
            "x": 0.39190810918807983,
            "y": 0.5151750445365906,
            "z": -0.07370902597904205
        },
        "6": {
            "x": 0.39061251282691956,
            "y": 0.6275203227996826,
            "z": -0.11428092420101166
        },
        "7": {
            "x": 0.3829706907272339,
            "y": 0.6533798575401306,
            "z": -0.1431119740009308
        },
        "8": {
            "x": 0.37647831439971924,
            "y": 0.6359362602233887,
            "z": -0.1642335057258606
        },
        "9": {
            "x": 0.3458673357963562,
            "y": 0.5018686056137085,
            "z": -0.06804072111845016
        },
        "10": {
            "x": 0.34899455308914185,
            "y": 0.6243308186531067,
            "z": -0.09502280503511429
        },
        "11": {
            "x": 0.35351356863975525,
            "y": 0.6404989957809448,
            "z": -0.10263647884130478
        },
        "12": {
            "x": 0.3494958281517029,
            "y": 0.616778552532196,
            "z": -0.1132771447300911
        },
        "13": {
            "x": 0.30383339524269104,
            "y": 0.5177531838417053,
            "z": -0.06583061814308167
        },
        "14": {
            "x": 0.3108333945274353,
            "y": 0.6291104555130005,
            "z": -0.08947999030351639
        },
        "15": {
            "x": 0.322594553232193,
            "y": 0.6403058171272278,
            "z": -0.08511588722467422
        },
        "16": {
            "x": 0.3223039507865906,
            "y": 0.6163091063499451,
            "z": -0.08510874211788177
        },
        "17": {
            "x": 0.27121463418006897,
            "y": 0.5496182441711426,
            "z": -0.06812913715839386
        },
        "18": {
            "x": 0.2808683514595032,
            "y": 0.6260476112365723,
            "z": -0.09191864728927612
        },
        "19": {
            "x": 0.29409292340278625,
            "y": 0.6360715627670288,
            "z": -0.09585075825452805
        },
        "20": {
            "x": 0.2963726222515106,
            "y": 0.620805025100708,
            "z": -0.09855543076992035
        }
    }
}