{
    "Д": {
        "0": {
            "x": 0.19155322015285492,
            "y": 0.6399941444396973,
            "z": -2.3619728040102927e-07
        },
        "1": {
            "x": 0.2145306020975113,
            "y": 0.6681216955184937,
            "z": -0.07636512815952301
        },
        "2": {
            "x": 0.2154926210641861,
            "y": 0.6749511361122131,
            "z": -0.12142600864171982
        },
        "3": {
            "x": 0.17483770847320557,
            "y": 0.6779911518096924,
            "z": -0.15271955728530884
        },
        "4": {
            "x": 0.12416528910398483,
            "y": 0.6570786833763123,
            "z": -0.17699956893920898
        },
        "5": {
            "x": 0.20296397805213928,
            "y": 0.46602919697761536,
            "z": -0.10206130146980286
        },
        "6": {
            "x": 0.18177518248558044,
            "y": 0.5088114142417908,
            "z": -0.16017991304397583
        },
        "7": {
            "x": 0.17077171802520752,
            "y": 0.545172393321991,
            "z": -0.19095741212368011
        },
        "8": {
            "x": 0.16456279158592224,
            "y": 0.5511257648468018,
            "z": -0.20793357491493225
        },
        "9": {
            "x": 0.149999737739563,
            "y": 0.43599140644073486,
            "z": -0.08468332886695862
        },
        "10": {
            "x": 0.10771802067756653,
            "y": 0.5441172122955322,
            "z": -0.14133316278457642
        },
        "11": {
            "x": 0.11883853375911713,
            "y": 0.6207924485206604,
            "z": -0.15102045238018036
        },
        "12": {
            "x": 0.1385715752840042,
            "y": 0.6218522787094116,
            "z": -0.15094058215618134
        },
        "13": {
            "x": 0.10538125038146973,
            "y": 0.4512796401977539,
            "z": -0.0746285542845726
        },
        "14": {
            "x": 0.07740826159715652,
            "y": 0.5633007287979126,
            "z": -0.12530919909477234
        },
        "15": {
            "x": 0.09668035060167313,
            "y": 0.6238699555397034,
            "z": -0.11670036613941193
        },
        "16": {
            "x": 0.11717993766069412,
            "y": 0.6168379783630371,
            "z": -0.10380016267299652
        },
        "17": {
            "x": 0.07036693394184113,
            "y": 0.4876091778278351,
            "z": -0.07142191380262375
        },
        "18": {
            "x": 0.05944450944662094,
            "y": 0.578124463558197,
            "z": -0.11106272041797638
        },
        "19": {
            "x": 0.07840463519096375,
            "y": 0.6288443207740784,
            "z": -0.11058814823627472
        },
        "20": {
            "x": 0.09881649911403656,
            "y": 0.6314253211021423,
            "z": -0.10184229910373688
        }
    }
}