{
    "Д": {
        "0": {
            "x": 0.34788942337036133,
            "y": 0.6792519688606262,
            "z": -2.6946676712213957e-07
        },
        "1": {
            "x": 0.32110118865966797,
            "y": 0.727642297744751,
            "z": -0.06218528002500534
        },
        "2": {
            "x": 0.28824204206466675,
            "y": 0.7482736110687256,
            "z": -0.10109775513410568
        },
        "3": {
            "x": 0.27362996339797974,
            "y": 0.7385753393173218,
            "z": -0.1282188445329666
        },
        "4": {
            "x": 0.26184332370758057,
            "y": 0.7131426930427551,
            "z": -0.14672954380512238
        },
        "5": {
            "x": 0.17946471273899078,
            "y": 0.590284526348114,
            "z": -0.0750662162899971
        },
        "6": {
            "x": 0.22289416193962097,
            "y": 0.6840119361877441,
            "z": -0.11541426181793213
        },
        "7": {
            "x": 0.2490776628255844,
            "y": 0.712348222732544,
            "z": -0.13542187213897705
        },
        "8": {
            "x": 0.24581456184387207,
            "y": 0.6843619346618652,
            "z": -0.14905788004398346
        },
        "9": {
            "x": 0.21211165189743042,
            "y": 0.5315778255462646,
            "z": -0.06253104656934738
        },
        "10": {
            "x": 0.26740020513534546,
            "y": 0.6501234769821167,
            "z": -0.09994731843471527
        },
        "11": {
            "x": 0.2893134653568268,
            "y": 0.6912121176719666,
            "z": -0.10394838452339172
        },
        "12": {
            "x": 0.27811142802238464,
            "y": 0.6649050116539001,
            "z": -0.10430032759904861
        },
        "13": {
            "x": 0.25699326395988464,
            "y": 0.5068685412406921,
            "z": -0.05585871636867523
        },
        "14": {
            "x": 0.306201308965683,
            "y": 0.6309990882873535,
            "z": -0.08738964796066284
        },
        "15": {
            "x": 0.31787365674972534,
            "y": 0.671047031879425,
            "z": -0.07150709629058838
        },
        "16": {
            "x": 0.3052741587162018,
            "y": 0.651781439781189,
            "z": -0.05877438187599182
        },
        "17": {
            "x": 0.30285102128982544,
            "y": 0.5053908824920654,
            "z": -0.05617491528391838
        },
        "18": {
            "x": 0.3388637602329254,
            "y": 0.6131304502487183,
            "z": -0.08146583288908005
        },
        "19": {
            "x": 0.34464919567108154,
            "y": 0.6460043787956238,
            "z": -0.07828325778245926
        },
        "20": {
            "x": 0.33335310220718384,
            "y": 0.630040168762207,
            "z": -0.07123169302940369
        }
    }
}