{
    "Ф": {
        "0": {
            "x": 0.4948582649230957,
            "y": 0.8024833798408508,
            "z": 3.278919962212967e-07
        },
        "1": {
            "x": 0.5691953897476196,
            "y": 0.7400038242340088,
            "z": -0.010468528605997562
        },
        "2": {
            "x": 0.5905786752700806,
            "y": 0.6563602089881897,
            "z": -0.016454016789793968
        },
        "3": {
            "x": 0.6027992963790894,
            "y": 0.5903504490852356,
            "z": -0.023302756249904633
        },
        "4": {
            "x": 0.6062785387039185,
            "y": 0.5284287929534912,
            "z": -0.02838326245546341
        },
        "5": {
            "x": 0.5415619611740112,
            "y": 0.569949746131897,
            "z": -0.00868690200150013
        },
        "6": {
            "x": 0.6297174692153931,
            "y": 0.597000241279602,
            "z": -0.03977369889616966
        },
        "7": {
            "x": 0.6787207126617432,
            "y": 0.6394438743591309,
            "z": -0.06283402442932129
        },
        "8": {
            "x": 0.7140870094299316,
            "y": 0.672057032585144,
            "z": -0.07594969123601913
        },
        "9": {
            "x": 0.5259247422218323,
            "y": 0.581826388835907,
            "z": -0.01541181467473507
        },
        "10": {
            "x": 0.6289384961128235,
            "y": 0.6199983358383179,
            "z": -0.048619840294122696
        },
        "11": {
            "x": 0.6812469363212585,
            "y": 0.6694416999816895,
            "z": -0.06250878423452377
        },
        "12": {
            "x": 0.71600341796875,
            "y": 0.7087684273719788,
            "z": -0.06743909418582916
        },
        "13": {
            "x": 0.522922933101654,
            "y": 0.6159471273422241,
            "z": -0.025419654324650764
        },
        "14": {
            "x": 0.6249930262565613,
            "y": 0.6491347551345825,
            "z": -0.05881725996732712
        },
        "15": {
            "x": 0.6750298142433167,
            "y": 0.6930103302001953,
            "z": -0.06536708772182465
        },
        "16": {
            "x": 0.7075186967849731,
            "y": 0.7276027202606201,
            "z": -0.06263821572065353
        },
        "17": {
            "x": 0.5308906435966492,
            "y": 0.659258246421814,
            "z": -0.03658456355333328
        },
        "18": {
            "x": 0.6105091571807861,
            "y": 0.6788313984870911,
            "z": -0.060978975147008896
        },
        "19": {
            "x": 0.6457605361938477,
            "y": 0.7078524827957153,
            "z": -0.06523606181144714
        },
        "20": {
            "x": 0.6705766320228577,
            "y": 0.7314252853393555,
            "z": -0.062470197677612305
        }
    }
}