{
    "Ф": {
        "0": {
            "x": 0.3501090407371521,
            "y": 0.4682006239891052,
            "z": 2.0372495157516823e-07
        },
        "1": {
            "x": 0.4216599762439728,
            "y": 0.406526654958725,
            "z": 0.012292705476284027
        },
        "2": {
            "x": 0.4498177170753479,
            "y": 0.34453973174095154,
            "z": 0.015238488093018532
        },
        "3": {
            "x": 0.46463966369628906,
            "y": 0.3037429451942444,
            "z": 0.010545583441853523
        },
        "4": {
            "x": 0.475907564163208,
            "y": 0.26726794242858887,
            "z": 0.006924028508365154
        },
        "5": {
            "x": 0.38424715399742126,
            "y": 0.24926291406154633,
            "z": 0.03088090941309929
        },
        "6": {
            "x": 0.46279382705688477,
            "y": 0.26800087094306946,
            "z": 0.009183659218251705
        },
        "7": {
            "x": 0.507542073726654,
            "y": 0.30514129996299744,
            "z": -0.013006964698433876
        },
        "8": {
            "x": 0.5396662950515747,
            "y": 0.33821094036102295,
            "z": -0.026274465024471283
        },
        "9": {
            "x": 0.37052249908447266,
            "y": 0.2425207793712616,
            "z": 0.01316915638744831
        },
        "10": {
            "x": 0.4684735834598541,
            "y": 0.2671999931335449,
            "z": -0.012853851541876793
        },
        "11": {
            "x": 0.5147424936294556,
            "y": 0.312914103269577,
            "z": -0.03157094120979309
        },
        "12": {
            "x": 0.5459281206130981,
            "y": 0.35575488209724426,
            "z": -0.03897878900170326
        },
        "13": {
            "x": 0.36743617057800293,
            "y": 0.2531270682811737,
            "z": -0.007210125681012869
        },
        "14": {
            "x": 0.4648202359676361,
            "y": 0.2756933271884918,
            "z": -0.0351470522582531
        },
        "15": {
            "x": 0.5086484551429749,
            "y": 0.3191913664340973,
            "z": -0.04679793119430542
        },
        "16": {
            "x": 0.5362899303436279,
            "y": 0.357918381690979,
            "z": -0.04680540785193443
        },
        "17": {
            "x": 0.3717106580734253,
            "y": 0.2749849855899811,
            "z": -0.027339380234479904
        },
        "18": {
            "x": 0.4484387934207916,
            "y": 0.28552138805389404,
            "z": -0.04676279053092003
        },
        "19": {
            "x": 0.48274093866348267,
            "y": 0.3142276704311371,
            "z": -0.05152743682265282
        },
        "20": {
            "x": 0.5069005489349365,
            "y": 0.341015100479126,
            "z": -0.04947683960199356
        }
    }
}