{
    "Ф": {
        "0": {
            "x": 0.34549635648727417,
            "y": 0.7076442837715149,
            "z": 4.232718140428915e-07
        },
        "1": {
            "x": 0.395329087972641,
            "y": 0.6849839687347412,
            "z": -0.0020604943856596947
        },
        "2": {
            "x": 0.42347291111946106,
            "y": 0.634888231754303,
            "z": 0.0019483043579384685
        },
        "3": {
            "x": 0.4383787214756012,
            "y": 0.5977917909622192,
            "z": 0.002583678811788559
        },
        "4": {
            "x": 0.4480116367340088,
            "y": 0.5657289624214172,
            "z": 0.0023701507598161697
        },
        "5": {
            "x": 0.4000520706176758,
            "y": 0.5815184116363525,
            "z": 0.014702247455716133
        },
        "6": {
            "x": 0.42423346638679504,
            "y": 0.5377166867256165,
            "z": 0.004929214715957642
        },
        "7": {
            "x": 0.4440980553627014,
            "y": 0.5120342373847961,
            "z": -0.0052096969448029995
        },
        "8": {
            "x": 0.4612390398979187,
            "y": 0.48850366473197937,
            "z": -0.013782174326479435
        },
        "9": {
            "x": 0.38189396262168884,
            "y": 0.5695313811302185,
            "z": 0.0067093223333358765
        },
        "10": {
            "x": 0.4175341725349426,
            "y": 0.5367670655250549,
            "z": -0.009029330685734749
        },
        "11": {
            "x": 0.4489855468273163,
            "y": 0.5180711150169373,
            "z": -0.022891253232955933
        },
        "12": {
            "x": 0.47661563754081726,
            "y": 0.5038174390792847,
            "z": -0.032306160777807236
        },
        "13": {
            "x": 0.3591691851615906,
            "y": 0.5653765797615051,
            "z": -0.005034713074564934
        },
        "14": {
            "x": 0.39625605940818787,
            "y": 0.5315411686897278,
            "z": -0.027424275875091553
        },
        "15": {
            "x": 0.42244887351989746,
            "y": 0.5176525115966797,
            "z": -0.04283779114484787
        },
        "16": {
            "x": 0.44523003697395325,
            "y": 0.5051079988479614,
            "z": -0.051269058138132095
        },
        "17": {
            "x": 0.33293741941452026,
            "y": 0.5689516663551331,
            "z": -0.01698809489607811
        },
        "18": {
            "x": 0.3658149242401123,
            "y": 0.5370095372200012,
            "z": -0.04255259037017822
        },
        "19": {
            "x": 0.3932958245277405,
            "y": 0.5180959701538086,
            "z": -0.05930394306778908
        },
        "20": {
            "x": 0.42039623856544495,
            "y": 0.5001567602157593,
            "z": -0.06992202252149582
        }
    }
}