{
    "Ф": {
        "0": {
            "x": 0.34172743558883667,
            "y": 0.7682234048843384,
            "z": 3.254273792663298e-07
        },
        "1": {
            "x": 0.39314427971839905,
            "y": 0.724889874458313,
            "z": 0.00724749406799674
        },
        "2": {
            "x": 0.41662412881851196,
            "y": 0.6654826998710632,
            "z": 0.016982704401016235
        },
        "3": {
            "x": 0.4285544157028198,
            "y": 0.624359130859375,
            "z": 0.02257581613957882
        },
        "4": {
            "x": 0.4382416903972626,
            "y": 0.5959683656692505,
            "z": 0.028827501460909843
        },
        "5": {
            "x": 0.3778589963912964,
            "y": 0.6027928590774536,
            "z": 0.03338117152452469
        },
        "6": {
            "x": 0.42252403497695923,
            "y": 0.5822460055351257,
            "z": 0.029042838141322136
        },
        "7": {
            "x": 0.4550600051879883,
            "y": 0.572755753993988,
            "z": 0.019115138798952103
        },
        "8": {
            "x": 0.4822554886341095,
            "y": 0.563299834728241,
            "z": 0.010538721457123756
        },
        "9": {
            "x": 0.3633613586425781,
            "y": 0.5937777161598206,
            "z": 0.024943741038441658
        },
        "10": {
            "x": 0.41935786604881287,
            "y": 0.5900865197181702,
            "z": 0.017619365826249123
        },
        "11": {
            "x": 0.45692765712738037,
            "y": 0.5886312127113342,
            "z": 0.006701883859932423
        },
        "12": {
            "x": 0.49058032035827637,
            "y": 0.5830327868461609,
            "z": -0.0008800713694654405
        },
        "13": {
            "x": 0.35436710715293884,
            "y": 0.5974957942962646,
            "z": 0.013722903095185757
        },
        "14": {
            "x": 0.411985844373703,
            "y": 0.5905662775039673,
            "z": 0.0011408664286136627
        },
        "15": {
            "x": 0.4510590434074402,
            "y": 0.5823543071746826,
            "z": -0.008976852521300316
        },
        "16": {
            "x": 0.48374104499816895,
            "y": 0.5730467438697815,
            "z": -0.0147206736728549
        },
        "17": {
            "x": 0.3491533398628235,
            "y": 0.6102545261383057,
            "z": 0.0023105156142264605
        },
        "18": {
            "x": 0.3956093192100525,
            "y": 0.5959181189537048,
            "z": -0.01256006583571434
        },
        "19": {
            "x": 0.4278322458267212,
            "y": 0.5906901359558105,
            "z": -0.020886149257421494
        },
        "20": {
            "x": 0.4573294520378113,
            "y": 0.5829029679298401,
            "z": -0.02520812675356865
        }
    }
}