{
    "Ф": {
        "0": {
            "x": 0.3103605806827545,
            "y": 0.7454091906547546,
            "z": 4.352005475993792e-07
        },
        "1": {
            "x": 0.35617193579673767,
            "y": 0.7292933464050293,
            "z": -0.005887822713702917
        },
        "2": {
            "x": 0.3851780891418457,
            "y": 0.6745716333389282,
            "z": -0.003177888924255967
        },
        "3": {
            "x": 0.3966873586177826,
            "y": 0.6326764822006226,
            "z": -0.0022814134135842323
        },
        "4": {
            "x": 0.407345712184906,
            "y": 0.6028606295585632,
            "z": -0.0006733997724950314
        },
        "5": {
            "x": 0.37594836950302124,
            "y": 0.625664472579956,
            "z": 0.013678442686796188
        },
        "6": {
            "x": 0.41206255555152893,
            "y": 0.5957673192024231,
            "z": 0.002518955385312438
        },
        "7": {
            "x": 0.44353187084198,
            "y": 0.5844026803970337,
            "z": -0.009646019898355007
        },
        "8": {
            "x": 0.4704950451850891,
            "y": 0.5743651390075684,
            "z": -0.017754344269633293
        },
        "9": {
            "x": 0.3624110221862793,
            "y": 0.6109954118728638,
            "z": 0.009824493899941444
        },
        "10": {
            "x": 0.40483543276786804,
            "y": 0.5860509276390076,
            "z": 5.334609159035608e-05
        },
        "11": {
            "x": 0.43872448801994324,
            "y": 0.5766314268112183,
            "z": -0.008939610794186592
        },
        "12": {
            "x": 0.46884047985076904,
            "y": 0.5650030374526978,
            "z": -0.014689022675156593
        },
        "13": {
            "x": 0.3440555930137634,
            "y": 0.5997881293296814,
            "z": 0.0020238731522113085
        },
        "14": {
            "x": 0.3871150612831116,
            "y": 0.5689370632171631,
            "z": -0.011921373195946217
        },
        "15": {
            "x": 0.4231071472167969,
            "y": 0.5540669560432434,
            "z": -0.02055402286350727
        },
        "16": {
            "x": 0.4538688063621521,
            "y": 0.5397651791572571,
            "z": -0.024852845817804337
        },
        "17": {
            "x": 0.3209940791130066,
            "y": 0.5942227840423584,
            "z": -0.006825410760939121
        },
        "18": {
            "x": 0.3594581186771393,
            "y": 0.5716639757156372,
            "z": -0.02029244415462017
        },
        "19": {
            "x": 0.3881639540195465,
            "y": 0.5641866326332092,
            "z": -0.026156196370720863
        },
        "20": {
            "x": 0.41310378909111023,
            "y": 0.5563673973083496,
            "z": -0.02911968342959881
        }
    }
}