{
    "Ф": {
        "0": {
            "x": 0.6028552651405334,
            "y": 0.7029295563697815,
            "z": 5.795571951239253e-07
        },
        "1": {
            "x": 0.5643858909606934,
            "y": 0.6766034364700317,
            "z": -0.06674749404191971
        },
        "2": {
            "x": 0.5466920137405396,
            "y": 0.6195640563964844,
            "z": -0.0974997729063034
        },
        "3": {
            "x": 0.5490185022354126,
            "y": 0.5753958225250244,
            "z": -0.11766760051250458
        },
        "4": {
            "x": 0.5642511248588562,
            "y": 0.5433549880981445,
            "z": -0.13577184081077576
        },
        "5": {
            "x": 0.5917551517486572,
            "y": 0.5379233360290527,
            "z": -0.05952364206314087
        },
        "6": {
            "x": 0.6354745626449585,
            "y": 0.5003063082695007,
            "z": -0.08983327448368073
        },
        "7": {
            "x": 0.6698076128959656,
            "y": 0.4852716624736786,
            "z": -0.11581823229789734
        },
        "8": {
            "x": 0.7020440101623535,
            "y": 0.47015634179115295,
            "z": -0.13343971967697144
        },
        "9": {
            "x": 0.6171050667762756,
            "y": 0.5338425040245056,
            "z": -0.03744225203990936
        },
        "10": {
            "x": 0.6581339836120605,
            "y": 0.4995024800300598,
            "z": -0.06535787880420685
        },
        "11": {
            "x": 0.6870448589324951,
            "y": 0.48312270641326904,
            "z": -0.08588765561580658
        },
        "12": {
            "x": 0.715299665927887,
            "y": 0.46508166193962097,
            "z": -0.1003618985414505
        },
        "13": {
            "x": 0.6374033093452454,
            "y": 0.5383621454238892,
            "z": -0.02223506011068821
        },
        "14": {
            "x": 0.6731659770011902,
            "y": 0.500380277633667,
            "z": -0.048409175127744675
        },
        "15": {
            "x": 0.69539475440979,
            "y": 0.48487281799316406,
            "z": -0.06140327826142311
        },
        "16": {
            "x": 0.7193859219551086,
            "y": 0.4729214310646057,
            "z": -0.06863587349653244
        },
        "17": {
            "x": 0.652941882610321,
            "y": 0.5482553243637085,
            "z": -0.012871147133409977
        },
        "18": {
            "x": 0.6811676025390625,
            "y": 0.512778103351593,
            "z": -0.030724333599209785
        },
        "19": {
            "x": 0.6987175345420837,
            "y": 0.4942307770252228,
            "z": -0.03905908390879631
        },
        "20": {
            "x": 0.7170237302780151,
            "y": 0.47593560814857483,
            "z": -0.04463958740234375
        }
    }
}