{
    "Ф": {
        "0": {
            "x": 0.753039538860321,
            "y": 0.7012819647789001,
            "z": -5.42884663445875e-07
        },
        "1": {
            "x": 0.6877003908157349,
            "y": 0.6850185990333557,
            "z": 0.08934670686721802
        },
        "2": {
            "x": 0.6507102251052856,
            "y": 0.648085355758667,
            "z": 0.130068838596344
        },
        "3": {
            "x": 0.6284821629524231,
            "y": 0.6288835406303406,
            "z": 0.15202069282531738
        },
        "4": {
            "x": 0.6011648178100586,
            "y": 0.6132938265800476,
            "z": 0.16927900910377502
        },
        "5": {
            "x": 0.632104754447937,
            "y": 0.5722081661224365,
            "z": 0.09287239611148834
        },
        "6": {
            "x": 0.5784563422203064,
            "y": 0.5821858048439026,
            "z": 0.11179810762405396
        },
        "7": {
            "x": 0.5386078357696533,
            "y": 0.5961759090423584,
            "z": 0.12438897043466568
        },
        "8": {
            "x": 0.5087470412254333,
            "y": 0.6013158559799194,
            "z": 0.12981268763542175
        },
        "9": {
            "x": 0.6364571452140808,
            "y": 0.5678815245628357,
            "z": 0.044073574244976044
        },
        "10": {
            "x": 0.564002513885498,
            "y": 0.5790917277336121,
            "z": 0.057608965784311295
        },
        "11": {
            "x": 0.5177217125892639,
            "y": 0.5939851999282837,
            "z": 0.06737641990184784
        },
        "12": {
            "x": 0.4816575050354004,
            "y": 0.6012063026428223,
            "z": 0.07200727611780167
        },
        "13": {
            "x": 0.6398679614067078,
            "y": 0.5789544582366943,
            "z": -0.0014192060334607959
        },
        "14": {
            "x": 0.5663566589355469,
            "y": 0.5909227132797241,
            "z": 0.0005876368377357721
        },
        "15": {
            "x": 0.5191080570220947,
            "y": 0.6020079851150513,
            "z": 0.007935663685202599
        },
        "16": {
            "x": 0.48222869634628296,
            "y": 0.6059784889221191,
            "z": 0.01141354814171791
        },
        "17": {
            "x": 0.63759845495224,
            "y": 0.6005386710166931,
            "z": -0.040297552943229675
        },
        "18": {
            "x": 0.583325207233429,
            "y": 0.5950126051902771,
            "z": -0.05351533368229866
        },
        "19": {
            "x": 0.5435051321983337,
            "y": 0.5929000973701477,
            "z": -0.05869730934500694
        },
        "20": {
            "x": 0.5108857750892639,
            "y": 0.5910902619361877,
            "z": -0.061656296253204346
        }
    }
}