{
    "Ф": {
        "0": {
            "x": 0.3473956286907196,
            "y": 0.6046592593193054,
            "z": 4.5043353225082683e-07
        },
        "1": {
            "x": 0.429208904504776,
            "y": 0.5814237594604492,
            "z": -0.023432571440935135
        },
        "2": {
            "x": 0.4957875907421112,
            "y": 0.5232914090156555,
            "z": -0.033227577805519104
        },
        "3": {
            "x": 0.5457283854484558,
            "y": 0.4678894579410553,
            "z": -0.04316200688481331
        },
        "4": {
            "x": 0.5875124931335449,
            "y": 0.4299021065235138,
            "z": -0.0529228150844574
        },
        "5": {
            "x": 0.4669037163257599,
            "y": 0.3797311782836914,
            "z": -0.006355868186801672
        },
        "6": {
            "x": 0.4881625175476074,
            "y": 0.2803482413291931,
            "z": -0.02327193133533001
        },
        "7": {
            "x": 0.4941498935222626,
            "y": 0.2221415638923645,
            "z": -0.040100015699863434
        },
        "8": {
            "x": 0.4979841411113739,
            "y": 0.17136329412460327,
            "z": -0.05204608663916588
        },
        "9": {
            "x": 0.42851030826568604,
            "y": 0.35594606399536133,
            "z": -0.009143947623670101
        },
        "10": {
            "x": 0.45152026414871216,
            "y": 0.2448638677597046,
            "z": -0.023227177560329437
        },
        "11": {
            "x": 0.46208351850509644,
            "y": 0.17756235599517822,
            "z": -0.0390690416097641
        },
        "12": {
            "x": 0.47047287225723267,
            "y": 0.12281522154808044,
            "z": -0.0505882129073143
        },
        "13": {
            "x": 0.38873982429504395,
            "y": 0.34976866841316223,
            "z": -0.01622965559363365
        },
        "14": {
            "x": 0.4118219316005707,
            "y": 0.24733228981494904,
            "z": -0.029926545917987823
        },
        "15": {
            "x": 0.4250982403755188,
            "y": 0.1858782172203064,
            "z": -0.039462629705667496
        },
        "16": {
            "x": 0.4374435544013977,
            "y": 0.13558676838874817,
            "z": -0.045939140021800995
        },
        "17": {
            "x": 0.3451855182647705,
            "y": 0.35688096284866333,
            "z": -0.026353973895311356
        },
        "18": {
            "x": 0.3637656569480896,
            "y": 0.2760343849658966,
            "z": -0.03779589757323265
        },
        "19": {
            "x": 0.38042908906936646,
            "y": 0.22721043229103088,
            "z": -0.04035434499382973
        },
        "20": {
            "x": 0.3980045020580292,
            "y": 0.18402591347694397,
            "z": -0.04125363752245903
        }
    }
}