{
    "Ф": {
        "0": {
            "x": 0.3731783330440521,
            "y": 0.5764362215995789,
            "z": 4.527306032287015e-07
        },
        "1": {
            "x": 0.4535304605960846,
            "y": 0.5121090412139893,
            "z": 0.0030377283692359924
        },
        "2": {
            "x": 0.47227317094802856,
            "y": 0.43333202600479126,
            "z": 0.001309372135438025
        },
        "3": {
            "x": 0.47802621126174927,
            "y": 0.37100949883461,
            "z": -0.0050395093858242035
        },
        "4": {
            "x": 0.4807465076446533,
            "y": 0.3213825821876526,
            "z": -0.010895065031945705
        },
        "5": {
            "x": 0.43208885192871094,
            "y": 0.33759868144989014,
            "z": 0.007246864959597588
        },
        "6": {
            "x": 0.5097671747207642,
            "y": 0.3388195335865021,
            "z": -0.014368348754942417
        },
        "7": {
            "x": 0.5631303787231445,
            "y": 0.34920206665992737,
            "z": -0.034850187599658966
        },
        "8": {
            "x": 0.603326678276062,
            "y": 0.3557355999946594,
            "z": -0.049081701785326004
        },
        "9": {
            "x": 0.42084041237831116,
            "y": 0.34100794792175293,
            "z": -0.004895411431789398
        },
        "10": {
            "x": 0.5178520083427429,
            "y": 0.35093438625335693,
            "z": -0.024204758927226067
        },
        "11": {
            "x": 0.5776188373565674,
            "y": 0.36345911026000977,
            "z": -0.03675338253378868
        },
        "12": {
            "x": 0.6266812682151794,
            "y": 0.3654676079750061,
            "z": -0.04614337906241417
        },
        "13": {
            "x": 0.4184425473213196,
            "y": 0.3625534176826477,
            "z": -0.019682951271533966
        },
        "14": {
            "x": 0.5173814296722412,
            "y": 0.37491849064826965,
            "z": -0.041532713919878006
        },
        "15": {
            "x": 0.5774937868118286,
            "y": 0.38505735993385315,
            "z": -0.050218913704156876
        },
        "16": {
            "x": 0.6248527765274048,
            "y": 0.39046767354011536,
            "z": -0.0542868934571743
        },
        "17": {
            "x": 0.4250040054321289,
            "y": 0.3960757255554199,
            "z": -0.03525054082274437
        },
        "18": {
            "x": 0.5014814734458923,
            "y": 0.3983196020126343,
            "z": -0.05128668621182442
        },
        "19": {
            "x": 0.5444847941398621,
            "y": 0.4066401422023773,
            "z": -0.055693600326776505
        },
        "20": {
            "x": 0.5805795192718506,
            "y": 0.4107860028743744,
            "z": -0.05720451474189758
        }
    }
}