{
    "Ф": {
        "0": {
            "x": 0.4847174882888794,
            "y": 0.4546056389808655,
            "z": 4.1708841536092223e-07
        },
        "1": {
            "x": 0.5537492036819458,
            "y": 0.3872154951095581,
            "z": 0.025609483942389488
        },
        "2": {
            "x": 0.560750424861908,
            "y": 0.3134803771972656,
            "z": 0.037972480058670044
        },
        "3": {
            "x": 0.5626058578491211,
            "y": 0.2641444504261017,
            "z": 0.03979041427373886
        },
        "4": {
            "x": 0.566701352596283,
            "y": 0.2309200018644333,
            "z": 0.04221976548433304
        },
        "5": {
            "x": 0.49365511536598206,
            "y": 0.19593723118305206,
            "z": 0.0622628852725029
        },
        "6": {
            "x": 0.5884892344474792,
            "y": 0.2179032862186432,
            "z": 0.05528153106570244
        },
        "7": {
            "x": 0.6547280550003052,
            "y": 0.2291729748249054,
            "z": 0.03360103443264961
        },
        "8": {
            "x": 0.7084836363792419,
            "y": 0.23525705933570862,
            "z": 0.01586071215569973
        },
        "9": {
            "x": 0.48468130826950073,
            "y": 0.1917346715927124,
            "z": 0.03822559118270874
        },
        "10": {
            "x": 0.6043704152107239,
            "y": 0.22154837846755981,
            "z": 0.029813095927238464
        },
        "11": {
            "x": 0.6771195530891418,
            "y": 0.23796339333057404,
            "z": 0.01116222981363535
        },
        "12": {
            "x": 0.7370514273643494,
            "y": 0.24900293350219727,
            "z": -0.0028036499861627817
        },
        "13": {
            "x": 0.4887085556983948,
            "y": 0.20038428902626038,
            "z": 0.01131467241793871
        },
        "14": {
            "x": 0.6114869713783264,
            "y": 0.22085195779800415,
            "z": -0.004340018145740032
        },
        "15": {
            "x": 0.6812869906425476,
            "y": 0.23688779771327972,
            "z": -0.018327297642827034
        },
        "16": {
            "x": 0.7362233400344849,
            "y": 0.2507365643978119,
            "z": -0.025473181158304214
        },
        "17": {
            "x": 0.5013123154640198,
            "y": 0.21167418360710144,
            "z": -0.015439698472619057
        },
        "18": {
            "x": 0.5984910726547241,
            "y": 0.21646642684936523,
            "z": -0.02699928730726242
        },
        "19": {
            "x": 0.6519196033477783,
            "y": 0.23077139258384705,
            "z": -0.031000664457678795
        },
        "20": {
            "x": 0.6957100629806519,
            "y": 0.23606684803962708,
            "z": -0.03193584829568863
        }
    }
}