{
    "Ф": {
        "0": {
            "x": 0.4543309807777405,
            "y": 0.6741201877593994,
            "z": 4.0913457155511423e-07
        },
        "1": {
            "x": 0.5220336318016052,
            "y": 0.5954293012619019,
            "z": 0.0069322423078119755
        },
        "2": {
            "x": 0.5267553925514221,
            "y": 0.5093140602111816,
            "z": 0.008808455429971218
        },
        "3": {
            "x": 0.5292937755584717,
            "y": 0.4503032863140106,
            "z": 0.003765751840546727
        },
        "4": {
            "x": 0.5392464995384216,
            "y": 0.4068853557109833,
            "z": 0.00015426713798660785
        },
        "5": {
            "x": 0.44487136602401733,
            "y": 0.36866191029548645,
            "z": 0.029164906591176987
        },
        "6": {
            "x": 0.5522820949554443,
            "y": 0.37159937620162964,
            "z": 0.006182289682328701
        },
        "7": {
            "x": 0.6292481422424316,
            "y": 0.3845840096473694,
            "z": -0.0229487381875515
        },
        "8": {
            "x": 0.6894824504852295,
            "y": 0.39978015422821045,
            "z": -0.04334239661693573
        },
        "9": {
            "x": 0.4340995252132416,
            "y": 0.3668292760848999,
            "z": 0.012496194802224636
        },
        "10": {
            "x": 0.5654393434524536,
            "y": 0.3764069378376007,
            "z": -0.012540607713162899
        },
        "11": {
            "x": 0.6499018669128418,
            "y": 0.3958887755870819,
            "z": -0.033573705703020096
        },
        "12": {
            "x": 0.7139369249343872,
            "y": 0.41560569405555725,
            "z": -0.045636873692274094
        },
        "13": {
            "x": 0.43916159868240356,
            "y": 0.38060683012008667,
            "z": -0.007822892628610134
        },
        "14": {
            "x": 0.5734974145889282,
            "y": 0.38477426767349243,
            "z": -0.03655866160988808
        },
        "15": {
            "x": 0.6540316343307495,
            "y": 0.3997091054916382,
            "z": -0.052479106932878494
        },
        "16": {
            "x": 0.7144832015037537,
            "y": 0.4212598204612732,
            "z": -0.05701139196753502
        },
        "17": {
            "x": 0.4560289978981018,
            "y": 0.4013493061065674,
            "z": -0.029119668528437614
        },
        "18": {
            "x": 0.5633499026298523,
            "y": 0.39483052492141724,
            "z": -0.04966263473033905
        },
        "19": {
            "x": 0.6225920915603638,
            "y": 0.4057314395904541,
            "z": -0.056911274790763855
        },
        "20": {
            "x": 0.6683225631713867,
            "y": 0.4154341518878937,
            "z": -0.05729077756404877
        }
    }
}