{
    "Ф": {
        "0": {
            "x": 0.5483638048171997,
            "y": 0.5414088368415833,
            "z": 4.3547279915401305e-07
        },
        "1": {
            "x": 0.6048707365989685,
            "y": 0.4793471097946167,
            "z": 0.03646175563335419
        },
        "2": {
            "x": 0.6108445525169373,
            "y": 0.4056192934513092,
            "z": 0.052989598363637924
        },
        "3": {
            "x": 0.6172442436218262,
            "y": 0.3535003662109375,
            "z": 0.0570605993270874
        },
        "4": {
            "x": 0.6262124180793762,
            "y": 0.3192651867866516,
            "z": 0.061837632209062576
        },
        "5": {
            "x": 0.5560029149055481,
            "y": 0.2767137289047241,
            "z": 0.0713474228978157
        },
        "6": {
            "x": 0.6548714637756348,
            "y": 0.300905704498291,
            "z": 0.07174557447433472
        },
        "7": {
            "x": 0.7191529273986816,
            "y": 0.31637588143348694,
            "z": 0.054261572659015656
        },
        "8": {
            "x": 0.7727946043014526,
            "y": 0.3274680972099304,
            "z": 0.03887676075100899
        },
        "9": {
            "x": 0.550351619720459,
            "y": 0.27182793617248535,
            "z": 0.04382655397057533
        },
        "10": {
            "x": 0.6606330275535583,
            "y": 0.3192567825317383,
            "z": 0.047474440187215805
        },
        "11": {
            "x": 0.7276002168655396,
            "y": 0.342018723487854,
            "z": 0.035179782658815384
        },
        "12": {
            "x": 0.7861533761024475,
            "y": 0.3566906452178955,
            "z": 0.02310430072247982
        },
        "13": {
            "x": 0.5577021837234497,
            "y": 0.28146740794181824,
            "z": 0.014706868678331375
        },
        "14": {
            "x": 0.6729145646095276,
            "y": 0.311720073223114,
            "z": 0.011707567609846592
        },
        "15": {
            "x": 0.7398667335510254,
            "y": 0.3282897472381592,
            "z": 0.004275323823094368
        },
        "16": {
            "x": 0.7939920425415039,
            "y": 0.34197789430618286,
            "z": -0.0016944654053077102
        },
        "17": {
            "x": 0.5752469301223755,
            "y": 0.29372379183769226,
            "z": -0.014021109789609909
        },
        "18": {
            "x": 0.6691515445709229,
            "y": 0.3030130863189697,
            "z": -0.015679046511650085
        },
        "19": {
            "x": 0.7238837480545044,
            "y": 0.31498169898986816,
            "z": -0.013833718374371529
        },
        "20": {
            "x": 0.7682008743286133,
            "y": 0.31842315196990967,
            "z": -0.0118270767852664
        }
    }
}