{
    "А": {
        "0": {
            "x": 0.4378507137298584,
            "y": 0.7743245959281921,
            "z": -3.2592939191999903e-07
        },
        "1": {
            "x": 0.5138666033744812,
            "y": 0.7604514956474304,
            "z": 0.02380162663757801
        },
        "2": {
            "x": 0.5501208901405334,
            "y": 0.709269642829895,
            "z": 0.039684273302555084
        },
        "3": {
            "x": 0.576646625995636,
            "y": 0.656390905380249,
            "z": 0.041414834558963776
        },
        "4": {
            "x": 0.5938711166381836,
            "y": 0.5961695909500122,
            "z": 0.04677923768758774
        },
        "5": {
            "x": 0.4859093725681305,
            "y": 0.5934250354766846,
            "z": 0.0976923257112503
        },
        "6": {
            "x": 0.5433397889137268,
            "y": 0.5815115571022034,
            "z": 0.08742193132638931
        },
        "7": {
            "x": 0.5439119338989258,
            "y": 0.6243006587028503,
            "z": 0.07186944782733917
        },
        "8": {
            "x": 0.5157556533813477,
            "y": 0.6490110158920288,
            "z": 0.06560622900724411
        },
        "9": {
            "x": 0.479806125164032,
            "y": 0.5674453973770142,
            "z": 0.0772491991519928
        },
        "10": {
            "x": 0.558128297328949,
            "y": 0.5682589411735535,
            "z": 0.06025443971157074
        },
        "11": {
            "x": 0.549791157245636,
            "y": 0.6307592988014221,
            "z": 0.042637672275304794
        },
        "12": {
            "x": 0.5092295408248901,
            "y": 0.6511421799659729,
            "z": 0.03829965740442276
        },
        "13": {
            "x": 0.47272467613220215,
            "y": 0.5405407547950745,
            "z": 0.05005430430173874
        },
        "14": {
            "x": 0.5579532384872437,
            "y": 0.5487976670265198,
            "z": 0.026442814618349075
        },
        "15": {
            "x": 0.542036771774292,
            "y": 0.6140394806861877,
            "z": 0.016335180029273033
        },
        "16": {
            "x": 0.498200386762619,
            "y": 0.6297642588615417,
            "z": 0.019261762499809265
        },
        "17": {
            "x": 0.4622994363307953,
            "y": 0.5146381258964539,
            "z": 0.024178490042686462
        },
        "18": {
            "x": 0.5423949956893921,
            "y": 0.5369477272033691,
            "z": 0.014379797503352165
        },
        "19": {
            "x": 0.5311239361763,
            "y": 0.5860099792480469,
            "z": 0.014913657680153847
        },
        "20": {
            "x": 0.49510836601257324,
            "y": 0.5978928208351135,
            "z": 0.019942255690693855
        }
    }
}