{
    "А": {
        "0": {
            "x": 0.19384337961673737,
            "y": 0.8362094163894653,
            "z": -3.7225217397462984e-07
        },
        "1": {
            "x": 0.2862130403518677,
            "y": 0.809459388256073,
            "z": -0.00715895090252161
        },
        "2": {
            "x": 0.3476088047027588,
            "y": 0.755577564239502,
            "z": -0.011037493124604225
        },
        "3": {
            "x": 0.3818349540233612,
            "y": 0.6851682662963867,
            "z": -0.021635720506310463
        },
        "4": {
            "x": 0.3787679076194763,
            "y": 0.6116832494735718,
            "z": -0.024489687755703926
        },
        "5": {
            "x": 0.3029598593711853,
            "y": 0.6134088039398193,
            "z": 0.04327843338251114
        },
        "6": {
            "x": 0.36110934615135193,
            "y": 0.6079158186912537,
            "z": 0.008863149210810661
        },
        "7": {
            "x": 0.33922016620635986,
            "y": 0.6754896640777588,
            "z": -0.0083428043872118
        },
        "8": {
            "x": 0.30579084157943726,
            "y": 0.6730862259864807,
            "z": -0.014229614287614822
        },
        "9": {
            "x": 0.27731674909591675,
            "y": 0.5906185507774353,
            "z": 0.030267324298620224
        },
        "10": {
            "x": 0.3467109799385071,
            "y": 0.5869098901748657,
            "z": -0.011867771856486797
        },
        "11": {
            "x": 0.31581154465675354,
            "y": 0.6795812249183655,
            "z": -0.024249078705906868
        },
        "12": {
            "x": 0.27809083461761475,
            "y": 0.6720237731933594,
            "z": -0.020413368940353394
        },
        "13": {
            "x": 0.24838551878929138,
            "y": 0.5699670314788818,
            "z": 0.009301351383328438
        },
        "14": {
            "x": 0.31788790225982666,
            "y": 0.5728485584259033,
            "z": -0.03982279822230339
        },
        "15": {
            "x": 0.2871578633785248,
            "y": 0.6659635305404663,
            "z": -0.033720385283231735
        },
        "16": {
            "x": 0.2460521161556244,
            "y": 0.6601694822311401,
            "z": -0.014436054974794388
        },
        "17": {
            "x": 0.21205544471740723,
            "y": 0.5556764602661133,
            "z": -0.011843462474644184
        },
        "18": {
            "x": 0.2849278748035431,
            "y": 0.5662556290626526,
            "z": -0.03942588344216347
        },
        "19": {
            "x": 0.26772838830947876,
            "y": 0.6308820247650146,
            "z": -0.027905704453587532
        },
        "20": {
            "x": 0.22863218188285828,
            "y": 0.6321504712104797,
            "z": -0.0100787915289402
        }
    }
}