{
    "А": {
        "0": {
            "x": 0.15969637036323547,
            "y": 0.673055112361908,
            "z": -3.1038879910738615e-07
        },
        "1": {
            "x": 0.25936681032180786,
            "y": 0.6636682748794556,
            "z": -0.01103985495865345
        },
        "2": {
            "x": 0.32660508155822754,
            "y": 0.6236263513565063,
            "z": -0.015945030376315117
        },
        "3": {
            "x": 0.36592161655426025,
            "y": 0.5520827174186707,
            "z": -0.027003537863492966
        },
        "4": {
            "x": 0.358730673789978,
            "y": 0.4742422103881836,
            "z": -0.03148336708545685
        },
        "5": {
            "x": 0.29020506143569946,
            "y": 0.4944518208503723,
            "z": 0.03814633563160896
        },
        "6": {
            "x": 0.3455207347869873,
            "y": 0.47228074073791504,
            "z": 0.0026088471058756113
        },
        "7": {
            "x": 0.3237728476524353,
            "y": 0.5403592586517334,
            "z": -0.01581737771630287
        },
        "8": {
            "x": 0.29124945402145386,
            "y": 0.5422768592834473,
            "z": -0.02157127484679222
        },
        "9": {
            "x": 0.263884574174881,
            "y": 0.4669429361820221,
            "z": 0.027140837162733078
        },
        "10": {
            "x": 0.32776615023612976,
            "y": 0.4434506595134735,
            "z": -0.017843695357441902
        },
        "11": {
            "x": 0.2952272891998291,
            "y": 0.5374768972396851,
            "z": -0.03555202856659889
        },
        "12": {
            "x": 0.2550414800643921,
            "y": 0.531486988067627,
            "z": -0.03464804217219353
        },
        "13": {
            "x": 0.23299859464168549,
            "y": 0.43848147988319397,
            "z": 0.00863136351108551
        },
        "14": {
            "x": 0.2974827289581299,
            "y": 0.416230708360672,
            "z": -0.04423452913761139
        },
        "15": {
            "x": 0.26530271768569946,
            "y": 0.5113434195518494,
            "z": -0.04043065756559372
        },
        "16": {
            "x": 0.2229291796684265,
            "y": 0.50437992811203,
            "z": -0.02160261571407318
        },
        "17": {
            "x": 0.18965467810630798,
            "y": 0.40884384512901306,
            "z": -0.009605081751942635
        },
        "18": {
            "x": 0.25852170586586,
            "y": 0.4031575322151184,
            "z": -0.0400083027780056
        },
        "19": {
            "x": 0.24106986820697784,
            "y": 0.47029513120651245,
            "z": -0.02718180976808071
        },
        "20": {
            "x": 0.20139391720294952,
            "y": 0.4720337986946106,
            "z": -0.007944317534565926
        }
    }
}