{
    "А": {
        "0": {
            "x": 0.2304227352142334,
            "y": 0.4675317406654358,
            "z": -2.5028404593285813e-07
        },
        "1": {
            "x": 0.31007787585258484,
            "y": 0.49788570404052734,
            "z": -0.010976806282997131
        },
        "2": {
            "x": 0.371852844953537,
            "y": 0.4680594503879547,
            "z": -0.008854241110384464
        },
        "3": {
            "x": 0.404813677072525,
            "y": 0.3906620144844055,
            "z": -0.011714158579707146
        },
        "4": {
            "x": 0.4023659825325012,
            "y": 0.31833311915397644,
            "z": -0.010927414521574974
        },
        "5": {
            "x": 0.33891308307647705,
            "y": 0.36773771047592163,
            "z": 0.04320869222283363
        },
        "6": {
            "x": 0.38133078813552856,
            "y": 0.3417823016643524,
            "z": 0.019536850973963737
        },
        "7": {
            "x": 0.36581355333328247,
            "y": 0.38835418224334717,
            "z": 0.006391637027263641
        },
        "8": {
            "x": 0.33649203181266785,
            "y": 0.40478479862213135,
            "z": 0.003480484476312995
        },
        "9": {
            "x": 0.3183676600456238,
            "y": 0.32579582929611206,
            "z": 0.038005370646715164
        },
        "10": {
            "x": 0.37280184030532837,
            "y": 0.2943158745765686,
            "z": 0.004300958942621946
        },
        "11": {
            "x": 0.34184587001800537,
            "y": 0.3613034188747406,
            "z": -0.012002425268292427
        },
        "12": {
            "x": 0.3036133944988251,
            "y": 0.36820828914642334,
            "z": -0.011060236021876335
        },
        "13": {
            "x": 0.29203835129737854,
            "y": 0.2838062644004822,
            "z": 0.02553897351026535
        },
        "14": {
            "x": 0.3514978885650635,
            "y": 0.2610221207141876,
            "z": -0.019589174538850784
        },
        "15": {
            "x": 0.31620994210243225,
            "y": 0.33309587836265564,
            "z": -0.023806199431419373
        },
        "16": {
            "x": 0.27386632561683655,
            "y": 0.3339361846446991,
            "z": -0.011502006091177464
        },
        "17": {
            "x": 0.2545369267463684,
            "y": 0.2411120980978012,
            "z": 0.013912513852119446
        },
        "18": {
            "x": 0.31527167558670044,
            "y": 0.23697109520435333,
            "z": -0.014929343946278095
        },
        "19": {
            "x": 0.29247498512268066,
            "y": 0.28929415345191956,
            "z": -0.010827599093317986
        },
        "20": {
            "x": 0.25607603788375854,
            "y": 0.28980016708374023,
            "z": 0.0007296724943444133
        }
    }
}