{
    "А": {
        "0": {
            "x": 0.42459535598754883,
            "y": 0.8337904810905457,
            "z": -3.328682964820473e-07
        },
        "1": {
            "x": 0.4612145721912384,
            "y": 0.7677551507949829,
            "z": 0.01139388233423233
        },
        "2": {
            "x": 0.47555726766586304,
            "y": 0.7065304517745972,
            "z": 0.010033318772912025
        },
        "3": {
            "x": 0.4946121573448181,
            "y": 0.6618637442588806,
            "z": 0.004545173142105341
        },
        "4": {
            "x": 0.505138099193573,
            "y": 0.6300213932991028,
            "z": 0.002534812781959772
        },
        "5": {
            "x": 0.3813243806362152,
            "y": 0.6316958665847778,
            "z": 0.017676914110779762
        },
        "6": {
            "x": 0.4697127640247345,
            "y": 0.6189751029014587,
            "z": 0.00619288207963109
        },
        "7": {
            "x": 0.4779057204723358,
            "y": 0.6703560948371887,
            "z": -0.006737689953297377
        },
        "8": {
            "x": 0.4574466645717621,
            "y": 0.6963794827461243,
            "z": -0.018112298101186752
        },
        "9": {
            "x": 0.38475099205970764,
            "y": 0.6288772225379944,
            "z": 0.002378531266003847
        },
        "10": {
            "x": 0.4801790714263916,
            "y": 0.6174303293228149,
            "z": -0.007955408655107021
        },
        "11": {
            "x": 0.48538464307785034,
            "y": 0.6736549139022827,
            "z": -0.013572106137871742
        },
        "12": {
            "x": 0.4667886197566986,
            "y": 0.699586808681488,
            "z": -0.0184482391923666
        },
        "13": {
            "x": 0.40186700224876404,
            "y": 0.6378082036972046,
            "z": -0.013592187315225601
        },
        "14": {
            "x": 0.4913334846496582,
            "y": 0.6286168098449707,
            "z": -0.02123640477657318
        },
        "15": {
            "x": 0.4943588972091675,
            "y": 0.6816245913505554,
            "z": -0.015524609945714474
        },
        "16": {
            "x": 0.4733729660511017,
            "y": 0.7061131596565247,
            "z": -0.013047208078205585
        },
        "17": {
            "x": 0.42727527022361755,
            "y": 0.6532965302467346,
            "z": -0.02973531372845173
        },
        "18": {
            "x": 0.4947277307510376,
            "y": 0.6524029970169067,
            "z": -0.03207708150148392
        },
        "19": {
            "x": 0.4961380362510681,
            "y": 0.6939828991889954,
            "z": -0.02519798092544079
        },
        "20": {
            "x": 0.4774671792984009,
            "y": 0.7127200365066528,
            "z": -0.021307572722434998
        }
    }
}