{
    "А": {
        "0": {
            "x": 0.42481157183647156,
            "y": 0.821994423866272,
            "z": -3.803494621479331e-07
        },
        "1": {
            "x": 0.368359237909317,
            "y": 0.7603886723518372,
            "z": 0.02515040710568428
        },
        "2": {
            "x": 0.3522217869758606,
            "y": 0.6919731497764587,
            "z": 0.04226800799369812
        },
        "3": {
            "x": 0.36707422137260437,
            "y": 0.6408556699752808,
            "z": 0.05736894905567169
        },
        "4": {
            "x": 0.3962661325931549,
            "y": 0.6260322332382202,
            "z": 0.0734957903623581
        },
        "5": {
            "x": 0.38054314255714417,
            "y": 0.6241598725318909,
            "z": 0.034556444734334946
        },
        "6": {
            "x": 0.39398616552352905,
            "y": 0.6027777194976807,
            "z": 0.06452028453350067
        },
        "7": {
            "x": 0.3984263241291046,
            "y": 0.6287096738815308,
            "z": 0.08349644392728806
        },
        "8": {
            "x": 0.39612317085266113,
            "y": 0.6509742140769958,
            "z": 0.09350722283124924
        },
        "9": {
            "x": 0.42848581075668335,
            "y": 0.6253366470336914,
            "z": 0.030436556786298752
        },
        "10": {
            "x": 0.4335186183452606,
            "y": 0.6140086054801941,
            "z": 0.0631607323884964
        },
        "11": {
            "x": 0.4314013421535492,
            "y": 0.64608234167099,
            "z": 0.07307539135217667
        },
        "12": {
            "x": 0.42742326855659485,
            "y": 0.6725366711616516,
            "z": 0.07492993026971817
        },
        "13": {
            "x": 0.4679586887359619,
            "y": 0.6455255746841431,
            "z": 0.03062504343688488
        },
        "14": {
            "x": 0.4681338369846344,
            "y": 0.6402781009674072,
            "z": 0.05889452248811722
        },
        "15": {
            "x": 0.45980846881866455,
            "y": 0.6642418503761292,
            "z": 0.06495413929224014
        },
        "16": {
            "x": 0.4549848139286041,
            "y": 0.6915885210037231,
            "z": 0.06268759071826935
        },
        "17": {
            "x": 0.5032052993774414,
            "y": 0.6744294762611389,
            "z": 0.03341881185770035
        },
        "18": {
            "x": 0.49617069959640503,
            "y": 0.669416069984436,
            "z": 0.061099931597709656
        },
        "19": {
            "x": 0.48702162504196167,
            "y": 0.6894699931144714,
            "z": 0.07470964640378952
        },
        "20": {
            "x": 0.4820648431777954,
            "y": 0.7098609209060669,
            "z": 0.08083968609571457
        }
    }
}