{
    "А": {
        "0": {
            "x": 0.4433826208114624,
            "y": 0.6741166114807129,
            "z": -3.8532343182851037e-07
        },
        "1": {
            "x": 0.42179763317108154,
            "y": 0.6069197058677673,
            "z": 0.029802877455949783
        },
        "2": {
            "x": 0.4159605801105499,
            "y": 0.5462806820869446,
            "z": 0.035469118505716324
        },
        "3": {
            "x": 0.4319651126861572,
            "y": 0.5054172277450562,
            "z": 0.03239787742495537
        },
        "4": {
            "x": 0.4532151520252228,
            "y": 0.48874524235725403,
            "z": 0.030040860176086426
        },
        "5": {
            "x": 0.37839755415916443,
            "y": 0.4920084476470947,
            "z": 0.03480403125286102
        },
        "6": {
            "x": 0.4441339075565338,
            "y": 0.4743562638759613,
            "z": 0.03153863176703453
        },
        "7": {
            "x": 0.45210036635398865,
            "y": 0.5165246725082397,
            "z": 0.024804020300507545
        },
        "8": {
            "x": 0.43483826518058777,
            "y": 0.5413697361946106,
            "z": 0.017789168283343315
        },
        "9": {
            "x": 0.39414355158805847,
            "y": 0.4830200672149658,
            "z": 0.012426686473190784
        },
        "10": {
            "x": 0.4692017436027527,
            "y": 0.47364386916160583,
            "z": 0.0113859623670578
        },
        "11": {
            "x": 0.47432941198349,
            "y": 0.5189728140830994,
            "z": 0.00772429583594203
        },
        "12": {
            "x": 0.46021050214767456,
            "y": 0.5440661311149597,
            "z": 0.003805158892646432
        },
        "13": {
            "x": 0.4202517867088318,
            "y": 0.4859873354434967,
            "z": -0.008877699263393879
        },
        "14": {
            "x": 0.4944774806499481,
            "y": 0.48061174154281616,
            "z": -0.009442482143640518
        },
        "15": {
            "x": 0.49850332736968994,
            "y": 0.530265212059021,
            "z": -0.004999897908419371
        },
        "16": {
            "x": 0.4826316833496094,
            "y": 0.5543044209480286,
            "z": -0.003458242164924741
        },
        "17": {
            "x": 0.45219647884368896,
            "y": 0.4968793988227844,
            "z": -0.028788281604647636
        },
        "18": {
            "x": 0.5124863386154175,
            "y": 0.48795071244239807,
            "z": -0.02463727444410324
        },
        "19": {
            "x": 0.5128536224365234,
            "y": 0.5267842411994934,
            "z": -0.016024593263864517
        },
        "20": {
            "x": 0.4953538477420807,
            "y": 0.5471811294555664,
            "z": -0.010889877565205097
        }
    }
}