{
    "А": {
        "0": {
            "x": 0.6406388878822327,
            "y": 0.7429505586624146,
            "z": -5.855263225384988e-07
        },
        "1": {
            "x": 0.5794981718063354,
            "y": 0.7188358306884766,
            "z": -0.007543174084275961
        },
        "2": {
            "x": 0.53336501121521,
            "y": 0.6590250730514526,
            "z": -0.008160244673490524
        },
        "3": {
            "x": 0.5274181365966797,
            "y": 0.5901652574539185,
            "z": -0.013138937763869762
        },
        "4": {
            "x": 0.553773045539856,
            "y": 0.5460550785064697,
            "z": -0.013424970209598541
        },
        "5": {
            "x": 0.5782736539840698,
            "y": 0.598442554473877,
            "z": 0.023023530840873718
        },
        "6": {
            "x": 0.5593396425247192,
            "y": 0.5575631260871887,
            "z": -0.003226177068427205
        },
        "7": {
            "x": 0.5607256889343262,
            "y": 0.6150389313697815,
            "z": -0.014288455247879028
        },
        "8": {
            "x": 0.5704548358917236,
            "y": 0.6293050646781921,
            "z": -0.01747310720384121
        },
        "9": {
            "x": 0.6085824370384216,
            "y": 0.5904672741889954,
            "z": 0.0168196689337492
        },
        "10": {
            "x": 0.585099458694458,
            "y": 0.5475430488586426,
            "z": -0.011715670116245747
        },
        "11": {
            "x": 0.5855739116668701,
            "y": 0.6229935884475708,
            "z": -0.012506555765867233
        },
        "12": {
            "x": 0.6008133888244629,
            "y": 0.6272608041763306,
            "z": -0.002967165084555745
        },
        "13": {
            "x": 0.641015350818634,
            "y": 0.5843891501426697,
            "z": 0.003824410494416952
        },
        "14": {
            "x": 0.6164798736572266,
            "y": 0.5436824560165405,
            "z": -0.025003554299473763
        },
        "15": {
            "x": 0.6148529648780823,
            "y": 0.6179408431053162,
            "z": -0.010595775209367275
        },
        "16": {
            "x": 0.6314175724983215,
            "y": 0.6263245940208435,
            "z": 0.009365653619170189
        },
        "17": {
            "x": 0.6793410778045654,
            "y": 0.5827509164810181,
            "z": -0.010756869800388813
        },
        "18": {
            "x": 0.649977445602417,
            "y": 0.5538049340248108,
            "z": -0.02340291440486908
        },
        "19": {
            "x": 0.6446705460548401,
            "y": 0.6021571159362793,
            "z": -0.010802904143929482
        },
        "20": {
            "x": 0.6599732041358948,
            "y": 0.6117590665817261,
            "z": 0.004061373881995678
        }
    }
}