{
    "А": {
        "0": {
            "x": 0.694722592830658,
            "y": 0.7323329448699951,
            "z": -5.571377528212906e-07
        },
        "1": {
            "x": 0.620086669921875,
            "y": 0.7257484793663025,
            "z": -0.014875907450914383
        },
        "2": {
            "x": 0.5551608800888062,
            "y": 0.6690303683280945,
            "z": -0.0137390848249197
        },
        "3": {
            "x": 0.5422521829605103,
            "y": 0.5840948224067688,
            "z": -0.014883964322507381
        },
        "4": {
            "x": 0.5821540951728821,
            "y": 0.5418298244476318,
            "z": -0.010188222862780094
        },
        "5": {
            "x": 0.5875811576843262,
            "y": 0.598462700843811,
            "z": 0.02259116992354393
        },
        "6": {
            "x": 0.5645836591720581,
            "y": 0.5576526522636414,
            "z": -0.004067411180585623
        },
        "7": {
            "x": 0.5768052339553833,
            "y": 0.6191301941871643,
            "z": -0.017222272232174873
        },
        "8": {
            "x": 0.5845677256584167,
            "y": 0.6200265288352966,
            "z": -0.02342909574508667
        },
        "9": {
            "x": 0.6269744634628296,
            "y": 0.5825966000556946,
            "z": 0.020116161555051804
        },
        "10": {
            "x": 0.6045328378677368,
            "y": 0.53984135389328,
            "z": -0.010533269494771957
        },
        "11": {
            "x": 0.6143555045127869,
            "y": 0.617673933506012,
            "z": -0.01581551879644394
        },
        "12": {
            "x": 0.6212191581726074,
            "y": 0.6137312650680542,
            "z": -0.010148689150810242
        },
        "13": {
            "x": 0.6640945076942444,
            "y": 0.5714179873466492,
            "z": 0.010333111509680748
        },
        "14": {
            "x": 0.6424596905708313,
            "y": 0.5283039212226868,
            "z": -0.020215772092342377
        },
        "15": {
            "x": 0.6487212777137756,
            "y": 0.6068236231803894,
            "z": -0.008216953836381435
        },
        "16": {
            "x": 0.6591503024101257,
            "y": 0.6080037355422974,
            "z": 0.00993866752833128
        },
        "17": {
            "x": 0.7064117789268494,
            "y": 0.5622942447662354,
            "z": -0.0016948753036558628
        },
        "18": {
            "x": 0.6806942820549011,
            "y": 0.534124493598938,
            "z": -0.013139116577804089
        },
        "19": {
            "x": 0.6819292306900024,
            "y": 0.588843584060669,
            "z": -0.0006807671161368489
        },
        "20": {
            "x": 0.6958323121070862,
            "y": 0.5976268649101257,
            "z": 0.01344561018049717
        }
    }
}