{
    "А": {
        "0": {
            "x": 0.7202409505844116,
            "y": 0.6884263753890991,
            "z": -6.035714932295377e-07
        },
        "1": {
            "x": 0.6626448631286621,
            "y": 0.6461847424507141,
            "z": 0.00916796363890171
        },
        "2": {
            "x": 0.6388777494430542,
            "y": 0.5962770581245422,
            "z": 0.009914050810039043
        },
        "3": {
            "x": 0.6251241564750671,
            "y": 0.5542207956314087,
            "z": 0.0027574601117521524
        },
        "4": {
            "x": 0.6293538808822632,
            "y": 0.5162872672080994,
            "z": -0.0017260528402402997
        },
        "5": {
            "x": 0.6861935257911682,
            "y": 0.5197178721427917,
            "z": 0.03298473730683327
        },
        "6": {
            "x": 0.6409069895744324,
            "y": 0.5051165223121643,
            "z": 0.01124132052063942
        },
        "7": {
            "x": 0.644453763961792,
            "y": 0.5555823445320129,
            "z": -0.0006328955059871078
        },
        "8": {
            "x": 0.6618470549583435,
            "y": 0.5699257254600525,
            "z": -0.005112352315336466
        },
        "9": {
            "x": 0.7035363912582397,
            "y": 0.5133684277534485,
            "z": 0.018071848899126053
        },
        "10": {
            "x": 0.6461164355278015,
            "y": 0.5006731152534485,
            "z": -0.010016802698373795
        },
        "11": {
            "x": 0.6540769934654236,
            "y": 0.5647700428962708,
            "z": -0.016864845529198647
        },
        "12": {
            "x": 0.680094838142395,
            "y": 0.5697445273399353,
            "z": -0.01255467813462019
        },
        "13": {
            "x": 0.7205649614334106,
            "y": 0.5067082047462463,
            "z": -0.0006920314626768231
        },
        "14": {
            "x": 0.6597087383270264,
            "y": 0.5029198527336121,
            "z": -0.0262293703854084
        },
        "15": {
            "x": 0.6667276620864868,
            "y": 0.5667172074317932,
            "z": -0.018402306362986565
        },
        "16": {
            "x": 0.6926484704017639,
            "y": 0.5698224306106567,
            "z": -0.004197575617581606
        },
        "17": {
            "x": 0.736413300037384,
            "y": 0.505747377872467,
            "z": -0.019716203212738037
        },
        "18": {
            "x": 0.6810510158538818,
            "y": 0.5085198879241943,
            "z": -0.03272362798452377
        },
        "19": {
            "x": 0.6833626627922058,
            "y": 0.5509015321731567,
            "z": -0.02490442991256714
        },
        "20": {
            "x": 0.706769585609436,
            "y": 0.5558376908302307,
            "z": -0.013526727445423603
        }
    }
}