{
    "А": {
        "0": {
            "x": 0.4141518473625183,
            "y": 0.7771744132041931,
            "z": -5.036185370954627e-07
        },
        "1": {
            "x": 0.4812667667865753,
            "y": 0.7350286245346069,
            "z": 0.028061693534255028
        },
        "2": {
            "x": 0.5087342262268066,
            "y": 0.6661624312400818,
            "z": 0.04003230482339859
        },
        "3": {
            "x": 0.5325314998626709,
            "y": 0.620891273021698,
            "z": 0.04021074250340462
        },
        "4": {
            "x": 0.540603756904602,
            "y": 0.5748739838600159,
            "z": 0.04442836344242096
        },
        "5": {
            "x": 0.428448885679245,
            "y": 0.5450041890144348,
            "z": 0.06724341213703156
        },
        "6": {
            "x": 0.5037610530853271,
            "y": 0.5415310859680176,
            "z": 0.05484471097588539
        },
        "7": {
            "x": 0.5039126873016357,
            "y": 0.6034291386604309,
            "z": 0.04189927503466606
        },
        "8": {
            "x": 0.47729066014289856,
            "y": 0.6295741200447083,
            "z": 0.03453603759407997
        },
        "9": {
            "x": 0.4189424216747284,
            "y": 0.5308133363723755,
            "z": 0.04210497811436653
        },
        "10": {
            "x": 0.5137045383453369,
            "y": 0.538048505783081,
            "z": 0.028082672506570816
        },
        "11": {
            "x": 0.5091568231582642,
            "y": 0.6104596853256226,
            "z": 0.021041369065642357
        },
        "12": {
            "x": 0.4767822027206421,
            "y": 0.6330797076225281,
            "z": 0.0205093901604414
        },
        "13": {
            "x": 0.41440558433532715,
            "y": 0.5250862836837769,
            "z": 0.013125339522957802
        },
        "14": {
            "x": 0.5132373571395874,
            "y": 0.533412754535675,
            "z": -0.002249191515147686
        },
        "15": {
            "x": 0.5070357918739319,
            "y": 0.6033212542533875,
            "z": 0.000974927213974297
        },
        "16": {
            "x": 0.4712431728839874,
            "y": 0.6240806579589844,
            "z": 0.007756379432976246
        },
        "17": {
            "x": 0.41333818435668945,
            "y": 0.5264357924461365,
            "z": -0.015141223557293415
        },
        "18": {
            "x": 0.5011950731277466,
            "y": 0.5400995016098022,
            "z": -0.018870964646339417
        },
        "19": {
            "x": 0.4969109892845154,
            "y": 0.5931023359298706,
            "z": -0.011574412696063519
        },
        "20": {
            "x": 0.46506932377815247,
            "y": 0.6111741662025452,
            "z": -0.004310235846787691
        }
    }
}