{
    "А": {
        "0": {
            "x": 0.5989341139793396,
            "y": 0.6726353168487549,
            "z": -4.834278684029414e-07
        },
        "1": {
            "x": 0.5391587615013123,
            "y": 0.7007059454917908,
            "z": -0.016236500814557076
        },
        "2": {
            "x": 0.4696437120437622,
            "y": 0.688568115234375,
            "z": -0.017836391925811768
        },
        "3": {
            "x": 0.43324971199035645,
            "y": 0.6333677172660828,
            "z": -0.020722173154354095
        },
        "4": {
            "x": 0.45047667622566223,
            "y": 0.5817490220069885,
            "z": -0.018525658175349236
        },
        "5": {
            "x": 0.4800647497177124,
            "y": 0.6055123209953308,
            "z": 0.014333403669297695
        },
        "6": {
            "x": 0.450854629278183,
            "y": 0.5870384573936462,
            "z": -0.007742555812001228
        },
        "7": {
            "x": 0.47361207008361816,
            "y": 0.6341508030891418,
            "z": -0.016870997846126556
        },
        "8": {
            "x": 0.48179394006729126,
            "y": 0.6349872350692749,
            "z": -0.020764460787177086
        },
        "9": {
            "x": 0.5047609806060791,
            "y": 0.5753256678581238,
            "z": 0.013058831915259361
        },
        "10": {
            "x": 0.4740765392780304,
            "y": 0.5564519762992859,
            "z": -0.011361397802829742
        },
        "11": {
            "x": 0.5005189776420593,
            "y": 0.6142779588699341,
            "z": -0.011829294264316559
        },
        "12": {
            "x": 0.510054349899292,
            "y": 0.608257532119751,
            "z": -0.0046630376018583775
        },
        "13": {
            "x": 0.5315492153167725,
            "y": 0.5501314401626587,
            "z": 0.005039069335907698
        },
        "14": {
            "x": 0.4987158179283142,
            "y": 0.5278116464614868,
            "z": -0.021230190992355347
        },
        "15": {
            "x": 0.522962212562561,
            "y": 0.5880801677703857,
            "z": -0.008719386532902718
        },
        "16": {
            "x": 0.5361276865005493,
            "y": 0.5888845920562744,
            "z": 0.008235287852585316
        },
        "17": {
            "x": 0.5646651387214661,
            "y": 0.5246145725250244,
            "z": -0.00520169036462903
        },
        "18": {
            "x": 0.5292167067527771,
            "y": 0.51356440782547,
            "z": -0.017148660495877266
        },
        "19": {
            "x": 0.5421319007873535,
            "y": 0.5583945512771606,
            "z": -0.006068732589483261
        },
        "20": {
            "x": 0.5566203594207764,
            "y": 0.564532458782196,
            "z": 0.006574409548193216
        }
    }
}