{
    "А": {
        "0": {
            "x": 0.6670414209365845,
            "y": 0.635409951210022,
            "z": -5.237542950453644e-07
        },
        "1": {
            "x": 0.6205177903175354,
            "y": 0.6769977807998657,
            "z": -0.0184046421200037
        },
        "2": {
            "x": 0.552809476852417,
            "y": 0.6770955920219421,
            "z": -0.019238505512475967
        },
        "3": {
            "x": 0.5064383745193481,
            "y": 0.6276624798774719,
            "z": -0.020270736888051033
        },
        "4": {
            "x": 0.5062142610549927,
            "y": 0.5740035176277161,
            "z": -0.015183018520474434
        },
        "5": {
            "x": 0.5380184054374695,
            "y": 0.6096685528755188,
            "z": 0.013584819622337818
        },
        "6": {
            "x": 0.5104467868804932,
            "y": 0.5850103497505188,
            "z": -0.010575540363788605
        },
        "7": {
            "x": 0.5447742938995361,
            "y": 0.6214106678962708,
            "z": -0.020807964727282524
        },
        "8": {
            "x": 0.5517932176589966,
            "y": 0.6234213709831238,
            "z": -0.025044959038496017
        },
        "9": {
            "x": 0.559329628944397,
            "y": 0.5749726295471191,
            "z": 0.013648083433508873
        },
        "10": {
            "x": 0.5324646234512329,
            "y": 0.553945004940033,
            "z": -0.013011100701987743
        },
        "11": {
            "x": 0.5701570510864258,
            "y": 0.6018321514129639,
            "z": -0.01511793490499258
        },
        "12": {
            "x": 0.5721349716186523,
            "y": 0.5985503792762756,
            "z": -0.00917575042694807
        },
        "13": {
            "x": 0.5815873742103577,
            "y": 0.5460954904556274,
            "z": 0.006603658199310303
        },
        "14": {
            "x": 0.5574144721031189,
            "y": 0.5241302251815796,
            "z": -0.020094534382224083
        },
        "15": {
            "x": 0.5908405184745789,
            "y": 0.5737969279289246,
            "z": -0.008485482074320316
        },
        "16": {
            "x": 0.5965812802314758,
            "y": 0.5721202492713928,
            "z": 0.006853519007563591
        },
        "17": {
            "x": 0.6063096523284912,
            "y": 0.5140024423599243,
            "z": -0.002963674021884799
        },
        "18": {
            "x": 0.5877280831336975,
            "y": 0.5089677572250366,
            "z": -0.014310642145574093
        },
        "19": {
            "x": 0.6098101139068604,
            "y": 0.5460401773452759,
            "z": -0.0044380128383636475
        },
        "20": {
            "x": 0.617381751537323,
            "y": 0.5446086525917053,
            "z": 0.006661050021648407
        }
    }
}