{
    "А": {
        "0": {
            "x": 0.39449095726013184,
            "y": 0.7898241281509399,
            "z": -4.0501845433027484e-07
        },
        "1": {
            "x": 0.4582068622112274,
            "y": 0.7171840071678162,
            "z": -0.0028421608731150627
        },
        "2": {
            "x": 0.45864370465278625,
            "y": 0.6376937031745911,
            "z": -0.004920898005366325
        },
        "3": {
            "x": 0.45177602767944336,
            "y": 0.5818028450012207,
            "z": -0.009806808084249496
        },
        "4": {
            "x": 0.4445473849773407,
            "y": 0.5355783104896545,
            "z": -0.009651911444962025
        },
        "5": {
            "x": 0.36775603890419006,
            "y": 0.5415221452713013,
            "z": 0.013521650806069374
        },
        "6": {
            "x": 0.46810126304626465,
            "y": 0.5156468749046326,
            "z": -0.010670250281691551
        },
        "7": {
            "x": 0.4738287627696991,
            "y": 0.5739383697509766,
            "z": -0.02901032380759716
        },
        "8": {
            "x": 0.44641798734664917,
            "y": 0.6066875457763672,
            "z": -0.04047028720378876
        },
        "9": {
            "x": 0.35903194546699524,
            "y": 0.541269838809967,
            "z": 0.004319245461374521
        },
        "10": {
            "x": 0.47302475571632385,
            "y": 0.5176407694816589,
            "z": -0.01634681038558483
        },
        "11": {
            "x": 0.4753047227859497,
            "y": 0.5830031037330627,
            "z": -0.01977364905178547
        },
        "12": {
            "x": 0.4485699534416199,
            "y": 0.6136589646339417,
            "z": -0.019307708367705345
        },
        "13": {
            "x": 0.36246535181999207,
            "y": 0.5526068210601807,
            "z": -0.009203203022480011
        },
        "14": {
            "x": 0.4730079174041748,
            "y": 0.5326737761497498,
            "z": -0.027857158333063126
        },
        "15": {
            "x": 0.4741190969944,
            "y": 0.5946249961853027,
            "z": -0.021502504125237465
        },
        "16": {
            "x": 0.4484766125679016,
            "y": 0.6252473592758179,
            "z": -0.014141454361379147
        },
        "17": {
            "x": 0.375697523355484,
            "y": 0.5720237493515015,
            "z": -0.02443789504468441
        },
        "18": {
            "x": 0.4619040787220001,
            "y": 0.5612884759902954,
            "z": -0.035191610455513
        },
        "19": {
            "x": 0.4631194770336151,
            "y": 0.6084747314453125,
            "z": -0.030562734231352806
        },
        "20": {
            "x": 0.4405275583267212,
            "y": 0.6339693665504456,
            "z": -0.02503412589430809
        }
    }
}