{
    "А": {
        "0": {
            "x": 0.42532652616500854,
            "y": 0.7918431162834167,
            "z": -4.718069988030038e-07
        },
        "1": {
            "x": 0.49960893392562866,
            "y": 0.7227551341056824,
            "z": -0.0012443987652659416
        },
        "2": {
            "x": 0.5098713040351868,
            "y": 0.6347483396530151,
            "z": -0.0025820243172347546
        },
        "3": {
            "x": 0.5136103630065918,
            "y": 0.5684812068939209,
            "z": -0.0076883030124008656
        },
        "4": {
            "x": 0.5121378302574158,
            "y": 0.5151933431625366,
            "z": -0.007252849638462067
        },
        "5": {
            "x": 0.3975149691104889,
            "y": 0.5074976682662964,
            "z": 0.018336795270442963
        },
        "6": {
            "x": 0.5148223638534546,
            "y": 0.4882705807685852,
            "z": -0.006650970783084631
        },
        "7": {
            "x": 0.523248016834259,
            "y": 0.5615352988243103,
            "z": -0.0263302493840456
        },
        "8": {
            "x": 0.4907779395580292,
            "y": 0.6009198427200317,
            "z": -0.03876572847366333
        },
        "9": {
            "x": 0.3911669850349426,
            "y": 0.5032945275306702,
            "z": 0.007094875443726778
        },
        "10": {
            "x": 0.5247895121574402,
            "y": 0.4803450107574463,
            "z": -0.01691390573978424
        },
        "11": {
            "x": 0.5277833938598633,
            "y": 0.563877284526825,
            "z": -0.02143067866563797
        },
        "12": {
            "x": 0.4954325556755066,
            "y": 0.6065021753311157,
            "z": -0.01999339833855629
        },
        "13": {
            "x": 0.398057222366333,
            "y": 0.5121278762817383,
            "z": -0.00853730458766222
        },
        "14": {
            "x": 0.5281409621238708,
            "y": 0.49567970633506775,
            "z": -0.03139037638902664
        },
        "15": {
            "x": 0.5283303260803223,
            "y": 0.5773103833198547,
            "z": -0.0242630485445261
        },
        "16": {
            "x": 0.4959902763366699,
            "y": 0.617857038974762,
            "z": -0.014323065057396889
        },
        "17": {
            "x": 0.4149254262447357,
            "y": 0.5336112976074219,
            "z": -0.025693146511912346
        },
        "18": {
            "x": 0.5190942883491516,
            "y": 0.5230484008789062,
            "z": -0.03717130050063133
        },
        "19": {
            "x": 0.5187835693359375,
            "y": 0.5841019153594971,
            "z": -0.030316736549139023
        },
        "20": {
            "x": 0.4903552830219269,
            "y": 0.6180239915847778,
            "z": -0.02245371602475643
        }
    }
}