{
    "А": {
        "0": {
            "x": 0.45417505502700806,
            "y": 0.6753402948379517,
            "z": -6.354800348162826e-07
        },
        "1": {
            "x": 0.5420674085617065,
            "y": 0.5809205770492554,
            "z": 0.002530106343328953
        },
        "2": {
            "x": 0.555397629737854,
            "y": 0.4724633991718292,
            "z": 0.002913934178650379
        },
        "3": {
            "x": 0.5558776259422302,
            "y": 0.40018323063850403,
            "z": -0.002994427690282464
        },
        "4": {
            "x": 0.5560259222984314,
            "y": 0.33656495809555054,
            "z": -0.0014748075045645237
        },
        "5": {
            "x": 0.446388840675354,
            "y": 0.33381396532058716,
            "z": 0.0341990664601326
        },
        "6": {
            "x": 0.5727874040603638,
            "y": 0.32973402738571167,
            "z": 0.0017906936118379235
        },
        "7": {
            "x": 0.5731093287467957,
            "y": 0.4124217927455902,
            "z": -0.02248162031173706
        },
        "8": {
            "x": 0.5323805809020996,
            "y": 0.44019240140914917,
            "z": -0.0379936583340168
        },
        "9": {
            "x": 0.43136799335479736,
            "y": 0.32698142528533936,
            "z": 0.016889484599232674
        },
        "10": {
            "x": 0.5768094658851624,
            "y": 0.3240220546722412,
            "z": -0.01653384044766426
        },
        "11": {
            "x": 0.5731180906295776,
            "y": 0.4206056296825409,
            "z": -0.024131296202540398
        },
        "12": {
            "x": 0.5351141691207886,
            "y": 0.45448389649391174,
            "z": -0.02298252284526825
        },
        "13": {
            "x": 0.4298638701438904,
            "y": 0.33802956342697144,
            "z": -0.006726132705807686
        },
        "14": {
            "x": 0.5737981200218201,
            "y": 0.3402232825756073,
            "z": -0.036442697048187256
        },
        "15": {
            "x": 0.5678544640541077,
            "y": 0.4331635534763336,
            "z": -0.028009066358208656
        },
        "16": {
            "x": 0.5288717746734619,
            "y": 0.4678680896759033,
            "z": -0.015901731327176094
        },
        "17": {
            "x": 0.4403950870037079,
            "y": 0.3638935983181,
            "z": -0.03233253210783005
        },
        "18": {
            "x": 0.5559729337692261,
            "y": 0.36937105655670166,
            "z": -0.04821531102061272
        },
        "19": {
            "x": 0.5512124300003052,
            "y": 0.43527862429618835,
            "z": -0.04167988523840904
        },
        "20": {
            "x": 0.5154988169670105,
            "y": 0.4616186320781708,
            "z": -0.03322215750813484
        }
    }
}