{
    "А": {
        "0": {
            "x": 0.5325915813446045,
            "y": 0.5157257914543152,
            "z": -5.652888717122551e-07
        },
        "1": {
            "x": 0.6126462817192078,
            "y": 0.4488842189311981,
            "z": 0.010967082343995571
        },
        "2": {
            "x": 0.6266468167304993,
            "y": 0.3625035583972931,
            "z": 0.017440035939216614
        },
        "3": {
            "x": 0.6346923112869263,
            "y": 0.3063364624977112,
            "z": 0.015136211179196835
        },
        "4": {
            "x": 0.6381386518478394,
            "y": 0.25824201107025146,
            "z": 0.01895271986722946
        },
        "5": {
            "x": 0.5201253890991211,
            "y": 0.24638688564300537,
            "z": 0.05197268724441528
        },
        "6": {
            "x": 0.632215142250061,
            "y": 0.22512346506118774,
            "z": 0.028033262118697166
        },
        "7": {
            "x": 0.6353638768196106,
            "y": 0.2918289303779602,
            "z": 0.006264638155698776
        },
        "8": {
            "x": 0.6009067893028259,
            "y": 0.3299088478088379,
            "z": -0.0071839336305856705
        },
        "9": {
            "x": 0.5105741024017334,
            "y": 0.2343849241733551,
            "z": 0.03373585268855095
        },
        "10": {
            "x": 0.6391165852546692,
            "y": 0.21342048048973083,
            "z": 0.006728797219693661
        },
        "11": {
            "x": 0.6346147060394287,
            "y": 0.2919885814189911,
            "z": -0.006384842097759247
        },
        "12": {
            "x": 0.5991159677505493,
            "y": 0.3312967121601105,
            "z": -0.009115701541304588
        },
        "13": {
            "x": 0.5142282247543335,
            "y": 0.23021456599235535,
            "z": 0.010025512427091599
        },
        "14": {
            "x": 0.6400085687637329,
            "y": 0.21579237282276154,
            "z": -0.013353982008993626
        },
        "15": {
            "x": 0.6333778500556946,
            "y": 0.29263243079185486,
            "z": -0.013739211484789848
        },
        "16": {
            "x": 0.5978444218635559,
            "y": 0.3296961784362793,
            "z": -0.007733713835477829
        },
        "17": {
            "x": 0.5290575623512268,
            "y": 0.23142680525779724,
            "z": -0.014973975718021393
        },
        "18": {
            "x": 0.6312134265899658,
            "y": 0.23340477049350739,
            "z": -0.025244273245334625
        },
        "19": {
            "x": 0.6223582625389099,
            "y": 0.2894519567489624,
            "z": -0.023884693160653114
        },
        "20": {
            "x": 0.5879482626914978,
            "y": 0.31660211086273193,
            "z": -0.020262259989976883
        }
    }
}