{
    "А": {
        "0": {
            "x": 0.25555723905563354,
            "y": 0.45240721106529236,
            "z": -1.474726758488032e-07
        },
        "1": {
            "x": 0.3390580117702484,
            "y": 0.4468748867511749,
            "z": 0.028043005615472794
        },
        "2": {
            "x": 0.37465810775756836,
            "y": 0.41470181941986084,
            "z": 0.04638855159282684
        },
        "3": {
            "x": 0.3936082124710083,
            "y": 0.3556498885154724,
            "z": 0.04741709679365158
        },
        "4": {
            "x": 0.39440062642097473,
            "y": 0.29335567355155945,
            "z": 0.04881533235311508
        },
        "5": {
            "x": 0.32071051001548767,
            "y": 0.3323317766189575,
            "z": 0.11673995852470398
        },
        "6": {
            "x": 0.35354083776474,
            "y": 0.29841044545173645,
            "z": 0.11347062885761261
        },
        "7": {
            "x": 0.35839879512786865,
            "y": 0.3282851278781891,
            "z": 0.10144789516925812
        },
        "8": {
            "x": 0.33713722229003906,
            "y": 0.36211568117141724,
            "z": 0.09866873919963837
        },
        "9": {
            "x": 0.30998852849006653,
            "y": 0.2996425926685333,
            "z": 0.09444551914930344
        },
        "10": {
            "x": 0.35989904403686523,
            "y": 0.26896411180496216,
            "z": 0.08164666593074799
        },
        "11": {
            "x": 0.3516739010810852,
            "y": 0.3252273201942444,
            "z": 0.05937181040644646
        },
        "12": {
            "x": 0.31562820076942444,
            "y": 0.35638827085494995,
            "z": 0.05369912087917328
        },
        "13": {
            "x": 0.2923242747783661,
            "y": 0.2620862126350403,
            "z": 0.06523356586694717
        },
        "14": {
            "x": 0.3533247113227844,
            "y": 0.2336270958185196,
            "z": 0.04010242596268654
        },
        "15": {
            "x": 0.3394569456577301,
            "y": 0.30237752199172974,
            "z": 0.02352968417108059
        },
        "16": {
            "x": 0.2995641231536865,
            "y": 0.3353390693664551,
            "z": 0.024645864963531494
        },
        "17": {
            "x": 0.26421457529067993,
            "y": 0.22466757893562317,
            "z": 0.038703180849552155
        },
        "18": {
            "x": 0.3271467089653015,
            "y": 0.21028071641921997,
            "z": 0.02619612030684948
        },
        "19": {
            "x": 0.32304346561431885,
            "y": 0.26605063676834106,
            "z": 0.02624913677573204
        },
        "20": {
            "x": 0.29386380314826965,
            "y": 0.30241164565086365,
            "z": 0.03234509751200676
        }
    }
}