{
    "К": {
        "0": {
            "x": 0.4303162395954132,
            "y": 0.8407012820243835,
            "z": 4.337616132943367e-07
        },
        "1": {
            "x": 0.47896867990493774,
            "y": 0.7752193212509155,
            "z": -0.01279368158429861
        },
        "2": {
            "x": 0.4948230981826782,
            "y": 0.6995802521705627,
            "z": -0.01905840076506138
        },
        "3": {
            "x": 0.4860057234764099,
            "y": 0.6397302150726318,
            "z": -0.02919340506196022
        },
        "4": {
            "x": 0.47594165802001953,
            "y": 0.5816582441329956,
            "z": -0.037500929087400436
        },
        "5": {
            "x": 0.4578186273574829,
            "y": 0.596208930015564,
            "z": -0.005329280626028776
        },
        "6": {
            "x": 0.46043258905410767,
            "y": 0.49390465021133423,
            "z": -0.02190285734832287
        },
        "7": {
            "x": 0.4597685933113098,
            "y": 0.434062659740448,
            "z": -0.03222663700580597
        },
        "8": {
            "x": 0.456836462020874,
            "y": 0.383453905582428,
            "z": -0.03864746168255806
        },
        "9": {
            "x": 0.42501312494277954,
            "y": 0.6022847890853882,
            "z": -0.015430215746164322
        },
        "10": {
            "x": 0.40614545345306396,
            "y": 0.4900316298007965,
            "z": -0.038273461163043976
        },
        "11": {
            "x": 0.3995269238948822,
            "y": 0.4204683303833008,
            "z": -0.0539056770503521
        },
        "12": {
            "x": 0.3938465118408203,
            "y": 0.368175745010376,
            "z": -0.06227128580212593
        },
        "13": {
            "x": 0.39924201369285583,
            "y": 0.6297587752342224,
            "z": -0.02821287140250206
        },
        "14": {
            "x": 0.4033520817756653,
            "y": 0.549762487411499,
            "z": -0.0641370564699173
        },
        "15": {
            "x": 0.4415806829929352,
            "y": 0.5703942775726318,
            "z": -0.07435090094804764
        },
        "16": {
            "x": 0.46892663836479187,
            "y": 0.5998572111129761,
            "z": -0.07142847031354904
        },
        "17": {
            "x": 0.38093826174736023,
            "y": 0.6700207591056824,
            "z": -0.04164745658636093
        },
        "18": {
            "x": 0.40253716707229614,
            "y": 0.6078475713729858,
            "z": -0.07181993126869202
        },
        "19": {
            "x": 0.44062530994415283,
            "y": 0.5977659821510315,
            "z": -0.07866296172142029
        },
        "20": {
            "x": 0.47237417101860046,
            "y": 0.6021198630332947,
            "z": -0.07695124298334122
        }
    }
}