{
    "К": {
        "0": {
            "x": 0.24671921133995056,
            "y": 0.7312241196632385,
            "z": 1.7824032738644746e-07
        },
        "1": {
            "x": 0.28843969106674194,
            "y": 0.6682337522506714,
            "z": -0.04655318334698677
        },
        "2": {
            "x": 0.2872043251991272,
            "y": 0.5984676480293274,
            "z": -0.06459567695856094
        },
        "3": {
            "x": 0.24848496913909912,
            "y": 0.5765363574028015,
            "z": -0.07949354499578476
        },
        "4": {
            "x": 0.19883057475090027,
            "y": 0.5641740560531616,
            "z": -0.09241866320371628
        },
        "5": {
            "x": 0.2113109976053238,
            "y": 0.4816915988922119,
            "z": -0.028176896274089813
        },
        "6": {
            "x": 0.15743468701839447,
            "y": 0.41059380769729614,
            "z": -0.053049951791763306
        },
        "7": {
            "x": 0.11543520539999008,
            "y": 0.37326037883758545,
            "z": -0.07135708630084991
        },
        "8": {
            "x": 0.07793470472097397,
            "y": 0.3432565927505493,
            "z": -0.08314066380262375
        },
        "9": {
            "x": 0.1760345995426178,
            "y": 0.5111167430877686,
            "z": -0.02292865514755249
        },
        "10": {
            "x": 0.11541608721017838,
            "y": 0.4645248353481293,
            "z": -0.057914476841688156
        },
        "11": {
            "x": 0.06859509646892548,
            "y": 0.4525153934955597,
            "z": -0.08070360869169235
        },
        "12": {
            "x": 0.03150542080402374,
            "y": 0.44751736521720886,
            "z": -0.09002191573381424
        },
        "13": {
            "x": 0.15715639293193817,
            "y": 0.5561093091964722,
            "z": -0.023113595321774483
        },
        "14": {
            "x": 0.12009083479642868,
            "y": 0.5407801270484924,
            "z": -0.0710148960351944
        },
        "15": {
            "x": 0.15216012299060822,
            "y": 0.593453049659729,
            "z": -0.08255358785390854
        },
        "16": {
            "x": 0.181435689330101,
            "y": 0.6317532062530518,
            "z": -0.07557307183742523
        },
        "17": {
            "x": 0.15086312592029572,
            "y": 0.6101832389831543,
            "z": -0.02680305764079094
        },
        "18": {
            "x": 0.12700797617435455,
            "y": 0.5835074782371521,
            "z": -0.06541004031896591
        },
        "19": {
            "x": 0.15544787049293518,
            "y": 0.6130596399307251,
            "z": -0.0702851265668869
        },
        "20": {
            "x": 0.18630649149417877,
            "y": 0.6374192237854004,
            "z": -0.06363730877637863
        }
    }
}