{
    "К": {
        "0": {
            "x": 0.3647395670413971,
            "y": 0.763170063495636,
            "z": 8.725134534870449e-07
        },
        "1": {
            "x": 0.4016309678554535,
            "y": 0.6830047369003296,
            "z": -0.008875175379216671
        },
        "2": {
            "x": 0.4517920911312103,
            "y": 0.6347519755363464,
            "z": -0.05019832029938698
        },
        "3": {
            "x": 0.5131755471229553,
            "y": 0.631540834903717,
            "z": -0.09077252447605133
        },
        "4": {
            "x": 0.5669698715209961,
            "y": 0.6377647519111633,
            "z": -0.13031838834285736
        },
        "5": {
            "x": 0.3910983204841614,
            "y": 0.6075059175491333,
            "z": -0.11475716531276703
        },
        "6": {
            "x": 0.4151255190372467,
            "y": 0.5438819527626038,
            "z": -0.170479416847229
        },
        "7": {
            "x": 0.4335330128669739,
            "y": 0.5043131113052368,
            "z": -0.20734985172748566
        },
        "8": {
            "x": 0.4463108479976654,
            "y": 0.4655897617340088,
            "z": -0.23535405099391937
        },
        "9": {
            "x": 0.3834853172302246,
            "y": 0.6405524611473083,
            "z": -0.1345616579055786
        },
        "10": {
            "x": 0.4205303192138672,
            "y": 0.582858681678772,
            "z": -0.21278493106365204
        },
        "11": {
            "x": 0.4460834562778473,
            "y": 0.5293395519256592,
            "z": -0.25356119871139526
        },
        "12": {
            "x": 0.4622116684913635,
            "y": 0.4893515706062317,
            "z": -0.2828051745891571
        },
        "13": {
            "x": 0.38941892981529236,
            "y": 0.6876409649848938,
            "z": -0.1464017629623413
        },
        "14": {
            "x": 0.4720459282398224,
            "y": 0.6592830419540405,
            "z": -0.190979465842247
        },
        "15": {
            "x": 0.5094183683395386,
            "y": 0.6584441661834717,
            "z": -0.1836891919374466
        },
        "16": {
            "x": 0.5230530500411987,
            "y": 0.6633942723274231,
            "z": -0.1784272938966751
        },
        "17": {
            "x": 0.40884214639663696,
            "y": 0.7314819097518921,
            "z": -0.15915663540363312
        },
        "18": {
            "x": 0.4722689986228943,
            "y": 0.7066551446914673,
            "z": -0.18305237591266632
        },
        "19": {
            "x": 0.5000205636024475,
            "y": 0.702757716178894,
            "z": -0.17767150700092316
        },
        "20": {
            "x": 0.5141358971595764,
            "y": 0.6981512308120728,
            "z": -0.17465592920780182
        }
    }
}