{
    "К": {
        "0": {
            "x": 0.7234005331993103,
            "y": 0.8566049337387085,
            "z": 3.969508952650358e-07
        },
        "1": {
            "x": 0.6609458327293396,
            "y": 0.8215949535369873,
            "z": 0.0010070549324154854
        },
        "2": {
            "x": 0.6336401700973511,
            "y": 0.7533987164497375,
            "z": -0.001975152175873518
        },
        "3": {
            "x": 0.6230604648590088,
            "y": 0.6927558183670044,
            "z": -0.012841018848121166
        },
        "4": {
            "x": 0.6261593103408813,
            "y": 0.6407763957977295,
            "z": -0.021736977621912956
        },
        "5": {
            "x": 0.6731064915657043,
            "y": 0.6548433303833008,
            "z": 0.02591286413371563
        },
        "6": {
            "x": 0.6643708348274231,
            "y": 0.572951078414917,
            "z": 0.02261999063193798
        },
        "7": {
            "x": 0.6565333604812622,
            "y": 0.5214988589286804,
            "z": 0.022476084530353546
        },
        "8": {
            "x": 0.6539667248725891,
            "y": 0.48164406418800354,
            "z": 0.023553255945444107
        },
        "9": {
            "x": 0.6977868676185608,
            "y": 0.6473835706710815,
            "z": 0.010763140395283699
        },
        "10": {
            "x": 0.6793707013130188,
            "y": 0.5457134246826172,
            "z": 0.0010968014830723405
        },
        "11": {
            "x": 0.6663520932197571,
            "y": 0.4866720736026764,
            "z": -0.004402683582156897
        },
        "12": {
            "x": 0.6557433009147644,
            "y": 0.4396542012691498,
            "z": -0.004722080659121275
        },
        "13": {
            "x": 0.7216663360595703,
            "y": 0.6505043506622314,
            "z": -0.007769364397972822
        },
        "14": {
            "x": 0.6697355508804321,
            "y": 0.6027327179908752,
            "z": -0.031631045043468475
        },
        "15": {
            "x": 0.6426369547843933,
            "y": 0.6468567252159119,
            "z": -0.03559977561235428
        },
        "16": {
            "x": 0.6290854811668396,
            "y": 0.6903968453407288,
            "z": -0.02921207621693611
        },
        "17": {
            "x": 0.7358928918838501,
            "y": 0.6591041684150696,
            "z": -0.02675713039934635
        },
        "18": {
            "x": 0.6822662949562073,
            "y": 0.618395209312439,
            "z": -0.04348507151007652
        },
        "19": {
            "x": 0.6475874781608582,
            "y": 0.6278248429298401,
            "z": -0.044105663895606995
        },
        "20": {
            "x": 0.6214340925216675,
            "y": 0.6449432373046875,
            "z": -0.04015721008181572
        }
    }
}