{
    "К": {
        "0": {
            "x": 0.7605385184288025,
            "y": 0.8285571932792664,
            "z": 6.573648079211125e-07
        },
        "1": {
            "x": 0.7028489708900452,
            "y": 0.7689203023910522,
            "z": -0.013075544498860836
        },
        "2": {
            "x": 0.6656911373138428,
            "y": 0.7087410092353821,
            "z": -0.030975734815001488
        },
        "3": {
            "x": 0.6485016345977783,
            "y": 0.6617997884750366,
            "z": -0.05438343808054924
        },
        "4": {
            "x": 0.6637077927589417,
            "y": 0.6419738531112671,
            "z": -0.07677312195301056
        },
        "5": {
            "x": 0.7327450513839722,
            "y": 0.5755521655082703,
            "z": -0.02351316809654236
        },
        "6": {
            "x": 0.7413173913955688,
            "y": 0.4820050597190857,
            "z": -0.05108143761754036
        },
        "7": {
            "x": 0.7460767030715942,
            "y": 0.4205017685890198,
            "z": -0.06843768805265427
        },
        "8": {
            "x": 0.7520784735679626,
            "y": 0.36736440658569336,
            "z": -0.07852275669574738
        },
        "9": {
            "x": 0.7711307406425476,
            "y": 0.5849055051803589,
            "z": -0.038916267454624176
        },
        "10": {
            "x": 0.7727108001708984,
            "y": 0.4724683165550232,
            "z": -0.06514834612607956
        },
        "11": {
            "x": 0.7705775499343872,
            "y": 0.39690732955932617,
            "z": -0.08000803738832474
        },
        "12": {
            "x": 0.7647952437400818,
            "y": 0.3330102562904358,
            "z": -0.08669745177030563
        },
        "13": {
            "x": 0.7991004586219788,
            "y": 0.6209158897399902,
            "z": -0.05603430047631264
        },
        "14": {
            "x": 0.7312452793121338,
            "y": 0.5871180295944214,
            "z": -0.08964095264673233
        },
        "15": {
            "x": 0.7021505832672119,
            "y": 0.6369464993476868,
            "z": -0.09235354512929916
        },
        "16": {
            "x": 0.6901870369911194,
            "y": 0.6816369295120239,
            "z": -0.08396319299936295
        },
        "17": {
            "x": 0.8055996894836426,
            "y": 0.6732844114303589,
            "z": -0.07500217109918594
        },
        "18": {
            "x": 0.7390450835227966,
            "y": 0.6594305038452148,
            "z": -0.09546489268541336
        },
        "19": {
            "x": 0.6981242895126343,
            "y": 0.6764317154884338,
            "z": -0.09242843836545944
        },
        "20": {
            "x": 0.6717923283576965,
            "y": 0.6956284046173096,
            "z": -0.0847250372171402
        }
    }
}