{
    "К": {
        "0": {
            "x": 0.835454523563385,
            "y": 0.6683409214019775,
            "z": 4.776080686497153e-07
        },
        "1": {
            "x": 0.7765553593635559,
            "y": 0.6079835295677185,
            "z": -0.010767198167741299
        },
        "2": {
            "x": 0.7310429215431213,
            "y": 0.5579460263252258,
            "z": -0.02908119559288025
        },
        "3": {
            "x": 0.6937163472175598,
            "y": 0.5527087450027466,
            "z": -0.04849272966384888
        },
        "4": {
            "x": 0.6735804080963135,
            "y": 0.5719296932220459,
            "z": -0.06867485493421555
        },
        "5": {
            "x": 0.7892712354660034,
            "y": 0.48778098821640015,
            "z": -0.04180368781089783
        },
        "6": {
            "x": 0.7628185749053955,
            "y": 0.43514353036880493,
            "z": -0.06338071078062057
        },
        "7": {
            "x": 0.7466063499450684,
            "y": 0.40010303258895874,
            "z": -0.07571186125278473
        },
        "8": {
            "x": 0.7345615029335022,
            "y": 0.3637322187423706,
            "z": -0.08524032682180405
        },
        "9": {
            "x": 0.8058984279632568,
            "y": 0.5088372826576233,
            "z": -0.052876196801662445
        },
        "10": {
            "x": 0.7704569101333618,
            "y": 0.45269739627838135,
            "z": -0.07649217545986176
        },
        "11": {
            "x": 0.7506051659584045,
            "y": 0.41173434257507324,
            "z": -0.08973333239555359
        },
        "12": {
            "x": 0.7330869436264038,
            "y": 0.3744170069694519,
            "z": -0.09959029406309128
        },
        "13": {
            "x": 0.8122977614402771,
            "y": 0.5501790642738342,
            "z": -0.06319192051887512
        },
        "14": {
            "x": 0.7264586091041565,
            "y": 0.5514680743217468,
            "z": -0.09181363880634308
        },
        "15": {
            "x": 0.6908637285232544,
            "y": 0.5831106305122375,
            "z": -0.10094285756349564
        },
        "16": {
            "x": 0.6730195879936218,
            "y": 0.6062529683113098,
            "z": -0.10294875502586365
        },
        "17": {
            "x": 0.8081642389297485,
            "y": 0.6037359237670898,
            "z": -0.07358590513467789
        },
        "18": {
            "x": 0.7359194159507751,
            "y": 0.607042133808136,
            "z": -0.09431706368923187
        },
        "19": {
            "x": 0.6967685222625732,
            "y": 0.6141148805618286,
            "z": -0.1007939949631691
        },
        "20": {
            "x": 0.6705366969108582,
            "y": 0.6181892156600952,
            "z": -0.104279063642025
        }
    }
}