{
    "К": {
        "0": {
            "x": 0.48341935873031616,
            "y": 0.7652195692062378,
            "z": 7.762380391795887e-07
        },
        "1": {
            "x": 0.5113894939422607,
            "y": 0.6766837239265442,
            "z": -0.004493487998843193
        },
        "2": {
            "x": 0.5475241541862488,
            "y": 0.603864848613739,
            "z": -0.028682300820946693
        },
        "3": {
            "x": 0.591950535774231,
            "y": 0.5807758569717407,
            "z": -0.05749943479895592
        },
        "4": {
            "x": 0.6154589056968689,
            "y": 0.6077378392219543,
            "z": -0.08574885874986649
        },
        "5": {
            "x": 0.483244389295578,
            "y": 0.5685022473335266,
            "z": -0.04407825693488121
        },
        "6": {
            "x": 0.5135611891746521,
            "y": 0.5030052661895752,
            "z": -0.07556122541427612
        },
        "7": {
            "x": 0.5351744294166565,
            "y": 0.4627048373222351,
            "z": -0.09790213406085968
        },
        "8": {
            "x": 0.5538389086723328,
            "y": 0.43062132596969604,
            "z": -0.11516711115837097
        },
        "9": {
            "x": 0.48017817735671997,
            "y": 0.6082492470741272,
            "z": -0.0649760514497757
        },
        "10": {
            "x": 0.5254811644554138,
            "y": 0.540205180644989,
            "z": -0.1052851676940918
        },
        "11": {
            "x": 0.5498247742652893,
            "y": 0.49037113785743713,
            "z": -0.12789709866046906
        },
        "12": {
            "x": 0.5690022110939026,
            "y": 0.4516913890838623,
            "z": -0.14430341124534607
        },
        "13": {
            "x": 0.48854586482048035,
            "y": 0.6594133973121643,
            "z": -0.0839812159538269
        },
        "14": {
            "x": 0.5800056457519531,
            "y": 0.6161673069000244,
            "z": -0.11054018884897232
        },
        "15": {
            "x": 0.5888249278068542,
            "y": 0.6410541534423828,
            "z": -0.10223885625600815
        },
        "16": {
            "x": 0.5759652256965637,
            "y": 0.6605543494224548,
            "z": -0.094460628926754
        },
        "17": {
            "x": 0.5093396306037903,
            "y": 0.707627534866333,
            "z": -0.10514192283153534
        },
        "18": {
            "x": 0.5833761692047119,
            "y": 0.6686820387840271,
            "z": -0.11714241653680801
        },
        "19": {
            "x": 0.5871864557266235,
            "y": 0.6782872080802917,
            "z": -0.10731784999370575
        },
        "20": {
            "x": 0.5715357065200806,
            "y": 0.6887249946594238,
            "z": -0.10009375214576721
        }
    }
}