{
    "К": {
        "0": {
            "x": 0.5052792429924011,
            "y": 0.7699311971664429,
            "z": 7.88495867709571e-07
        },
        "1": {
            "x": 0.5741336345672607,
            "y": 0.7085759043693542,
            "z": -0.005338821094483137
        },
        "2": {
            "x": 0.5964797139167786,
            "y": 0.6481323838233948,
            "z": -0.019174398854374886
        },
        "3": {
            "x": 0.6105843782424927,
            "y": 0.6051405668258667,
            "z": -0.039166633039712906
        },
        "4": {
            "x": 0.6180925369262695,
            "y": 0.5769752860069275,
            "z": -0.056944336742162704
        },
        "5": {
            "x": 0.5195262432098389,
            "y": 0.5433652400970459,
            "z": -0.00989434402436018
        },
        "6": {
            "x": 0.5489949584007263,
            "y": 0.4540061354637146,
            "z": -0.03574090078473091
        },
        "7": {
            "x": 0.5665308833122253,
            "y": 0.39040419459342957,
            "z": -0.05195033550262451
        },
        "8": {
            "x": 0.5771141648292542,
            "y": 0.3394604027271271,
            "z": -0.061317328363657
        },
        "9": {
            "x": 0.5061418414115906,
            "y": 0.5489286780357361,
            "z": -0.02577805332839489
        },
        "10": {
            "x": 0.5485745668411255,
            "y": 0.4466592073440552,
            "z": -0.057558413594961166
        },
        "11": {
            "x": 0.5746831893920898,
            "y": 0.380553275346756,
            "z": -0.07305943965911865
        },
        "12": {
            "x": 0.5909619331359863,
            "y": 0.3254222869873047,
            "z": -0.07837614417076111
        },
        "13": {
            "x": 0.5075825452804565,
            "y": 0.5703324675559998,
            "z": -0.04304714873433113
        },
        "14": {
            "x": 0.5966870188713074,
            "y": 0.545381486415863,
            "z": -0.07732486724853516
        },
        "15": {
            "x": 0.6046879887580872,
            "y": 0.6010387539863586,
            "z": -0.07709880918264389
        },
        "16": {
            "x": 0.5937599539756775,
            "y": 0.6380687952041626,
            "z": -0.06666213274002075
        },
        "17": {
            "x": 0.5242127180099487,
            "y": 0.6023480892181396,
            "z": -0.06169186905026436
        },
        "18": {
            "x": 0.5985530018806458,
            "y": 0.5990847945213318,
            "z": -0.08004685491323471
        },
        "19": {
            "x": 0.6023973822593689,
            "y": 0.6406775712966919,
            "z": -0.07417059689760208
        },
        "20": {
            "x": 0.5910720825195312,
            "y": 0.6676091551780701,
            "z": -0.06440003216266632
        }
    }
}