{
    "К": {
        "0": {
            "x": 0.4978998303413391,
            "y": 0.8204050064086914,
            "z": 7.016472522991535e-07
        },
        "1": {
            "x": 0.5483716726303101,
            "y": 0.7474725842475891,
            "z": -0.005732440389692783
        },
        "2": {
            "x": 0.5834158658981323,
            "y": 0.6877850294113159,
            "z": -0.028726238757371902
        },
        "3": {
            "x": 0.6187133193016052,
            "y": 0.6554771065711975,
            "z": -0.058020979166030884
        },
        "4": {
            "x": 0.6447234749794006,
            "y": 0.6613375544548035,
            "z": -0.08567129075527191
        },
        "5": {
            "x": 0.5102671980857849,
            "y": 0.6136456727981567,
            "z": -0.025873864069581032
        },
        "6": {
            "x": 0.5274513959884644,
            "y": 0.5565958619117737,
            "z": -0.0574897900223732
        },
        "7": {
            "x": 0.5346247553825378,
            "y": 0.5075156092643738,
            "z": -0.08004848659038544
        },
        "8": {
            "x": 0.5371955037117004,
            "y": 0.4682472348213196,
            "z": -0.09681110829114914
        },
        "9": {
            "x": 0.4944734573364258,
            "y": 0.6411054134368896,
            "z": -0.04767778888344765
        },
        "10": {
            "x": 0.5216879844665527,
            "y": 0.574035108089447,
            "z": -0.08957096189260483
        },
        "11": {
            "x": 0.5314706563949585,
            "y": 0.5249460935592651,
            "z": -0.11233443766832352
        },
        "12": {
            "x": 0.5360565185546875,
            "y": 0.4771351218223572,
            "z": -0.12599916756153107
        },
        "13": {
            "x": 0.4899383783340454,
            "y": 0.6872479915618896,
            "z": -0.06921526044607162
        },
        "14": {
            "x": 0.5835117101669312,
            "y": 0.657233715057373,
            "z": -0.10190915316343307
        },
        "15": {
            "x": 0.5994856357574463,
            "y": 0.6979050636291504,
            "z": -0.0906299576163292
        },
        "16": {
            "x": 0.5907989144325256,
            "y": 0.7206758856773376,
            "z": -0.07717463374137878
        },
        "17": {
            "x": 0.5027766227722168,
            "y": 0.739722490310669,
            "z": -0.09324166178703308
        },
        "18": {
            "x": 0.5828525424003601,
            "y": 0.7132985591888428,
            "z": -0.10873861610889435
        },
        "19": {
            "x": 0.5928555727005005,
            "y": 0.7382456064224243,
            "z": -0.09528979659080505
        },
        "20": {
            "x": 0.5789281725883484,
            "y": 0.7539912462234497,
            "z": -0.0828479528427124
        }
    }
}