{
    "К": {
        "0": {
            "x": 0.5275348424911499,
            "y": 0.7959691286087036,
            "z": 7.337805527640739e-07
        },
        "1": {
            "x": 0.5898737907409668,
            "y": 0.7353972792625427,
            "z": -0.0065809511579573154
        },
        "2": {
            "x": 0.6160764098167419,
            "y": 0.6725319623947144,
            "z": -0.02223704196512699
        },
        "3": {
            "x": 0.6323739886283875,
            "y": 0.6273080706596375,
            "z": -0.044138096272945404
        },
        "4": {
            "x": 0.6419932246208191,
            "y": 0.6028180122375488,
            "z": -0.06341573596000671
        },
        "5": {
            "x": 0.545229434967041,
            "y": 0.5578363537788391,
            "z": -0.010711850598454475
        },
        "6": {
            "x": 0.560599148273468,
            "y": 0.47100135684013367,
            "z": -0.0364454947412014
        },
        "7": {
            "x": 0.5703404545783997,
            "y": 0.4085838794708252,
            "z": -0.05204622447490692
        },
        "8": {
            "x": 0.5771973729133606,
            "y": 0.3584045469760895,
            "z": -0.06137312948703766
        },
        "9": {
            "x": 0.5196723341941833,
            "y": 0.5676459670066833,
            "z": -0.028484076261520386
        },
        "10": {
            "x": 0.5448501706123352,
            "y": 0.4632914066314697,
            "z": -0.0606357716023922
        },
        "11": {
            "x": 0.5669413805007935,
            "y": 0.3964899182319641,
            "z": -0.07590346783399582
        },
        "12": {
            "x": 0.5831254124641418,
            "y": 0.3425738215446472,
            "z": -0.08104771375656128
        },
        "13": {
            "x": 0.5075057148933411,
            "y": 0.594028651714325,
            "z": -0.047955580055713654
        },
        "14": {
            "x": 0.594308078289032,
            "y": 0.5679035186767578,
            "z": -0.08345095068216324
        },
        "15": {
            "x": 0.607442319393158,
            "y": 0.6252163052558899,
            "z": -0.08164038509130478
        },
        "16": {
            "x": 0.5991227626800537,
            "y": 0.6634091138839722,
            "z": -0.06972449272871017
        },
        "17": {
            "x": 0.5133422017097473,
            "y": 0.6320647597312927,
            "z": -0.06906647235155106
        },
        "18": {
            "x": 0.5912038683891296,
            "y": 0.6211075782775879,
            "z": -0.08995836228132248
        },
        "19": {
            "x": 0.6030381917953491,
            "y": 0.662144660949707,
            "z": -0.08343011885881424
        },
        "20": {
            "x": 0.5938494801521301,
            "y": 0.6898872256278992,
            "z": -0.07252801954746246
        }
    }
}