{
    "К": {
        "0": {
            "x": 0.5742465257644653,
            "y": 0.7073359489440918,
            "z": 8.440903798145882e-07
        },
        "1": {
            "x": 0.6319997310638428,
            "y": 0.6577334403991699,
            "z": -0.010234309360384941
        },
        "2": {
            "x": 0.6645253300666809,
            "y": 0.594829797744751,
            "z": -0.0289533082395792
        },
        "3": {
            "x": 0.6868029832839966,
            "y": 0.549233078956604,
            "z": -0.05291718989610672
        },
        "4": {
            "x": 0.6858913898468018,
            "y": 0.5284056067466736,
            "z": -0.07452502846717834
        },
        "5": {
            "x": 0.5925677418708801,
            "y": 0.46981319785118103,
            "z": -0.02269013598561287
        },
        "6": {
            "x": 0.6062223315238953,
            "y": 0.37561196088790894,
            "z": -0.05502031370997429
        },
        "7": {
            "x": 0.6142240762710571,
            "y": 0.3056413233280182,
            "z": -0.0752120167016983
        },
        "8": {
            "x": 0.6173099875450134,
            "y": 0.24835461378097534,
            "z": -0.08720654994249344
        },
        "9": {
            "x": 0.5630744695663452,
            "y": 0.47979122400283813,
            "z": -0.041300177574157715
        },
        "10": {
            "x": 0.5921521186828613,
            "y": 0.37039369344711304,
            "z": -0.07897229492664337
        },
        "11": {
            "x": 0.6154807209968567,
            "y": 0.29839813709259033,
            "z": -0.09633641690015793
        },
        "12": {
            "x": 0.6288239359855652,
            "y": 0.23637861013412476,
            "z": -0.10238716006278992
        },
        "13": {
            "x": 0.5458537936210632,
            "y": 0.5065757036209106,
            "z": -0.06130397319793701
        },
        "14": {
            "x": 0.6341781616210938,
            "y": 0.477902352809906,
            "z": -0.10225929319858551
        },
        "15": {
            "x": 0.6483344435691833,
            "y": 0.541391134262085,
            "z": -0.09885013103485107
        },
        "16": {
            "x": 0.6385514736175537,
            "y": 0.5831586122512817,
            "z": -0.08463044464588165
        },
        "17": {
            "x": 0.5466115474700928,
            "y": 0.546326220035553,
            "z": -0.08331234008073807
        },
        "18": {
            "x": 0.6277226805686951,
            "y": 0.5383822917938232,
            "z": -0.10867822915315628
        },
        "19": {
            "x": 0.6380451917648315,
            "y": 0.5841313600540161,
            "z": -0.10080301761627197
        },
        "20": {
            "x": 0.62430739402771,
            "y": 0.6140819787979126,
            "z": -0.08779878914356232
        }
    }
}