{
    "К": {
        "0": {
            "x": 0.31220293045043945,
            "y": 0.7690763473510742,
            "z": 1.6563350300202728e-06
        },
        "1": {
            "x": 0.3728322982788086,
            "y": 0.6536932587623596,
            "z": -0.05730398744344711
        },
        "2": {
            "x": 0.4159999191761017,
            "y": 0.5931092500686646,
            "z": -0.14930319786071777
        },
        "3": {
            "x": 0.4581027328968048,
            "y": 0.5888863801956177,
            "z": -0.2383383959531784
        },
        "4": {
            "x": 0.47271156311035156,
            "y": 0.6340128779411316,
            "z": -0.32363957166671753
        },
        "5": {
            "x": 0.3052801191806793,
            "y": 0.5300670266151428,
            "z": -0.18811017274856567
        },
        "6": {
            "x": 0.33607226610183716,
            "y": 0.4661867916584015,
            "z": -0.2966897487640381
        },
        "7": {
            "x": 0.3435317873954773,
            "y": 0.4310908317565918,
            "z": -0.36892271041870117
        },
        "8": {
            "x": 0.3373391032218933,
            "y": 0.41425687074661255,
            "z": -0.417667955160141
        },
        "9": {
            "x": 0.2754964232444763,
            "y": 0.5988414287567139,
            "z": -0.20682379603385925
        },
        "10": {
            "x": 0.3337949812412262,
            "y": 0.530182957649231,
            "z": -0.3460233211517334
        },
        "11": {
            "x": 0.33938080072402954,
            "y": 0.48142868280410767,
            "z": -0.4086267054080963
        },
        "12": {
            "x": 0.33065658807754517,
            "y": 0.4306366443634033,
            "z": -0.44483301043510437
        },
        "13": {
            "x": 0.27492886781692505,
            "y": 0.6806583404541016,
            "z": -0.220007985830307
        },
        "14": {
            "x": 0.3972174823284149,
            "y": 0.6304962635040283,
            "z": -0.2960992157459259
        },
        "15": {
            "x": 0.40890875458717346,
            "y": 0.6488382816314697,
            "z": -0.25719916820526123
        },
        "16": {
            "x": 0.38559335470199585,
            "y": 0.6574684381484985,
            "z": -0.22460389137268066
        },
        "17": {
            "x": 0.2921462059020996,
            "y": 0.7456828355789185,
            "z": -0.24183852970600128
        },
        "18": {
            "x": 0.3935576379299164,
            "y": 0.7118205428123474,
            "z": -0.2750879228115082
        },
        "19": {
            "x": 0.40331268310546875,
            "y": 0.7144502401351929,
            "z": -0.244131937623024
        },
        "20": {
            "x": 0.38321930170059204,
            "y": 0.7108521461486816,
            "z": -0.21867579221725464
        }
    }
}