{
    "К": {
        "0": {
            "x": 0.42922866344451904,
            "y": 0.7362210750579834,
            "z": 1.0427149845781969e-06
        },
        "1": {
            "x": 0.5043683648109436,
            "y": 0.6628267765045166,
            "z": -0.010766001418232918
        },
        "2": {
            "x": 0.5404815077781677,
            "y": 0.5799100399017334,
            "z": -0.03148014098405838
        },
        "3": {
            "x": 0.5596227049827576,
            "y": 0.5236551761627197,
            "z": -0.058955542743206024
        },
        "4": {
            "x": 0.5516941547393799,
            "y": 0.5072131752967834,
            "z": -0.08208946883678436
        },
        "5": {
            "x": 0.45124638080596924,
            "y": 0.4389647841453552,
            "z": -0.021672701463103294
        },
        "6": {
            "x": 0.4678100049495697,
            "y": 0.3199290633201599,
            "z": -0.05758675932884216
        },
        "7": {
            "x": 0.48029741644859314,
            "y": 0.2355620265007019,
            "z": -0.07982520014047623
        },
        "8": {
            "x": 0.4885631203651428,
            "y": 0.168808251619339,
            "z": -0.09389058500528336
        },
        "9": {
            "x": 0.414206326007843,
            "y": 0.4524957239627838,
            "z": -0.04408800229430199
        },
        "10": {
            "x": 0.44376111030578613,
            "y": 0.3208967447280884,
            "z": -0.09044765681028366
        },
        "11": {
            "x": 0.47625458240509033,
            "y": 0.23367762565612793,
            "z": -0.11349738389253616
        },
        "12": {
            "x": 0.4991796314716339,
            "y": 0.163214772939682,
            "z": -0.12300170212984085
        },
        "13": {
            "x": 0.39325663447380066,
            "y": 0.48653456568717957,
            "z": -0.06797607243061066
        },
        "14": {
            "x": 0.49543753266334534,
            "y": 0.4574693441390991,
            "z": -0.11303828656673431
        },
        "15": {
            "x": 0.5130597352981567,
            "y": 0.5270949602127075,
            "z": -0.10702571272850037
        },
        "16": {
            "x": 0.502470076084137,
            "y": 0.5736628770828247,
            "z": -0.09053562581539154
        },
        "17": {
            "x": 0.39414292573928833,
            "y": 0.5355821847915649,
            "z": -0.0949384868144989
        },
        "18": {
            "x": 0.49279654026031494,
            "y": 0.5334559082984924,
            "z": -0.1206018328666687
        },
        "19": {
            "x": 0.5036562085151672,
            "y": 0.5826007127761841,
            "z": -0.11080200970172882
        },
        "20": {
            "x": 0.4854837656021118,
            "y": 0.6119639277458191,
            "z": -0.09670744836330414
        }
    }
}