{
    "К": {
        "0": {
            "x": 0.34220585227012634,
            "y": 0.736599862575531,
            "z": 7.877098369135638e-07
        },
        "1": {
            "x": 0.3834582269191742,
            "y": 0.6425133943557739,
            "z": -0.03048672340810299
        },
        "2": {
            "x": 0.4172751009464264,
            "y": 0.5583504438400269,
            "z": -0.07418482005596161
        },
        "3": {
            "x": 0.45298486948013306,
            "y": 0.5475941896438599,
            "z": -0.11968506127595901
        },
        "4": {
            "x": 0.46283096075057983,
            "y": 0.6074977517127991,
            "z": -0.1643889993429184
        },
        "5": {
            "x": 0.30559664964675903,
            "y": 0.4952583611011505,
            "z": -0.09045927226543427
        },
        "6": {
            "x": 0.3118027448654175,
            "y": 0.4258260130882263,
            "z": -0.15718643367290497
        },
        "7": {
            "x": 0.3095773160457611,
            "y": 0.40330079197883606,
            "z": -0.20119062066078186
        },
        "8": {
            "x": 0.294973224401474,
            "y": 0.39800459146499634,
            "z": -0.229295551776886
        },
        "9": {
            "x": 0.26498693227767944,
            "y": 0.5581400990486145,
            "z": -0.11107601970434189
        },
        "10": {
            "x": 0.319964200258255,
            "y": 0.4938139021396637,
            "z": -0.1787813901901245
        },
        "11": {
            "x": 0.33120855689048767,
            "y": 0.47254037857055664,
            "z": -0.2050786316394806
        },
        "12": {
            "x": 0.31909263134002686,
            "y": 0.4572327136993408,
            "z": -0.21884948015213013
        },
        "13": {
            "x": 0.25802144408226013,
            "y": 0.6365534067153931,
            "z": -0.13346558809280396
        },
        "14": {
            "x": 0.3944697380065918,
            "y": 0.6027659177780151,
            "z": -0.18282866477966309
        },
        "15": {
            "x": 0.41594386100769043,
            "y": 0.6320375204086304,
            "z": -0.1716020703315735
        },
        "16": {
            "x": 0.3964020311832428,
            "y": 0.6518819332122803,
            "z": -0.15742644667625427
        },
        "17": {
            "x": 0.27664071321487427,
            "y": 0.7143160104751587,
            "z": -0.16124339401721954
        },
        "18": {
            "x": 0.3942147493362427,
            "y": 0.6833669543266296,
            "z": -0.1895892322063446
        },
        "19": {
            "x": 0.4148135483264923,
            "y": 0.6872297525405884,
            "z": -0.17870160937309265
        },
        "20": {
            "x": 0.40198448300361633,
            "y": 0.6897428631782532,
            "z": -0.16663800179958344
        }
    }
}