{
    "К": {
        "0": {
            "x": 0.3919523358345032,
            "y": 0.7731842398643494,
            "z": 1.0518521094127209e-06
        },
        "1": {
            "x": 0.46472612023353577,
            "y": 0.6999984979629517,
            "z": -0.021005410701036453
        },
        "2": {
            "x": 0.510455846786499,
            "y": 0.6094589233398438,
            "z": -0.04434958100318909
        },
        "3": {
            "x": 0.5303054451942444,
            "y": 0.5368040800094604,
            "z": -0.07296548038721085
        },
        "4": {
            "x": 0.5032497644424438,
            "y": 0.5215101838111877,
            "z": -0.09856727719306946
        },
        "5": {
            "x": 0.4153483808040619,
            "y": 0.45711275935173035,
            "z": -0.026119833812117577
        },
        "6": {
            "x": 0.4353266954421997,
            "y": 0.3318188190460205,
            "z": -0.06172323226928711
        },
        "7": {
            "x": 0.44420045614242554,
            "y": 0.24357134103775024,
            "z": -0.08360286056995392
        },
        "8": {
            "x": 0.4483286738395691,
            "y": 0.16882580518722534,
            "z": -0.09599320590496063
        },
        "9": {
            "x": 0.3700452446937561,
            "y": 0.4661704897880554,
            "z": -0.043505556881427765
        },
        "10": {
            "x": 0.40037572383880615,
            "y": 0.32565444707870483,
            "z": -0.08745136857032776
        },
        "11": {
            "x": 0.4212293028831482,
            "y": 0.2296009659767151,
            "z": -0.10851716995239258
        },
        "12": {
            "x": 0.4334820806980133,
            "y": 0.1514752209186554,
            "z": -0.11530531197786331
        },
        "13": {
            "x": 0.33974742889404297,
            "y": 0.4969746768474579,
            "z": -0.06324560940265656
        },
        "14": {
            "x": 0.4423082768917084,
            "y": 0.45649582147598267,
            "z": -0.11357025057077408
        },
        "15": {
            "x": 0.46314409375190735,
            "y": 0.5386021137237549,
            "z": -0.10985817760229111
        },
        "16": {
            "x": 0.4602372646331787,
            "y": 0.6017419099807739,
            "z": -0.0908372774720192
        },
        "17": {
            "x": 0.3319997787475586,
            "y": 0.5444458723068237,
            "z": -0.08613528311252594
        },
        "18": {
            "x": 0.4273298680782318,
            "y": 0.5216962099075317,
            "z": -0.1152050793170929
        },
        "19": {
            "x": 0.44753628969192505,
            "y": 0.58442622423172,
            "z": -0.1034034714102745
        },
        "20": {
            "x": 0.4444679915904999,
            "y": 0.6343424320220947,
            "z": -0.08508224785327911
        }
    }
}