{
    "Ы": {
        "0": {
            "x": 0.6555469036102295,
            "y": 0.7917388677597046,
            "z": -2.2627073548164844e-09
        },
        "1": {
            "x": 0.7286611795425415,
            "y": 0.7938348054885864,
            "z": -0.01074701827019453
        },
        "2": {
            "x": 0.7979710102081299,
            "y": 0.7450909614562988,
            "z": -0.022547433152794838
        },
        "3": {
            "x": 0.8431889414787292,
            "y": 0.6921710968017578,
            "z": -0.039847198873758316
        },
        "4": {
            "x": 0.8166539669036865,
            "y": 0.6612102389335632,
            "z": -0.05635657161474228
        },
        "5": {
            "x": 0.7937318682670593,
            "y": 0.5810693502426147,
            "z": -0.0077917613089084625
        },
        "6": {
            "x": 0.8412587642669678,
            "y": 0.4864649772644043,
            "z": -0.02376210130751133
        },
        "7": {
            "x": 0.8736550807952881,
            "y": 0.4292140603065491,
            "z": -0.02913132682442665
        },
        "8": {
            "x": 0.8978217840194702,
            "y": 0.3842316269874573,
            "z": -0.03292716667056084
        },
        "9": {
            "x": 0.7592762112617493,
            "y": 0.5691043138504028,
            "z": -0.020441574975848198
        },
        "10": {
            "x": 0.8043063282966614,
            "y": 0.5039545893669128,
            "z": -0.06210588291287422
        },
        "11": {
            "x": 0.8041307330131531,
            "y": 0.5822701454162598,
            "z": -0.0745769813656807
        },
        "12": {
            "x": 0.7942085862159729,
            "y": 0.6350263357162476,
            "z": -0.07119257003068924
        },
        "13": {
            "x": 0.7260863780975342,
            "y": 0.5641807913780212,
            "z": -0.034475285559892654
        },
        "14": {
            "x": 0.7686285376548767,
            "y": 0.48113319277763367,
            "z": -0.07342284172773361
        },
        "15": {
            "x": 0.7789092063903809,
            "y": 0.5697872638702393,
            "z": -0.07169625163078308
        },
        "16": {
            "x": 0.7747942805290222,
            "y": 0.6386826038360596,
            "z": -0.05923975631594658
        },
        "17": {
            "x": 0.6904596090316772,
            "y": 0.5686671137809753,
            "z": -0.049802836030721664
        },
        "18": {
            "x": 0.692711591720581,
            "y": 0.4820636510848999,
            "z": -0.07211794704198837
        },
        "19": {
            "x": 0.7040863633155823,
            "y": 0.4285702109336853,
            "z": -0.07865183800458908
        },
        "20": {
            "x": 0.7192598581314087,
            "y": 0.3699052929878235,
            "z": -0.08004539459943771
        }
    }
}