{
    "Ы": {
        "0": {
            "x": 0.5501347780227661,
            "y": 0.8090086579322815,
            "z": -6.444881250899925e-08
        },
        "1": {
            "x": 0.6250534653663635,
            "y": 0.8036417365074158,
            "z": -0.01373082771897316
        },
        "2": {
            "x": 0.6926116943359375,
            "y": 0.7499064207077026,
            "z": -0.02335735782980919
        },
        "3": {
            "x": 0.7258540391921997,
            "y": 0.6837132573127747,
            "z": -0.036781586706638336
        },
        "4": {
            "x": 0.6888548731803894,
            "y": 0.6642484068870544,
            "z": -0.050612617284059525
        },
        "5": {
            "x": 0.6875470280647278,
            "y": 0.5907244682312012,
            "z": -0.009205185808241367
        },
        "6": {
            "x": 0.7363585829734802,
            "y": 0.49858853220939636,
            "z": -0.02251029945909977
        },
        "7": {
            "x": 0.7646417617797852,
            "y": 0.44582509994506836,
            "z": -0.028013646602630615
        },
        "8": {
            "x": 0.7869042158126831,
            "y": 0.39760029315948486,
            "z": -0.03336746618151665
        },
        "9": {
            "x": 0.6490618586540222,
            "y": 0.5766383409500122,
            "z": -0.019856877624988556
        },
        "10": {
            "x": 0.678713858127594,
            "y": 0.50555419921875,
            "z": -0.05640188604593277
        },
        "11": {
            "x": 0.6751296520233154,
            "y": 0.579531192779541,
            "z": -0.0691741555929184
        },
        "12": {
            "x": 0.6656111478805542,
            "y": 0.6330316066741943,
            "z": -0.06881766766309738
        },
        "13": {
            "x": 0.6086479425430298,
            "y": 0.5751763582229614,
            "z": -0.03155941143631935
        },
        "14": {
            "x": 0.6366051435470581,
            "y": 0.4942421019077301,
            "z": -0.06867900490760803
        },
        "15": {
            "x": 0.6408210396766663,
            "y": 0.5758287310600281,
            "z": -0.06878235191106796
        },
        "16": {
            "x": 0.6363211274147034,
            "y": 0.6409632563591003,
            "z": -0.05903199315071106
        },
        "17": {
            "x": 0.5660139322280884,
            "y": 0.5844851732254028,
            "z": -0.04442944377660751
        },
        "18": {
            "x": 0.5602576732635498,
            "y": 0.49889153242111206,
            "z": -0.066519595682621
        },
        "19": {
            "x": 0.5666910409927368,
            "y": 0.4474745988845825,
            "z": -0.0722767561674118
        },
        "20": {
            "x": 0.5758895874023438,
            "y": 0.391408234834671,
            "z": -0.07384742796421051
        }
    }
}