{
    "Ы": {
        "0": {
            "x": 0.25158923864364624,
            "y": 0.539994478225708,
            "z": 1.3375267116089162e-08
        },
        "1": {
            "x": 0.312991738319397,
            "y": 0.521448016166687,
            "z": -0.034715436398983
        },
        "2": {
            "x": 0.3715563714504242,
            "y": 0.46624109148979187,
            "z": -0.05029086396098137
        },
        "3": {
            "x": 0.3661794662475586,
            "y": 0.3914487659931183,
            "z": -0.06420379877090454
        },
        "4": {
            "x": 0.3220783472061157,
            "y": 0.3552495837211609,
            "z": -0.07700003683567047
        },
        "5": {
            "x": 0.3668636381626129,
            "y": 0.3316167891025543,
            "z": -0.021379554644227028
        },
        "6": {
            "x": 0.4036230146884918,
            "y": 0.2477272003889084,
            "z": -0.04037512466311455
        },
        "7": {
            "x": 0.42085057497024536,
            "y": 0.19798864424228668,
            "z": -0.05156148597598076
        },
        "8": {
            "x": 0.4323239326477051,
            "y": 0.14910684525966644,
            "z": -0.05974088981747627
        },
        "9": {
            "x": 0.31823110580444336,
            "y": 0.30819740891456604,
            "z": -0.020370053127408028
        },
        "10": {
            "x": 0.32127007842063904,
            "y": 0.23249933123588562,
            "z": -0.06278479844331741
        },
        "11": {
            "x": 0.3157995045185089,
            "y": 0.29830262064933777,
            "z": -0.08143792301416397
        },
        "12": {
            "x": 0.31043559312820435,
            "y": 0.3529057502746582,
            "z": -0.08283735066652298
        },
        "13": {
            "x": 0.27273625135421753,
            "y": 0.30530014634132385,
            "z": -0.02213987521827221
        },
        "14": {
            "x": 0.2737593650817871,
            "y": 0.23127302527427673,
            "z": -0.0630924329161644
        },
        "15": {
            "x": 0.2770344913005829,
            "y": 0.2991216778755188,
            "z": -0.06842473149299622
        },
        "16": {
            "x": 0.2781135141849518,
            "y": 0.35518893599510193,
            "z": -0.05986778438091278
        },
        "17": {
            "x": 0.2277124524116516,
            "y": 0.31823304295539856,
            "z": -0.026497365906834602
        },
        "18": {
            "x": 0.2139042764902115,
            "y": 0.24171161651611328,
            "z": -0.0503506138920784
        },
        "19": {
            "x": 0.21019890904426575,
            "y": 0.19411830604076385,
            "z": -0.05610444024205208
        },
        "20": {
            "x": 0.210954487323761,
            "y": 0.14634017646312714,
            "z": -0.05529880151152611
        }
    }
}