{
    "Ы": {
        "0": {
            "x": 0.5335993766784668,
            "y": 0.4844553768634796,
            "z": -2.137443466665445e-08
        },
        "1": {
            "x": 0.602281928062439,
            "y": 0.4844439625740051,
            "z": -0.020251112058758736
        },
        "2": {
            "x": 0.6723785996437073,
            "y": 0.44497162103652954,
            "z": -0.027556946501135826
        },
        "3": {
            "x": 0.6971476078033447,
            "y": 0.372421532869339,
            "z": -0.03471080958843231
        },
        "4": {
            "x": 0.663489580154419,
            "y": 0.3332791328430176,
            "z": -0.041812654584646225
        },
        "5": {
            "x": 0.6670545339584351,
            "y": 0.3095066249370575,
            "z": -0.009682045318186283
        },
        "6": {
            "x": 0.7111855745315552,
            "y": 0.23103278875350952,
            "z": -0.02056661993265152
        },
        "7": {
            "x": 0.735484778881073,
            "y": 0.18580570816993713,
            "z": -0.027480414137244225
        },
        "8": {
            "x": 0.7565281391143799,
            "y": 0.1414235681295395,
            "z": -0.03402666747570038
        },
        "9": {
            "x": 0.6329442858695984,
            "y": 0.2838478088378906,
            "z": -0.013597254641354084
        },
        "10": {
            "x": 0.6616135239601135,
            "y": 0.19867752492427826,
            "z": -0.04571574926376343
        },
        "11": {
            "x": 0.660077691078186,
            "y": 0.25669169425964355,
            "z": -0.06294267624616623
        },
        "12": {
            "x": 0.6499849557876587,
            "y": 0.30974531173706055,
            "z": -0.0662088394165039
        },
        "13": {
            "x": 0.5963405966758728,
            "y": 0.27071237564086914,
            "z": -0.01849224977195263
        },
        "14": {
            "x": 0.622470498085022,
            "y": 0.18716377019882202,
            "z": -0.04986315220594406
        },
        "15": {
            "x": 0.6273619532585144,
            "y": 0.2508278489112854,
            "z": -0.056467462331056595
        },
        "16": {
            "x": 0.6219141483306885,
            "y": 0.30850517749786377,
            "z": -0.052279919385910034
        },
        "17": {
            "x": 0.5556312799453735,
            "y": 0.267417848110199,
            "z": -0.024797163903713226
        },
        "18": {
            "x": 0.5550035834312439,
            "y": 0.1818595677614212,
            "z": -0.0435107946395874
        },
        "19": {
            "x": 0.5630764365196228,
            "y": 0.13269655406475067,
            "z": -0.051509641110897064
        },
        "20": {
            "x": 0.5705639123916626,
            "y": 0.08534494042396545,
            "z": -0.05497991666197777
        }
    }
}