{
    "Ы": {
        "0": {
            "x": 0.4103604853153229,
            "y": 0.8219417333602905,
            "z": -3.992053976276111e-08
        },
        "1": {
            "x": 0.48127394914627075,
            "y": 0.811262845993042,
            "z": -0.019600102677941322
        },
        "2": {
            "x": 0.546191394329071,
            "y": 0.767918586730957,
            "z": -0.03257707878947258
        },
        "3": {
            "x": 0.5667559504508972,
            "y": 0.6990323662757874,
            "z": -0.04786297678947449
        },
        "4": {
            "x": 0.52471524477005,
            "y": 0.6799888610839844,
            "z": -0.06371703743934631
        },
        "5": {
            "x": 0.5379148721694946,
            "y": 0.6223202347755432,
            "z": -0.01548017468303442
        },
        "6": {
            "x": 0.5767390131950378,
            "y": 0.5270128846168518,
            "z": -0.032572388648986816
        },
        "7": {
            "x": 0.6027103662490845,
            "y": 0.4766356945037842,
            "z": -0.04310568422079086
        },
        "8": {
            "x": 0.6240641474723816,
            "y": 0.4290579855442047,
            "z": -0.05220069736242294
        },
        "9": {
            "x": 0.49707359075546265,
            "y": 0.6075265407562256,
            "z": -0.02399648167192936
        },
        "10": {
            "x": 0.5106532573699951,
            "y": 0.5280926823616028,
            "z": -0.06286320835351944
        },
        "11": {
            "x": 0.51187664270401,
            "y": 0.599922239780426,
            "z": -0.07922733575105667
        },
        "12": {
            "x": 0.5092260241508484,
            "y": 0.6550001502037048,
            "z": -0.0815148800611496
        },
        "13": {
            "x": 0.45639100670814514,
            "y": 0.6065722107887268,
            "z": -0.033927105367183685
        },
        "14": {
            "x": 0.4672490358352661,
            "y": 0.5329265594482422,
            "z": -0.07043929398059845
        },
        "15": {
            "x": 0.47497671842575073,
            "y": 0.6093272566795349,
            "z": -0.07256387174129486
        },
        "16": {
            "x": 0.47540608048439026,
            "y": 0.6694340109825134,
            "z": -0.06502450257539749
        },
        "17": {
            "x": 0.4143848121166229,
            "y": 0.6167902946472168,
            "z": -0.04588444530963898
        },
        "18": {
            "x": 0.4042972922325134,
            "y": 0.5407865047454834,
            "z": -0.06766071170568466
        },
        "19": {
            "x": 0.40363019704818726,
            "y": 0.4929395318031311,
            "z": -0.07321494817733765
        },
        "20": {
            "x": 0.40453439950942993,
            "y": 0.439665287733078,
            "z": -0.07493311911821365
        }
    }
}