{
    "Ы": {
        "0": {
            "x": 0.40025585889816284,
            "y": 0.7605174779891968,
            "z": -3.5911924101128534e-08
        },
        "1": {
            "x": 0.43896201252937317,
            "y": 0.750800371170044,
            "z": -0.027466729283332825
        },
        "2": {
            "x": 0.4638732671737671,
            "y": 0.7082949280738831,
            "z": -0.04257144406437874
        },
        "3": {
            "x": 0.44590362906455994,
            "y": 0.6621412038803101,
            "z": -0.05617296323180199
        },
        "4": {
            "x": 0.4197292923927307,
            "y": 0.6311712265014648,
            "z": -0.06838260591030121
        },
        "5": {
            "x": 0.48662737011909485,
            "y": 0.6049643158912659,
            "z": -0.030277621001005173
        },
        "6": {
            "x": 0.5116149187088013,
            "y": 0.5271424055099487,
            "z": -0.05040988326072693
        },
        "7": {
            "x": 0.5273925065994263,
            "y": 0.47776728868484497,
            "z": -0.0628620833158493
        },
        "8": {
            "x": 0.5369777083396912,
            "y": 0.43401390314102173,
            "z": -0.0710783451795578
        },
        "9": {
            "x": 0.45155367255210876,
            "y": 0.5926953554153442,
            "z": -0.029012955725193024
        },
        "10": {
            "x": 0.452052503824234,
            "y": 0.5532203316688538,
            "z": -0.0661098062992096
        },
        "11": {
            "x": 0.44691890478134155,
            "y": 0.6091664433479309,
            "z": -0.08047569543123245
        },
        "12": {
            "x": 0.44509080052375793,
            "y": 0.6504788398742676,
            "z": -0.08164801448583603
        },
        "13": {
            "x": 0.41849079728126526,
            "y": 0.5908544659614563,
            "z": -0.02972814068198204
        },
        "14": {
            "x": 0.4153198301792145,
            "y": 0.5517273545265198,
            "z": -0.06234461069107056
        },
        "15": {
            "x": 0.4191296100616455,
            "y": 0.6049460172653198,
            "z": -0.06477773189544678
        },
        "16": {
            "x": 0.4233424663543701,
            "y": 0.643686830997467,
            "z": -0.05772457644343376
        },
        "17": {
            "x": 0.38858479261398315,
            "y": 0.5960875153541565,
            "z": -0.03257964923977852
        },
        "18": {
            "x": 0.37927111983299255,
            "y": 0.5368792414665222,
            "z": -0.05095920339226723
        },
        "19": {
            "x": 0.3738784193992615,
            "y": 0.5021340250968933,
            "z": -0.05299036204814911
        },
        "20": {
            "x": 0.37270939350128174,
            "y": 0.46160030364990234,
            "z": -0.05054148659110069
        }
    }
}