{
    "Ы": {
        "0": {
            "x": 0.5643815398216248,
            "y": 0.483235627412796,
            "z": 1.987003273029586e-08
        },
        "1": {
            "x": 0.6345123648643494,
            "y": 0.48505812883377075,
            "z": -0.020836133509874344
        },
        "2": {
            "x": 0.7075996398925781,
            "y": 0.44509509205818176,
            "z": -0.028907226398587227
        },
        "3": {
            "x": 0.7328171730041504,
            "y": 0.3701256811618805,
            "z": -0.03690412640571594
        },
        "4": {
            "x": 0.701228141784668,
            "y": 0.32033541798591614,
            "z": -0.04481310769915581
        },
        "5": {
            "x": 0.7005351781845093,
            "y": 0.3057071566581726,
            "z": -0.006537728011608124
        },
        "6": {
            "x": 0.7423883676528931,
            "y": 0.23284606635570526,
            "z": -0.016237417235970497
        },
        "7": {
            "x": 0.7661251425743103,
            "y": 0.18853965401649475,
            "z": -0.024202020838856697
        },
        "8": {
            "x": 0.7852854132652283,
            "y": 0.14573903381824493,
            "z": -0.031843435019254684
        },
        "9": {
            "x": 0.6638491153717041,
            "y": 0.27520549297332764,
            "z": -0.009270948357880116
        },
        "10": {
            "x": 0.6908218264579773,
            "y": 0.18987727165222168,
            "z": -0.037863824516534805
        },
        "11": {
            "x": 0.6908488869667053,
            "y": 0.24841265380382538,
            "z": -0.05468195304274559
        },
        "12": {
            "x": 0.6825597882270813,
            "y": 0.3032263517379761,
            "z": -0.05884229764342308
        },
        "13": {
            "x": 0.6250600814819336,
            "y": 0.257555216550827,
            "z": -0.013218984007835388
        },
        "14": {
            "x": 0.6525810956954956,
            "y": 0.1681191325187683,
            "z": -0.04015570878982544
        },
        "15": {
            "x": 0.658266544342041,
            "y": 0.23114129900932312,
            "z": -0.044928889721632004
        },
        "16": {
            "x": 0.6526004076004028,
            "y": 0.290802925825119,
            "z": -0.041463520377874374
        },
        "17": {
            "x": 0.5820447206497192,
            "y": 0.252687931060791,
            "z": -0.01898290403187275
        },
        "18": {
            "x": 0.5813556909561157,
            "y": 0.16690561175346375,
            "z": -0.03553216531872749
        },
        "19": {
            "x": 0.5876155495643616,
            "y": 0.11536607146263123,
            "z": -0.04285375773906708
        },
        "20": {
            "x": 0.5930060744285583,
            "y": 0.0665678083896637,
            "z": -0.04667440056800842
        }
    }
}