{
    "Ы": {
        "0": {
            "x": 0.5360659956932068,
            "y": 0.7163869142532349,
            "z": 6.817733577690888e-08
        },
        "1": {
            "x": 0.49449366331100464,
            "y": 0.7003631591796875,
            "z": -0.020661557093262672
        },
        "2": {
            "x": 0.47099217772483826,
            "y": 0.6502797603607178,
            "z": -0.033100128173828125
        },
        "3": {
            "x": 0.4851948320865631,
            "y": 0.5961233377456665,
            "z": -0.044644735753536224
        },
        "4": {
            "x": 0.5050978660583496,
            "y": 0.5613231658935547,
            "z": -0.05506700277328491
        },
        "5": {
            "x": 0.4593448340892792,
            "y": 0.5730765461921692,
            "z": -0.02236608974635601
        },
        "6": {
            "x": 0.43756672739982605,
            "y": 0.49357134103775024,
            "z": -0.03834535554051399
        },
        "7": {
            "x": 0.4252220392227173,
            "y": 0.44672703742980957,
            "z": -0.0476357638835907
        },
        "8": {
            "x": 0.4150158166885376,
            "y": 0.40577393770217896,
            "z": -0.055453527718782425
        },
        "9": {
            "x": 0.4912818372249603,
            "y": 0.5617362260818481,
            "z": -0.021381879225373268
        },
        "10": {
            "x": 0.4902651607990265,
            "y": 0.507623016834259,
            "z": -0.05135961249470711
        },
        "11": {
            "x": 0.4943009912967682,
            "y": 0.549344539642334,
            "z": -0.059463128447532654
        },
        "12": {
            "x": 0.4952491223812103,
            "y": 0.5796449184417725,
            "z": -0.05852033942937851
        },
        "13": {
            "x": 0.5209497213363647,
            "y": 0.5595716238021851,
            "z": -0.02226012758910656
        },
        "14": {
            "x": 0.522975742816925,
            "y": 0.5058500170707703,
            "z": -0.047823384404182434
        },
        "15": {
            "x": 0.5200316309928894,
            "y": 0.5407464504241943,
            "z": -0.04515443369746208
        },
        "16": {
            "x": 0.5163252353668213,
            "y": 0.5698346495628357,
            "z": -0.036990463733673096
        },
        "17": {
            "x": 0.5469825267791748,
            "y": 0.5647547245025635,
            "z": -0.02504001185297966
        },
        "18": {
            "x": 0.5571469068527222,
            "y": 0.50904381275177,
            "z": -0.04547327756881714
        },
        "19": {
            "x": 0.5618876814842224,
            "y": 0.4736836850643158,
            "z": -0.04995524138212204
        },
        "20": {
            "x": 0.5649522542953491,
            "y": 0.4390832185745239,
            "z": -0.0490294024348259
        }
    }
}