{
    "Ы": {
        "0": {
            "x": 0.3858954906463623,
            "y": 0.6223416924476624,
            "z": -4.2336129268960576e-08
        },
        "1": {
            "x": 0.42334502935409546,
            "y": 0.6054085493087769,
            "z": -0.02381882444024086
        },
        "2": {
            "x": 0.44987013936042786,
            "y": 0.570930004119873,
            "z": -0.04009765386581421
        },
        "3": {
            "x": 0.43208831548690796,
            "y": 0.5390365123748779,
            "z": -0.055882520973682404
        },
        "4": {
            "x": 0.4058678150177002,
            "y": 0.5199270844459534,
            "z": -0.07088428735733032
        },
        "5": {
            "x": 0.4529774785041809,
            "y": 0.4636496901512146,
            "z": -0.02849934995174408
        },
        "6": {
            "x": 0.474540114402771,
            "y": 0.39436355233192444,
            "z": -0.049615900963544846
        },
        "7": {
            "x": 0.4861792027950287,
            "y": 0.3489604592323303,
            "z": -0.062440112233161926
        },
        "8": {
            "x": 0.49238890409469604,
            "y": 0.3100980520248413,
            "z": -0.07051411271095276
        },
        "9": {
            "x": 0.4158426821231842,
            "y": 0.4571289122104645,
            "z": -0.030000226572155952
        },
        "10": {
            "x": 0.41428524255752563,
            "y": 0.4255826473236084,
            "z": -0.06909487396478653
        },
        "11": {
            "x": 0.41402551531791687,
            "y": 0.4820817708969116,
            "z": -0.08446899801492691
        },
        "12": {
            "x": 0.41364169120788574,
            "y": 0.5233818888664246,
            "z": -0.08566340059041977
        },
        "13": {
            "x": 0.3828829228878021,
            "y": 0.46020811796188354,
            "z": -0.03311522677540779
        },
        "14": {
            "x": 0.37523606419563293,
            "y": 0.4263114631175995,
            "z": -0.06661006808280945
        },
        "15": {
            "x": 0.38507795333862305,
            "y": 0.4770025908946991,
            "z": -0.06902338564395905
        },
        "16": {
            "x": 0.39222899079322815,
            "y": 0.5145996809005737,
            "z": -0.06143384799361229
        },
        "17": {
            "x": 0.3538069725036621,
            "y": 0.4725462794303894,
            "z": -0.03795431926846504
        },
        "18": {
            "x": 0.33540692925453186,
            "y": 0.41896557807922363,
            "z": -0.05592132359743118
        },
        "19": {
            "x": 0.32629698514938354,
            "y": 0.3883639872074127,
            "z": -0.05693536251783371
        },
        "20": {
            "x": 0.3210110068321228,
            "y": 0.35073205828666687,
            "z": -0.05337616801261902
        }
    }
}