{
    "Ы": {
        "0": {
            "x": 0.665999174118042,
            "y": 0.513107419013977,
            "z": 5.379241585501404e-08
        },
        "1": {
            "x": 0.7382240295410156,
            "y": 0.5197984576225281,
            "z": -0.02082863263785839
        },
        "2": {
            "x": 0.8137105703353882,
            "y": 0.47730737924575806,
            "z": -0.029224589467048645
        },
        "3": {
            "x": 0.8470873832702637,
            "y": 0.40045130252838135,
            "z": -0.03842220827937126
        },
        "4": {
            "x": 0.811065137386322,
            "y": 0.3582291305065155,
            "z": -0.04728316143155098
        },
        "5": {
            "x": 0.8028941750526428,
            "y": 0.3274361193180084,
            "z": -0.0023623493034392595
        },
        "6": {
            "x": 0.8424294590950012,
            "y": 0.25547707080841064,
            "z": -0.010470014065504074
        },
        "7": {
            "x": 0.8662924766540527,
            "y": 0.21234241127967834,
            "z": -0.0173270832747221
        },
        "8": {
            "x": 0.8853756785392761,
            "y": 0.17201119661331177,
            "z": -0.02421504445374012
        },
        "9": {
            "x": 0.7683641910552979,
            "y": 0.29864972829818726,
            "z": -0.0069045983254909515
        },
        "10": {
            "x": 0.8000091314315796,
            "y": 0.21189658343791962,
            "z": -0.037003930658102036
        },
        "11": {
            "x": 0.8057672381401062,
            "y": 0.2741597592830658,
            "z": -0.05454443767666817
        },
        "12": {
            "x": 0.8002535104751587,
            "y": 0.33113887906074524,
            "z": -0.057387251406908035
        },
        "13": {
            "x": 0.7320142388343811,
            "y": 0.281329482793808,
            "z": -0.013028775341808796
        },
        "14": {
            "x": 0.7639939785003662,
            "y": 0.1936783641576767,
            "z": -0.04102778062224388
        },
        "15": {
            "x": 0.7782701253890991,
            "y": 0.2584306597709656,
            "z": -0.04834077134728432
        },
        "16": {
            "x": 0.7764099836349487,
            "y": 0.31898000836372375,
            "z": -0.04514127969741821
        },
        "17": {
            "x": 0.690922737121582,
            "y": 0.2751791775226593,
            "z": -0.021104911342263222
        },
        "18": {
            "x": 0.6913548111915588,
            "y": 0.18281996250152588,
            "z": -0.036281704902648926
        },
        "19": {
            "x": 0.7024637460708618,
            "y": 0.13147908449172974,
            "z": -0.04420427605509758
        },
        "20": {
            "x": 0.7111001014709473,
            "y": 0.08417613804340363,
            "z": -0.04837719351053238
        }
    }
}