{
    "Ы": {
        "0": {
            "x": 0.4133824110031128,
            "y": 0.6922330856323242,
            "z": 2.119115904974933e-08
        },
        "1": {
            "x": 0.46075326204299927,
            "y": 0.6727825999259949,
            "z": -0.025605101138353348
        },
        "2": {
            "x": 0.4974361062049866,
            "y": 0.6293628811836243,
            "z": -0.04088474065065384
        },
        "3": {
            "x": 0.49309036135673523,
            "y": 0.5836944580078125,
            "z": -0.05592408403754234
        },
        "4": {
            "x": 0.46872392296791077,
            "y": 0.5618207454681396,
            "z": -0.07024608552455902
        },
        "5": {
            "x": 0.5089676380157471,
            "y": 0.5122718811035156,
            "z": -0.02513754367828369
        },
        "6": {
            "x": 0.5469820499420166,
            "y": 0.44352734088897705,
            "z": -0.045974891632795334
        },
        "7": {
            "x": 0.5677335858345032,
            "y": 0.3968483805656433,
            "z": -0.05775706097483635
        },
        "8": {
            "x": 0.5816069841384888,
            "y": 0.3547664284706116,
            "z": -0.06477875262498856
        },
        "9": {
            "x": 0.4674052298069,
            "y": 0.4965561330318451,
            "z": -0.02811664342880249
        },
        "10": {
            "x": 0.474563330411911,
            "y": 0.44780996441841125,
            "z": -0.06962194293737411
        },
        "11": {
            "x": 0.4731065332889557,
            "y": 0.5040887594223022,
            "z": -0.08653676509857178
        },
        "12": {
            "x": 0.4687373638153076,
            "y": 0.5488488078117371,
            "z": -0.08761557936668396
        },
        "13": {
            "x": 0.42722445726394653,
            "y": 0.49330824613571167,
            "z": -0.033020101487636566
        },
        "14": {
            "x": 0.42999839782714844,
            "y": 0.45138442516326904,
            "z": -0.07116357982158661
        },
        "15": {
            "x": 0.43731972575187683,
            "y": 0.5111956596374512,
            "z": -0.07541949301958084
        },
        "16": {
            "x": 0.4398665130138397,
            "y": 0.5555357336997986,
            "z": -0.0670451670885086
        },
        "17": {
            "x": 0.38986843824386597,
            "y": 0.5017067193984985,
            "z": -0.03973284736275673
        },
        "18": {
            "x": 0.3767683207988739,
            "y": 0.4308261275291443,
            "z": -0.05875895917415619
        },
        "19": {
            "x": 0.3743196725845337,
            "y": 0.3907797634601593,
            "z": -0.059890229254961014
        },
        "20": {
            "x": 0.37510111927986145,
            "y": 0.3456305265426636,
            "z": -0.056282758712768555
        }
    }
}