{
    "Ы": {
        "0": {
            "x": 0.4380636215209961,
            "y": 0.6569864153862,
            "z": 2.2728951165618128e-08
        },
        "1": {
            "x": 0.4862987697124481,
            "y": 0.6423184871673584,
            "z": -0.027414605021476746
        },
        "2": {
            "x": 0.5206387042999268,
            "y": 0.5989001989364624,
            "z": -0.042467791587114334
        },
        "3": {
            "x": 0.5137723088264465,
            "y": 0.5477874875068665,
            "z": -0.05703355371952057
        },
        "4": {
            "x": 0.487269788980484,
            "y": 0.5183518528938293,
            "z": -0.0706847757101059
        },
        "5": {
            "x": 0.5304436683654785,
            "y": 0.4798772633075714,
            "z": -0.02408534474670887
        },
        "6": {
            "x": 0.5652483105659485,
            "y": 0.4078085422515869,
            "z": -0.04359178990125656
        },
        "7": {
            "x": 0.5832993984222412,
            "y": 0.3610798120498657,
            "z": -0.054508890956640244
        },
        "8": {
            "x": 0.5953388810157776,
            "y": 0.31821221113204956,
            "z": -0.06146295368671417
        },
        "9": {
            "x": 0.49307847023010254,
            "y": 0.46702060103416443,
            "z": -0.02554902993142605
        },
        "10": {
            "x": 0.5014587640762329,
            "y": 0.42090052366256714,
            "z": -0.06609642505645752
        },
        "11": {
            "x": 0.5029798150062561,
            "y": 0.4719734489917755,
            "z": -0.08327090740203857
        },
        "12": {
            "x": 0.5023308396339417,
            "y": 0.5137142539024353,
            "z": -0.08507620543241501
        },
        "13": {
            "x": 0.4562804698944092,
            "y": 0.4659591615200043,
            "z": -0.029349038377404213
        },
        "14": {
            "x": 0.4574728012084961,
            "y": 0.42153042554855347,
            "z": -0.06676460057497025
        },
        "15": {
            "x": 0.4676104784011841,
            "y": 0.47458869218826294,
            "z": -0.07306268811225891
        },
        "16": {
            "x": 0.47342485189437866,
            "y": 0.5177484154701233,
            "z": -0.06670623272657394
        },
        "17": {
            "x": 0.4213089644908905,
            "y": 0.4738512933254242,
            "z": -0.03514634817838669
        },
        "18": {
            "x": 0.4109775722026825,
            "y": 0.40448829531669617,
            "z": -0.055559027940034866
        },
        "19": {
            "x": 0.40706777572631836,
            "y": 0.3641032874584198,
            "z": -0.05947651341557503
        },
        "20": {
            "x": 0.40530145168304443,
            "y": 0.3227165937423706,
            "z": -0.05798090249300003
        }
    }
}