{
    "Ы": {
        "0": {
            "x": 0.565969705581665,
            "y": 0.7620964050292969,
            "z": -2.0859122429328636e-08
        },
        "1": {
            "x": 0.6438606381416321,
            "y": 0.7455647587776184,
            "z": -0.018505830317735672
        },
        "2": {
            "x": 0.7092182040214539,
            "y": 0.7162078619003296,
            "z": -0.036101412028074265
        },
        "3": {
            "x": 0.7354375720024109,
            "y": 0.6735127568244934,
            "z": -0.0567331425845623
        },
        "4": {
            "x": 0.707687497138977,
            "y": 0.6466808319091797,
            "z": -0.0768749937415123
        },
        "5": {
            "x": 0.6899206042289734,
            "y": 0.5523430705070496,
            "z": -0.017726784572005272
        },
        "6": {
            "x": 0.7165353298187256,
            "y": 0.45764461159706116,
            "z": -0.03841935843229294
        },
        "7": {
            "x": 0.7388327121734619,
            "y": 0.41293439269065857,
            "z": -0.04921814799308777
        },
        "8": {
            "x": 0.7509810328483582,
            "y": 0.3769615888595581,
            "z": -0.05459227412939072
        },
        "9": {
            "x": 0.6507191061973572,
            "y": 0.5449769496917725,
            "z": -0.02893144264817238
        },
        "10": {
            "x": 0.6839052438735962,
            "y": 0.48407846689224243,
            "z": -0.0731147974729538
        },
        "11": {
            "x": 0.7041457891464233,
            "y": 0.5525354743003845,
            "z": -0.09356497973203659
        },
        "12": {
            "x": 0.7053634524345398,
            "y": 0.6094053983688354,
            "z": -0.0969700813293457
        },
        "13": {
            "x": 0.6104006171226501,
            "y": 0.545488715171814,
            "z": -0.04205562174320221
        },
        "14": {
            "x": 0.6357477307319641,
            "y": 0.4869624078273773,
            "z": -0.08202366530895233
        },
        "15": {
            "x": 0.6589222550392151,
            "y": 0.5572377443313599,
            "z": -0.09156748652458191
        },
        "16": {
            "x": 0.6667935848236084,
            "y": 0.6114987730979919,
            "z": -0.08730018138885498
        },
        "17": {
            "x": 0.5695512294769287,
            "y": 0.5550795793533325,
            "z": -0.056592825800180435
        },
        "18": {
            "x": 0.562342643737793,
            "y": 0.462852418422699,
            "z": -0.07562072575092316
        },
        "19": {
            "x": 0.5672534704208374,
            "y": 0.41226014494895935,
            "z": -0.08105223625898361
        },
        "20": {
            "x": 0.571414053440094,
            "y": 0.36245259642601013,
            "z": -0.0824088305234909
        }
    }
}