{
    "Ы": {
        "0": {
            "x": 0.6213828325271606,
            "y": 0.8115038871765137,
            "z": -3.076979027127891e-08
        },
        "1": {
            "x": 0.7016962170600891,
            "y": 0.8082841634750366,
            "z": -0.02243446744978428
        },
        "2": {
            "x": 0.7696255445480347,
            "y": 0.7745583057403564,
            "z": -0.04457968845963478
        },
        "3": {
            "x": 0.8095157146453857,
            "y": 0.7376768589019775,
            "z": -0.0698208138346672
        },
        "4": {
            "x": 0.7866274118423462,
            "y": 0.7109465599060059,
            "z": -0.09511712193489075
        },
        "5": {
            "x": 0.7737767100334167,
            "y": 0.5866143107414246,
            "z": -0.03823293372988701
        },
        "6": {
            "x": 0.8197755217552185,
            "y": 0.4673381447792053,
            "z": -0.06749987602233887
        },
        "7": {
            "x": 0.8467875123023987,
            "y": 0.39819657802581787,
            "z": -0.08433051407337189
        },
        "8": {
            "x": 0.8646803498268127,
            "y": 0.3366442918777466,
            "z": -0.09533688426017761
        },
        "9": {
            "x": 0.7257245779037476,
            "y": 0.5745617747306824,
            "z": -0.05221448466181755
        },
        "10": {
            "x": 0.7624838948249817,
            "y": 0.5279150605201721,
            "z": -0.11135939508676529
        },
        "11": {
            "x": 0.7780529856681824,
            "y": 0.6112020015716553,
            "z": -0.13716775178909302
        },
        "12": {
            "x": 0.7745361328125,
            "y": 0.6761870384216309,
            "z": -0.14319877326488495
        },
        "13": {
            "x": 0.6752399206161499,
            "y": 0.5750207304954529,
            "z": -0.06725478172302246
        },
        "14": {
            "x": 0.7034031748771667,
            "y": 0.5246362686157227,
            "z": -0.11863145232200623
        },
        "15": {
            "x": 0.7283865213394165,
            "y": 0.60948646068573,
            "z": -0.1280788630247116
        },
        "16": {
            "x": 0.7369495630264282,
            "y": 0.6740301251411438,
            "z": -0.1228741779923439
        },
        "17": {
            "x": 0.6269215941429138,
            "y": 0.585028350353241,
            "z": -0.08388208597898483
        },
        "18": {
            "x": 0.6263922452926636,
            "y": 0.49032697081565857,
            "z": -0.10997001081705093
        },
        "19": {
            "x": 0.6313841938972473,
            "y": 0.43871137499809265,
            "z": -0.11497147381305695
        },
        "20": {
            "x": 0.6353328227996826,
            "y": 0.3836326003074646,
            "z": -0.11556991934776306
        }
    }
}