{
    "Ы": {
        "0": {
            "x": 0.4928712248802185,
            "y": 0.7742424011230469,
            "z": 1.5998852020970844e-08
        },
        "1": {
            "x": 0.5602785348892212,
            "y": 0.7726669311523438,
            "z": -0.035995591431856155
        },
        "2": {
            "x": 0.6185850501060486,
            "y": 0.7496876120567322,
            "z": -0.06362046301364899
        },
        "3": {
            "x": 0.6384516358375549,
            "y": 0.7175818681716919,
            "z": -0.09231468290090561
        },
        "4": {
            "x": 0.6099483370780945,
            "y": 0.6910061240196228,
            "z": -0.12023590505123138
        },
        "5": {
            "x": 0.6397446393966675,
            "y": 0.5583922266960144,
            "z": -0.04244386777281761
        },
        "6": {
            "x": 0.6859711408615112,
            "y": 0.45350587368011475,
            "z": -0.0732085183262825
        },
        "7": {
            "x": 0.7160573601722717,
            "y": 0.3883984684944153,
            "z": -0.09079302847385406
        },
        "8": {
            "x": 0.7368565201759338,
            "y": 0.3309266269207001,
            "z": -0.1010812446475029
        },
        "9": {
            "x": 0.587775468826294,
            "y": 0.5410565137863159,
            "z": -0.04906993731856346
        },
        "10": {
            "x": 0.6111550331115723,
            "y": 0.5017138123512268,
            "z": -0.10652276128530502
        },
        "11": {
            "x": 0.6117435693740845,
            "y": 0.5869163274765015,
            "z": -0.12942765653133392
        },
        "12": {
            "x": 0.6032259464263916,
            "y": 0.647445559501648,
            "z": -0.13209538161754608
        },
        "13": {
            "x": 0.5356337428092957,
            "y": 0.5388409495353699,
            "z": -0.058480992913246155
        },
        "14": {
            "x": 0.5470275282859802,
            "y": 0.5082141757011414,
            "z": -0.10880431532859802
        },
        "15": {
            "x": 0.5574997067451477,
            "y": 0.5868414640426636,
            "z": -0.11492069065570831
        },
        "16": {
            "x": 0.5603126287460327,
            "y": 0.6367357969284058,
            "z": -0.10587649047374725
        },
        "17": {
            "x": 0.48658135533332825,
            "y": 0.5456667542457581,
            "z": -0.07081477344036102
        },
        "18": {
            "x": 0.48271578550338745,
            "y": 0.453796923160553,
            "z": -0.09380874037742615
        },
        "19": {
            "x": 0.4850800931453705,
            "y": 0.4090484380722046,
            "z": -0.09267371892929077
        },
        "20": {
            "x": 0.4885261654853821,
            "y": 0.35663583874702454,
            "z": -0.08743506669998169
        }
    }
}