{
    "Ы": {
        "0": {
            "x": 0.423814058303833,
            "y": 0.7549859285354614,
            "z": -1.7345744396379814e-08
        },
        "1": {
            "x": 0.4818583130836487,
            "y": 0.7509127855300903,
            "z": -0.030860884115099907
        },
        "2": {
            "x": 0.5265727639198303,
            "y": 0.7256839275360107,
            "z": -0.05693458020687103
        },
        "3": {
            "x": 0.5391485095024109,
            "y": 0.6909540295600891,
            "z": -0.08317380398511887
        },
        "4": {
            "x": 0.5069639682769775,
            "y": 0.6685621738433838,
            "z": -0.10904867202043533
        },
        "5": {
            "x": 0.5276386141777039,
            "y": 0.5625396370887756,
            "z": -0.0503922700881958
        },
        "6": {
            "x": 0.5670183897018433,
            "y": 0.4684438109397888,
            "z": -0.0805598720908165
        },
        "7": {
            "x": 0.5909554958343506,
            "y": 0.4107246696949005,
            "z": -0.09788373857736588
        },
        "8": {
            "x": 0.6061270236968994,
            "y": 0.3600182831287384,
            "z": -0.10859980434179306
        },
        "9": {
            "x": 0.48414146900177,
            "y": 0.5549392700195312,
            "z": -0.055168695747852325
        },
        "10": {
            "x": 0.5053592324256897,
            "y": 0.5322474241256714,
            "z": -0.1077609583735466
        },
        "11": {
            "x": 0.5114130973815918,
            "y": 0.6065602898597717,
            "z": -0.1260422319173813
        },
        "12": {
            "x": 0.5089112520217896,
            "y": 0.6577563881874084,
            "z": -0.12831683456897736
        },
        "13": {
            "x": 0.4411729872226715,
            "y": 0.5602079033851624,
            "z": -0.061647746711969376
        },
        "14": {
            "x": 0.4539336562156677,
            "y": 0.5341253280639648,
            "z": -0.10715636610984802
        },
        "15": {
            "x": 0.46880605816841125,
            "y": 0.6038191914558411,
            "z": -0.11070136725902557
        },
        "16": {
            "x": 0.4752618074417114,
            "y": 0.651813805103302,
            "z": -0.10246162116527557
        },
        "17": {
            "x": 0.4024636745452881,
            "y": 0.5732353329658508,
            "z": -0.07041905075311661
        },
        "18": {
            "x": 0.3901320695877075,
            "y": 0.49909794330596924,
            "z": -0.09482070803642273
        },
        "19": {
            "x": 0.38921964168548584,
            "y": 0.4582022428512573,
            "z": -0.09744535386562347
        },
        "20": {
            "x": 0.3920997977256775,
            "y": 0.4120791554450989,
            "z": -0.09531339257955551
        }
    }
}