{
    "Ы": {
        "0": {
            "x": 0.43109244108200073,
            "y": 0.7233720421791077,
            "z": -8.840744136762169e-09
        },
        "1": {
            "x": 0.48639315366744995,
            "y": 0.7128892540931702,
            "z": -0.028340136632323265
        },
        "2": {
            "x": 0.5298259854316711,
            "y": 0.6799964308738708,
            "z": -0.04932819679379463
        },
        "3": {
            "x": 0.5382345914840698,
            "y": 0.6419982314109802,
            "z": -0.07051783800125122
        },
        "4": {
            "x": 0.5096069574356079,
            "y": 0.6225475668907166,
            "z": -0.09116039425134659
        },
        "5": {
            "x": 0.5238838195800781,
            "y": 0.534747302532196,
            "z": -0.03900868073105812
        },
        "6": {
            "x": 0.5580023527145386,
            "y": 0.4458944499492645,
            "z": -0.06368393450975418
        },
        "7": {
            "x": 0.5787175893783569,
            "y": 0.39155471324920654,
            "z": -0.07676002383232117
        },
        "8": {
            "x": 0.5928031206130981,
            "y": 0.3443133234977722,
            "z": -0.08408986032009125
        },
        "9": {
            "x": 0.4838997721672058,
            "y": 0.5288417339324951,
            "z": -0.04299824312329292
        },
        "10": {
            "x": 0.5051333904266357,
            "y": 0.5018681287765503,
            "z": -0.08963305503129959
        },
        "11": {
            "x": 0.511765718460083,
            "y": 0.5687592029571533,
            "z": -0.10638607293367386
        },
        "12": {
            "x": 0.5109583139419556,
            "y": 0.6194261312484741,
            "z": -0.10722094029188156
        },
        "13": {
            "x": 0.44507139921188354,
            "y": 0.533583402633667,
            "z": -0.04883715137839317
        },
        "14": {
            "x": 0.46033570170402527,
            "y": 0.5073059797286987,
            "z": -0.09037782996892929
        },
        "15": {
            "x": 0.4756065607070923,
            "y": 0.5699116587638855,
            "z": -0.09529749304056168
        },
        "16": {
            "x": 0.4828869700431824,
            "y": 0.6158665418624878,
            "z": -0.08751596510410309
        },
        "17": {
            "x": 0.40963152050971985,
            "y": 0.5450419187545776,
            "z": -0.056703343987464905
        },
        "18": {
            "x": 0.39901360869407654,
            "y": 0.4710448980331421,
            "z": -0.07723651081323624
        },
        "19": {
            "x": 0.39734020829200745,
            "y": 0.42923668026924133,
            "z": -0.07914170622825623
        },
        "20": {
            "x": 0.3988451361656189,
            "y": 0.3868330419063568,
            "z": -0.07649539411067963
        }
    }
}