{
    "Ы": {
        "0": {
            "x": 0.41782206296920776,
            "y": 0.699144184589386,
            "z": -8.890702218877777e-08
        },
        "1": {
            "x": 0.5033103227615356,
            "y": 0.6857211589813232,
            "z": -0.03566783666610718
        },
        "2": {
            "x": 0.5761976838111877,
            "y": 0.6359562873840332,
            "z": -0.060532111674547195
        },
        "3": {
            "x": 0.5931667685508728,
            "y": 0.5760226249694824,
            "z": -0.08634913712739944
        },
        "4": {
            "x": 0.5530648827552795,
            "y": 0.550605833530426,
            "z": -0.11140534281730652
        },
        "5": {
            "x": 0.5837408900260925,
            "y": 0.4316311180591583,
            "z": -0.043422866612672806
        },
        "6": {
            "x": 0.6388635635375977,
            "y": 0.2973201274871826,
            "z": -0.07661841064691544
        },
        "7": {
            "x": 0.667618453502655,
            "y": 0.21771220862865448,
            "z": -0.09484012424945831
        },
        "8": {
            "x": 0.6869160532951355,
            "y": 0.14271998405456543,
            "z": -0.10673020780086517
        },
        "9": {
            "x": 0.5252416729927063,
            "y": 0.4150557219982147,
            "z": -0.05252016708254814
        },
        "10": {
            "x": 0.5576931834220886,
            "y": 0.3328052759170532,
            "z": -0.1235056221485138
        },
        "11": {
            "x": 0.5648190975189209,
            "y": 0.4320622384548187,
            "z": -0.15305009484291077
        },
        "12": {
            "x": 0.5592682361602783,
            "y": 0.511432409286499,
            "z": -0.15678034722805023
        },
        "13": {
            "x": 0.46762141585350037,
            "y": 0.41174763441085815,
            "z": -0.06377270817756653
        },
        "14": {
            "x": 0.49044069647789,
            "y": 0.3290746212005615,
            "z": -0.12542010843753815
        },
        "15": {
            "x": 0.5093855261802673,
            "y": 0.42759907245635986,
            "z": -0.13549263775348663
        },
        "16": {
            "x": 0.5170375108718872,
            "y": 0.5027081966400146,
            "z": -0.12578831613063812
        },
        "17": {
            "x": 0.4123545289039612,
            "y": 0.4178104102611542,
            "z": -0.07764481753110886
        },
        "18": {
            "x": 0.39821815490722656,
            "y": 0.2989855408668518,
            "z": -0.10949058085680008
        },
        "19": {
            "x": 0.40002530813217163,
            "y": 0.23067952692508698,
            "z": -0.11718462407588959
        },
        "20": {
            "x": 0.4084985852241516,
            "y": 0.15262925624847412,
            "z": -0.11753328889608383
        }
    }
}