{
    "Ы": {
        "0": {
            "x": 0.3919018805027008,
            "y": 0.7104493379592896,
            "z": -1.7673674790330551e-07
        },
        "1": {
            "x": 0.46435222029685974,
            "y": 0.6982760429382324,
            "z": -0.02794794738292694
        },
        "2": {
            "x": 0.525043249130249,
            "y": 0.6533466577529907,
            "z": -0.04876061901450157
        },
        "3": {
            "x": 0.5476393103599548,
            "y": 0.6037348508834839,
            "z": -0.07115853577852249
        },
        "4": {
            "x": 0.5141184329986572,
            "y": 0.5761477947235107,
            "z": -0.09291461110115051
        },
        "5": {
            "x": 0.5332696437835693,
            "y": 0.47250643372535706,
            "z": -0.03689140826463699
        },
        "6": {
            "x": 0.5671334862709045,
            "y": 0.346574604511261,
            "z": -0.06518372148275375
        },
        "7": {
            "x": 0.5829973816871643,
            "y": 0.2726856768131256,
            "z": -0.07998042553663254
        },
        "8": {
            "x": 0.592494785785675,
            "y": 0.20709392428398132,
            "z": -0.0891246646642685
        },
        "9": {
            "x": 0.48368608951568604,
            "y": 0.4613111913204193,
            "z": -0.046673309057950974
        },
        "10": {
            "x": 0.509507954120636,
            "y": 0.3949247896671295,
            "z": -0.10670872032642365
        },
        "11": {
            "x": 0.5186634659767151,
            "y": 0.48412516713142395,
            "z": -0.13188254833221436
        },
        "12": {
            "x": 0.5147225856781006,
            "y": 0.5573223829269409,
            "z": -0.13543979823589325
        },
        "13": {
            "x": 0.43330997228622437,
            "y": 0.46000275015830994,
            "z": -0.05815276876091957
        },
        "14": {
            "x": 0.4531686007976532,
            "y": 0.3959442973136902,
            "z": -0.11020936816930771
        },
        "15": {
            "x": 0.47332459688186646,
            "y": 0.4824630916118622,
            "z": -0.11884724348783493
        },
        "16": {
            "x": 0.4790562391281128,
            "y": 0.5491189360618591,
            "z": -0.11131997406482697
        },
        "17": {
            "x": 0.38457512855529785,
            "y": 0.46662354469299316,
            "z": -0.07168445736169815
        },
        "18": {
            "x": 0.3795650005340576,
            "y": 0.3641212582588196,
            "z": -0.09685012698173523
        },
        "19": {
            "x": 0.3821656107902527,
            "y": 0.30964395403862,
            "z": -0.10106579214334488
        },
        "20": {
            "x": 0.383342981338501,
            "y": 0.2493196576833725,
            "z": -0.10043808072805405
        }
    }
}