{
    "Ы": {
        "0": {
            "x": 0.3490239083766937,
            "y": 0.6040846705436707,
            "z": -1.3082362748662035e-08
        },
        "1": {
            "x": 0.3918434679508209,
            "y": 0.6011618375778198,
            "z": -0.02821490913629532
        },
        "2": {
            "x": 0.4265390932559967,
            "y": 0.5747449398040771,
            "z": -0.0467822290956974
        },
        "3": {
            "x": 0.42173048853874207,
            "y": 0.5377280712127686,
            "z": -0.06521164625883102
        },
        "4": {
            "x": 0.4006747305393219,
            "y": 0.5109200477600098,
            "z": -0.08283725380897522
        },
        "5": {
            "x": 0.4544345438480377,
            "y": 0.4560413956642151,
            "z": -0.030568497255444527
        },
        "6": {
            "x": 0.4886791706085205,
            "y": 0.3894970118999481,
            "z": -0.0522562637925148
        },
        "7": {
            "x": 0.508451521396637,
            "y": 0.3444560766220093,
            "z": -0.06475915759801865
        },
        "8": {
            "x": 0.5198673605918884,
            "y": 0.304923951625824,
            "z": -0.07236412912607193
        },
        "9": {
            "x": 0.41698625683784485,
            "y": 0.4407559633255005,
            "z": -0.03210006654262543
        },
        "10": {
            "x": 0.4214787483215332,
            "y": 0.41195496916770935,
            "z": -0.07547825574874878
        },
        "11": {
            "x": 0.415223628282547,
            "y": 0.4724263548851013,
            "z": -0.09279590845108032
        },
        "12": {
            "x": 0.41091465950012207,
            "y": 0.5159454345703125,
            "z": -0.09407468885183334
        },
        "13": {
            "x": 0.3803849220275879,
            "y": 0.43485307693481445,
            "z": -0.03586309030652046
        },
        "14": {
            "x": 0.38050052523612976,
            "y": 0.4065327048301697,
            "z": -0.07562250643968582
        },
        "15": {
            "x": 0.3826630413532257,
            "y": 0.46852344274520874,
            "z": -0.08027555793523788
        },
        "16": {
            "x": 0.3844801187515259,
            "y": 0.5121908187866211,
            "z": -0.07208841294050217
        },
        "17": {
            "x": 0.3462585210800171,
            "y": 0.4368823766708374,
            "z": -0.041574690490961075
        },
        "18": {
            "x": 0.33887943625450134,
            "y": 0.3713681101799011,
            "z": -0.06276553869247437
        },
        "19": {
            "x": 0.33688804507255554,
            "y": 0.33426955342292786,
            "z": -0.06478501856327057
        },
        "20": {
            "x": 0.34020188450813293,
            "y": 0.2916220426559448,
            "z": -0.0613834485411644
        }
    }
}