{
    "Г": {
        "0": {
            "x": 0.16574318706989288,
            "y": 0.6562533378601074,
            "z": 5.083351766188571e-07
        },
        "1": {
            "x": 0.21055328845977783,
            "y": 0.6199156045913696,
            "z": -0.05503895878791809
        },
        "2": {
            "x": 0.219448983669281,
            "y": 0.5522290468215942,
            "z": -0.0809876099228859
        },
        "3": {
            "x": 0.19084224104881287,
            "y": 0.5008731484413147,
            "z": -0.09848605841398239
        },
        "4": {
            "x": 0.1502305567264557,
            "y": 0.46039849519729614,
            "z": -0.11533243209123611
        },
        "5": {
            "x": 0.20014812052249908,
            "y": 0.4270775616168976,
            "z": -0.05056587979197502
        },
        "6": {
            "x": 0.18219268321990967,
            "y": 0.3418966233730316,
            "z": -0.0796775221824646
        },
        "7": {
            "x": 0.16417157649993896,
            "y": 0.2836152911186218,
            "z": -0.10574637353420258
        },
        "8": {
            "x": 0.14637279510498047,
            "y": 0.2341846078634262,
            "z": -0.12442147731781006
        },
        "9": {
            "x": 0.15644292533397675,
            "y": 0.41927406191825867,
            "z": -0.03848631680011749
        },
        "10": {
            "x": 0.14337709546089172,
            "y": 0.3219338059425354,
            "z": -0.06588787585496902
        },
        "11": {
            "x": 0.13233520090579987,
            "y": 0.2632429599761963,
            "z": -0.09049125015735626
        },
        "12": {
            "x": 0.12181879580020905,
            "y": 0.21944470703601837,
            "z": -0.10732696205377579
        },
        "13": {
            "x": 0.11738753318786621,
            "y": 0.4322531223297119,
            "z": -0.0318046510219574
        },
        "14": {
            "x": 0.10602494329214096,
            "y": 0.341830849647522,
            "z": -0.05635375156998634
        },
        "15": {
            "x": 0.0994018167257309,
            "y": 0.285714328289032,
            "z": -0.07371038943529129
        },
        "16": {
            "x": 0.09269464761018753,
            "y": 0.24159684777259827,
            "z": -0.0840277448296547
        },
        "17": {
            "x": 0.08623339235782623,
            "y": 0.4584255516529083,
            "z": -0.029706081375479698
        },
        "18": {
            "x": 0.08223829418420792,
            "y": 0.38134756684303284,
            "z": -0.04925086721777916
        },
        "19": {
            "x": 0.08047216385602951,
            "y": 0.3324802815914154,
            "z": -0.05852258577942848
        },
        "20": {
            "x": 0.08029655367136002,
            "y": 0.29114723205566406,
            "z": -0.063939668238163
        }
    }
}