{
    "Г": {
        "0": {
            "x": 0.1428084820508957,
            "y": 0.7778929471969604,
            "z": 3.18302880941701e-07
        },
        "1": {
            "x": 0.21314506232738495,
            "y": 0.7185038924217224,
            "z": 0.01660400629043579
        },
        "2": {
            "x": 0.22855991125106812,
            "y": 0.6354308128356934,
            "z": 0.031015820801258087
        },
        "3": {
            "x": 0.20660683512687683,
            "y": 0.5742413997650146,
            "z": 0.045109618455171585
        },
        "4": {
            "x": 0.17517326772212982,
            "y": 0.5482836365699768,
            "z": 0.05855967476963997
        },
        "5": {
            "x": 0.19123974442481995,
            "y": 0.5822834372520447,
            "z": 0.02464704029262066
        },
        "6": {
            "x": 0.18296639621257782,
            "y": 0.5040650367736816,
            "z": 0.04299697279930115
        },
        "7": {
            "x": 0.17825305461883545,
            "y": 0.4658469259738922,
            "z": 0.0573650561273098
        },
        "8": {
            "x": 0.1766006499528885,
            "y": 0.4461541175842285,
            "z": 0.06625880300998688
        },
        "9": {
            "x": 0.13644807040691376,
            "y": 0.571901798248291,
            "z": 0.022509420290589333
        },
        "10": {
            "x": 0.1304674595594406,
            "y": 0.47780489921569824,
            "z": 0.03634144365787506
        },
        "11": {
            "x": 0.13139981031417847,
            "y": 0.4393935203552246,
            "z": 0.04566104710102081
        },
        "12": {
            "x": 0.13262513279914856,
            "y": 0.41740983724594116,
            "z": 0.05283723399043083
        },
        "13": {
            "x": 0.0892249047756195,
            "y": 0.5841839909553528,
            "z": 0.022407591342926025
        },
        "14": {
            "x": 0.0801895409822464,
            "y": 0.48564669489860535,
            "z": 0.032603438943624496
        },
        "15": {
            "x": 0.08315198868513107,
            "y": 0.44629234075546265,
            "z": 0.04031441733241081
        },
        "16": {
            "x": 0.08764608204364777,
            "y": 0.42237770557403564,
            "z": 0.04554441571235657
        },
        "17": {
            "x": 0.05852650851011276,
            "y": 0.6138555407524109,
            "z": 0.024998456239700317
        },
        "18": {
            "x": 0.047519586980342865,
            "y": 0.5307127833366394,
            "z": 0.03581378608942032
        },
        "19": {
            "x": 0.04819106310606003,
            "y": 0.4938092529773712,
            "z": 0.046590544283390045
        },
        "20": {
            "x": 0.04890953004360199,
            "y": 0.47006189823150635,
            "z": 0.055111173540353775
        }
    }
}