{
    "Г": {
        "0": {
            "x": 0.7170892953872681,
            "y": 0.6299736499786377,
            "z": 7.608645091750077e-07
        },
        "1": {
            "x": 0.7657222151756287,
            "y": 0.5726594924926758,
            "z": -0.018553204834461212
        },
        "2": {
            "x": 0.7879464626312256,
            "y": 0.47977498173713684,
            "z": -0.028063394129276276
        },
        "3": {
            "x": 0.7868314385414124,
            "y": 0.3984512388706207,
            "z": -0.0405682697892189
        },
        "4": {
            "x": 0.7620124220848083,
            "y": 0.3449995219707489,
            "z": -0.04973945766687393
        },
        "5": {
            "x": 0.7480167150497437,
            "y": 0.41638538241386414,
            "z": -0.0041298773139715195
        },
        "6": {
            "x": 0.7678439617156982,
            "y": 0.32965633273124695,
            "z": -0.03132226690649986
        },
        "7": {
            "x": 0.7850688695907593,
            "y": 0.27465349435806274,
            "z": -0.04591688513755798
        },
        "8": {
            "x": 0.7981544733047485,
            "y": 0.22550781071186066,
            "z": -0.053340062499046326
        },
        "9": {
            "x": 0.7162860035896301,
            "y": 0.4062619209289551,
            "z": -0.011829308234155178
        },
        "10": {
            "x": 0.737838864326477,
            "y": 0.3102759122848511,
            "z": -0.04747965931892395
        },
        "11": {
            "x": 0.7626616954803467,
            "y": 0.2473767250776291,
            "z": -0.06265262514352798
        },
        "12": {
            "x": 0.7825660109519958,
            "y": 0.19605392217636108,
            "z": -0.06635626405477524
        },
        "13": {
            "x": 0.6858562231063843,
            "y": 0.41171589493751526,
            "z": -0.02431853674352169
        },
        "14": {
            "x": 0.7458025217056274,
            "y": 0.3738464415073395,
            "z": -0.07267259806394577
        },
        "15": {
            "x": 0.7603369951248169,
            "y": 0.4461820721626282,
            "z": -0.07413152605295181
        },
        "16": {
            "x": 0.7600383758544922,
            "y": 0.5001310706138611,
            "z": -0.060098323971033096
        },
        "17": {
            "x": 0.664264976978302,
            "y": 0.43080002069473267,
            "z": -0.03880229964852333
        },
        "18": {
            "x": 0.7387933135032654,
            "y": 0.4384795129299164,
            "z": -0.07535196095705032
        },
        "19": {
            "x": 0.7506120800971985,
            "y": 0.4970490038394928,
            "z": -0.07775598764419556
        },
        "20": {
            "x": 0.744086503982544,
            "y": 0.5368230938911438,
            "z": -0.07015129923820496
        }
    }
}