{
    "Г": {
        "0": {
            "x": 0.10368551313877106,
            "y": 0.3644437789916992,
            "z": 1.696800211448135e-07
        },
        "1": {
            "x": 0.18570613861083984,
            "y": 0.38177961111068726,
            "z": -0.005367774982005358
        },
        "2": {
            "x": 0.2737410366535187,
            "y": 0.4418203830718994,
            "z": -0.02076968550682068
        },
        "3": {
            "x": 0.3427976965904236,
            "y": 0.4643994867801666,
            "z": -0.03674755617976189
        },
        "4": {
            "x": 0.39382410049438477,
            "y": 0.44102418422698975,
            "z": -0.05395123362541199
        },
        "5": {
            "x": 0.2656177282333374,
            "y": 0.5188838243484497,
            "z": -0.04081014171242714
        },
        "6": {
            "x": 0.29116952419281006,
            "y": 0.6624903678894043,
            "z": -0.06088251620531082
        },
        "7": {
            "x": 0.29994699358940125,
            "y": 0.7473281025886536,
            "z": -0.07101673632860184
        },
        "8": {
            "x": 0.30181241035461426,
            "y": 0.8148566484451294,
            "z": -0.07759937644004822
        },
        "9": {
            "x": 0.2063179314136505,
            "y": 0.547305166721344,
            "z": -0.05175662413239479
        },
        "10": {
            "x": 0.2286570817232132,
            "y": 0.6911301016807556,
            "z": -0.0837223157286644
        },
        "11": {
            "x": 0.22551430761814117,
            "y": 0.6492081880569458,
            "z": -0.08332948386669159
        },
        "12": {
            "x": 0.21653743088245392,
            "y": 0.5877261161804199,
            "z": -0.07525110244750977
        },
        "13": {
            "x": 0.1487235724925995,
            "y": 0.5668386816978455,
            "z": -0.060346875339746475
        },
        "14": {
            "x": 0.17775216698646545,
            "y": 0.6921110153198242,
            "z": -0.07964737713336945
        },
        "15": {
            "x": 0.17476040124893188,
            "y": 0.6535384654998779,
            "z": -0.06002582237124443
        },
        "16": {
            "x": 0.16479748487472534,
            "y": 0.6008334159851074,
            "z": -0.04143894463777542
        },
        "17": {
            "x": 0.09701287001371384,
            "y": 0.5822627544403076,
            "z": -0.06905515491962433
        },
        "18": {
            "x": 0.13335072994232178,
            "y": 0.6822771430015564,
            "z": -0.07302569597959518
        },
        "19": {
            "x": 0.1325550079345703,
            "y": 0.6496468186378479,
            "z": -0.05130357667803764
        },
        "20": {
            "x": 0.12238659709692001,
            "y": 0.605076014995575,
            "z": -0.0333138182759285
        }
    }
}