{
    "Г": {
        "0": {
            "x": 0.06042911112308502,
            "y": 0.46116816997528076,
            "z": 2.557367224653717e-07
        },
        "1": {
            "x": 0.149231418967247,
            "y": 0.47509053349494934,
            "z": -0.004028205294162035
        },
        "2": {
            "x": 0.23136082291603088,
            "y": 0.5327626466751099,
            "z": -0.02266177348792553
        },
        "3": {
            "x": 0.2966812252998352,
            "y": 0.566738486289978,
            "z": -0.04033353552222252
        },
        "4": {
            "x": 0.347470223903656,
            "y": 0.5515874028205872,
            "z": -0.058696288615465164
        },
        "5": {
            "x": 0.213872492313385,
            "y": 0.6214078068733215,
            "z": -0.053415507078170776
        },
        "6": {
            "x": 0.24597002565860748,
            "y": 0.7690969705581665,
            "z": -0.07970042526721954
        },
        "7": {
            "x": 0.2584987282752991,
            "y": 0.8549671173095703,
            "z": -0.09184382855892181
        },
        "8": {
            "x": 0.2597000300884247,
            "y": 0.9169247150421143,
            "z": -0.09639541804790497
        },
        "9": {
            "x": 0.1508072316646576,
            "y": 0.6566358804702759,
            "z": -0.06197027117013931
        },
        "10": {
            "x": 0.19583584368228912,
            "y": 0.8095399141311646,
            "z": -0.09023184329271317
        },
        "11": {
            "x": 0.2157892882823944,
            "y": 0.7983341217041016,
            "z": -0.08501444011926651
        },
        "12": {
            "x": 0.21490518748760223,
            "y": 0.7548370957374573,
            "z": -0.07249236106872559
        },
        "13": {
            "x": 0.09270127862691879,
            "y": 0.6776803135871887,
            "z": -0.0673329308629036
        },
        "14": {
            "x": 0.1428333818912506,
            "y": 0.8064510822296143,
            "z": -0.08278094977140427
        },
        "15": {
            "x": 0.16526615619659424,
            "y": 0.7925639152526855,
            "z": -0.061425939202308655
        },
        "16": {
            "x": 0.16726358234882355,
            "y": 0.7558026313781738,
            "z": -0.03996121883392334
        },
        "17": {
            "x": 0.04113242030143738,
            "y": 0.6920104622840881,
            "z": -0.07236742973327637
        },
        "18": {
            "x": 0.08847334235906601,
            "y": 0.7899817824363708,
            "z": -0.0734957829117775
        },
        "19": {
            "x": 0.10930647701025009,
            "y": 0.7849756479263306,
            "z": -0.05079144984483719
        },
        "20": {
            "x": 0.11227119714021683,
            "y": 0.7602410912513733,
            "z": -0.029972122982144356
        }
    }
}