{
    "Г": {
        "0": {
            "x": 0.7827989459037781,
            "y": 0.5607420206069946,
            "z": -1.28524163756083e-07
        },
        "1": {
            "x": 0.7076745629310608,
            "y": 0.5832998156547546,
            "z": 0.0029191006906330585
        },
        "2": {
            "x": 0.6389302015304565,
            "y": 0.632491946220398,
            "z": -0.011817659251391888
        },
        "3": {
            "x": 0.578221321105957,
            "y": 0.6520068049430847,
            "z": -0.027089443057775497
        },
        "4": {
            "x": 0.5257675647735596,
            "y": 0.6441687345504761,
            "z": -0.04585447907447815
        },
        "5": {
            "x": 0.6392232775688171,
            "y": 0.7041549682617188,
            "z": -0.045430030673742294
        },
        "6": {
            "x": 0.6511566638946533,
            "y": 0.8349172472953796,
            "z": -0.0666729286313057
        },
        "7": {
            "x": 0.6580615043640137,
            "y": 0.90895015001297,
            "z": -0.07968769967556
        },
        "8": {
            "x": 0.6631830930709839,
            "y": 0.9680261611938477,
            "z": -0.08966286480426788
        },
        "9": {
            "x": 0.6851860284805298,
            "y": 0.7097253799438477,
            "z": -0.0575217641890049
        },
        "10": {
            "x": 0.7015066146850586,
            "y": 0.8333681225776672,
            "z": -0.07686194777488708
        },
        "11": {
            "x": 0.7096129059791565,
            "y": 0.793736457824707,
            "z": -0.07265573740005493
        },
        "12": {
            "x": 0.7084305882453918,
            "y": 0.7427212595939636,
            "z": -0.07005149871110916
        },
        "13": {
            "x": 0.733544111251831,
            "y": 0.7077202200889587,
            "z": -0.06676362454891205
        },
        "14": {
            "x": 0.7409877181053162,
            "y": 0.8148155212402344,
            "z": -0.08199036121368408
        },
        "15": {
            "x": 0.7484747767448425,
            "y": 0.7783558368682861,
            "z": -0.06329567730426788
        },
        "16": {
            "x": 0.7473207712173462,
            "y": 0.7325723767280579,
            "z": -0.050356533378362656
        },
        "17": {
            "x": 0.7802910804748535,
            "y": 0.7028897404670715,
            "z": -0.07526706159114838
        },
        "18": {
            "x": 0.7765675187110901,
            "y": 0.7921669483184814,
            "z": -0.08349005877971649
        },
        "19": {
            "x": 0.7819051146507263,
            "y": 0.7599300146102905,
            "z": -0.06624551862478256
        },
        "20": {
            "x": 0.7824203372001648,
            "y": 0.7205674648284912,
            "z": -0.05302360653877258
        }
    }
}