{
    "Г": {
        "0": {
            "x": 0.7475871443748474,
            "y": 0.4337063431739807,
            "z": -1.0273491568568716e-07
        },
        "1": {
            "x": 0.6776967644691467,
            "y": 0.4702398180961609,
            "z": -0.0004013989237137139
        },
        "2": {
            "x": 0.6123834252357483,
            "y": 0.5307314395904541,
            "z": -0.015190193429589272
        },
        "3": {
            "x": 0.5520176887512207,
            "y": 0.5645479559898376,
            "z": -0.029210887849330902
        },
        "4": {
            "x": 0.5001509189605713,
            "y": 0.5672430992126465,
            "z": -0.046733174473047256
        },
        "5": {
            "x": 0.6351562738418579,
            "y": 0.5938021540641785,
            "z": -0.05031188949942589
        },
        "6": {
            "x": 0.6459048986434937,
            "y": 0.7251757383346558,
            "z": -0.07458343356847763
        },
        "7": {
            "x": 0.6569348573684692,
            "y": 0.7997941374778748,
            "z": -0.08943647891283035
        },
        "8": {
            "x": 0.6678906679153442,
            "y": 0.8572881817817688,
            "z": -0.09961672127246857
        },
        "9": {
            "x": 0.6789084076881409,
            "y": 0.59333336353302,
            "z": -0.058968979865312576
        },
        "10": {
            "x": 0.7085933685302734,
            "y": 0.7212514877319336,
            "z": -0.07717601954936981
        },
        "11": {
            "x": 0.7123035788536072,
            "y": 0.6820151805877686,
            "z": -0.07023105025291443
        },
        "12": {
            "x": 0.7040651440620422,
            "y": 0.6335850358009338,
            "z": -0.06543691456317902
        },
        "13": {
            "x": 0.725853443145752,
            "y": 0.5840960741043091,
            "z": -0.06515517085790634
        },
        "14": {
            "x": 0.7440564632415771,
            "y": 0.699512243270874,
            "z": -0.08091145753860474
        },
        "15": {
            "x": 0.7451472878456116,
            "y": 0.6621170043945312,
            "z": -0.06144224852323532
        },
        "16": {
            "x": 0.7378368377685547,
            "y": 0.6162146329879761,
            "z": -0.04712257906794548
        },
        "17": {
            "x": 0.7707589268684387,
            "y": 0.5714853405952454,
            "z": -0.07057241350412369
        },
        "18": {
            "x": 0.7733508348464966,
            "y": 0.6687641739845276,
            "z": -0.07969089597463608
        },
        "19": {
            "x": 0.7723712921142578,
            "y": 0.6369404196739197,
            "z": -0.061777353286743164
        },
        "20": {
            "x": 0.7692822813987732,
            "y": 0.5961843132972717,
            "z": -0.04753792658448219
        }
    }
}