{
    "Г": {
        "0": {
            "x": 0.598158597946167,
            "y": 0.6770748496055603,
            "z": 1.0486032806511503e-06
        },
        "1": {
            "x": 0.6662290692329407,
            "y": 0.6341595649719238,
            "z": -0.017647147178649902
        },
        "2": {
            "x": 0.7031446695327759,
            "y": 0.5535502433776855,
            "z": -0.031497448682785034
        },
        "3": {
            "x": 0.7133058309555054,
            "y": 0.48211556673049927,
            "z": -0.048373643308877945
        },
        "4": {
            "x": 0.7043711543083191,
            "y": 0.42081624269485474,
            "z": -0.06199147179722786
        },
        "5": {
            "x": 0.6524097323417664,
            "y": 0.4276985228061676,
            "z": -0.019073989242315292
        },
        "6": {
            "x": 0.6969146728515625,
            "y": 0.34487274289131165,
            "z": -0.05169811099767685
        },
        "7": {
            "x": 0.7276002168655396,
            "y": 0.2865599989891052,
            "z": -0.07078911364078522
        },
        "8": {
            "x": 0.7507172226905823,
            "y": 0.2346971035003662,
            "z": -0.08084597438573837
        },
        "9": {
            "x": 0.6235764026641846,
            "y": 0.4190800189971924,
            "z": -0.031065134331583977
        },
        "10": {
            "x": 0.6858198642730713,
            "y": 0.3373298645019531,
            "z": -0.07048308104276657
        },
        "11": {
            "x": 0.7360577583312988,
            "y": 0.2848855257034302,
            "z": -0.08827988803386688
        },
        "12": {
            "x": 0.7736813426017761,
            "y": 0.2440149486064911,
            "z": -0.09292217344045639
        },
        "13": {
            "x": 0.6011632680892944,
            "y": 0.4332149028778076,
            "z": -0.04575885459780693
        },
        "14": {
            "x": 0.6915254592895508,
            "y": 0.4316772222518921,
            "z": -0.09431375563144684
        },
        "15": {
            "x": 0.6991869211196899,
            "y": 0.5126234889030457,
            "z": -0.09230805188417435
        },
        "16": {
            "x": 0.6907102465629578,
            "y": 0.5698465704917908,
            "z": -0.0756438747048378
        },
        "17": {
            "x": 0.5894572734832764,
            "y": 0.4676872193813324,
            "z": -0.06268846243619919
        },
        "18": {
            "x": 0.6738889217376709,
            "y": 0.5138275623321533,
            "z": -0.09796599298715591
        },
        "19": {
            "x": 0.6777781844139099,
            "y": 0.5799132585525513,
            "z": -0.09472649544477463
        },
        "20": {
            "x": 0.6654656529426575,
            "y": 0.6231273412704468,
            "z": -0.08162324875593185
        }
    }
}