{
    "Г": {
        "0": {
            "x": 0.8966339230537415,
            "y": 0.4832330048084259,
            "z": 3.338668719266025e-08
        },
        "1": {
            "x": 0.815193235874176,
            "y": 0.4794843792915344,
            "z": 0.0003910647938027978
        },
        "2": {
            "x": 0.7282344102859497,
            "y": 0.498076856136322,
            "z": -0.015477404929697514
        },
        "3": {
            "x": 0.6648606657981873,
            "y": 0.4887921214103699,
            "z": -0.030478404834866524
        },
        "4": {
            "x": 0.6209903955459595,
            "y": 0.4565879702568054,
            "z": -0.04920356720685959
        },
        "5": {
            "x": 0.7543012499809265,
            "y": 0.5575560927391052,
            "z": -0.054975900799036026
        },
        "6": {
            "x": 0.7380366921424866,
            "y": 0.6849034428596497,
            "z": -0.07498130202293396
        },
        "7": {
            "x": 0.7297568321228027,
            "y": 0.7574092745780945,
            "z": -0.08715668320655823
        },
        "8": {
            "x": 0.7274026870727539,
            "y": 0.8152073621749878,
            "z": -0.09562390297651291
        },
        "9": {
            "x": 0.8051838278770447,
            "y": 0.5808883905410767,
            "z": -0.06492375582456589
        },
        "10": {
            "x": 0.7702106237411499,
            "y": 0.7119342088699341,
            "z": -0.0806567594408989
        },
        "11": {
            "x": 0.7683840990066528,
            "y": 0.6816459894180298,
            "z": -0.07710404694080353
        },
        "12": {
            "x": 0.7770753502845764,
            "y": 0.632750928401947,
            "z": -0.07532823085784912
        },
        "13": {
            "x": 0.8534745573997498,
            "y": 0.5968984961509705,
            "z": -0.07053614407777786
        },
        "14": {
            "x": 0.8072906732559204,
            "y": 0.7117533683776855,
            "z": -0.0819784551858902
        },
        "15": {
            "x": 0.8099180459976196,
            "y": 0.6837297081947327,
            "z": -0.06272465735673904
        },
        "16": {
            "x": 0.8218367695808411,
            "y": 0.6399911642074585,
            "z": -0.049596935510635376
        },
        "17": {
            "x": 0.8963028788566589,
            "y": 0.6110618710517883,
            "z": -0.07554712146520615
        },
        "18": {
            "x": 0.8513437509536743,
            "y": 0.7063881754875183,
            "z": -0.08145245164632797
        },
        "19": {
            "x": 0.8491643667221069,
            "y": 0.685543417930603,
            "z": -0.06280311942100525
        },
        "20": {
            "x": 0.8579850196838379,
            "y": 0.6526297330856323,
            "z": -0.0490836463868618
        }
    }
}