{
    "Г": {
        "0": {
            "x": 0.4218676686286926,
            "y": 0.48435264825820923,
            "z": 3.295912449630123e-07
        },
        "1": {
            "x": 0.4812474548816681,
            "y": 0.5126084089279175,
            "z": -0.00895314197987318
        },
        "2": {
            "x": 0.5472169518470764,
            "y": 0.562286913394928,
            "z": -0.02711419016122818
        },
        "3": {
            "x": 0.5987691879272461,
            "y": 0.5853769183158875,
            "z": -0.0435745008289814
        },
        "4": {
            "x": 0.6454309225082397,
            "y": 0.5794076919555664,
            "z": -0.06026780232787132
        },
        "5": {
            "x": 0.5489338040351868,
            "y": 0.5807037353515625,
            "z": -0.058382194489240646
        },
        "6": {
            "x": 0.5566219091415405,
            "y": 0.6865846514701843,
            "z": -0.09236904233694077
        },
        "7": {
            "x": 0.5593640208244324,
            "y": 0.7525767087936401,
            "z": -0.1124720349907875
        },
        "8": {
            "x": 0.5625913143157959,
            "y": 0.8084423542022705,
            "z": -0.12471045553684235
        },
        "9": {
            "x": 0.5123398900032043,
            "y": 0.5776067972183228,
            "z": -0.06896107643842697
        },
        "10": {
            "x": 0.4978783428668976,
            "y": 0.7204630970954895,
            "z": -0.10431727021932602
        },
        "11": {
            "x": 0.48332589864730835,
            "y": 0.6939156651496887,
            "z": -0.10517540574073792
        },
        "12": {
            "x": 0.4816190302371979,
            "y": 0.6505579352378845,
            "z": -0.1018577292561531
        },
        "13": {
            "x": 0.4673648476600647,
            "y": 0.5786616802215576,
            "z": -0.07785512506961823
        },
        "14": {
            "x": 0.4529951810836792,
            "y": 0.6999958157539368,
            "z": -0.10470887273550034
        },
        "15": {
            "x": 0.44441309571266174,
            "y": 0.6707584857940674,
            "z": -0.09032700210809708
        },
        "16": {
            "x": 0.4472312927246094,
            "y": 0.6301748752593994,
            "z": -0.07662419974803925
        },
        "17": {
            "x": 0.42286112904548645,
            "y": 0.5800026655197144,
            "z": -0.08665477484464645
        },
        "18": {
            "x": 0.41899242997169495,
            "y": 0.6753076314926147,
            "z": -0.09679971635341644
        },
        "19": {
            "x": 0.41612371802330017,
            "y": 0.653059720993042,
            "z": -0.08102750033140182
        },
        "20": {
            "x": 0.41924771666526794,
            "y": 0.6167399883270264,
            "z": -0.0681919977068901
        }
    }
}