{
    "Г": {
        "0": {
            "x": 0.29041409492492676,
            "y": 0.4435886740684509,
            "z": 2.5747260679054307e-07
        },
        "1": {
            "x": 0.366872638463974,
            "y": 0.4722778797149658,
            "z": -0.008661429397761822
        },
        "2": {
            "x": 0.45008528232574463,
            "y": 0.5368302464485168,
            "z": -0.027100740000605583
        },
        "3": {
            "x": 0.5172131061553955,
            "y": 0.5640609860420227,
            "z": -0.044054098427295685
        },
        "4": {
            "x": 0.5687462091445923,
            "y": 0.5508193373680115,
            "z": -0.06207690387964249
        },
        "5": {
            "x": 0.4151955544948578,
            "y": 0.591740071773529,
            "z": -0.05322076380252838
        },
        "6": {
            "x": 0.4087211489677429,
            "y": 0.7299111485481262,
            "z": -0.07859195023775101
        },
        "7": {
            "x": 0.4009458124637604,
            "y": 0.8109914660453796,
            "z": -0.09235300868749619
        },
        "8": {
            "x": 0.3902773857116699,
            "y": 0.8765808343887329,
            "z": -0.10065524280071259
        },
        "9": {
            "x": 0.3621505796909332,
            "y": 0.6019343733787537,
            "z": -0.05949430912733078
        },
        "10": {
            "x": 0.3609786331653595,
            "y": 0.7300879955291748,
            "z": -0.08761756122112274
        },
        "11": {
            "x": 0.363381564617157,
            "y": 0.6910285949707031,
            "z": -0.08420439064502716
        },
        "12": {
            "x": 0.36245402693748474,
            "y": 0.6395384073257446,
            "z": -0.07681901007890701
        },
        "13": {
            "x": 0.3104861378669739,
            "y": 0.6042251586914062,
            "z": -0.0631752610206604
        },
        "14": {
            "x": 0.319948673248291,
            "y": 0.716076135635376,
            "z": -0.08154568076133728
        },
        "15": {
            "x": 0.3183603584766388,
            "y": 0.6805056929588318,
            "z": -0.05988636985421181
        },
        "16": {
            "x": 0.3143541216850281,
            "y": 0.6342190504074097,
            "z": -0.04104895889759064
        },
        "17": {
            "x": 0.26293766498565674,
            "y": 0.603181779384613,
            "z": -0.0665639117360115
        },
        "18": {
            "x": 0.28127703070640564,
            "y": 0.6965462565422058,
            "z": -0.06787628680467606
        },
        "19": {
            "x": 0.2807641625404358,
            "y": 0.66749507188797,
            "z": -0.04338254779577255
        },
        "20": {
            "x": 0.2757361829280853,
            "y": 0.6294236779212952,
            "z": -0.024484897032380104
        }
    }
}