{
    "Г": {
        "0": {
            "x": 0.2892913520336151,
            "y": 0.33016085624694824,
            "z": 3.1671535793975636e-07
        },
        "1": {
            "x": 0.3712862432003021,
            "y": 0.33820706605911255,
            "z": -0.014928404241800308
        },
        "2": {
            "x": 0.4618367552757263,
            "y": 0.3766820728778839,
            "z": -0.03623426705598831
        },
        "3": {
            "x": 0.5275411009788513,
            "y": 0.3855883777141571,
            "z": -0.055075764656066895
        },
        "4": {
            "x": 0.5789029598236084,
            "y": 0.36178937554359436,
            "z": -0.0733729898929596
        },
        "5": {
            "x": 0.43605905771255493,
            "y": 0.38732224702835083,
            "z": -0.06982620805501938
        },
        "6": {
            "x": 0.4508965015411377,
            "y": 0.5233094096183777,
            "z": -0.10455479472875595
        },
        "7": {
            "x": 0.4531143605709076,
            "y": 0.597599983215332,
            "z": -0.12353210896253586
        },
        "8": {
            "x": 0.45379844307899475,
            "y": 0.6594006419181824,
            "z": -0.13562360405921936
        },
        "9": {
            "x": 0.3867169916629791,
            "y": 0.39354774355888367,
            "z": -0.07925418019294739
        },
        "10": {
            "x": 0.3992469608783722,
            "y": 0.5534522533416748,
            "z": -0.1158231794834137
        },
        "11": {
            "x": 0.3919002413749695,
            "y": 0.5234134793281555,
            "z": -0.11580580472946167
        },
        "12": {
            "x": 0.38674771785736084,
            "y": 0.472845196723938,
            "z": -0.11400273442268372
        },
        "13": {
            "x": 0.3363092839717865,
            "y": 0.4055750370025635,
            "z": -0.08681145310401917
        },
        "14": {
            "x": 0.3559646010398865,
            "y": 0.5386108160018921,
            "z": -0.11161338537931442
        },
        "15": {
            "x": 0.34890666604042053,
            "y": 0.5070049166679382,
            "z": -0.09118659794330597
        },
        "16": {
            "x": 0.3442745506763458,
            "y": 0.4609546959400177,
            "z": -0.07557536661624908
        },
        "17": {
            "x": 0.29289859533309937,
            "y": 0.41741204261779785,
            "z": -0.0953669622540474
        },
        "18": {
            "x": 0.3144075572490692,
            "y": 0.5268886089324951,
            "z": -0.10128234326839447
        },
        "19": {
            "x": 0.31259703636169434,
            "y": 0.49875640869140625,
            "z": -0.08021444827318192
        },
        "20": {
            "x": 0.30810612440109253,
            "y": 0.45373862981796265,
            "z": -0.06563994288444519
        }
    }
}