{
    "Г": {
        "0": {
            "x": 0.2172752469778061,
            "y": 0.43220722675323486,
            "z": 6.56043084745761e-07
        },
        "1": {
            "x": 0.30278292298316956,
            "y": 0.4383953809738159,
            "z": -0.0157926008105278
        },
        "2": {
            "x": 0.38997769355773926,
            "y": 0.48016372323036194,
            "z": -0.0241603571921587
        },
        "3": {
            "x": 0.455647349357605,
            "y": 0.4943678677082062,
            "z": -0.03460990637540817
        },
        "4": {
            "x": 0.49820807576179504,
            "y": 0.47203004360198975,
            "z": -0.04461684077978134
        },
        "5": {
            "x": 0.3634653389453888,
            "y": 0.5908849239349365,
            "z": 7.663927681278437e-05
        },
        "6": {
            "x": 0.3770850598812103,
            "y": 0.6994057893753052,
            "z": -0.012495853006839752
        },
        "7": {
            "x": 0.3761632442474365,
            "y": 0.7665148377418518,
            "z": -0.02282043546438217
        },
        "8": {
            "x": 0.3728126287460327,
            "y": 0.8182792663574219,
            "z": -0.02851317636668682
        },
        "9": {
            "x": 0.31632518768310547,
            "y": 0.6068784594535828,
            "z": -0.0021501837763935328
        },
        "10": {
            "x": 0.3316899836063385,
            "y": 0.713905930519104,
            "z": -0.015400276519358158
        },
        "11": {
            "x": 0.3379296362400055,
            "y": 0.7375328540802002,
            "z": -0.021545523777604103
        },
        "12": {
            "x": 0.3368738889694214,
            "y": 0.7373455762863159,
            "z": -0.020726772025227547
        },
        "13": {
            "x": 0.2682974338531494,
            "y": 0.6073396801948547,
            "z": -0.006927182897925377
        },
        "14": {
            "x": 0.2866871953010559,
            "y": 0.663413405418396,
            "z": -0.01865922473371029
        },
        "15": {
            "x": 0.29082202911376953,
            "y": 0.6194896697998047,
            "z": -0.014497952535748482
        },
        "16": {
            "x": 0.2885056734085083,
            "y": 0.5733198523521423,
            "z": -0.00486468430608511
        },
        "17": {
            "x": 0.22126053273677826,
            "y": 0.5966036319732666,
            "z": -0.013257873244583607
        },
        "18": {
            "x": 0.24043938517570496,
            "y": 0.6336971521377563,
            "z": -0.012849844992160797
        },
        "19": {
            "x": 0.24722617864608765,
            "y": 0.5973344445228577,
            "z": 0.0005929639446549118
        },
        "20": {
            "x": 0.24441832304000854,
            "y": 0.5577524304389954,
            "z": 0.013627179898321629
        }
    }
}