{
    "Г": {
        "0": {
            "x": 0.3951372504234314,
            "y": 0.27391672134399414,
            "z": 1.0947467643518394e-07
        },
        "1": {
            "x": 0.4587024748325348,
            "y": 0.2728402614593506,
            "z": -0.00011443401308497414
        },
        "2": {
            "x": 0.5261826515197754,
            "y": 0.3095633387565613,
            "z": -0.010751329362392426
        },
        "3": {
            "x": 0.5786377787590027,
            "y": 0.3239883780479431,
            "z": -0.02160324528813362
        },
        "4": {
            "x": 0.6171618700027466,
            "y": 0.3059144914150238,
            "z": -0.03384775295853615
        },
        "5": {
            "x": 0.532137393951416,
            "y": 0.36690589785575867,
            "z": -0.03405654802918434
        },
        "6": {
            "x": 0.5345590710639954,
            "y": 0.4817611873149872,
            "z": -0.04978957772254944
        },
        "7": {
            "x": 0.5304849147796631,
            "y": 0.5441233515739441,
            "z": -0.05867360532283783
        },
        "8": {
            "x": 0.5262162089347839,
            "y": 0.5930764079093933,
            "z": -0.06502677500247955
        },
        "9": {
            "x": 0.49697285890579224,
            "y": 0.3913702964782715,
            "z": -0.04230102151632309
        },
        "10": {
            "x": 0.48718565702438354,
            "y": 0.48991310596466064,
            "z": -0.05762077495455742
        },
        "11": {
            "x": 0.47434139251708984,
            "y": 0.45727306604385376,
            "z": -0.05321640148758888
        },
        "12": {
            "x": 0.4712445139884949,
            "y": 0.41491204500198364,
            "z": -0.048991117626428604
        },
        "13": {
            "x": 0.45426270365715027,
            "y": 0.40765252709388733,
            "z": -0.04837287217378616
        },
        "14": {
            "x": 0.45173293352127075,
            "y": 0.48306435346603394,
            "z": -0.058528389781713486
        },
        "15": {
            "x": 0.43888455629348755,
            "y": 0.4521116316318512,
            "z": -0.043485213071107864
        },
        "16": {
            "x": 0.43550294637680054,
            "y": 0.41430729627609253,
            "z": -0.03292103484272957
        },
        "17": {
            "x": 0.41293084621429443,
            "y": 0.4194691777229309,
            "z": -0.05376354232430458
        },
        "18": {
            "x": 0.417094886302948,
            "y": 0.47202786803245544,
            "z": -0.05379079654812813
        },
        "19": {
            "x": 0.40794819593429565,
            "y": 0.44460752606391907,
            "z": -0.03723469376564026
        },
        "20": {
            "x": 0.4049529433250427,
            "y": 0.41314199566841125,
            "z": -0.02531953901052475
        }
    }
}