{
    "Г": {
        "0": {
            "x": 0.4082386791706085,
            "y": 0.2973644435405731,
            "z": 1.1420182488564024e-07
        },
        "1": {
            "x": 0.4734884202480316,
            "y": 0.31016892194747925,
            "z": 0.0013176698703318834
        },
        "2": {
            "x": 0.5370659828186035,
            "y": 0.35457295179367065,
            "z": -0.010620486922562122
        },
        "3": {
            "x": 0.590304970741272,
            "y": 0.37027254700660706,
            "z": -0.023136256262660027
        },
        "4": {
            "x": 0.6290668249130249,
            "y": 0.3466857373714447,
            "z": -0.03735858574509621
        },
        "5": {
            "x": 0.5396168828010559,
            "y": 0.41394394636154175,
            "z": -0.03409062698483467
        },
        "6": {
            "x": 0.5370969772338867,
            "y": 0.5319734811782837,
            "z": -0.04829717054963112
        },
        "7": {
            "x": 0.5280200242996216,
            "y": 0.5952527523040771,
            "z": -0.05585562437772751
        },
        "8": {
            "x": 0.5211266875267029,
            "y": 0.6431323885917664,
            "z": -0.062053486704826355
        },
        "9": {
            "x": 0.5019890666007996,
            "y": 0.43610459566116333,
            "z": -0.04378814250230789
        },
        "10": {
            "x": 0.48895934224128723,
            "y": 0.5289298295974731,
            "z": -0.05691814050078392
        },
        "11": {
            "x": 0.47735685110092163,
            "y": 0.494040310382843,
            "z": -0.051343902945518494
        },
        "12": {
            "x": 0.47798416018486023,
            "y": 0.45124614238739014,
            "z": -0.047318506985902786
        },
        "13": {
            "x": 0.45727673172950745,
            "y": 0.44852685928344727,
            "z": -0.05099315941333771
        },
        "14": {
            "x": 0.4532901644706726,
            "y": 0.5202103853225708,
            "z": -0.05854358151555061
        },
        "15": {
            "x": 0.4411228895187378,
            "y": 0.48840856552124023,
            "z": -0.041705064475536346
        },
        "16": {
            "x": 0.44053876399993896,
            "y": 0.45016270875930786,
            "z": -0.031221145763993263
        },
        "17": {
            "x": 0.41433069109916687,
            "y": 0.45570075511932373,
            "z": -0.05761270225048065
        },
        "18": {
            "x": 0.4171608090400696,
            "y": 0.4995604455471039,
            "z": -0.05634920299053192
        },
        "19": {
            "x": 0.4082375764846802,
            "y": 0.47236382961273193,
            "z": -0.0390402190387249
        },
        "20": {
            "x": 0.406808078289032,
            "y": 0.4443792402744293,
            "z": -0.027114050462841988
        }
    }
}