{
    "Г": {
        "0": {
            "x": 0.3996599018573761,
            "y": 0.3347339332103729,
            "z": 9.077112395061704e-08
        },
        "1": {
            "x": 0.46723833680152893,
            "y": 0.34948351979255676,
            "z": 0.0004343104374129325
        },
        "2": {
            "x": 0.532221257686615,
            "y": 0.3989064693450928,
            "z": -0.009942322969436646
        },
        "3": {
            "x": 0.5867734551429749,
            "y": 0.41497668623924255,
            "z": -0.021109770983457565
        },
        "4": {
            "x": 0.6257829666137695,
            "y": 0.3930242955684662,
            "z": -0.033835746347904205
        },
        "5": {
            "x": 0.5300974249839783,
            "y": 0.47143250703811646,
            "z": -0.02684677205979824
        },
        "6": {
            "x": 0.5211046934127808,
            "y": 0.5827637910842896,
            "z": -0.037592314183712006
        },
        "7": {
            "x": 0.5110385417938232,
            "y": 0.6429167985916138,
            "z": -0.044249631464481354
        },
        "8": {
            "x": 0.502914309501648,
            "y": 0.6887937784194946,
            "z": -0.05027182027697563
        },
        "9": {
            "x": 0.4902956783771515,
            "y": 0.4923974871635437,
            "z": -0.035309694707393646
        },
        "10": {
            "x": 0.47781631350517273,
            "y": 0.5834738612174988,
            "z": -0.04718492925167084
        },
        "11": {
            "x": 0.4675014019012451,
            "y": 0.5468182563781738,
            "z": -0.0440826378762722
        },
        "12": {
            "x": 0.46742507815361023,
            "y": 0.502612292766571,
            "z": -0.04123448207974434
        },
        "13": {
            "x": 0.44465169310569763,
            "y": 0.5019044280052185,
            "z": -0.041342299431562424
        },
        "14": {
            "x": 0.4418265223503113,
            "y": 0.5706449151039124,
            "z": -0.046691544353961945
        },
        "15": {
            "x": 0.43076014518737793,
            "y": 0.5379548072814941,
            "z": -0.03192764148116112
        },
        "16": {
            "x": 0.42953911423683167,
            "y": 0.5000700354576111,
            "z": -0.022589191794395447
        },
        "17": {
            "x": 0.40217357873916626,
            "y": 0.5056246519088745,
            "z": -0.046978406608104706
        },
        "18": {
            "x": 0.40652576088905334,
            "y": 0.5524706244468689,
            "z": -0.04348575696349144
        },
        "19": {
            "x": 0.39938196539878845,
            "y": 0.5251666307449341,
            "z": -0.02653471753001213
        },
        "20": {
            "x": 0.3978971242904663,
            "y": 0.49614059925079346,
            "z": -0.014735592529177666
        }
    }
}