{
    "Г": {
        "0": {
            "x": 0.48392200469970703,
            "y": 0.666480541229248,
            "z": 1.1788213214458665e-06
        },
        "1": {
            "x": 0.5687958598136902,
            "y": 0.6108849048614502,
            "z": -0.009097644127905369
        },
        "2": {
            "x": 0.6118156909942627,
            "y": 0.5497787594795227,
            "z": -0.02735200710594654
        },
        "3": {
            "x": 0.6414299011230469,
            "y": 0.49912798404693604,
            "z": -0.051056861877441406
        },
        "4": {
            "x": 0.6635662913322449,
            "y": 0.4372900724411011,
            "z": -0.0720582827925682
        },
        "5": {
            "x": 0.542199969291687,
            "y": 0.40266212821006775,
            "z": -0.014112033881247044
        },
        "6": {
            "x": 0.6239374876022339,
            "y": 0.34941357374191284,
            "z": -0.0505923368036747
        },
        "7": {
            "x": 0.678260326385498,
            "y": 0.31387951970100403,
            "z": -0.07516815513372421
        },
        "8": {
            "x": 0.719661295413971,
            "y": 0.2808822989463806,
            "z": -0.08929889649152756
        },
        "9": {
            "x": 0.5272178053855896,
            "y": 0.3972250521183014,
            "z": -0.03082428127527237
        },
        "10": {
            "x": 0.625435471534729,
            "y": 0.33813154697418213,
            "z": -0.07129988074302673
        },
        "11": {
            "x": 0.6926538944244385,
            "y": 0.3069826364517212,
            "z": -0.09111817926168442
        },
        "12": {
            "x": 0.7451645135879517,
            "y": 0.2784358859062195,
            "z": -0.0987018570303917
        },
        "13": {
            "x": 0.5231842398643494,
            "y": 0.4190184473991394,
            "z": -0.049255069345235825
        },
        "14": {
            "x": 0.6316961646080017,
            "y": 0.4495733678340912,
            "z": -0.09126919507980347
        },
        "15": {
            "x": 0.6218889355659485,
            "y": 0.5305002331733704,
            "z": -0.08443546295166016
        },
        "16": {
            "x": 0.6000471711158752,
            "y": 0.580306887626648,
            "z": -0.06800423562526703
        },
        "17": {
            "x": 0.5283081531524658,
            "y": 0.46227097511291504,
            "z": -0.06997507810592651
        },
        "18": {
            "x": 0.6114879846572876,
            "y": 0.5244683027267456,
            "z": -0.09714514762163162
        },
        "19": {
            "x": 0.604939877986908,
            "y": 0.5852771401405334,
            "z": -0.08848804980516434
        },
        "20": {
            "x": 0.5869991779327393,
            "y": 0.6168403029441833,
            "z": -0.07378628104925156
        }
    }
}