{
    "Г": {
        "0": {
            "x": 0.49730560183525085,
            "y": 0.6414680480957031,
            "z": 8.301336720251129e-07
        },
        "1": {
            "x": 0.5686615705490112,
            "y": 0.5855010747909546,
            "z": -0.011638814583420753
        },
        "2": {
            "x": 0.6083017587661743,
            "y": 0.5107083320617676,
            "z": -0.023653384298086166
        },
        "3": {
            "x": 0.6241615414619446,
            "y": 0.4399280846118927,
            "z": -0.040975913405418396
        },
        "4": {
            "x": 0.6228489875793457,
            "y": 0.3764975666999817,
            "z": -0.05544238165020943
        },
        "5": {
            "x": 0.5675156116485596,
            "y": 0.3874523341655731,
            "z": -0.0030346978455781937
        },
        "6": {
            "x": 0.6161690950393677,
            "y": 0.3234885334968567,
            "z": -0.033298127353191376
        },
        "7": {
            "x": 0.6498599052429199,
            "y": 0.28021788597106934,
            "z": -0.05155910924077034
        },
        "8": {
            "x": 0.6760165095329285,
            "y": 0.2384805530309677,
            "z": -0.06189719960093498
        },
        "9": {
            "x": 0.5408937335014343,
            "y": 0.37346383929252625,
            "z": -0.01670733280479908
        },
        "10": {
            "x": 0.6029925346374512,
            "y": 0.2997536063194275,
            "z": -0.052392344921827316
        },
        "11": {
            "x": 0.6518262624740601,
            "y": 0.2588968575000763,
            "z": -0.06746912747621536
        },
        "12": {
            "x": 0.689965009689331,
            "y": 0.22365334630012512,
            "z": -0.07155559957027435
        },
        "13": {
            "x": 0.5173587799072266,
            "y": 0.383686363697052,
            "z": -0.034213557839393616
        },
        "14": {
            "x": 0.6036538481712341,
            "y": 0.38323450088500977,
            "z": -0.07886678725481033
        },
        "15": {
            "x": 0.6107171177864075,
            "y": 0.46633580327033997,
            "z": -0.07626822590827942
        },
        "16": {
            "x": 0.6039038896560669,
            "y": 0.5228486657142639,
            "z": -0.06094517931342125
        },
        "17": {
            "x": 0.5056596398353577,
            "y": 0.4167443513870239,
            "z": -0.05385914817452431
        },
        "18": {
            "x": 0.5859879851341248,
            "y": 0.4603750705718994,
            "z": -0.08552049100399017
        },
        "19": {
            "x": 0.588468611240387,
            "y": 0.5219725966453552,
            "z": -0.08361396938562393
        },
        "20": {
            "x": 0.5754812955856323,
            "y": 0.559689998626709,
            "z": -0.07325004041194916
        }
    }
}