{
    "Ж": {
        "0": {
            "x": 0.2610224485397339,
            "y": 0.5886339545249939,
            "z": 7.241283697112522e-07
        },
        "1": {
            "x": 0.34866034984588623,
            "y": 0.5479488968849182,
            "z": 0.011299612931907177
        },
        "2": {
            "x": 0.4117078483104706,
            "y": 0.46005284786224365,
            "z": 0.019384466111660004
        },
        "3": {
            "x": 0.46910375356674194,
            "y": 0.4119267165660858,
            "z": 0.01925962045788765
        },
        "4": {
            "x": 0.5200636386871338,
            "y": 0.3863876163959503,
            "z": 0.02054673247039318
        },
        "5": {
            "x": 0.34585171937942505,
            "y": 0.35186538100242615,
            "z": 0.05567064508795738
        },
        "6": {
            "x": 0.4241769015789032,
            "y": 0.3399202823638916,
            "z": 0.04396258294582367
        },
        "7": {
            "x": 0.48225027322769165,
            "y": 0.33988258242607117,
            "z": 0.022999314591288567
        },
        "8": {
            "x": 0.532906711101532,
            "y": 0.33964088559150696,
            "z": 0.006083129905164242
        },
        "9": {
            "x": 0.3240588903427124,
            "y": 0.3286210000514984,
            "z": 0.036863699555397034
        },
        "10": {
            "x": 0.42338231205940247,
            "y": 0.3205127716064453,
            "z": 0.021988093852996826
        },
        "11": {
            "x": 0.4880235195159912,
            "y": 0.3208215534687042,
            "z": 0.0004029510309919715
        },
        "12": {
            "x": 0.5491876006126404,
            "y": 0.318778395652771,
            "z": -0.014122930355370045
        },
        "13": {
            "x": 0.3097217082977295,
            "y": 0.3230937123298645,
            "z": 0.013230357319116592
        },
        "14": {
            "x": 0.4116339087486267,
            "y": 0.3170546591281891,
            "z": -0.008422627113759518
        },
        "15": {
            "x": 0.47715556621551514,
            "y": 0.32201170921325684,
            "z": -0.023951541632413864
        },
        "16": {
            "x": 0.5347650051116943,
            "y": 0.3253306746482849,
            "z": -0.031352318823337555
        },
        "17": {
            "x": 0.30531683564186096,
            "y": 0.3306494951248169,
            "z": -0.011188141070306301
        },
        "18": {
            "x": 0.39871859550476074,
            "y": 0.3276544213294983,
            "z": -0.031686585396528244
        },
        "19": {
            "x": 0.45124080777168274,
            "y": 0.33764544129371643,
            "z": -0.04003823548555374
        },
        "20": {
            "x": 0.49911439418792725,
            "y": 0.33912134170532227,
            "z": -0.0430036224424839
        }
    }
}