{
    "Ж": {
        "0": {
            "x": 0.521750271320343,
            "y": 0.7571207284927368,
            "z": 7.901185199443717e-07
        },
        "1": {
            "x": 0.6185759902000427,
            "y": 0.6954997181892395,
            "z": 0.0021855903323739767
        },
        "2": {
            "x": 0.6704966425895691,
            "y": 0.6168791055679321,
            "z": -0.0034460301976650953
        },
        "3": {
            "x": 0.726441502571106,
            "y": 0.5722574591636658,
            "z": -0.014755682088434696
        },
        "4": {
            "x": 0.7742558121681213,
            "y": 0.5354541540145874,
            "z": -0.02345287799835205
        },
        "5": {
            "x": 0.5711206197738647,
            "y": 0.4603150486946106,
            "z": 0.02346465177834034
        },
        "6": {
            "x": 0.6846566796302795,
            "y": 0.4647297263145447,
            "z": -0.0003941531467717141
        },
        "7": {
            "x": 0.7573850154876709,
            "y": 0.47623130679130554,
            "z": -0.030436862260103226
        },
        "8": {
            "x": 0.8205380439758301,
            "y": 0.4913965165615082,
            "z": -0.05358962342143059
        },
        "9": {
            "x": 0.5651201605796814,
            "y": 0.44881051778793335,
            "z": 0.005248223431408405
        },
        "10": {
            "x": 0.6942635774612427,
            "y": 0.45656201243400574,
            "z": -0.020212415605783463
        },
        "11": {
            "x": 0.7727063894271851,
            "y": 0.47362446784973145,
            "z": -0.04380424693226814
        },
        "12": {
            "x": 0.8423396348953247,
            "y": 0.4895218014717102,
            "z": -0.05968991667032242
        },
        "13": {
            "x": 0.5734512805938721,
            "y": 0.4663584530353546,
            "z": -0.01622414030134678
        },
        "14": {
            "x": 0.7040131092071533,
            "y": 0.4722745418548584,
            "z": -0.041025638580322266
        },
        "15": {
            "x": 0.7789624929428101,
            "y": 0.48773127794265747,
            "z": -0.05227505415678024
        },
        "16": {
            "x": 0.8391183018684387,
            "y": 0.5004530549049377,
            "z": -0.057711463421583176
        },
        "17": {
            "x": 0.594405472278595,
            "y": 0.5022168159484863,
            "z": -0.039517927914857864
        },
        "18": {
            "x": 0.7014862298965454,
            "y": 0.5130570530891418,
            "z": -0.059453852474689484
        },
        "19": {
            "x": 0.7595461010932922,
            "y": 0.5256559252738953,
            "z": -0.06274482607841492
        },
        "20": {
            "x": 0.8070449829101562,
            "y": 0.5318649411201477,
            "z": -0.061920154839754105
        }
    }
}