{
    "Ж": {
        "0": {
            "x": 0.31587105989456177,
            "y": 0.8340954780578613,
            "z": 6.775193241992383e-07
        },
        "1": {
            "x": 0.4088367521762848,
            "y": 0.776638925075531,
            "z": 0.008993806317448616
        },
        "2": {
            "x": 0.46766453981399536,
            "y": 0.7042281031608582,
            "z": 0.004385457839816809
        },
        "3": {
            "x": 0.5249189138412476,
            "y": 0.6613407135009766,
            "z": -0.006125810090452433
        },
        "4": {
            "x": 0.5755044221878052,
            "y": 0.633243203163147,
            "z": -0.014762996695935726
        },
        "5": {
            "x": 0.377565860748291,
            "y": 0.5356771349906921,
            "z": 0.0273699052631855
        },
        "6": {
            "x": 0.485796183347702,
            "y": 0.5540696382522583,
            "z": 0.008046607486903667
        },
        "7": {
            "x": 0.5491023063659668,
            "y": 0.5677183866500854,
            "z": -0.01829432137310505
        },
        "8": {
            "x": 0.6059093475341797,
            "y": 0.5787234306335449,
            "z": -0.04008571431040764
        },
        "9": {
            "x": 0.36094754934310913,
            "y": 0.5242741703987122,
            "z": 0.005840843077749014
        },
        "10": {
            "x": 0.4883459806442261,
            "y": 0.5470249652862549,
            "z": -0.016902752220630646
        },
        "11": {
            "x": 0.5577566623687744,
            "y": 0.5631686449050903,
            "z": -0.03775414824485779
        },
        "12": {
            "x": 0.62389075756073,
            "y": 0.5769867300987244,
            "z": -0.05165841802954674
        },
        "13": {
            "x": 0.3570719361305237,
            "y": 0.5421346426010132,
            "z": -0.018068041652441025
        },
        "14": {
            "x": 0.4844866394996643,
            "y": 0.5605141520500183,
            "z": -0.040964867919683456
        },
        "15": {
            "x": 0.5569287538528442,
            "y": 0.5752425193786621,
            "z": -0.04982159659266472
        },
        "16": {
            "x": 0.619780421257019,
            "y": 0.5798841714859009,
            "z": -0.053573109209537506
        },
        "17": {
            "x": 0.366649866104126,
            "y": 0.5846463441848755,
            "z": -0.04308779537677765
        },
        "18": {
            "x": 0.4726623296737671,
            "y": 0.5879583954811096,
            "z": -0.062444474548101425
        },
        "19": {
            "x": 0.5286140441894531,
            "y": 0.6001091003417969,
            "z": -0.06452624499797821
        },
        "20": {
            "x": 0.5753928422927856,
            "y": 0.6000345945358276,
            "z": -0.06293092668056488
        }
    }
}