{
    "Ж": {
        "0": {
            "x": 0.17608901858329773,
            "y": 0.85502028465271,
            "z": 5.961420583844301e-07
        },
        "1": {
            "x": 0.2672899663448334,
            "y": 0.7979497313499451,
            "z": 0.0008535434608347714
        },
        "2": {
            "x": 0.3336290121078491,
            "y": 0.7131960391998291,
            "z": -0.004539411514997482
        },
        "3": {
            "x": 0.3895312249660492,
            "y": 0.6620250940322876,
            "z": -0.014663069508969784
        },
        "4": {
            "x": 0.4390450716018677,
            "y": 0.6247954964637756,
            "z": -0.02291279286146164
        },
        "5": {
            "x": 0.25462621450424194,
            "y": 0.5511799454689026,
            "z": 0.022257231175899506
        },
        "6": {
            "x": 0.34812411665916443,
            "y": 0.5627553462982178,
            "z": 0.001185947679914534
        },
        "7": {
            "x": 0.4062768816947937,
            "y": 0.5772506594657898,
            "z": -0.023427845910191536
        },
        "8": {
            "x": 0.4581031799316406,
            "y": 0.5893099308013916,
            "z": -0.042317911982536316
        },
        "9": {
            "x": 0.22930046916007996,
            "y": 0.538845419883728,
            "z": 0.005730233155190945
        },
        "10": {
            "x": 0.3476535677909851,
            "y": 0.5563368201255798,
            "z": -0.018540551885962486
        },
        "11": {
            "x": 0.4113864600658417,
            "y": 0.5757430195808411,
            "z": -0.0391654334962368
        },
        "12": {
            "x": 0.47128450870513916,
            "y": 0.592170774936676,
            "z": -0.051351387053728104
        },
        "13": {
            "x": 0.21373572945594788,
            "y": 0.555688202381134,
            "z": -0.014235385693609715
        },
        "14": {
            "x": 0.33258259296417236,
            "y": 0.5717103481292725,
            "z": -0.04153939709067345
        },
        "15": {
            "x": 0.4010602533817291,
            "y": 0.590067982673645,
            "z": -0.0536741241812706
        },
        "16": {
            "x": 0.46263793110847473,
            "y": 0.6026989817619324,
            "z": -0.05759183317422867
        },
        "17": {
            "x": 0.2105533480644226,
            "y": 0.5972195863723755,
            "z": -0.035552386194467545
        },
        "18": {
            "x": 0.3096019923686981,
            "y": 0.6001166105270386,
            "z": -0.05880262330174446
        },
        "19": {
            "x": 0.3652496635913849,
            "y": 0.6127313375473022,
            "z": -0.06485214829444885
        },
        "20": {
            "x": 0.4148217439651489,
            "y": 0.6176972389221191,
            "z": -0.06484203040599823
        }
    }
}