{
    "Ж": {
        "0": {
            "x": 0.5269953012466431,
            "y": 0.5221693515777588,
            "z": 6.685400535388908e-07
        },
        "1": {
            "x": 0.6179556846618652,
            "y": 0.48704928159713745,
            "z": 0.019337430596351624
        },
        "2": {
            "x": 0.6755326986312866,
            "y": 0.41635462641716003,
            "z": 0.025575146079063416
        },
        "3": {
            "x": 0.7350994944572449,
            "y": 0.38625743985176086,
            "z": 0.021952785551548004
        },
        "4": {
            "x": 0.7884299159049988,
            "y": 0.3725760281085968,
            "z": 0.01956859603524208
        },
        "5": {
            "x": 0.5975757837295532,
            "y": 0.2701638638973236,
            "z": 0.0556415431201458
        },
        "6": {
            "x": 0.694349467754364,
            "y": 0.2928280532360077,
            "z": 0.04321618005633354
        },
        "7": {
            "x": 0.7595534324645996,
            "y": 0.31279125809669495,
            "z": 0.018620893359184265
        },
        "8": {
            "x": 0.8148531913757324,
            "y": 0.3370306193828583,
            "z": -0.0016473893774673343
        },
        "9": {
            "x": 0.590882420539856,
            "y": 0.25369036197662354,
            "z": 0.032103005796670914
        },
        "10": {
            "x": 0.7044562101364136,
            "y": 0.27898335456848145,
            "z": 0.01603984273970127
        },
        "11": {
            "x": 0.7738572359085083,
            "y": 0.3066386878490448,
            "z": -0.007188029121607542
        },
        "12": {
            "x": 0.836141049861908,
            "y": 0.3347761631011963,
            "z": -0.023440111428499222
        },
        "13": {
            "x": 0.5948544144630432,
            "y": 0.2614079713821411,
            "z": 0.005671735852956772
        },
        "14": {
            "x": 0.7087633013725281,
            "y": 0.2765231430530548,
            "z": -0.011955749243497849
        },
        "15": {
            "x": 0.7780852913856506,
            "y": 0.3053203821182251,
            "z": -0.025020340457558632
        },
        "16": {
            "x": 0.8350276350975037,
            "y": 0.3316045105457306,
            "z": -0.03221776336431503
        },
        "17": {
            "x": 0.609228253364563,
            "y": 0.2855258584022522,
            "z": -0.02111075446009636
        },
        "18": {
            "x": 0.7098185420036316,
            "y": 0.30168232321739197,
            "z": -0.03621208667755127
        },
        "19": {
            "x": 0.7655346393585205,
            "y": 0.32458439469337463,
            "z": -0.04029475152492523
        },
        "20": {
            "x": 0.8123102188110352,
            "y": 0.3409847021102905,
            "z": -0.04121410846710205
        }
    }
}