{
    "Ж": {
        "0": {
            "x": 0.3927757441997528,
            "y": 0.6959285736083984,
            "z": 4.306702123813011e-07
        },
        "1": {
            "x": 0.44239541888237,
            "y": 0.6727875471115112,
            "z": 0.001980800414457917
        },
        "2": {
            "x": 0.48271968960762024,
            "y": 0.623433530330658,
            "z": 0.0024064916651695967
        },
        "3": {
            "x": 0.5172845125198364,
            "y": 0.5961173176765442,
            "z": 0.00017147032485809177
        },
        "4": {
            "x": 0.5500440001487732,
            "y": 0.5835785269737244,
            "z": -0.0011337525211274624
        },
        "5": {
            "x": 0.4439891278743744,
            "y": 0.5415008664131165,
            "z": 0.015751918777823448
        },
        "6": {
            "x": 0.49840226769447327,
            "y": 0.5444324612617493,
            "z": 0.005727166775614023
        },
        "7": {
            "x": 0.5364827513694763,
            "y": 0.5432389974594116,
            "z": -0.006816543638706207
        },
        "8": {
            "x": 0.5675376057624817,
            "y": 0.5422137975692749,
            "z": -0.016610432416200638
        },
        "9": {
            "x": 0.43324026465415955,
            "y": 0.5307391881942749,
            "z": 0.007087433245033026
        },
        "10": {
            "x": 0.5006139874458313,
            "y": 0.5378793478012085,
            "z": -0.0025545398239046335
        },
        "11": {
            "x": 0.5417386293411255,
            "y": 0.5388292074203491,
            "z": -0.012263186275959015
        },
        "12": {
            "x": 0.5795435309410095,
            "y": 0.5358046293258667,
            "z": -0.019494280219078064
        },
        "13": {
            "x": 0.427743524312973,
            "y": 0.5336973667144775,
            "z": -0.0038916293997317553
        },
        "14": {
            "x": 0.49641910195350647,
            "y": 0.5416673421859741,
            "z": -0.017094196751713753
        },
        "15": {
            "x": 0.5388728976249695,
            "y": 0.5456806421279907,
            "z": -0.02447817660868168
        },
        "16": {
            "x": 0.5752632021903992,
            "y": 0.5482019782066345,
            "z": -0.02841770090162754
        },
        "17": {
            "x": 0.4267837405204773,
            "y": 0.546430230140686,
            "z": -0.015561578795313835
        },
        "18": {
            "x": 0.48217225074768066,
            "y": 0.5493518710136414,
            "z": -0.02902763895690441
        },
        "19": {
            "x": 0.5168817043304443,
            "y": 0.5540645122528076,
            "z": -0.034974582493305206
        },
        "20": {
            "x": 0.5478196144104004,
            "y": 0.554070770740509,
            "z": -0.03773437812924385
        }
    }
}