{
    "Ж": {
        "0": {
            "x": 0.6853014826774597,
            "y": 0.6743236780166626,
            "z": -4.519288268056698e-07
        },
        "1": {
            "x": 0.6168825030326843,
            "y": 0.6492170095443726,
            "z": 0.04450389742851257
        },
        "2": {
            "x": 0.5830215811729431,
            "y": 0.6036231517791748,
            "z": 0.06330371648073196
        },
        "3": {
            "x": 0.5527273416519165,
            "y": 0.5749924778938293,
            "z": 0.06751282513141632
        },
        "4": {
            "x": 0.5190156102180481,
            "y": 0.5590479373931885,
            "z": 0.06925594806671143
        },
        "5": {
            "x": 0.6172430515289307,
            "y": 0.5203562378883362,
            "z": 0.08028870075941086
        },
        "6": {
            "x": 0.5617983937263489,
            "y": 0.5187810659408569,
            "z": 0.08681333810091019
        },
        "7": {
            "x": 0.5229537487030029,
            "y": 0.5280378460884094,
            "z": 0.07978703081607819
        },
        "8": {
            "x": 0.4895422160625458,
            "y": 0.5323139429092407,
            "z": 0.07183612138032913
        },
        "9": {
            "x": 0.62713623046875,
            "y": 0.5076133608818054,
            "z": 0.04803920537233353
        },
        "10": {
            "x": 0.5593505501747131,
            "y": 0.5151553153991699,
            "z": 0.0554545521736145
        },
        "11": {
            "x": 0.5166025757789612,
            "y": 0.5280048847198486,
            "z": 0.04430980607867241
        },
        "12": {
            "x": 0.48165345191955566,
            "y": 0.5381104350090027,
            "z": 0.03325587511062622
        },
        "13": {
            "x": 0.6324806809425354,
            "y": 0.5089662671089172,
            "z": 0.014665341936051846
        },
        "14": {
            "x": 0.5623546242713928,
            "y": 0.5196729302406311,
            "z": 0.01644810475409031
        },
        "15": {
            "x": 0.5233666300773621,
            "y": 0.5346090793609619,
            "z": 0.011810311116278172
        },
        "16": {
            "x": 0.4916679859161377,
            "y": 0.5434284806251526,
            "z": 0.0062833609990775585
        },
        "17": {
            "x": 0.6317644119262695,
            "y": 0.5194123983383179,
            "z": -0.016917571425437927
        },
        "18": {
            "x": 0.5750443339347839,
            "y": 0.5246638655662537,
            "z": -0.017021233215928078
        },
        "19": {
            "x": 0.5431219339370728,
            "y": 0.531958818435669,
            "z": -0.016305560246109962
        },
        "20": {
            "x": 0.5160521864891052,
            "y": 0.5367478728294373,
            "z": -0.017027877271175385
        }
    }
}