{
    "Ж": {
        "0": {
            "x": 0.294376939535141,
            "y": 0.776404619216919,
            "z": 6.134413865765964e-08
        },
        "1": {
            "x": 0.3579150140285492,
            "y": 0.7146047949790955,
            "z": 0.014394175261259079
        },
        "2": {
            "x": 0.3872973322868347,
            "y": 0.6517649292945862,
            "z": 0.006340391933917999
        },
        "3": {
            "x": 0.4159349501132965,
            "y": 0.6072781085968018,
            "z": -0.010744019411504269
        },
        "4": {
            "x": 0.42609328031539917,
            "y": 0.5585933923721313,
            "z": -0.026958631351590157
        },
        "5": {
            "x": 0.2759830355644226,
            "y": 0.5332693457603455,
            "z": 0.006184381898492575
        },
        "6": {
            "x": 0.2891480028629303,
            "y": 0.4463587999343872,
            "z": -0.016707362607121468
        },
        "7": {
            "x": 0.3105770945549011,
            "y": 0.3914910554885864,
            "z": -0.03351220488548279
        },
        "8": {
            "x": 0.33173078298568726,
            "y": 0.3502519130706787,
            "z": -0.04533357918262482
        },
        "9": {
            "x": 0.26422062516212463,
            "y": 0.5435663461685181,
            "z": -0.01837192103266716
        },
        "10": {
            "x": 0.3671429455280304,
            "y": 0.4906846880912781,
            "z": -0.05497925728559494
        },
        "11": {
            "x": 0.39555394649505615,
            "y": 0.5585198998451233,
            "z": -0.06313503533601761
        },
        "12": {
            "x": 0.3870580792427063,
            "y": 0.6025602221488953,
            "z": -0.06068984046578407
        },
        "13": {
            "x": 0.270089328289032,
            "y": 0.5637708306312561,
            "z": -0.043115656822919846
        },
        "14": {
            "x": 0.3728940188884735,
            "y": 0.5255923867225647,
            "z": -0.07298954576253891
        },
        "15": {
            "x": 0.38825905323028564,
            "y": 0.5947564244270325,
            "z": -0.06056193262338638
        },
        "16": {
            "x": 0.3701885938644409,
            "y": 0.6323049068450928,
            "z": -0.045747142285108566
        },
        "17": {
            "x": 0.28620901703834534,
            "y": 0.5911667943000793,
            "z": -0.06769022345542908
        },
        "18": {
            "x": 0.3676166832447052,
            "y": 0.5716463923454285,
            "z": -0.08152942359447479
        },
        "19": {
            "x": 0.37421369552612305,
            "y": 0.6253559589385986,
            "z": -0.0675533339381218
        },
        "20": {
            "x": 0.3541792035102844,
            "y": 0.6556428670883179,
            "z": -0.05379188433289528
        }
    }
}