{
    "Ж": {
        "0": {
            "x": 0.2918722331523895,
            "y": 0.7636936902999878,
            "z": -1.2972977359027027e-08
        },
        "1": {
            "x": 0.3572732210159302,
            "y": 0.7036932706832886,
            "z": 0.03755135461688042
        },
        "2": {
            "x": 0.3952283561229706,
            "y": 0.655821681022644,
            "z": 0.024795856326818466
        },
        "3": {
            "x": 0.4297167956829071,
            "y": 0.6265293955802917,
            "z": -0.0023367495741695166
        },
        "4": {
            "x": 0.4434077739715576,
            "y": 0.5934941172599792,
            "z": -0.03173285350203514
        },
        "5": {
            "x": 0.306057333946228,
            "y": 0.5231184959411621,
            "z": -0.009069978259503841
        },
        "6": {
            "x": 0.33128052949905396,
            "y": 0.4311336278915405,
            "z": -0.03925001621246338
        },
        "7": {
            "x": 0.3647458255290985,
            "y": 0.38432568311691284,
            "z": -0.06235579773783684
        },
        "8": {
            "x": 0.3936237394809723,
            "y": 0.3502277135848999,
            "z": -0.0803525298833847
        },
        "9": {
            "x": 0.2949695885181427,
            "y": 0.5487796664237976,
            "z": -0.05179869383573532
        },
        "10": {
            "x": 0.3915182054042816,
            "y": 0.5125365257263184,
            "z": -0.08774171769618988
        },
        "11": {
            "x": 0.41252171993255615,
            "y": 0.5832633972167969,
            "z": -0.09155189245939255
        },
        "12": {
            "x": 0.40041184425354004,
            "y": 0.6221895813941956,
            "z": -0.09365978837013245
        },
        "13": {
            "x": 0.29993119835853577,
            "y": 0.584219217300415,
            "z": -0.09221676737070084
        },
        "14": {
            "x": 0.3917081356048584,
            "y": 0.5524507761001587,
            "z": -0.11727055162191391
        },
        "15": {
            "x": 0.4026414453983307,
            "y": 0.6162363290786743,
            "z": -0.09495583921670914
        },
        "16": {
            "x": 0.38352125883102417,
            "y": 0.6493557691574097,
            "z": -0.08242575824260712
        },
        "17": {
            "x": 0.3140731155872345,
            "y": 0.6177035570144653,
            "z": -0.1309206783771515
        },
        "18": {
            "x": 0.3867151737213135,
            "y": 0.6075025200843811,
            "z": -0.1434394270181656
        },
        "19": {
            "x": 0.38701850175857544,
            "y": 0.6531348824501038,
            "z": -0.12454863637685776
        },
        "20": {
            "x": 0.3658185303211212,
            "y": 0.6759120225906372,
            "z": -0.11306673288345337
        }
    }
}