{
    "Ж": {
        "0": {
            "x": 0.3644665479660034,
            "y": 0.7687747478485107,
            "z": 7.699828330487435e-08
        },
        "1": {
            "x": 0.4302622675895691,
            "y": 0.7266009449958801,
            "z": 0.0003713805053848773
        },
        "2": {
            "x": 0.4638090133666992,
            "y": 0.6800116896629333,
            "z": -0.011002061888575554
        },
        "3": {
            "x": 0.488608717918396,
            "y": 0.6484957933425903,
            "z": -0.028141489252448082
        },
        "4": {
            "x": 0.5095096826553345,
            "y": 0.6196869611740112,
            "z": -0.04380740970373154
        },
        "5": {
            "x": 0.3955533802509308,
            "y": 0.5431395173072815,
            "z": -0.002069141250103712
        },
        "6": {
            "x": 0.4127894639968872,
            "y": 0.47676539421081543,
            "z": -0.022616321220993996
        },
        "7": {
            "x": 0.43735504150390625,
            "y": 0.43517863750457764,
            "z": -0.035370949655771255
        },
        "8": {
            "x": 0.4620135426521301,
            "y": 0.4090079665184021,
            "z": -0.04346339777112007
        },
        "9": {
            "x": 0.3823418915271759,
            "y": 0.5443252325057983,
            "z": -0.017001314088702202
        },
        "10": {
            "x": 0.48114579916000366,
            "y": 0.5524405837059021,
            "z": -0.05283858999609947
        },
        "11": {
            "x": 0.4860009551048279,
            "y": 0.6217498183250427,
            "z": -0.0606556162238121
        },
        "12": {
            "x": 0.46816307306289673,
            "y": 0.6614933013916016,
            "z": -0.056451063603162766
        },
        "13": {
            "x": 0.38251805305480957,
            "y": 0.5650193691253662,
            "z": -0.032892052084207535
        },
        "14": {
            "x": 0.4767688512802124,
            "y": 0.5921695232391357,
            "z": -0.06339700520038605
        },
        "15": {
            "x": 0.4702737033367157,
            "y": 0.6542214751243591,
            "z": -0.055433474481105804
        },
        "16": {
            "x": 0.44951486587524414,
            "y": 0.6828032732009888,
            "z": -0.041447147727012634
        },
        "17": {
            "x": 0.3898715376853943,
            "y": 0.5982066988945007,
            "z": -0.04950903728604317
        },
        "18": {
            "x": 0.4622000455856323,
            "y": 0.624306857585907,
            "z": -0.062987320125103
        },
        "19": {
            "x": 0.45798295736312866,
            "y": 0.6709280610084534,
            "z": -0.0523843914270401
        },
        "20": {
            "x": 0.44024553894996643,
            "y": 0.6915562152862549,
            "z": -0.039641451090574265
        }
    }
}