{
    "Ж": {
        "0": {
            "x": 0.36141762137413025,
            "y": 0.7721510529518127,
            "z": 9.724011817979772e-08
        },
        "1": {
            "x": 0.4246487617492676,
            "y": 0.7274312376976013,
            "z": 0.00042495725210756063
        },
        "2": {
            "x": 0.45982882380485535,
            "y": 0.6805282831192017,
            "z": -0.012075794860720634
        },
        "3": {
            "x": 0.48872050642967224,
            "y": 0.6526704430580139,
            "z": -0.030226781964302063
        },
        "4": {
            "x": 0.5144720673561096,
            "y": 0.6297333836555481,
            "z": -0.04682407155632973
        },
        "5": {
            "x": 0.3997253477573395,
            "y": 0.540468692779541,
            "z": -0.003934488631784916
        },
        "6": {
            "x": 0.41931450366973877,
            "y": 0.4732929468154907,
            "z": -0.024266617372632027
        },
        "7": {
            "x": 0.4441559314727783,
            "y": 0.43161633610725403,
            "z": -0.036715373396873474
        },
        "8": {
            "x": 0.46927881240844727,
            "y": 0.40456557273864746,
            "z": -0.04477522894740105
        },
        "9": {
            "x": 0.38796040415763855,
            "y": 0.5410126447677612,
            "z": -0.019012413918972015
        },
        "10": {
            "x": 0.4902119040489197,
            "y": 0.559963583946228,
            "z": -0.053819261491298676
        },
        "11": {
            "x": 0.4906204044818878,
            "y": 0.6288129687309265,
            "z": -0.06117817014455795
        },
        "12": {
            "x": 0.47033023834228516,
            "y": 0.6656796336174011,
            "z": -0.0570509098470211
        },
        "13": {
            "x": 0.38866132497787476,
            "y": 0.563774049282074,
            "z": -0.03491823002696037
        },
        "14": {
            "x": 0.4841369390487671,
            "y": 0.6036674976348877,
            "z": -0.06324703991413116
        },
        "15": {
            "x": 0.4731375575065613,
            "y": 0.661758303642273,
            "z": -0.05588851869106293
        },
        "16": {
            "x": 0.4510929584503174,
            "y": 0.6860471963882446,
            "z": -0.043180692940950394
        },
        "17": {
            "x": 0.3957294523715973,
            "y": 0.5988883972167969,
            "z": -0.05165216699242592
        },
        "18": {
            "x": 0.46678003668785095,
            "y": 0.6367747783660889,
            "z": -0.06297507882118225
        },
        "19": {
            "x": 0.460859090089798,
            "y": 0.6817784905433655,
            "z": -0.05283767729997635
        },
        "20": {
            "x": 0.44393426179885864,
            "y": 0.6991909146308899,
            "z": -0.041041310876607895
        }
    }
}