{
    "Ж": {
        "0": {
            "x": 0.1597800850868225,
            "y": 0.48766881227493286,
            "z": 7.697983619436854e-07
        },
        "1": {
            "x": 0.24605825543403625,
            "y": 0.4676976203918457,
            "z": -0.005983932875096798
        },
        "2": {
            "x": 0.3199189305305481,
            "y": 0.38636335730552673,
            "z": -0.003949151840060949
        },
        "3": {
            "x": 0.38290655612945557,
            "y": 0.3390182554721832,
            "z": -0.007635525893419981
        },
        "4": {
            "x": 0.4405890107154846,
            "y": 0.3118026554584503,
            "z": -0.01068534143269062
        },
        "5": {
            "x": 0.3040737807750702,
            "y": 0.3059256672859192,
            "z": 0.03903733566403389
        },
        "6": {
            "x": 0.3595016300678253,
            "y": 0.2793861925601959,
            "z": 0.02159968391060829
        },
        "7": {
            "x": 0.4067733883857727,
            "y": 0.27498605847358704,
            "z": -0.0012617085594683886
        },
        "8": {
            "x": 0.44968658685684204,
            "y": 0.2724948525428772,
            "z": -0.01821318082511425
        },
        "9": {
            "x": 0.2797836661338806,
            "y": 0.2760426998138428,
            "z": 0.02922598272562027
        },
        "10": {
            "x": 0.3489597737789154,
            "y": 0.25499817728996277,
            "z": 0.01038267370313406
        },
        "11": {
            "x": 0.4024662375450134,
            "y": 0.24835896492004395,
            "z": -0.01243892963975668
        },
        "12": {
            "x": 0.4584277272224426,
            "y": 0.24673685431480408,
            "z": -0.02808818221092224
        },
        "13": {
            "x": 0.2491518259048462,
            "y": 0.2543516755104065,
            "z": 0.012537121772766113
        },
        "14": {
            "x": 0.32332271337509155,
            "y": 0.2363254725933075,
            "z": -0.012848679907619953
        },
        "15": {
            "x": 0.3783362805843353,
            "y": 0.23829694092273712,
            "z": -0.031068291515111923
        },
        "16": {
            "x": 0.43085479736328125,
            "y": 0.2486695647239685,
            "z": -0.040758319199085236
        },
        "17": {
            "x": 0.21626824140548706,
            "y": 0.2412414252758026,
            "z": -0.005966546945273876
        },
        "18": {
            "x": 0.29240238666534424,
            "y": 0.23722118139266968,
            "z": -0.030827270820736885
        },
        "19": {
            "x": 0.33901193737983704,
            "y": 0.247007355093956,
            "z": -0.04416218400001526
        },
        "20": {
            "x": 0.3853687644004822,
            "y": 0.2570946216583252,
            "z": -0.05125860869884491
        }
    }
}