{
    "Я": {
        "0": {
            "x": 0.343662291765213,
            "y": 0.6805020570755005,
            "z": 5.376321610128798e-07
        },
        "1": {
            "x": 0.4073501229286194,
            "y": 0.6368890404701233,
            "z": -0.039757341146469116
        },
        "2": {
            "x": 0.4448317289352417,
            "y": 0.546140730381012,
            "z": -0.05085782706737518
        },
        "3": {
            "x": 0.43144723773002625,
            "y": 0.45854464173316956,
            "z": -0.06170640140771866
        },
        "4": {
            "x": 0.39186182618141174,
            "y": 0.3931760787963867,
            "z": -0.07006699591875076
        },
        "5": {
            "x": 0.4476572275161743,
            "y": 0.40596485137939453,
            "z": -0.006623883731663227
        },
        "6": {
            "x": 0.4407989978790283,
            "y": 0.29520678520202637,
            "z": -0.029393570497632027
        },
        "7": {
            "x": 0.42522603273391724,
            "y": 0.21765707433223724,
            "z": -0.050331782549619675
        },
        "8": {
            "x": 0.4066746234893799,
            "y": 0.1461493968963623,
            "z": -0.06575918942689896
        },
        "9": {
            "x": 0.40647387504577637,
            "y": 0.3859209716320038,
            "z": -0.007079623639583588
        },
        "10": {
            "x": 0.42219531536102295,
            "y": 0.25756317377090454,
            "z": -0.03155329078435898
        },
        "11": {
            "x": 0.4345574676990509,
            "y": 0.17669525742530823,
            "z": -0.05082651227712631
        },
        "12": {
            "x": 0.44387349486351013,
            "y": 0.10582271218299866,
            "z": -0.0626450702548027
        },
        "13": {
            "x": 0.3625413179397583,
            "y": 0.3957269787788391,
            "z": -0.014592223800718784
        },
        "14": {
            "x": 0.35719507932662964,
            "y": 0.2934117913246155,
            "z": -0.05960365757346153
        },
        "15": {
            "x": 0.3625623285770416,
            "y": 0.3603215217590332,
            "z": -0.06911812722682953
        },
        "16": {
            "x": 0.3665533661842346,
            "y": 0.4214042127132416,
            "z": -0.06249934062361717
        },
        "17": {
            "x": 0.3174758851528168,
            "y": 0.42593270540237427,
            "z": -0.025783343240618706
        },
        "18": {
            "x": 0.32123661041259766,
            "y": 0.3456924557685852,
            "z": -0.06423831731081009
        },
        "19": {
            "x": 0.33246076107025146,
            "y": 0.39097195863723755,
            "z": -0.06647370010614395
        },
        "20": {
            "x": 0.3383135497570038,
            "y": 0.44272905588150024,
            "z": -0.0597158744931221
        }
    }
}