{
    "Я": {
        "0": {
            "x": 0.19512002170085907,
            "y": 0.8355705738067627,
            "z": 6.692326337542909e-07
        },
        "1": {
            "x": 0.2530549466609955,
            "y": 0.7918249368667603,
            "z": -0.04869899898767471
        },
        "2": {
            "x": 0.27269625663757324,
            "y": 0.702200174331665,
            "z": -0.06549879908561707
        },
        "3": {
            "x": 0.234700545668602,
            "y": 0.6262156963348389,
            "z": -0.0801047533750534
        },
        "4": {
            "x": 0.1878911405801773,
            "y": 0.567122757434845,
            "z": -0.09133843332529068
        },
        "5": {
            "x": 0.2878649830818176,
            "y": 0.5577940344810486,
            "z": -0.01778589002788067
        },
        "6": {
            "x": 0.2755347192287445,
            "y": 0.4408412575721741,
            "z": -0.04783111438155174
        },
        "7": {
            "x": 0.25512829422950745,
            "y": 0.36354076862335205,
            "z": -0.07019351422786713
        },
        "8": {
            "x": 0.22788375616073608,
            "y": 0.29794105887413025,
            "z": -0.08319471776485443
        },
        "9": {
            "x": 0.2441110908985138,
            "y": 0.5423533320426941,
            "z": -0.01395944319665432
        },
        "10": {
            "x": 0.26786720752716064,
            "y": 0.41154927015304565,
            "z": -0.04694550484418869
        },
        "11": {
            "x": 0.2710224986076355,
            "y": 0.32700029015541077,
            "z": -0.06770550459623337
        },
        "12": {
            "x": 0.2687169015407562,
            "y": 0.261181503534317,
            "z": -0.07498344033956528
        },
        "13": {
            "x": 0.19946031272411346,
            "y": 0.5597116947174072,
            "z": -0.01811491884291172
        },
        "14": {
            "x": 0.17896470427513123,
            "y": 0.474073588848114,
            "z": -0.0701657384634018
        },
        "15": {
            "x": 0.17729005217552185,
            "y": 0.5453278422355652,
            "z": -0.08161286264657974
        },
        "16": {
            "x": 0.18382418155670166,
            "y": 0.6049959659576416,
            "z": -0.07105592638254166
        },
        "17": {
            "x": 0.15564924478530884,
            "y": 0.5973942279815674,
            "z": -0.02594658173620701
        },
        "18": {
            "x": 0.1407856047153473,
            "y": 0.5280190706253052,
            "z": -0.06467071175575256
        },
        "19": {
            "x": 0.14508451521396637,
            "y": 0.575710654258728,
            "z": -0.06455741822719574
        },
        "20": {
            "x": 0.15576572716236115,
            "y": 0.621722400188446,
            "z": -0.05341799557209015
        }
    }
}