{
    "Я": {
        "0": {
            "x": 0.20007489621639252,
            "y": 0.8795634508132935,
            "z": 6.05496893513191e-07
        },
        "1": {
            "x": 0.25805968046188354,
            "y": 0.8428754806518555,
            "z": -0.050066981464624405
        },
        "2": {
            "x": 0.2889919579029083,
            "y": 0.7573667764663696,
            "z": -0.0662410780787468
        },
        "3": {
            "x": 0.2548764646053314,
            "y": 0.6838029623031616,
            "z": -0.0794992446899414
        },
        "4": {
            "x": 0.20676490664482117,
            "y": 0.6263832449913025,
            "z": -0.08877943456172943
        },
        "5": {
            "x": 0.2976195812225342,
            "y": 0.5993560552597046,
            "z": -0.01579933613538742
        },
        "6": {
            "x": 0.2813425064086914,
            "y": 0.48197683691978455,
            "z": -0.04512859508395195
        },
        "7": {
            "x": 0.2580191195011139,
            "y": 0.4086551368236542,
            "z": -0.06764170527458191
        },
        "8": {
            "x": 0.22893460094928741,
            "y": 0.3474763035774231,
            "z": -0.07946701347827911
        },
        "9": {
            "x": 0.25390905141830444,
            "y": 0.5836986303329468,
            "z": -0.009914853610098362
        },
        "10": {
            "x": 0.2725095748901367,
            "y": 0.45739638805389404,
            "z": -0.040240928530693054
        },
        "11": {
            "x": 0.27231740951538086,
            "y": 0.3787643313407898,
            "z": -0.05967332422733307
        },
        "12": {
            "x": 0.26833710074424744,
            "y": 0.31779736280441284,
            "z": -0.06555191427469254
        },
        "13": {
            "x": 0.2104370892047882,
            "y": 0.5972711443901062,
            "z": -0.012452846392989159
        },
        "14": {
            "x": 0.18721093237400055,
            "y": 0.5222221612930298,
            "z": -0.06262709200382233
        },
        "15": {
            "x": 0.18638284504413605,
            "y": 0.5960681438446045,
            "z": -0.07409697771072388
        },
        "16": {
            "x": 0.19460347294807434,
            "y": 0.657893717288971,
            "z": -0.06288731843233109
        },
        "17": {
            "x": 0.16899818181991577,
            "y": 0.6286374926567078,
            "z": -0.019001539796590805
        },
        "18": {
            "x": 0.16048192977905273,
            "y": 0.5604909658432007,
            "z": -0.055420685559511185
        },
        "19": {
            "x": 0.16569063067436218,
            "y": 0.6067954301834106,
            "z": -0.05452650785446167
        },
        "20": {
            "x": 0.176871657371521,
            "y": 0.6539205312728882,
            "z": -0.04237513989210129
        }
    }
}