{
    "Я": {
        "0": {
            "x": 0.6271734833717346,
            "y": 0.8753462433815002,
            "z": 6.038828246346384e-07
        },
        "1": {
            "x": 0.6931655406951904,
            "y": 0.8396646976470947,
            "z": -0.027861325070261955
        },
        "2": {
            "x": 0.7417901754379272,
            "y": 0.7723193764686584,
            "z": -0.04560265317559242
        },
        "3": {
            "x": 0.7543144226074219,
            "y": 0.708778440952301,
            "z": -0.06653116643428802
        },
        "4": {
            "x": 0.7165605425834656,
            "y": 0.667198896408081,
            "z": -0.08594712615013123
        },
        "5": {
            "x": 0.7209011316299438,
            "y": 0.5877445340156555,
            "z": -0.01795601099729538
        },
        "6": {
            "x": 0.7157295346260071,
            "y": 0.47097551822662354,
            "z": -0.046117063611745834
        },
        "7": {
            "x": 0.7073253989219666,
            "y": 0.3965442478656769,
            "z": -0.0677296370267868
        },
        "8": {
            "x": 0.699597179889679,
            "y": 0.32854121923446655,
            "z": -0.08175721019506454
        },
        "9": {
            "x": 0.6819963455200195,
            "y": 0.5887608528137207,
            "z": -0.02936002053320408
        },
        "10": {
            "x": 0.6918370127677917,
            "y": 0.45567816495895386,
            "z": -0.05920841172337532
        },
        "11": {
            "x": 0.7055243849754333,
            "y": 0.3679426312446594,
            "z": -0.07857155054807663
        },
        "12": {
            "x": 0.7166335582733154,
            "y": 0.29216596484184265,
            "z": -0.0892820954322815
        },
        "13": {
            "x": 0.6378422975540161,
            "y": 0.6157528162002563,
            "z": -0.04528307169675827
        },
        "14": {
            "x": 0.6605272889137268,
            "y": 0.5383540987968445,
            "z": -0.09205944091081619
        },
        "15": {
            "x": 0.6837269067764282,
            "y": 0.6131331324577332,
            "z": -0.0962798222899437
        },
        "16": {
            "x": 0.6919010281562805,
            "y": 0.6780663728713989,
            "z": -0.08487162739038467
        },
        "17": {
            "x": 0.5946592688560486,
            "y": 0.6647862792015076,
            "z": -0.06373369693756104
        },
        "18": {
            "x": 0.6237568259239197,
            "y": 0.6002392172813416,
            "z": -0.09726282209157944
        },
        "19": {
            "x": 0.6490957736968994,
            "y": 0.6484912633895874,
            "z": -0.09115934371948242
        },
        "20": {
            "x": 0.6588196158409119,
            "y": 0.7013818025588989,
            "z": -0.07791391015052795
        }
    }
}