{
    "Я": {
        "0": {
            "x": 0.2907910645008087,
            "y": 0.595634937286377,
            "z": 5.346514058146568e-07
        },
        "1": {
            "x": 0.3461220860481262,
            "y": 0.5557613372802734,
            "z": -0.04615551233291626
        },
        "2": {
            "x": 0.371535062789917,
            "y": 0.47501394152641296,
            "z": -0.06563442945480347
        },
        "3": {
            "x": 0.34452885389328003,
            "y": 0.40286487340927124,
            "z": -0.08245985209941864
        },
        "4": {
            "x": 0.303070992231369,
            "y": 0.34536707401275635,
            "z": -0.09658801555633545
        },
        "5": {
            "x": 0.3798917531967163,
            "y": 0.3351849317550659,
            "z": -0.02875487133860588
        },
        "6": {
            "x": 0.367420494556427,
            "y": 0.22703726589679718,
            "z": -0.05812383443117142
        },
        "7": {
            "x": 0.3480724096298218,
            "y": 0.15172432363033295,
            "z": -0.08044521510601044
        },
        "8": {
            "x": 0.32781776785850525,
            "y": 0.08935356140136719,
            "z": -0.09436815232038498
        },
        "9": {
            "x": 0.33691126108169556,
            "y": 0.3233345150947571,
            "z": -0.026461143046617508
        },
        "10": {
            "x": 0.34244078397750854,
            "y": 0.2005595713853836,
            "z": -0.05670404061675072
        },
        "11": {
            "x": 0.3432264029979706,
            "y": 0.12207156419754028,
            "z": -0.07617967575788498
        },
        "12": {
            "x": 0.34293290972709656,
            "y": 0.06208759546279907,
            "z": -0.08525291085243225
        },
        "13": {
            "x": 0.29382872581481934,
            "y": 0.3393089473247528,
            "z": -0.03041871450841427
        },
        "14": {
            "x": 0.28624653816223145,
            "y": 0.2635338008403778,
            "z": -0.07545288652181625
        },
        "15": {
            "x": 0.2879392206668854,
            "y": 0.3236759603023529,
            "z": -0.08310184627771378
        },
        "16": {
            "x": 0.2900005877017975,
            "y": 0.37606674432754517,
            "z": -0.0743255540728569
        },
        "17": {
            "x": 0.2529480457305908,
            "y": 0.3732580840587616,
            "z": -0.038326144218444824
        },
        "18": {
            "x": 0.25144413113594055,
            "y": 0.3116247355937958,
            "z": -0.07244308292865753
        },
        "19": {
            "x": 0.25812435150146484,
            "y": 0.35036978125572205,
            "z": -0.07105071097612381
        },
        "20": {
            "x": 0.262163907289505,
            "y": 0.3897400498390198,
            "z": -0.06116459518671036
        }
    }
}