{
    "Я": {
        "0": {
            "x": 0.39670637249946594,
            "y": 0.8209106922149658,
            "z": 4.152801125201222e-07
        },
        "1": {
            "x": 0.44528791308403015,
            "y": 0.7941031455993652,
            "z": -0.03171880170702934
        },
        "2": {
            "x": 0.4678797125816345,
            "y": 0.7217811942100525,
            "z": -0.039092618972063065
        },
        "3": {
            "x": 0.4589378237724304,
            "y": 0.6543695330619812,
            "z": -0.044577788561582565
        },
        "4": {
            "x": 0.43192586302757263,
            "y": 0.6031963229179382,
            "z": -0.04730665683746338
        },
        "5": {
            "x": 0.46233296394348145,
            "y": 0.6488636136054993,
            "z": 0.0001837420422816649
        },
        "6": {
            "x": 0.45762524008750916,
            "y": 0.581534206867218,
            "z": -0.0033187721855938435
        },
        "7": {
            "x": 0.44755005836486816,
            "y": 0.528279185295105,
            "z": -0.007578690070658922
        },
        "8": {
            "x": 0.43584951758384705,
            "y": 0.48627424240112305,
            "z": -0.012118461541831493
        },
        "9": {
            "x": 0.4337812066078186,
            "y": 0.6417196393013,
            "z": 0.006067485548555851
        },
        "10": {
            "x": 0.4418031871318817,
            "y": 0.5607879757881165,
            "z": 0.004278404172509909
        },
        "11": {
            "x": 0.4565879702568054,
            "y": 0.5231351852416992,
            "z": 0.004879193380475044
        },
        "12": {
            "x": 0.46631550788879395,
            "y": 0.49196088314056396,
            "z": 0.005156876984983683
        },
        "13": {
            "x": 0.4064037799835205,
            "y": 0.6507260203361511,
            "z": 0.005761212669312954
        },
        "14": {
            "x": 0.41137659549713135,
            "y": 0.5800787210464478,
            "z": -0.015513553284108639
        },
        "15": {
            "x": 0.4280921220779419,
            "y": 0.623652458190918,
            "z": -0.017338691279292107
        },
        "16": {
            "x": 0.4327576160430908,
            "y": 0.6635683178901672,
            "z": -0.012268579564988613
        },
        "17": {
            "x": 0.38045603036880493,
            "y": 0.6665632128715515,
            "z": 0.0023483028635382652
        },
        "18": {
            "x": 0.39403027296066284,
            "y": 0.6145410537719727,
            "z": -0.021111976355314255
        },
        "19": {
            "x": 0.40766599774360657,
            "y": 0.6429934501647949,
            "z": -0.024228380993008614
        },
        "20": {
            "x": 0.41061314940452576,
            "y": 0.6750848889350891,
            "z": -0.022547300904989243
        }
    }
}