{
    "Я": {
        "0": {
            "x": 0.7129674553871155,
            "y": 0.6843360066413879,
            "z": 1.4899433153914288e-07
        },
        "1": {
            "x": 0.6529529690742493,
            "y": 0.6683349609375,
            "z": 0.029012437909841537
        },
        "2": {
            "x": 0.6232795119285583,
            "y": 0.6245884895324707,
            "z": 0.036802515387535095
        },
        "3": {
            "x": 0.6005721688270569,
            "y": 0.5831897258758545,
            "z": 0.03125866502523422
        },
        "4": {
            "x": 0.5880056619644165,
            "y": 0.5390784740447998,
            "z": 0.025565192103385925
        },
        "5": {
            "x": 0.6704019904136658,
            "y": 0.5285640954971313,
            "z": 0.07070771604776382
        },
        "6": {
            "x": 0.6429438591003418,
            "y": 0.4794038236141205,
            "z": 0.08371268957853317
        },
        "7": {
            "x": 0.6204277873039246,
            "y": 0.4500923156738281,
            "z": 0.09210386872291565
        },
        "8": {
            "x": 0.604354739189148,
            "y": 0.43156230449676514,
            "z": 0.09706886857748032
        },
        "9": {
            "x": 0.6771029233932495,
            "y": 0.5180428624153137,
            "z": 0.04606571048498154
        },
        "10": {
            "x": 0.6409488320350647,
            "y": 0.4493591785430908,
            "z": 0.05410916358232498
        },
        "11": {
            "x": 0.6108614206314087,
            "y": 0.42658764123916626,
            "z": 0.05746035277843475
        },
        "12": {
            "x": 0.5911040902137756,
            "y": 0.4126836657524109,
            "z": 0.06136782467365265
        },
        "13": {
            "x": 0.6762827038764954,
            "y": 0.520622730255127,
            "z": 0.01862667314708233
        },
        "14": {
            "x": 0.6144247651100159,
            "y": 0.48875513672828674,
            "z": 0.011167516000568867
        },
        "15": {
            "x": 0.6034619212150574,
            "y": 0.535884439945221,
            "z": 0.010068260133266449
        },
        "16": {
            "x": 0.6108468770980835,
            "y": 0.5745996832847595,
            "z": 0.0140676936134696
        },
        "17": {
            "x": 0.6650591492652893,
            "y": 0.5303592681884766,
            "z": -0.007048577070236206
        },
        "18": {
            "x": 0.6095390319824219,
            "y": 0.5148640871047974,
            "z": -0.012652798555791378
        },
        "19": {
            "x": 0.6005049347877502,
            "y": 0.5508309602737427,
            "z": -0.010907944291830063
        },
        "20": {
            "x": 0.6073617935180664,
            "y": 0.5863119959831238,
            "z": -0.007706324104219675
        }
    }
}