{
    "Я": {
        "0": {
            "x": 0.7259108424186707,
            "y": 0.6962459087371826,
            "z": 7.40177824809507e-07
        },
        "1": {
            "x": 0.8164663314819336,
            "y": 0.6459446549415588,
            "z": -0.023717384785413742
        },
        "2": {
            "x": 0.8752692341804504,
            "y": 0.5707334280014038,
            "z": -0.04202713444828987
        },
        "3": {
            "x": 0.9073992371559143,
            "y": 0.491733193397522,
            "z": -0.06889904290437698
        },
        "4": {
            "x": 0.8959079384803772,
            "y": 0.40169551968574524,
            "z": -0.09361587464809418
        },
        "5": {
            "x": 0.8497188687324524,
            "y": 0.40951472520828247,
            "z": 0.004793012049049139
        },
        "6": {
            "x": 0.8690418004989624,
            "y": 0.2744690775871277,
            "z": -0.01871035434305668
        },
        "7": {
            "x": 0.8770105838775635,
            "y": 0.18544340133666992,
            "z": -0.034930456429719925
        },
        "8": {
            "x": 0.8832262754440308,
            "y": 0.10920032858848572,
            "z": -0.045673269778490067
        },
        "9": {
            "x": 0.8141952753067017,
            "y": 0.39769047498703003,
            "z": -0.010838707908987999
        },
        "10": {
            "x": 0.8379651308059692,
            "y": 0.24665950238704681,
            "z": -0.040511034429073334
        },
        "11": {
            "x": 0.8699432611465454,
            "y": 0.15997722744941711,
            "z": -0.05733936280012131
        },
        "12": {
            "x": 0.8953253626823425,
            "y": 0.08507153391838074,
            "z": -0.06622017174959183
        },
        "13": {
            "x": 0.773419201374054,
            "y": 0.405333012342453,
            "z": -0.033622074872255325
        },
        "14": {
            "x": 0.8224206566810608,
            "y": 0.2913648784160614,
            "z": -0.08243212848901749
        },
        "15": {
            "x": 0.8595449328422546,
            "y": 0.3772389888763428,
            "z": -0.08831451833248138
        },
        "16": {
            "x": 0.8684076070785522,
            "y": 0.46187353134155273,
            "z": -0.07775650918483734
        },
        "17": {
            "x": 0.7337193489074707,
            "y": 0.4261224865913391,
            "z": -0.05958058312535286
        },
        "18": {
            "x": 0.7854682207107544,
            "y": 0.33389607071876526,
            "z": -0.09866727143526077
        },
        "19": {
            "x": 0.8277243971824646,
            "y": 0.3746868669986725,
            "z": -0.10213687270879745
        },
        "20": {
            "x": 0.8447921872138977,
            "y": 0.4354114532470703,
            "z": -0.09587588906288147
        }
    }
}