{
    "Я": {
        "0": {
            "x": 0.13205909729003906,
            "y": 0.6995034217834473,
            "z": 6.687606060040707e-07
        },
        "1": {
            "x": 0.20060575008392334,
            "y": 0.6439749002456665,
            "z": -0.05074186623096466
        },
        "2": {
            "x": 0.23168131709098816,
            "y": 0.5498313903808594,
            "z": -0.05934402719140053
        },
        "3": {
            "x": 0.19629555940628052,
            "y": 0.4636404812335968,
            "z": -0.06499027460813522
        },
        "4": {
            "x": 0.14887532591819763,
            "y": 0.39881622791290283,
            "z": -0.0664072260260582
        },
        "5": {
            "x": 0.24706745147705078,
            "y": 0.39962372183799744,
            "z": 0.0013698618859052658
        },
        "6": {
            "x": 0.23961710929870605,
            "y": 0.27994486689567566,
            "z": -0.016935616731643677
        },
        "7": {
            "x": 0.22078493237495422,
            "y": 0.20014533400535583,
            "z": -0.03602231666445732
        },
        "8": {
            "x": 0.19992801547050476,
            "y": 0.12778276205062866,
            "z": -0.04997174069285393
        },
        "9": {
            "x": 0.19867673516273499,
            "y": 0.3788423240184784,
            "z": 0.00608046492561698
        },
        "10": {
            "x": 0.22094109654426575,
            "y": 0.2547093629837036,
            "z": -0.014897425659000874
        },
        "11": {
            "x": 0.22948382794857025,
            "y": 0.17073768377304077,
            "z": -0.03513185679912567
        },
        "12": {
            "x": 0.23618537187576294,
            "y": 0.10434845089912415,
            "z": -0.04662832245230675
        },
        "13": {
            "x": 0.1467036008834839,
            "y": 0.39192670583724976,
            "z": 0.0006529085803776979
        },
        "14": {
            "x": 0.1410321742296219,
            "y": 0.28951776027679443,
            "z": -0.04991592466831207
        },
        "15": {
            "x": 0.13868607580661774,
            "y": 0.36109650135040283,
            "z": -0.06886275857686996
        },
        "16": {
            "x": 0.14061598479747772,
            "y": 0.42491424083709717,
            "z": -0.06499074399471283
        },
        "17": {
            "x": 0.09586718678474426,
            "y": 0.4268726408481598,
            "z": -0.008874989114701748
        },
        "18": {
            "x": 0.0999726802110672,
            "y": 0.3354823589324951,
            "z": -0.05298269912600517
        },
        "19": {
            "x": 0.10740269720554352,
            "y": 0.3783579468727112,
            "z": -0.06110214442014694
        },
        "20": {
            "x": 0.1122870221734047,
            "y": 0.43126818537712097,
            "z": -0.056557171046733856
        }
    }
}