{
    "Я": {
        "0": {
            "x": 0.16142190992832184,
            "y": 0.701160192489624,
            "z": 1.6945385539202107e-07
        },
        "1": {
            "x": 0.15811076760292053,
            "y": 0.6086389422416687,
            "z": -0.019271114841103554
        },
        "2": {
            "x": 0.19919711351394653,
            "y": 0.5129320621490479,
            "z": -0.03291291370987892
        },
        "3": {
            "x": 0.24555593729019165,
            "y": 0.47502708435058594,
            "z": -0.04847569763660431
        },
        "4": {
            "x": 0.287401020526886,
            "y": 0.45978957414627075,
            "z": -0.06397401541471481
        },
        "5": {
            "x": 0.2777877151966095,
            "y": 0.4941021800041199,
            "z": -0.019458336755633354
        },
        "6": {
            "x": 0.3092544376850128,
            "y": 0.44393855333328247,
            "z": -0.053219158202409744
        },
        "7": {
            "x": 0.3117355704307556,
            "y": 0.4210513234138489,
            "z": -0.08010173588991165
        },
        "8": {
            "x": 0.3135087192058563,
            "y": 0.3930931091308594,
            "z": -0.09868340939283371
        },
        "9": {
            "x": 0.2946475148200989,
            "y": 0.525830090045929,
            "z": -0.034566786140203476
        },
        "10": {
            "x": 0.3387015461921692,
            "y": 0.44155654311180115,
            "z": -0.07357960939407349
        },
        "11": {
            "x": 0.35364240407943726,
            "y": 0.3617287874221802,
            "z": -0.1018785610795021
        },
        "12": {
            "x": 0.36340805888175964,
            "y": 0.28785204887390137,
            "z": -0.11809533834457397
        },
        "13": {
            "x": 0.29665470123291016,
            "y": 0.5745654106140137,
            "z": -0.053022030740976334
        },
        "14": {
            "x": 0.31932252645492554,
            "y": 0.48708298802375793,
            "z": -0.10127151012420654
        },
        "15": {
            "x": 0.2992440462112427,
            "y": 0.4928181767463684,
            "z": -0.11052987724542618
        },
        "16": {
            "x": 0.2869953513145447,
            "y": 0.501434862613678,
            "z": -0.10756233334541321
        },
        "17": {
            "x": 0.2851720452308655,
            "y": 0.6303032636642456,
            "z": -0.07225124537944794
        },
        "18": {
            "x": 0.2695237696170807,
            "y": 0.5617218613624573,
            "z": -0.11142227798700333
        },
        "19": {
            "x": 0.24464789032936096,
            "y": 0.5723151564598083,
            "z": -0.11076194792985916
        },
        "20": {
            "x": 0.23418016731739044,
            "y": 0.5946115851402283,
            "z": -0.10316981375217438
        }
    }
}