{
    "Я": {
        "0": {
            "x": 0.22986645996570587,
            "y": 0.746964693069458,
            "z": 5.601684165412735e-07
        },
        "1": {
            "x": 0.2965494394302368,
            "y": 0.7409735918045044,
            "z": -0.03303380310535431
        },
        "2": {
            "x": 0.3613971471786499,
            "y": 0.6628580689430237,
            "z": -0.04421816021203995
        },
        "3": {
            "x": 0.3632858693599701,
            "y": 0.5673134922981262,
            "z": -0.05505118891596794
        },
        "4": {
            "x": 0.3261909782886505,
            "y": 0.5028993487358093,
            "z": -0.06377945840358734
        },
        "5": {
            "x": 0.37635594606399536,
            "y": 0.5443641543388367,
            "z": -0.007996168918907642
        },
        "6": {
            "x": 0.4013991057872772,
            "y": 0.46414971351623535,
            "z": -0.031656283885240555
        },
        "7": {
            "x": 0.4076397716999054,
            "y": 0.4020753502845764,
            "z": -0.049887515604496
        },
        "8": {
            "x": 0.40323853492736816,
            "y": 0.34921392798423767,
            "z": -0.061241019517183304
        },
        "9": {
            "x": 0.33789366483688354,
            "y": 0.5171365141868591,
            "z": -0.010544235818088055
        },
        "10": {
            "x": 0.38703131675720215,
            "y": 0.4167639911174774,
            "z": -0.03816169500350952
        },
        "11": {
            "x": 0.4141156077384949,
            "y": 0.36112070083618164,
            "z": -0.053108394145965576
        },
        "12": {
            "x": 0.42744559049606323,
            "y": 0.3147680163383484,
            "z": -0.05816885828971863
        },
        "13": {
            "x": 0.29131507873535156,
            "y": 0.511174201965332,
            "z": -0.01887471042573452
        },
        "14": {
            "x": 0.32188141345977783,
            "y": 0.44087329506874084,
            "z": -0.06971842050552368
        },
        "15": {
            "x": 0.32328709959983826,
            "y": 0.5201850533485413,
            "z": -0.07626011222600937
        },
        "16": {
            "x": 0.31542208790779114,
            "y": 0.5828484892845154,
            "z": -0.0648941919207573
        },
        "17": {
            "x": 0.23829065263271332,
            "y": 0.5214565992355347,
            "z": -0.029229922220110893
        },
        "18": {
            "x": 0.2764159142971039,
            "y": 0.4875601828098297,
            "z": -0.07393135130405426
        },
        "19": {
            "x": 0.28500640392303467,
            "y": 0.5568554401397705,
            "z": -0.07466870546340942
        },
        "20": {
            "x": 0.28128084540367126,
            "y": 0.6132866144180298,
            "z": -0.0643765777349472
        }
    }
}