{
    "Я": {
        "0": {
            "x": 0.34926968812942505,
            "y": 0.676654040813446,
            "z": 5.197149448576965e-07
        },
        "1": {
            "x": 0.41152748465538025,
            "y": 0.6801804900169373,
            "z": -0.02945478819310665
        },
        "2": {
            "x": 0.47750183939933777,
            "y": 0.6215213537216187,
            "z": -0.04105281084775925
        },
        "3": {
            "x": 0.48844897747039795,
            "y": 0.5364522933959961,
            "z": -0.05249268561601639
        },
        "4": {
            "x": 0.4627421200275421,
            "y": 0.4714862108230591,
            "z": -0.06189723312854767
        },
        "5": {
            "x": 0.4913894534111023,
            "y": 0.5156941413879395,
            "z": -0.008928480558097363
        },
        "6": {
            "x": 0.5213108658790588,
            "y": 0.43870145082473755,
            "z": -0.028847703710198402
        },
        "7": {
            "x": 0.5308408141136169,
            "y": 0.3743213415145874,
            "z": -0.04290582984685898
        },
        "8": {
            "x": 0.5315693616867065,
            "y": 0.3167891800403595,
            "z": -0.05211605504155159
        },
        "9": {
            "x": 0.46088242530822754,
            "y": 0.4888463318347931,
            "z": -0.009777490049600601
        },
        "10": {
            "x": 0.5096555948257446,
            "y": 0.4158371388912201,
            "z": -0.03505612537264824
        },
        "11": {
            "x": 0.5419149398803711,
            "y": 0.39463070034980774,
            "z": -0.047466594725847244
        },
        "12": {
            "x": 0.5644519329071045,
            "y": 0.37505149841308594,
            "z": -0.05155108496546745
        },
        "13": {
            "x": 0.4232299327850342,
            "y": 0.475574254989624,
            "z": -0.015543242916464806
        },
        "14": {
            "x": 0.4627743363380432,
            "y": 0.4256746172904968,
            "z": -0.0606042705476284
        },
        "15": {
            "x": 0.45722514390945435,
            "y": 0.4993878901004791,
            "z": -0.06569801270961761
        },
        "16": {
            "x": 0.44304317235946655,
            "y": 0.5560948252677917,
            "z": -0.05565442517399788
        },
        "17": {
            "x": 0.3801880180835724,
            "y": 0.4726606011390686,
            "z": -0.02299145609140396
        },
        "18": {
            "x": 0.4180049002170563,
            "y": 0.4552845358848572,
            "z": -0.062274470925331116
        },
        "19": {
            "x": 0.4216817021369934,
            "y": 0.5180413126945496,
            "z": -0.06401962041854858
        },
        "20": {
            "x": 0.4125887453556061,
            "y": 0.5680484771728516,
            "z": -0.05604931712150574
        }
    }
}