{
    "Я": {
        "0": {
            "x": 0.3210865259170532,
            "y": 0.679155707359314,
            "z": 4.7308941475421307e-07
        },
        "1": {
            "x": 0.38095587491989136,
            "y": 0.6755442023277283,
            "z": -0.02924126386642456
        },
        "2": {
            "x": 0.43746477365493774,
            "y": 0.6057614088058472,
            "z": -0.0401175394654274
        },
        "3": {
            "x": 0.42967504262924194,
            "y": 0.5257145166397095,
            "z": -0.05044310912489891
        },
        "4": {
            "x": 0.39624086022377014,
            "y": 0.4652795195579529,
            "z": -0.05876859277486801
        },
        "5": {
            "x": 0.4555903673171997,
            "y": 0.4886891841888428,
            "z": -0.0118480259552598
        },
        "6": {
            "x": 0.4720079004764557,
            "y": 0.4068886637687683,
            "z": -0.0353512205183506
        },
        "7": {
            "x": 0.472759485244751,
            "y": 0.35023993253707886,
            "z": -0.05290637165307999
        },
        "8": {
            "x": 0.46439921855926514,
            "y": 0.30030083656311035,
            "z": -0.0640915259718895
        },
        "9": {
            "x": 0.4181974530220032,
            "y": 0.46229690313339233,
            "z": -0.015222727321088314
        },
        "10": {
            "x": 0.4577842950820923,
            "y": 0.3708411455154419,
            "z": -0.042239706963300705
        },
        "11": {
            "x": 0.47661104798316956,
            "y": 0.31662946939468384,
            "z": -0.05825844034552574
        },
        "12": {
            "x": 0.48520427942276,
            "y": 0.26783835887908936,
            "z": -0.06493803858757019
        },
        "13": {
            "x": 0.3751935064792633,
            "y": 0.45624732971191406,
            "z": -0.023549973964691162
        },
        "14": {
            "x": 0.3986818194389343,
            "y": 0.3941335678100586,
            "z": -0.06925708055496216
        },
        "15": {
            "x": 0.4018630087375641,
            "y": 0.458301842212677,
            "z": -0.07866355776786804
        },
        "16": {
            "x": 0.3973929286003113,
            "y": 0.5069267153739929,
            "z": -0.07249044626951218
        },
        "17": {
            "x": 0.3288394808769226,
            "y": 0.4666936695575714,
            "z": -0.03387880325317383
        },
        "18": {
            "x": 0.3588564991950989,
            "y": 0.45949211716651917,
            "z": -0.0770154744386673
        },
        "19": {
            "x": 0.367668479681015,
            "y": 0.5241615772247314,
            "z": -0.0832536444067955
        },
        "20": {
            "x": 0.36809659004211426,
            "y": 0.5710493326187134,
            "z": -0.07818761467933655
        }
    }
}