{
    "Я": {
        "0": {
            "x": 0.1369032859802246,
            "y": 0.7341130971908569,
            "z": 6.400336474143842e-07
        },
        "1": {
            "x": 0.20341448485851288,
            "y": 0.6855379343032837,
            "z": -0.04868992418050766
        },
        "2": {
            "x": 0.23404693603515625,
            "y": 0.5934831500053406,
            "z": -0.05812673643231392
        },
        "3": {
            "x": 0.19791390001773834,
            "y": 0.5102377533912659,
            "z": -0.06505582481622696
        },
        "4": {
            "x": 0.15171854197978973,
            "y": 0.44991201162338257,
            "z": -0.06781431287527084
        },
        "5": {
            "x": 0.24899877607822418,
            "y": 0.44367456436157227,
            "z": -0.0003648622951004654
        },
        "6": {
            "x": 0.24067726731300354,
            "y": 0.32593590021133423,
            "z": -0.01870235614478588
        },
        "7": {
            "x": 0.22325630486011505,
            "y": 0.24715209007263184,
            "z": -0.03683527186512947
        },
        "8": {
            "x": 0.20384852588176727,
            "y": 0.17697259783744812,
            "z": -0.04989931359887123
        },
        "9": {
            "x": 0.2032356560230255,
            "y": 0.4240644872188568,
            "z": 0.003633200190961361
        },
        "10": {
            "x": 0.22392773628234863,
            "y": 0.30311107635498047,
            "z": -0.018290115520358086
        },
        "11": {
            "x": 0.23289231956005096,
            "y": 0.21899056434631348,
            "z": -0.037848759442567825
        },
        "12": {
            "x": 0.239434152841568,
            "y": 0.153722882270813,
            "z": -0.04852879047393799
        },
        "13": {
            "x": 0.15458016097545624,
            "y": 0.43591320514678955,
            "z": -0.001944229705259204
        },
        "14": {
            "x": 0.14660833775997162,
            "y": 0.33803194761276245,
            "z": -0.05125678330659866
        },
        "15": {
            "x": 0.14740332961082458,
            "y": 0.40681934356689453,
            "z": -0.06807547062635422
        },
        "16": {
            "x": 0.15108150243759155,
            "y": 0.4693768322467804,
            "z": -0.06306812912225723
        },
        "17": {
            "x": 0.10607396066188812,
            "y": 0.4672013223171234,
            "z": -0.011511941440403461
        },
        "18": {
            "x": 0.10415007174015045,
            "y": 0.3764876127243042,
            "z": -0.053599484264850616
        },
        "19": {
            "x": 0.1128762811422348,
            "y": 0.41923636198043823,
            "z": -0.06000661849975586
        },
        "20": {
            "x": 0.11998221278190613,
            "y": 0.4713408946990967,
            "z": -0.05448894575238228
        }
    }
}