{
    "Я": {
        "0": {
            "x": 0.2388550341129303,
            "y": 0.6383500099182129,
            "z": 3.8012890968275315e-07
        },
        "1": {
            "x": 0.2948606610298157,
            "y": 0.6239811182022095,
            "z": -0.030447328463196754
        },
        "2": {
            "x": 0.337604284286499,
            "y": 0.5414335131645203,
            "z": -0.03711407631635666
        },
        "3": {
            "x": 0.3137974441051483,
            "y": 0.4636543393135071,
            "z": -0.04288820922374725
        },
        "4": {
            "x": 0.2788563668727875,
            "y": 0.4083479642868042,
            "z": -0.04555739462375641
        },
        "5": {
            "x": 0.35212400555610657,
            "y": 0.4324532449245453,
            "z": -0.00103876949287951
        },
        "6": {
            "x": 0.3568147122859955,
            "y": 0.34561920166015625,
            "z": -0.02353069931268692
        },
        "7": {
            "x": 0.3534834384918213,
            "y": 0.29690372943878174,
            "z": -0.040466126054525375
        },
        "8": {
            "x": 0.3434428572654724,
            "y": 0.2606649398803711,
            "z": -0.05079135671257973
        },
        "9": {
            "x": 0.31553053855895996,
            "y": 0.4141128361225128,
            "z": -0.0032996884547173977
        },
        "10": {
            "x": 0.33784565329551697,
            "y": 0.31522780656814575,
            "z": -0.03085257112979889
        },
        "11": {
            "x": 0.3434251844882965,
            "y": 0.26159948110580444,
            "z": -0.0478924959897995
        },
        "12": {
            "x": 0.3415525555610657,
            "y": 0.21462136507034302,
            "z": -0.053776998072862625
        },
        "13": {
            "x": 0.2757129669189453,
            "y": 0.41676655411720276,
            "z": -0.012083522975444794
        },
        "14": {
            "x": 0.28269508481025696,
            "y": 0.3591502904891968,
            "z": -0.060514867305755615
        },
        "15": {
            "x": 0.28459006547927856,
            "y": 0.42879265546798706,
            "z": -0.07208085805177689
        },
        "16": {
            "x": 0.2840122580528259,
            "y": 0.4733528196811676,
            "z": -0.0654074177145958
        },
        "17": {
            "x": 0.2323082834482193,
            "y": 0.4334404170513153,
            "z": -0.022976212203502655
        },
        "18": {
            "x": 0.2480439394712448,
            "y": 0.4212961792945862,
            "z": -0.06740175187587738
        },
        "19": {
            "x": 0.25671136379241943,
            "y": 0.47964122891426086,
            "z": -0.07593288272619247
        },
        "20": {
            "x": 0.26345306634902954,
            "y": 0.5139122009277344,
            "z": -0.07208563387393951
        }
    }
}