{
    "Я": {
        "0": {
            "x": 0.2514990568161011,
            "y": 0.6566880345344543,
            "z": 3.401702031169407e-07
        },
        "1": {
            "x": 0.31247660517692566,
            "y": 0.644072413444519,
            "z": -0.03338067606091499
        },
        "2": {
            "x": 0.3567597270011902,
            "y": 0.5596357583999634,
            "z": -0.041928377002477646
        },
        "3": {
            "x": 0.32549527287483215,
            "y": 0.47362667322158813,
            "z": -0.048783283680677414
        },
        "4": {
            "x": 0.28534430265426636,
            "y": 0.41845375299453735,
            "z": -0.052406392991542816
        },
        "5": {
            "x": 0.36913082003593445,
            "y": 0.44543343782424927,
            "z": -0.002263936446979642
        },
        "6": {
            "x": 0.37775933742523193,
            "y": 0.36306536197662354,
            "z": -0.026859639212489128
        },
        "7": {
            "x": 0.37542060017585754,
            "y": 0.31381189823150635,
            "z": -0.045156724750995636
        },
        "8": {
            "x": 0.3659456670284271,
            "y": 0.2832728624343872,
            "z": -0.055667027831077576
        },
        "9": {
            "x": 0.3286975920200348,
            "y": 0.4279826879501343,
            "z": -0.0026991236954927444
        },
        "10": {
            "x": 0.3483876883983612,
            "y": 0.3276289403438568,
            "z": -0.030804267153143883
        },
        "11": {
            "x": 0.3517552316188812,
            "y": 0.27392762899398804,
            "z": -0.048252321779727936
        },
        "12": {
            "x": 0.34751415252685547,
            "y": 0.23380930721759796,
            "z": -0.054460201412439346
        },
        "13": {
            "x": 0.28695958852767944,
            "y": 0.43373388051986694,
            "z": -0.009928013198077679
        },
        "14": {
            "x": 0.29163387417793274,
            "y": 0.3766118288040161,
            "z": -0.058630846440792084
        },
        "15": {
            "x": 0.29777854681015015,
            "y": 0.44427114725112915,
            "z": -0.07061764597892761
        },
        "16": {
            "x": 0.30003029108047485,
            "y": 0.4930042028427124,
            "z": -0.06426869332790375
        },
        "17": {
            "x": 0.24270206689834595,
            "y": 0.4542800188064575,
            "z": -0.01924288272857666
        },
        "18": {
            "x": 0.25852853059768677,
            "y": 0.43926388025283813,
            "z": -0.06340248137712479
        },
        "19": {
            "x": 0.27042070031166077,
            "y": 0.49830958247184753,
            "z": -0.07157071679830551
        },
        "20": {
            "x": 0.2790305018424988,
            "y": 0.537001371383667,
            "z": -0.06746537983417511
        }
    }
}