{
    "Я": {
        "0": {
            "x": 0.36082586646080017,
            "y": 0.6944771409034729,
            "z": 3.252067415360216e-07
        },
        "1": {
            "x": 0.42081066966056824,
            "y": 0.6721229553222656,
            "z": -0.023341231048107147
        },
        "2": {
            "x": 0.47737011313438416,
            "y": 0.6032131910324097,
            "z": -0.03811991959810257
        },
        "3": {
            "x": 0.4937654733657837,
            "y": 0.5344508290290833,
            "z": -0.05487842857837677
        },
        "4": {
            "x": 0.4602912664413452,
            "y": 0.49747586250305176,
            "z": -0.06948907673358917
        },
        "5": {
            "x": 0.4574321508407593,
            "y": 0.4692510664463043,
            "z": -0.01347255427390337
        },
        "6": {
            "x": 0.482974112033844,
            "y": 0.39354589581489563,
            "z": -0.03716683015227318
        },
        "7": {
            "x": 0.49111056327819824,
            "y": 0.34163808822631836,
            "z": -0.04994295910000801
        },
        "8": {
            "x": 0.49254459142684937,
            "y": 0.2940155863761902,
            "z": -0.057793471962213516
        },
        "9": {
            "x": 0.41786447167396545,
            "y": 0.45595043897628784,
            "z": -0.02075442671775818
        },
        "10": {
            "x": 0.4549295902252197,
            "y": 0.3725215792655945,
            "z": -0.05793332681059837
        },
        "11": {
            "x": 0.47725972533226013,
            "y": 0.4021812677383423,
            "z": -0.06878477334976196
        },
        "12": {
            "x": 0.4856707453727722,
            "y": 0.42821282148361206,
            "z": -0.0656101182103157
        },
        "13": {
            "x": 0.3817943036556244,
            "y": 0.45783060789108276,
            "z": -0.03164861723780632
        },
        "14": {
            "x": 0.44184669852256775,
            "y": 0.43710148334503174,
            "z": -0.08055128157138824
        },
        "15": {
            "x": 0.4468359649181366,
            "y": 0.5242483019828796,
            "z": -0.07967084646224976
        },
        "16": {
            "x": 0.4353654086589813,
            "y": 0.5766611695289612,
            "z": -0.06310268491506577
        },
        "17": {
            "x": 0.35211682319641113,
            "y": 0.47400906682014465,
            "z": -0.04425344988703728
        },
        "18": {
            "x": 0.4155091941356659,
            "y": 0.4708279073238373,
            "z": -0.07861445844173431
        },
        "19": {
            "x": 0.42753806710243225,
            "y": 0.5347326993942261,
            "z": -0.07578186690807343
        },
        "20": {
            "x": 0.42098620533943176,
            "y": 0.5782795548439026,
            "z": -0.06407742947340012
        }
    }
}