{
    "Я": {
        "0": {
            "x": 0.3417923152446747,
            "y": 0.6757721900939941,
            "z": 4.6193244429559854e-07
        },
        "1": {
            "x": 0.4058955907821655,
            "y": 0.6557536721229553,
            "z": -0.024230923503637314
        },
        "2": {
            "x": 0.46272116899490356,
            "y": 0.5927969217300415,
            "z": -0.037137530744075775
        },
        "3": {
            "x": 0.47459399700164795,
            "y": 0.5213428139686584,
            "z": -0.05137738958001137
        },
        "4": {
            "x": 0.44033411145210266,
            "y": 0.47850894927978516,
            "z": -0.06390329450368881
        },
        "5": {
            "x": 0.45103904604911804,
            "y": 0.4679616391658783,
            "z": -0.009560635313391685
        },
        "6": {
            "x": 0.4816420376300812,
            "y": 0.40855997800827026,
            "z": -0.032185062766075134
        },
        "7": {
            "x": 0.495230108499527,
            "y": 0.36879032850265503,
            "z": -0.04655570536851883
        },
        "8": {
            "x": 0.4999960660934448,
            "y": 0.33014771342277527,
            "z": -0.054802149534225464
        },
        "9": {
            "x": 0.4128727614879608,
            "y": 0.44568556547164917,
            "z": -0.015777014195919037
        },
        "10": {
            "x": 0.4505516290664673,
            "y": 0.3525259792804718,
            "z": -0.04782232642173767
        },
        "11": {
            "x": 0.47647660970687866,
            "y": 0.331234335899353,
            "z": -0.06132317706942558
        },
        "12": {
            "x": 0.48931872844696045,
            "y": 0.3175572156906128,
            "z": -0.062036652117967606
        },
        "13": {
            "x": 0.37405431270599365,
            "y": 0.4435572624206543,
            "z": -0.026018036529421806
        },
        "14": {
            "x": 0.4271337389945984,
            "y": 0.4156875014305115,
            "z": -0.07478746026754379
        },
        "15": {
            "x": 0.43006882071495056,
            "y": 0.49879899621009827,
            "z": -0.07895594835281372
        },
        "16": {
            "x": 0.41867852210998535,
            "y": 0.5546349287033081,
            "z": -0.06512022763490677
        },
        "17": {
            "x": 0.33898216485977173,
            "y": 0.4584256708621979,
            "z": -0.037665948271751404
        },
        "18": {
            "x": 0.3961321711540222,
            "y": 0.453499972820282,
            "z": -0.0746842622756958
        },
        "19": {
            "x": 0.4073074460029602,
            "y": 0.5174176692962646,
            "z": -0.07400818914175034
        },
        "20": {
            "x": 0.40314555168151855,
            "y": 0.5647811889648438,
            "z": -0.06299992650747299
        }
    }
}