{
    "Я": {
        "0": {
            "x": 0.32158923149108887,
            "y": 0.6319966912269592,
            "z": 4.820431627194921e-07
        },
        "1": {
            "x": 0.3819093108177185,
            "y": 0.6186509132385254,
            "z": -0.02698570303618908
        },
        "2": {
            "x": 0.43423259258270264,
            "y": 0.5457838177680969,
            "z": -0.03856193646788597
        },
        "3": {
            "x": 0.4298631250858307,
            "y": 0.4739404320716858,
            "z": -0.05058005452156067
        },
        "4": {
            "x": 0.3963518738746643,
            "y": 0.42280319333076477,
            "z": -0.060236334800720215
        },
        "5": {
            "x": 0.4245665967464447,
            "y": 0.4214203953742981,
            "z": -0.010904154740273952
        },
        "6": {
            "x": 0.43421313166618347,
            "y": 0.3363807797431946,
            "z": -0.03424128144979477
        },
        "7": {
            "x": 0.4285956919193268,
            "y": 0.2741490602493286,
            "z": -0.050675295293331146
        },
        "8": {
            "x": 0.4161587059497833,
            "y": 0.22573663294315338,
            "z": -0.06015001982450485
        },
        "9": {
            "x": 0.38829895853996277,
            "y": 0.4072223901748657,
            "z": -0.013827109709382057
        },
        "10": {
            "x": 0.41988325119018555,
            "y": 0.31933438777923584,
            "z": -0.04276140034198761
        },
        "11": {
            "x": 0.44137445092201233,
            "y": 0.282876193523407,
            "z": -0.0572366900742054
        },
        "12": {
            "x": 0.452743798494339,
            "y": 0.258728563785553,
            "z": -0.06122811511158943
        },
        "13": {
            "x": 0.349747896194458,
            "y": 0.40981221199035645,
            "z": -0.021399736404418945
        },
        "14": {
            "x": 0.3798350989818573,
            "y": 0.3630825877189636,
            "z": -0.06533249467611313
        },
        "15": {
            "x": 0.3872620761394501,
            "y": 0.4354252219200134,
            "z": -0.07007826864719391
        },
        "16": {
            "x": 0.38417258858680725,
            "y": 0.4929805397987366,
            "z": -0.059757765382528305
        },
        "17": {
            "x": 0.31117451190948486,
            "y": 0.4270934760570526,
            "z": -0.03098391182720661
        },
        "18": {
            "x": 0.3470190465450287,
            "y": 0.41574713587760925,
            "z": -0.06653232872486115
        },
        "19": {
            "x": 0.36193224787712097,
            "y": 0.47433868050575256,
            "z": -0.06749989092350006
        },
        "20": {
            "x": 0.36475345492362976,
            "y": 0.5203762054443359,
            "z": -0.059061963111162186
        }
    }
}