{
    "Я": {
        "0": {
            "x": 0.28424984216690063,
            "y": 0.6484532952308655,
            "z": 4.998660756427853e-07
        },
        "1": {
            "x": 0.3440448045730591,
            "y": 0.6278514266014099,
            "z": -0.032634761184453964
        },
        "2": {
            "x": 0.39043453335762024,
            "y": 0.5500780940055847,
            "z": -0.045737963169813156
        },
        "3": {
            "x": 0.36518943309783936,
            "y": 0.47706523537635803,
            "z": -0.058032404631376266
        },
        "4": {
            "x": 0.3209967613220215,
            "y": 0.43536877632141113,
            "z": -0.06761560589075089
        },
        "5": {
            "x": 0.377952516078949,
            "y": 0.425405353307724,
            "z": -0.015188279561698437
        },
        "6": {
            "x": 0.37784627079963684,
            "y": 0.33561277389526367,
            "z": -0.042677175253629684
        },
        "7": {
            "x": 0.36624592542648315,
            "y": 0.2790539264678955,
            "z": -0.06188124790787697
        },
        "8": {
            "x": 0.3482622802257538,
            "y": 0.23487503826618195,
            "z": -0.07238924503326416
        },
        "9": {
            "x": 0.33592212200164795,
            "y": 0.4125722646713257,
            "z": -0.01764676161110401
        },
        "10": {
            "x": 0.35758814215660095,
            "y": 0.3079008162021637,
            "z": -0.049831364303827286
        },
        "11": {
            "x": 0.36786171793937683,
            "y": 0.25166749954223633,
            "z": -0.0676727220416069
        },
        "12": {
            "x": 0.3672488033771515,
            "y": 0.21119731664657593,
            "z": -0.07243775576353073
        },
        "13": {
            "x": 0.2943577468395233,
            "y": 0.4200294613838196,
            "z": -0.025392400100827217
        },
        "14": {
            "x": 0.3125309944152832,
            "y": 0.3780878484249115,
            "z": -0.07319239526987076
        },
        "15": {
            "x": 0.3277655839920044,
            "y": 0.44951555132865906,
            "z": -0.08153271675109863
        },
        "16": {
            "x": 0.33009111881256104,
            "y": 0.503751277923584,
            "z": -0.07151340693235397
        },
        "17": {
            "x": 0.25287148356437683,
            "y": 0.44364655017852783,
            "z": -0.03576505929231644
        },
        "18": {
            "x": 0.2851830720901489,
            "y": 0.4437655806541443,
            "z": -0.07408475875854492
        },
        "19": {
            "x": 0.3058091998100281,
            "y": 0.5011758804321289,
            "z": -0.07693542540073395
        },
        "20": {
            "x": 0.3134840428829193,
            "y": 0.5419793725013733,
            "z": -0.06853067129850388
        }
    }
}