{
    "Я": {
        "0": {
            "x": 0.27536681294441223,
            "y": 0.6588609218597412,
            "z": 5.128885049998644e-07
        },
        "1": {
            "x": 0.3365269601345062,
            "y": 0.6368817090988159,
            "z": -0.030974050983786583
        },
        "2": {
            "x": 0.38319969177246094,
            "y": 0.5605186223983765,
            "z": -0.04327773302793503
        },
        "3": {
            "x": 0.36168748140335083,
            "y": 0.49338147044181824,
            "z": -0.05537544935941696
        },
        "4": {
            "x": 0.3219720125198364,
            "y": 0.4502820372581482,
            "z": -0.06460366398096085
        },
        "5": {
            "x": 0.3694012463092804,
            "y": 0.4293338656425476,
            "z": -0.012936856597661972
        },
        "6": {
            "x": 0.3689720630645752,
            "y": 0.3394012749195099,
            "z": -0.040814582258462906
        },
        "7": {
            "x": 0.3585168123245239,
            "y": 0.2825082838535309,
            "z": -0.06056610122323036
        },
        "8": {
            "x": 0.3407612144947052,
            "y": 0.24244000017642975,
            "z": -0.07087430357933044
        },
        "9": {
            "x": 0.3278825283050537,
            "y": 0.4172399640083313,
            "z": -0.01602478139102459
        },
        "10": {
            "x": 0.3509773015975952,
            "y": 0.3091534674167633,
            "z": -0.04817967861890793
        },
        "11": {
            "x": 0.36252036690711975,
            "y": 0.25176289677619934,
            "z": -0.06642337143421173
        },
        "12": {
            "x": 0.36274611949920654,
            "y": 0.21452581882476807,
            "z": -0.0711287260055542
        },
        "13": {
            "x": 0.28662267327308655,
            "y": 0.4266496002674103,
            "z": -0.024476682767271996
        },
        "14": {
            "x": 0.30189839005470276,
            "y": 0.3822021782398224,
            "z": -0.07204411923885345
        },
        "15": {
            "x": 0.31885308027267456,
            "y": 0.45352059602737427,
            "z": -0.08134553581476212
        },
        "16": {
            "x": 0.32318493723869324,
            "y": 0.5101085901260376,
            "z": -0.07154513150453568
        },
        "17": {
            "x": 0.24668185412883759,
            "y": 0.45310530066490173,
            "z": -0.035355109721422195
        },
        "18": {
            "x": 0.27740490436553955,
            "y": 0.44818535447120667,
            "z": -0.07302922755479813
        },
        "19": {
            "x": 0.3004169762134552,
            "y": 0.5046670436859131,
            "z": -0.07617148011922836
        },
        "20": {
            "x": 0.3107282221317291,
            "y": 0.5467441082000732,
            "z": -0.06780228763818741
        }
    }
}