{
    "ле": {
        "0": {
            "x": 0.4630465507507324,
            "y": 0.8701375722885132,
            "z": 6.475674751982297e-08
        },
        "1": {
            "x": 0.4177756905555725,
            "y": 0.7165476679801941,
            "z": 0.053699519485235214
        },
        "2": {
            "x": 0.4376486539840698,
            "y": 0.5843825936317444,
            "z": 0.08872639387845993
        },
        "3": {
            "x": 0.47703930735588074,
            "y": 0.5069835782051086,
            "z": 0.11859946697950363
        },
        "4": {
            "x": 0.5178720355033875,
            "y": 0.4666353166103363,
            "z": 0.14784705638885498
        },
        "5": {
            "x": 0.46366265416145325,
            "y": 0.5129014253616333,
            "z": 0.04643716290593147
        },
        "6": {
            "x": 0.492431104183197,
            "y": 0.3523755967617035,
            "z": 0.06963686645030975
        },
        "7": {
            "x": 0.5068885684013367,
            "y": 0.27450934052467346,
            "z": 0.09422531723976135
        },
        "8": {
            "x": 0.5171725749969482,
            "y": 0.21370241045951843,
            "z": 0.11225010454654694
        },
        "9": {
            "x": 0.5303769707679749,
            "y": 0.5294929146766663,
            "z": 0.026928041130304337
        },
        "10": {
            "x": 0.5561732053756714,
            "y": 0.3536481261253357,
            "z": 0.033195603638887405
        },
        "11": {
            "x": 0.5695650577545166,
            "y": 0.26635539531707764,
            "z": 0.042048364877700806
        },
        "12": {
            "x": 0.5816628932952881,
            "y": 0.19736289978027344,
            "z": 0.05340576171875
        },
        "13": {
            "x": 0.5866848230361938,
            "y": 0.5697791576385498,
            "z": 0.013531389646232128
        },
        "14": {
            "x": 0.619415819644928,
            "y": 0.4237237870693207,
            "z": 0.016153937205672264
        },
        "15": {
            "x": 0.6313787698745728,
            "y": 0.3423978388309479,
            "z": 0.015310523100197315
        },
        "16": {
            "x": 0.6433596014976501,
            "y": 0.2794960141181946,
            "z": 0.018431518226861954
        },
        "17": {
            "x": 0.6291383504867554,
            "y": 0.6280558109283447,
            "z": 0.007392574567347765
        },
        "18": {
            "x": 0.6276692748069763,
            "y": 0.5217413306236267,
            "z": 0.027136724442243576
        },
        "19": {
            "x": 0.6034077405929565,
            "y": 0.5096086859703064,
            "z": 0.04717056453227997
        },
        "20": {
            "x": 0.5908471941947937,
            "y": 0.5232989192008972,
            "z": 0.06226933375000954
        }
    }
}