{
    "ле": {
        "0": {
            "x": 0.46066218614578247,
            "y": 0.7455129027366638,
            "z": -7.931265599836479e-08
        },
        "1": {
            "x": 0.4187820255756378,
            "y": 0.6089820861816406,
            "z": 0.06344733387231827
        },
        "2": {
            "x": 0.4336882531642914,
            "y": 0.49915602803230286,
            "z": 0.09917143732309341
        },
        "3": {
            "x": 0.4773976802825928,
            "y": 0.44965681433677673,
            "z": 0.12835080921649933
        },
        "4": {
            "x": 0.5223932862281799,
            "y": 0.4355655312538147,
            "z": 0.15620839595794678
        },
        "5": {
            "x": 0.4572291374206543,
            "y": 0.44385841488838196,
            "z": 0.05127377063035965
        },
        "6": {
            "x": 0.4710964262485504,
            "y": 0.30117326974868774,
            "z": 0.07706653326749802
        },
        "7": {
            "x": 0.4805833101272583,
            "y": 0.23758482933044434,
            "z": 0.10371187329292297
        },
        "8": {
            "x": 0.486483097076416,
            "y": 0.18625736236572266,
            "z": 0.12458153814077377
        },
        "9": {
            "x": 0.5153782963752747,
            "y": 0.4508090913295746,
            "z": 0.03230729326605797
        },
        "10": {
            "x": 0.524555504322052,
            "y": 0.29688286781311035,
            "z": 0.04478318616747856
        },
        "11": {
            "x": 0.5289761424064636,
            "y": 0.22054824233055115,
            "z": 0.06240466982126236
        },
        "12": {
            "x": 0.5338543653488159,
            "y": 0.1625443398952484,
            "z": 0.08002465963363647
        },
        "13": {
            "x": 0.5647367238998413,
            "y": 0.4806906282901764,
            "z": 0.020224351435899734
        },
        "14": {
            "x": 0.5812093019485474,
            "y": 0.35289543867111206,
            "z": 0.02506135031580925
        },
        "15": {
            "x": 0.5833561420440674,
            "y": 0.27782583236694336,
            "z": 0.02619411237537861
        },
        "16": {
            "x": 0.587493360042572,
            "y": 0.2234870195388794,
            "z": 0.03212457150220871
        },
        "17": {
            "x": 0.6039849519729614,
            "y": 0.5273982286453247,
            "z": 0.017137393355369568
        },
        "18": {
            "x": 0.5978673100471497,
            "y": 0.4374106824398041,
            "z": 0.046662114560604095
        },
        "19": {
            "x": 0.5741852521896362,
            "y": 0.4444155991077423,
            "z": 0.07347731292247772
        },
        "20": {
            "x": 0.5636557340621948,
            "y": 0.48126912117004395,
            "z": 0.0921984612941742
        }
    }
}