{
    "ле": {
        "0": {
            "x": 0.5327849984169006,
            "y": 0.8098980188369751,
            "z": -5.63075523984935e-08
        },
        "1": {
            "x": 0.5018755197525024,
            "y": 0.6763412952423096,
            "z": 0.0730077251791954
        },
        "2": {
            "x": 0.5338931679725647,
            "y": 0.5693955421447754,
            "z": 0.11230173707008362
        },
        "3": {
            "x": 0.5856119990348816,
            "y": 0.5105862021446228,
            "z": 0.14440679550170898
        },
        "4": {
            "x": 0.6314101219177246,
            "y": 0.47977638244628906,
            "z": 0.17642386257648468
        },
        "5": {
            "x": 0.5378333926200867,
            "y": 0.5029017329216003,
            "z": 0.06086832284927368
        },
        "6": {
            "x": 0.5575678944587708,
            "y": 0.3536970615386963,
            "z": 0.08747341483831406
        },
        "7": {
            "x": 0.5723883509635925,
            "y": 0.2833389937877655,
            "z": 0.11314870417118073
        },
        "8": {
            "x": 0.5823562145233154,
            "y": 0.22760629653930664,
            "z": 0.13311775028705597
        },
        "9": {
            "x": 0.5955817699432373,
            "y": 0.5155506730079651,
            "z": 0.039607271552085876
        },
        "10": {
            "x": 0.6171271204948425,
            "y": 0.3527548015117645,
            "z": 0.0525248758494854
        },
        "11": {
            "x": 0.6286676526069641,
            "y": 0.2735183835029602,
            "z": 0.06790488213300705
        },
        "12": {
            "x": 0.6349827647209167,
            "y": 0.20814383029937744,
            "z": 0.08263185620307922
        },
        "13": {
            "x": 0.6414691805839539,
            "y": 0.552718997001648,
            "z": 0.026415612548589706
        },
        "14": {
            "x": 0.6710454225540161,
            "y": 0.4119669795036316,
            "z": 0.03669527545571327
        },
        "15": {
            "x": 0.67931067943573,
            "y": 0.3323299288749695,
            "z": 0.04307127743959427
        },
        "16": {
            "x": 0.6895042061805725,
            "y": 0.2722979784011841,
            "z": 0.04990425333380699
        },
        "17": {
            "x": 0.678330659866333,
            "y": 0.6082350015640259,
            "z": 0.02291637659072876
        },
        "18": {
            "x": 0.6793496012687683,
            "y": 0.5098967552185059,
            "z": 0.05991493910551071
        },
        "19": {
            "x": 0.6584925651550293,
            "y": 0.5007789134979248,
            "z": 0.0907568708062172
        },
        "20": {
            "x": 0.6503430008888245,
            "y": 0.5145202875137329,
            "z": 0.10998192429542542
        }
    }
}