{
    "Щ": {
        "0": {
            "x": 0.4847361445426941,
            "y": 0.837413489818573,
            "z": 1.8094713993832556e-07
        },
        "1": {
            "x": 0.49666303396224976,
            "y": 0.7684149146080017,
            "z": 0.024025289341807365
        },
        "2": {
            "x": 0.5263078212738037,
            "y": 0.7090733647346497,
            "z": 0.03251932933926582
        },
        "3": {
            "x": 0.5600379109382629,
            "y": 0.6753702759742737,
            "z": 0.03436041995882988
        },
        "4": {
            "x": 0.5854669809341431,
            "y": 0.6471452116966248,
            "z": 0.036678239703178406
        },
        "5": {
            "x": 0.48352470993995667,
            "y": 0.6535898447036743,
            "z": 0.028481831774115562
        },
        "6": {
            "x": 0.5038408041000366,
            "y": 0.5704218149185181,
            "z": 0.030035246163606644
        },
        "7": {
            "x": 0.5188199281692505,
            "y": 0.5205044150352478,
            "z": 0.031334541738033295
        },
        "8": {
            "x": 0.5292835235595703,
            "y": 0.4809706211090088,
            "z": 0.031541842967271805
        },
        "9": {
            "x": 0.5024298429489136,
            "y": 0.6469458341598511,
            "z": 0.008406336419284344
        },
        "10": {
            "x": 0.5257331132888794,
            "y": 0.5536359548568726,
            "z": 0.005775365047156811
        },
        "11": {
            "x": 0.5425297021865845,
            "y": 0.4993159770965576,
            "z": 0.0029855086468160152
        },
        "12": {
            "x": 0.552436888217926,
            "y": 0.4544839560985565,
            "z": 0.002395974937826395
        },
        "13": {
            "x": 0.5271737575531006,
            "y": 0.6517587304115295,
            "z": -0.010739006102085114
        },
        "14": {
            "x": 0.5483955144882202,
            "y": 0.5665029287338257,
            "z": -0.014379849657416344
        },
        "15": {
            "x": 0.5582830309867859,
            "y": 0.5179066061973572,
            "z": -0.016984065994620323
        },
        "16": {
            "x": 0.5628387331962585,
            "y": 0.47698846459388733,
            "z": -0.019066613167524338
        },
        "17": {
            "x": 0.5593100786209106,
            "y": 0.6710817217826843,
            "z": -0.028379783034324646
        },
        "18": {
            "x": 0.5769423246383667,
            "y": 0.6229713559150696,
            "z": -0.025644121691584587
        },
        "19": {
            "x": 0.5767819881439209,
            "y": 0.6353459358215332,
            "z": -0.016915544867515564
        },
        "20": {
            "x": 0.5776227116584778,
            "y": 0.6571292281150818,
            "z": -0.01107331458479166
        }
    }
}