{
    "Щ": {
        "0": {
            "x": 0.46034520864486694,
            "y": 0.7971855401992798,
            "z": 2.184118557124748e-07
        },
        "1": {
            "x": 0.5124932527542114,
            "y": 0.775337815284729,
            "z": -0.013743732124567032
        },
        "2": {
            "x": 0.5446380376815796,
            "y": 0.7049835920333862,
            "z": -0.013412636704742908
        },
        "3": {
            "x": 0.5517591834068298,
            "y": 0.6372366547584534,
            "z": -0.012589816004037857
        },
        "4": {
            "x": 0.5318060517311096,
            "y": 0.5987687706947327,
            "z": -0.012378104962408543
        },
        "5": {
            "x": 0.5295096039772034,
            "y": 0.6199823617935181,
            "z": -0.0006197927868925035
        },
        "6": {
            "x": 0.5408371090888977,
            "y": 0.5450059175491333,
            "z": -0.006877742242068052
        },
        "7": {
            "x": 0.5459797382354736,
            "y": 0.49870312213897705,
            "z": -0.013646192848682404
        },
        "8": {
            "x": 0.5484958291053772,
            "y": 0.4592134952545166,
            "z": -0.019908590242266655
        },
        "9": {
            "x": 0.5073544383049011,
            "y": 0.6060203909873962,
            "z": -0.003994919825345278
        },
        "10": {
            "x": 0.5189074277877808,
            "y": 0.5186434984207153,
            "z": -0.009912308305501938
        },
        "11": {
            "x": 0.5262682437896729,
            "y": 0.4617539048194885,
            "z": -0.018106937408447266
        },
        "12": {
            "x": 0.530933678150177,
            "y": 0.41554945707321167,
            "z": -0.02432764321565628
        },
        "13": {
            "x": 0.483643114566803,
            "y": 0.6100004315376282,
            "z": -0.01019290741533041
        },
        "14": {
            "x": 0.49063530564308167,
            "y": 0.5228278040885925,
            "z": -0.024066060781478882
        },
        "15": {
            "x": 0.4977431893348694,
            "y": 0.466526597738266,
            "z": -0.038334403187036514
        },
        "16": {
            "x": 0.5016006827354431,
            "y": 0.42085301876068115,
            "z": -0.04847932979464531
        },
        "17": {
            "x": 0.45803844928741455,
            "y": 0.6263810992240906,
            "z": -0.017467333003878593
        },
        "18": {
            "x": 0.4687366485595703,
            "y": 0.5799453854560852,
            "z": -0.03543009236454964
        },
        "19": {
            "x": 0.4814617335796356,
            "y": 0.5743328332901001,
            "z": -0.043841682374477386
        },
        "20": {
            "x": 0.48998957872390747,
            "y": 0.5761622190475464,
            "z": -0.04892830178141594
        }
    }
}