{
    "Щ": {
        "0": {
            "x": 0.5200904607772827,
            "y": 0.6681784987449646,
            "z": 4.188974145336033e-08
        },
        "1": {
            "x": 0.4821707606315613,
            "y": 0.6083782315254211,
            "z": 0.037524983286857605
        },
        "2": {
            "x": 0.48502758145332336,
            "y": 0.5412216782569885,
            "z": 0.06819941103458405
        },
        "3": {
            "x": 0.5086958408355713,
            "y": 0.504187285900116,
            "z": 0.09653102606534958
        },
        "4": {
            "x": 0.5324637293815613,
            "y": 0.48948413133621216,
            "z": 0.1255338042974472
        },
        "5": {
            "x": 0.4891814589500427,
            "y": 0.4965151846408844,
            "z": 0.052487049251794815
        },
        "6": {
            "x": 0.5009317994117737,
            "y": 0.4222826659679413,
            "z": 0.08116497099399567
        },
        "7": {
            "x": 0.5087050199508667,
            "y": 0.3876684308052063,
            "z": 0.1020619198679924
        },
        "8": {
            "x": 0.5119453072547913,
            "y": 0.362000435590744,
            "z": 0.11590970307588577
        },
        "9": {
            "x": 0.5204950571060181,
            "y": 0.49299028515815735,
            "z": 0.04823226481676102
        },
        "10": {
            "x": 0.529951810836792,
            "y": 0.4114503264427185,
            "z": 0.07010744512081146
        },
        "11": {
            "x": 0.5350310206413269,
            "y": 0.37248629331588745,
            "z": 0.08235571533441544
        },
        "12": {
            "x": 0.5379109382629395,
            "y": 0.340833455324173,
            "z": 0.09203183650970459
        },
        "13": {
            "x": 0.550891101360321,
            "y": 0.5088313221931458,
            "z": 0.047096218913793564
        },
        "14": {
            "x": 0.561012864112854,
            "y": 0.43250593543052673,
            "z": 0.06273182481527328
        },
        "15": {
            "x": 0.5607798099517822,
            "y": 0.39199647307395935,
            "z": 0.06210057809948921
        },
        "16": {
            "x": 0.5641650557518005,
            "y": 0.36395809054374695,
            "z": 0.061495065689086914
        },
        "17": {
            "x": 0.5788862705230713,
            "y": 0.5357028245925903,
            "z": 0.05073549225926399
        },
        "18": {
            "x": 0.5729679465293884,
            "y": 0.5067824721336365,
            "z": 0.07235829532146454
        },
        "19": {
            "x": 0.5581359267234802,
            "y": 0.5115934014320374,
            "z": 0.08113852888345718
        },
        "20": {
            "x": 0.5533509254455566,
            "y": 0.5265728831291199,
            "z": 0.08569522202014923
        }
    }
}