{
    "Щ": {
        "0": {
            "x": 0.5372475981712341,
            "y": 0.7610359191894531,
            "z": 1.0420180274195445e-07
        },
        "1": {
            "x": 0.575832724571228,
            "y": 0.7229707837104797,
            "z": 0.03236784413456917
        },
        "2": {
            "x": 0.5918061137199402,
            "y": 0.6723334193229675,
            "z": 0.05526208132505417
        },
        "3": {
            "x": 0.5956462025642395,
            "y": 0.6283165812492371,
            "z": 0.0740840807557106
        },
        "4": {
            "x": 0.6015356183052063,
            "y": 0.604550838470459,
            "z": 0.09301267564296722
        },
        "5": {
            "x": 0.5830537676811218,
            "y": 0.6156665682792664,
            "z": 0.04028010740876198
        },
        "6": {
            "x": 0.5820188522338867,
            "y": 0.547889232635498,
            "z": 0.05350685492157936
        },
        "7": {
            "x": 0.5771400928497314,
            "y": 0.5082079172134399,
            "z": 0.061839621514081955
        },
        "8": {
            "x": 0.5735293626785278,
            "y": 0.4810357689857483,
            "z": 0.06829633563756943
        },
        "9": {
            "x": 0.5542402863502502,
            "y": 0.6103652119636536,
            "z": 0.031421076506376266
        },
        "10": {
            "x": 0.554737389087677,
            "y": 0.5357416272163391,
            "z": 0.04302988573908806
        },
        "11": {
            "x": 0.5519897937774658,
            "y": 0.49185317754745483,
            "z": 0.04810876399278641
        },
        "12": {
            "x": 0.5510856509208679,
            "y": 0.4579303562641144,
            "z": 0.053114160895347595
        },
        "13": {
            "x": 0.526165783405304,
            "y": 0.6173280477523804,
            "z": 0.025188257917761803
        },
        "14": {
            "x": 0.528657853603363,
            "y": 0.551140308380127,
            "z": 0.03675422444939613
        },
        "15": {
            "x": 0.5298311710357666,
            "y": 0.5123962163925171,
            "z": 0.038206733763217926
        },
        "16": {
            "x": 0.5328635573387146,
            "y": 0.483367919921875,
            "z": 0.03942783176898956
        },
        "17": {
            "x": 0.49713683128356934,
            "y": 0.6370785236358643,
            "z": 0.021993279457092285
        },
        "18": {
            "x": 0.49992769956588745,
            "y": 0.603509783744812,
            "z": 0.036099448800086975
        },
        "19": {
            "x": 0.5043520927429199,
            "y": 0.5944386720657349,
            "z": 0.04384569451212883
        },
        "20": {
            "x": 0.5099016427993774,
            "y": 0.5936687588691711,
            "z": 0.049942322075366974
        }
    }
}