{
    "Щ": {
        "0": {
            "x": 0.5616370439529419,
            "y": 0.7804476618766785,
            "z": 6.446237676982491e-08
        },
        "1": {
            "x": 0.5892743468284607,
            "y": 0.7274084687232971,
            "z": 0.05445987731218338
        },
        "2": {
            "x": 0.5913500189781189,
            "y": 0.6701526641845703,
            "z": 0.09390412271022797
        },
        "3": {
            "x": 0.5753229856491089,
            "y": 0.6291615962982178,
            "z": 0.1274266093969345
        },
        "4": {
            "x": 0.5594054460525513,
            "y": 0.6085314750671387,
            "z": 0.1629035919904709
        },
        "5": {
            "x": 0.605694591999054,
            "y": 0.6180582046508789,
            "z": 0.07744421064853668
        },
        "6": {
            "x": 0.601306676864624,
            "y": 0.5525291562080383,
            "z": 0.10949869453907013
        },
        "7": {
            "x": 0.5971913933753967,
            "y": 0.5165446996688843,
            "z": 0.13092146813869476
        },
        "8": {
            "x": 0.5954020619392395,
            "y": 0.49147647619247437,
            "z": 0.14659921824932098
        },
        "9": {
            "x": 0.5771981477737427,
            "y": 0.6155857443809509,
            "z": 0.06990271806716919
        },
        "10": {
            "x": 0.5744539499282837,
            "y": 0.5418375730514526,
            "z": 0.09821001440286636
        },
        "11": {
            "x": 0.5723352432250977,
            "y": 0.5018795728683472,
            "z": 0.1156487837433815
        },
        "12": {
            "x": 0.5722512006759644,
            "y": 0.4714391827583313,
            "z": 0.13003379106521606
        },
        "13": {
            "x": 0.5493424534797668,
            "y": 0.6252351999282837,
            "z": 0.06639572232961655
        },
        "14": {
            "x": 0.5478670001029968,
            "y": 0.562889814376831,
            "z": 0.09580296277999878
        },
        "15": {
            "x": 0.5485001802444458,
            "y": 0.5243629217147827,
            "z": 0.11112435907125473
        },
        "16": {
            "x": 0.5515902638435364,
            "y": 0.4952704906463623,
            "z": 0.12176613509654999
        },
        "17": {
            "x": 0.5224021673202515,
            "y": 0.6442551612854004,
            "z": 0.06739834696054459
        },
        "18": {
            "x": 0.5259883403778076,
            "y": 0.6122438907623291,
            "z": 0.10008237510919571
        },
        "19": {
            "x": 0.5316367149353027,
            "y": 0.6106419563293457,
            "z": 0.1189100593328476
        },
        "20": {
            "x": 0.538982629776001,
            "y": 0.6151736378669739,
            "z": 0.1323823630809784
        }
    }
}