{
    "Щ": {
        "0": {
            "x": 0.3879026174545288,
            "y": 0.7366936802864075,
            "z": 3.0952318752497376e-07
        },
        "1": {
            "x": 0.4825502038002014,
            "y": 0.6700750589370728,
            "z": 0.005650974344462156
        },
        "2": {
            "x": 0.5037795305252075,
            "y": 0.569952666759491,
            "z": 0.030328355729579926
        },
        "3": {
            "x": 0.4906541407108307,
            "y": 0.5005646347999573,
            "z": 0.06581119447946548
        },
        "4": {
            "x": 0.4796885848045349,
            "y": 0.4632212221622467,
            "z": 0.10587283968925476
        },
        "5": {
            "x": 0.43712887167930603,
            "y": 0.45001348853111267,
            "z": -0.01778407394886017
        },
        "6": {
            "x": 0.45832982659339905,
            "y": 0.3072259724140167,
            "z": -0.012112253345549107
        },
        "7": {
            "x": 0.4689455032348633,
            "y": 0.22643646597862244,
            "z": -0.0018544725608080626
        },
        "8": {
            "x": 0.47540104389190674,
            "y": 0.1693059802055359,
            "z": 0.008557191118597984
        },
        "9": {
            "x": 0.3841935694217682,
            "y": 0.44657647609710693,
            "z": -0.0067234765738248825
        },
        "10": {
            "x": 0.3953789174556732,
            "y": 0.27532052993774414,
            "z": -0.007871457375586033
        },
        "11": {
            "x": 0.40701091289520264,
            "y": 0.18793925642967224,
            "z": 0.0013853572309017181
        },
        "12": {
            "x": 0.4139305651187897,
            "y": 0.12281692028045654,
            "z": 0.012639478780329227
        },
        "13": {
            "x": 0.34405481815338135,
            "y": 0.4536014795303345,
            "z": 0.007825687527656555
        },
        "14": {
            "x": 0.35103949904441833,
            "y": 0.2926770746707916,
            "z": 0.0055403197184205055
        },
        "15": {
            "x": 0.3658691346645355,
            "y": 0.2115231305360794,
            "z": 0.002195719163864851
        },
        "16": {
            "x": 0.3787531554698944,
            "y": 0.14562472701072693,
            "z": 0.004558113869279623
        },
        "17": {
            "x": 0.3243277966976166,
            "y": 0.47954776883125305,
            "z": 0.025465844199061394
        },
        "18": {
            "x": 0.3407168984413147,
            "y": 0.35475462675094604,
            "z": 0.0326022133231163
        },
        "19": {
            "x": 0.36745497584342957,
            "y": 0.3065478503704071,
            "z": 0.03762558102607727
        },
        "20": {
            "x": 0.38962432742118835,
            "y": 0.28682801127433777,
            "z": 0.04356365650892258
        }
    }
}