{
    "Щ": {
        "0": {
            "x": 0.2503316104412079,
            "y": 0.8321853876113892,
            "z": 4.474630657114176e-07
        },
        "1": {
            "x": 0.20202845335006714,
            "y": 0.7501353621482849,
            "z": 0.00986490398645401
        },
        "2": {
            "x": 0.21713759005069733,
            "y": 0.6521487832069397,
            "z": 0.00209839572198689
        },
        "3": {
            "x": 0.2604368031024933,
            "y": 0.5892832279205322,
            "z": -0.0005179641884751618
        },
        "4": {
            "x": 0.2958816587924957,
            "y": 0.5544434189796448,
            "z": -0.004761113319545984
        },
        "5": {
            "x": 0.1925448179244995,
            "y": 0.624611496925354,
            "z": -0.06893584877252579
        },
        "6": {
            "x": 0.1990068405866623,
            "y": 0.4870823621749878,
            "z": -0.091604083776474
        },
        "7": {
            "x": 0.2076345533132553,
            "y": 0.40006548166275024,
            "z": -0.10022085905075073
        },
        "8": {
            "x": 0.2142322063446045,
            "y": 0.33432334661483765,
            "z": -0.10366591066122055
        },
        "9": {
            "x": 0.23730643093585968,
            "y": 0.6489759683609009,
            "z": -0.08019287884235382
        },
        "10": {
            "x": 0.27527308464050293,
            "y": 0.48536938428878784,
            "z": -0.10440259426832199
        },
        "11": {
            "x": 0.2991410195827484,
            "y": 0.39162594079971313,
            "z": -0.11107926070690155
        },
        "12": {
            "x": 0.3125152587890625,
            "y": 0.32658106088638306,
            "z": -0.11385568976402283
        },
        "13": {
            "x": 0.28697383403778076,
            "y": 0.6728653311729431,
            "z": -0.08419227600097656
        },
        "14": {
            "x": 0.348198801279068,
            "y": 0.5295038223266602,
            "z": -0.10673226416110992
        },
        "15": {
            "x": 0.37739768624305725,
            "y": 0.4490219056606293,
            "z": -0.11408398300409317
        },
        "16": {
            "x": 0.39707669615745544,
            "y": 0.39628124237060547,
            "z": -0.116750068962574
        },
        "17": {
            "x": 0.3320273160934448,
            "y": 0.7003048658370972,
            "z": -0.08319225907325745
        },
        "18": {
            "x": 0.353473961353302,
            "y": 0.6233987808227539,
            "z": -0.08830966055393219
        },
        "19": {
            "x": 0.3351040780544281,
            "y": 0.6487555503845215,
            "z": -0.07455480098724365
        },
        "20": {
            "x": 0.32275286316871643,
            "y": 0.6836904883384705,
            "z": -0.06416994333267212
        }
    }
}