{
    "Щ": {
        "0": {
            "x": 0.30683842301368713,
            "y": 0.8191916346549988,
            "z": 6.067855906621844e-07
        },
        "1": {
            "x": 0.2769319713115692,
            "y": 0.7102736234664917,
            "z": 0.009544978849589825
        },
        "2": {
            "x": 0.3003511130809784,
            "y": 0.6068238615989685,
            "z": 0.003775714198127389
        },
        "3": {
            "x": 0.3563469648361206,
            "y": 0.5670984387397766,
            "z": -0.0015664957463741302
        },
        "4": {
            "x": 0.39837154746055603,
            "y": 0.5537348389625549,
            "z": -0.009295894764363766
        },
        "5": {
            "x": 0.27096280455589294,
            "y": 0.5770921111106873,
            "z": -0.035869404673576355
        },
        "6": {
            "x": 0.2735958993434906,
            "y": 0.44452083110809326,
            "z": -0.04959820955991745
        },
        "7": {
            "x": 0.2819114327430725,
            "y": 0.3615012764930725,
            "z": -0.05607161298394203
        },
        "8": {
            "x": 0.2885564863681793,
            "y": 0.2979779541492462,
            "z": -0.06074409559369087
        },
        "9": {
            "x": 0.31680744886398315,
            "y": 0.5913776159286499,
            "z": -0.05371134728193283
        },
        "10": {
            "x": 0.3519989252090454,
            "y": 0.44638603925704956,
            "z": -0.06565582752227783
        },
        "11": {
            "x": 0.3735314905643463,
            "y": 0.3595123291015625,
            "z": -0.07563098520040512
        },
        "12": {
            "x": 0.38652077317237854,
            "y": 0.2964201271533966,
            "z": -0.0834098756313324
        },
        "13": {
            "x": 0.3617815375328064,
            "y": 0.6177763342857361,
            "z": -0.06753338128328323
        },
        "14": {
            "x": 0.41126400232315063,
            "y": 0.4867435693740845,
            "z": -0.08426594734191895
        },
        "15": {
            "x": 0.4354041814804077,
            "y": 0.41418400406837463,
            "z": -0.10129961371421814
        },
        "16": {
            "x": 0.4511369466781616,
            "y": 0.36078914999961853,
            "z": -0.11433541774749756
        },
        "17": {
            "x": 0.4058460295200348,
            "y": 0.6528851985931396,
            "z": -0.07785680890083313
        },
        "18": {
            "x": 0.4147779047489166,
            "y": 0.5954970717430115,
            "z": -0.09054788947105408
        },
        "19": {
            "x": 0.39584916830062866,
            "y": 0.6205334663391113,
            "z": -0.08840819448232651
        },
        "20": {
            "x": 0.3819126784801483,
            "y": 0.6506097316741943,
            "z": -0.08720876276493073
        }
    }
}