{
    "Щ": {
        "0": {
            "x": 0.46435534954071045,
            "y": 0.7723673582077026,
            "z": 4.3619613165901683e-07
        },
        "1": {
            "x": 0.4160667061805725,
            "y": 0.6369352340698242,
            "z": 0.020968500524759293
        },
        "2": {
            "x": 0.43244966864585876,
            "y": 0.5228004455566406,
            "z": 0.02350366674363613
        },
        "3": {
            "x": 0.4850426912307739,
            "y": 0.48133713006973267,
            "z": 0.02373090200126171
        },
        "4": {
            "x": 0.5342735648155212,
            "y": 0.47691476345062256,
            "z": 0.020891837775707245
        },
        "5": {
            "x": 0.4230138659477234,
            "y": 0.4696180820465088,
            "z": -0.015072357840836048
        },
        "6": {
            "x": 0.43121519684791565,
            "y": 0.3280402421951294,
            "z": -0.01920834742486477
        },
        "7": {
            "x": 0.43535730242729187,
            "y": 0.24238330125808716,
            "z": -0.017940325662493706
        },
        "8": {
            "x": 0.438478946685791,
            "y": 0.17272856831550598,
            "z": -0.018236562609672546
        },
        "9": {
            "x": 0.48307180404663086,
            "y": 0.4744533598423004,
            "z": -0.03462803363800049
        },
        "10": {
            "x": 0.5150433778762817,
            "y": 0.3217177391052246,
            "z": -0.036833394318819046
        },
        "11": {
            "x": 0.531359851360321,
            "y": 0.22760659456253052,
            "z": -0.040250323712825775
        },
        "12": {
            "x": 0.543545126914978,
            "y": 0.15717533230781555,
            "z": -0.04321099445223808
        },
        "13": {
            "x": 0.5396698713302612,
            "y": 0.5025993585586548,
            "z": -0.049644626677036285
        },
        "14": {
            "x": 0.5840676426887512,
            "y": 0.38352659344673157,
            "z": -0.053732190281152725
        },
        "15": {
            "x": 0.6095077991485596,
            "y": 0.3000909090042114,
            "z": -0.0668068677186966
        },
        "16": {
            "x": 0.6312440037727356,
            "y": 0.2421073615550995,
            "z": -0.07841220498085022
        },
        "17": {
            "x": 0.5858332514762878,
            "y": 0.5503792762756348,
            "z": -0.06120068579912186
        },
        "18": {
            "x": 0.5795771479606628,
            "y": 0.5150948166847229,
            "z": -0.05875391513109207
        },
        "19": {
            "x": 0.5563653111457825,
            "y": 0.53932785987854,
            "z": -0.05132186785340309
        },
        "20": {
            "x": 0.5473335981369019,
            "y": 0.578315019607544,
            "z": -0.04757942631840706
        }
    }
}