{
    "ле": {
        "0": {
            "x": 0.18823257088661194,
            "y": 0.8896815776824951,
            "z": 2.012083513136531e-07
        },
        "1": {
            "x": 0.14255264401435852,
            "y": 0.7226620316505432,
            "z": 0.07454575598239899
        },
        "2": {
            "x": 0.15413686633110046,
            "y": 0.5859239101409912,
            "z": 0.10347460955381393
        },
        "3": {
            "x": 0.21150095760822296,
            "y": 0.5155835151672363,
            "z": 0.12304804474115372
        },
        "4": {
            "x": 0.2680240571498871,
            "y": 0.48553362488746643,
            "z": 0.13975784182548523
        },
        "5": {
            "x": 0.1499311625957489,
            "y": 0.5125670433044434,
            "z": 0.030552439391613007
        },
        "6": {
            "x": 0.17289523780345917,
            "y": 0.3216332793235779,
            "z": 0.03890104219317436
        },
        "7": {
            "x": 0.19158898293972015,
            "y": 0.22601225972175598,
            "z": 0.05704862251877785
        },
        "8": {
            "x": 0.20092225074768066,
            "y": 0.15148138999938965,
            "z": 0.07425384223461151
        },
        "9": {
            "x": 0.21894164383411407,
            "y": 0.5324674844741821,
            "z": -0.005154912360012531
        },
        "10": {
            "x": 0.24727122485637665,
            "y": 0.3180021643638611,
            "z": -0.013297309167683125
        },
        "11": {
            "x": 0.2632039487361908,
            "y": 0.2026926875114441,
            "z": 0.0013828789815306664
        },
        "12": {
            "x": 0.2687779664993286,
            "y": 0.1155346930027008,
            "z": 0.020910991355776787
        },
        "13": {
            "x": 0.2874748110771179,
            "y": 0.5723891854286194,
            "z": -0.031901050359010696
        },
        "14": {
            "x": 0.32512468099594116,
            "y": 0.375459223985672,
            "z": -0.04793516919016838
        },
        "15": {
            "x": 0.33918988704681396,
            "y": 0.27518126368522644,
            "z": -0.04331488162279129
        },
        "16": {
            "x": 0.3500146269798279,
            "y": 0.19582897424697876,
            "z": -0.02999451383948326
        },
        "17": {
            "x": 0.34856709837913513,
            "y": 0.6360535025596619,
            "z": -0.04721830412745476
        },
        "18": {
            "x": 0.353145956993103,
            "y": 0.490960955619812,
            "z": -0.023000216111540794
        },
        "19": {
            "x": 0.32630211114883423,
            "y": 0.5128110647201538,
            "z": 0.020103897899389267
        },
        "20": {
            "x": 0.31668683886528015,
            "y": 0.5652222037315369,
            "z": 0.05226370692253113
        }
    }
}