{
    "Щ": {
        "0": {
            "x": 0.5400100946426392,
            "y": 0.7901830673217773,
            "z": 5.773526368102466e-07
        },
        "1": {
            "x": 0.500737190246582,
            "y": 0.6807482242584229,
            "z": 0.007414820604026318
        },
        "2": {
            "x": 0.5078949928283691,
            "y": 0.5774465799331665,
            "z": -0.0007734000100754201
        },
        "3": {
            "x": 0.5460134148597717,
            "y": 0.5148385167121887,
            "z": -0.007847290486097336
        },
        "4": {
            "x": 0.5820958614349365,
            "y": 0.4772612154483795,
            "z": -0.017081450670957565
        },
        "5": {
            "x": 0.48630762100219727,
            "y": 0.5539183020591736,
            "z": -0.05179418995976448
        },
        "6": {
            "x": 0.4893600046634674,
            "y": 0.4231010973453522,
            "z": -0.07452420145273209
        },
        "7": {
            "x": 0.4963717758655548,
            "y": 0.3384730815887451,
            "z": -0.08591999113559723
        },
        "8": {
            "x": 0.5020431876182556,
            "y": 0.2724492847919464,
            "z": -0.09306653589010239
        },
        "9": {
            "x": 0.5344131588935852,
            "y": 0.5753663182258606,
            "z": -0.06911508738994598
        },
        "10": {
            "x": 0.5736777186393738,
            "y": 0.4230917990207672,
            "z": -0.08717258274555206
        },
        "11": {
            "x": 0.5988919734954834,
            "y": 0.3287273645401001,
            "z": -0.09814172983169556
        },
        "12": {
            "x": 0.615912914276123,
            "y": 0.2614820599555969,
            "z": -0.10668331384658813
        },
        "13": {
            "x": 0.5841207504272461,
            "y": 0.6048786044120789,
            "z": -0.08195463567972183
        },
        "14": {
            "x": 0.6299428343772888,
            "y": 0.4749780297279358,
            "z": -0.09970342367887497
        },
        "15": {
            "x": 0.6498219966888428,
            "y": 0.4019201397895813,
            "z": -0.11285356432199478
        },
        "16": {
            "x": 0.663374662399292,
            "y": 0.34913963079452515,
            "z": -0.12332360446453094
        },
        "17": {
            "x": 0.6300234794616699,
            "y": 0.639009416103363,
            "z": -0.09176161140203476
        },
        "18": {
            "x": 0.6311039328575134,
            "y": 0.5800186991691589,
            "z": -0.10230240970849991
        },
        "19": {
            "x": 0.6094337105751038,
            "y": 0.5869783759117126,
            "z": -0.09964097291231155
        },
        "20": {
            "x": 0.5955811142921448,
            "y": 0.5999669432640076,
            "z": -0.09825671464204788
        }
    }
}