{
    "Щ": {
        "0": {
            "x": 0.5279869437217712,
            "y": 0.7712545990943909,
            "z": 6.772611413907725e-07
        },
        "1": {
            "x": 0.4823141098022461,
            "y": 0.668480634689331,
            "z": 0.012850234284996986
        },
        "2": {
            "x": 0.48146265745162964,
            "y": 0.5703367590904236,
            "z": 0.006046141032129526
        },
        "3": {
            "x": 0.5133574604988098,
            "y": 0.5091866254806519,
            "z": 0.0014252925757318735
        },
        "4": {
            "x": 0.5430732369422913,
            "y": 0.4697803556919098,
            "z": -0.005496456287801266
        },
        "5": {
            "x": 0.4554106891155243,
            "y": 0.5478217601776123,
            "z": -0.05607930198311806
        },
        "6": {
            "x": 0.44756782054901123,
            "y": 0.40982186794281006,
            "z": -0.07595208287239075
        },
        "7": {
            "x": 0.44708243012428284,
            "y": 0.324761301279068,
            "z": -0.0828503668308258
        },
        "8": {
            "x": 0.44586077332496643,
            "y": 0.26123347878456116,
            "z": -0.08623690158128738
        },
        "9": {
            "x": 0.5047905445098877,
            "y": 0.5600593686103821,
            "z": -0.07457523792982101
        },
        "10": {
            "x": 0.5316446423530579,
            "y": 0.3943824768066406,
            "z": -0.09327984601259232
        },
        "11": {
            "x": 0.5465013384819031,
            "y": 0.30070361495018005,
            "z": -0.10053768008947372
        },
        "12": {
            "x": 0.554129421710968,
            "y": 0.23731037974357605,
            "z": -0.10406803339719772
        },
        "13": {
            "x": 0.5578213334083557,
            "y": 0.5857076644897461,
            "z": -0.0869394987821579
        },
        "14": {
            "x": 0.5977196097373962,
            "y": 0.44270527362823486,
            "z": -0.10585086792707443
        },
        "15": {
            "x": 0.6148114204406738,
            "y": 0.36261942982673645,
            "z": -0.11704222112894058
        },
        "16": {
            "x": 0.6274827718734741,
            "y": 0.30405721068382263,
            "z": -0.12470090389251709
        },
        "17": {
            "x": 0.6089584827423096,
            "y": 0.6218715310096741,
            "z": -0.09467556327581406
        },
        "18": {
            "x": 0.6110844016075134,
            "y": 0.5678253769874573,
            "z": -0.10538220405578613
        },
        "19": {
            "x": 0.5901596546173096,
            "y": 0.5876656770706177,
            "z": -0.09879756718873978
        },
        "20": {
            "x": 0.5792725086212158,
            "y": 0.6114795207977295,
            "z": -0.0933990478515625
        }
    }
}