{
    "В": {
        "0": {
            "x": 0.6843165159225464,
            "y": 0.8531044125556946,
            "z": 4.436290055309655e-07
        },
        "1": {
            "x": 0.755781888961792,
            "y": 0.8030749559402466,
            "z": -0.019930677488446236
        },
        "2": {
            "x": 0.7839864492416382,
            "y": 0.706227719783783,
            "z": -0.023375380784273148
        },
        "3": {
            "x": 0.7891800403594971,
            "y": 0.6280478835105896,
            "z": -0.0279581006616354
        },
        "4": {
            "x": 0.8045975565910339,
            "y": 0.5623781085014343,
            "z": -0.03285133093595505
        },
        "5": {
            "x": 0.741421639919281,
            "y": 0.5703286528587341,
            "z": 0.00038447152473963797
        },
        "6": {
            "x": 0.7597368359565735,
            "y": 0.46349287033081055,
            "z": -0.021038945764303207
        },
        "7": {
            "x": 0.7732318043708801,
            "y": 0.3923588991165161,
            "z": -0.04099418222904205
        },
        "8": {
            "x": 0.7830301523208618,
            "y": 0.3283420205116272,
            "z": -0.055722158402204514
        },
        "9": {
            "x": 0.713222324848175,
            "y": 0.5602390170097351,
            "z": -0.006701636593788862
        },
        "10": {
            "x": 0.7331159710884094,
            "y": 0.4397340714931488,
            "z": -0.026281962171196938
        },
        "11": {
            "x": 0.7486128807067871,
            "y": 0.3595065176486969,
            "z": -0.045703429728746414
        },
        "12": {
            "x": 0.7626748085021973,
            "y": 0.2850631773471832,
            "z": -0.05984438955783844
        },
        "13": {
            "x": 0.6850763559341431,
            "y": 0.569911777973175,
            "z": -0.019217556342482567
        },
        "14": {
            "x": 0.7013090252876282,
            "y": 0.45256945490837097,
            "z": -0.04157466068863869
        },
        "15": {
            "x": 0.7157778143882751,
            "y": 0.3727406859397888,
            "z": -0.05809174105525017
        },
        "16": {
            "x": 0.7300472855567932,
            "y": 0.30144158005714417,
            "z": -0.06834229826927185
        },
        "17": {
            "x": 0.6530394554138184,
            "y": 0.5961365699768066,
            "z": -0.034377165138721466
        },
        "18": {
            "x": 0.6618961095809937,
            "y": 0.5015022158622742,
            "z": -0.055803097784519196
        },
        "19": {
            "x": 0.6710361838340759,
            "y": 0.4350528120994568,
            "z": -0.06654712557792664
        },
        "20": {
            "x": 0.6827176809310913,
            "y": 0.3721127510070801,
            "z": -0.07314365357160568
        }
    }
}