{
    "В": {
        "0": {
            "x": 0.16112037003040314,
            "y": 0.803010880947113,
            "z": 4.999084239898366e-07
        },
        "1": {
            "x": 0.2544255554676056,
            "y": 0.7501760125160217,
            "z": -0.03252553939819336
        },
        "2": {
            "x": 0.31473565101623535,
            "y": 0.6554593443870544,
            "z": -0.04086894169449806
        },
        "3": {
            "x": 0.3341667056083679,
            "y": 0.5653023719787598,
            "z": -0.047936517745256424
        },
        "4": {
            "x": 0.34750115871429443,
            "y": 0.48671165108680725,
            "z": -0.05375974252820015
        },
        "5": {
            "x": 0.26906347274780273,
            "y": 0.489185094833374,
            "z": -0.004287431947886944
        },
        "6": {
            "x": 0.28281083703041077,
            "y": 0.36769646406173706,
            "z": -0.024971339851617813
        },
        "7": {
            "x": 0.2877010107040405,
            "y": 0.29071366786956787,
            "z": -0.04634400084614754
        },
        "8": {
            "x": 0.29009220004081726,
            "y": 0.222894549369812,
            "z": -0.06174750253558159
        },
        "9": {
            "x": 0.21779583394527435,
            "y": 0.47203999757766724,
            "z": -0.005500650964677334
        },
        "10": {
            "x": 0.23447370529174805,
            "y": 0.3401370644569397,
            "z": -0.0232382882386446
        },
        "11": {
            "x": 0.24405403435230255,
            "y": 0.2534537613391876,
            "z": -0.044300567358732224
        },
        "12": {
            "x": 0.2530919909477234,
            "y": 0.18018987774848938,
            "z": -0.059487078338861465
        },
        "13": {
            "x": 0.16892287135124207,
            "y": 0.47772371768951416,
            "z": -0.01291338074952364
        },
        "14": {
            "x": 0.18427370488643646,
            "y": 0.35175058245658875,
            "z": -0.031131185591220856
        },
        "15": {
            "x": 0.1980356127023697,
            "y": 0.2711261808872223,
            "z": -0.04730507731437683
        },
        "16": {
            "x": 0.2126983255147934,
            "y": 0.2030959129333496,
            "z": -0.05812107026576996
        },
        "17": {
            "x": 0.11774031072854996,
            "y": 0.5038300156593323,
            "z": -0.024356132373213768
        },
        "18": {
            "x": 0.12770390510559082,
            "y": 0.4032995104789734,
            "z": -0.041861943900585175
        },
        "19": {
            "x": 0.14145706593990326,
            "y": 0.3398424983024597,
            "z": -0.0499831922352314
        },
        "20": {
            "x": 0.1584404706954956,
            "y": 0.28221988677978516,
            "z": -0.0543895959854126
        }
    }
}