{
    "В": {
        "0": {
            "x": 0.15088529884815216,
            "y": 0.7804341912269592,
            "z": 5.812310632791196e-07
        },
        "1": {
            "x": 0.2454013079404831,
            "y": 0.7279067039489746,
            "z": -0.02895391918718815
        },
        "2": {
            "x": 0.31039348244667053,
            "y": 0.6306810975074768,
            "z": -0.03586656600236893
        },
        "3": {
            "x": 0.33017122745513916,
            "y": 0.5386425256729126,
            "z": -0.04183199629187584
        },
        "4": {
            "x": 0.34076476097106934,
            "y": 0.4606629014015198,
            "z": -0.04667964577674866
        },
        "5": {
            "x": 0.2630324363708496,
            "y": 0.4693107008934021,
            "z": -0.003948091994971037
        },
        "6": {
            "x": 0.2815343737602234,
            "y": 0.34329789876937866,
            "z": -0.024876022711396217
        },
        "7": {
            "x": 0.2892942428588867,
            "y": 0.2650485038757324,
            "z": -0.04554141312837601
        },
        "8": {
            "x": 0.2934105396270752,
            "y": 0.1966419517993927,
            "z": -0.0597057119011879
        },
        "9": {
            "x": 0.21137645840644836,
            "y": 0.450369656085968,
            "z": -0.006603206042200327
        },
        "10": {
            "x": 0.23251381516456604,
            "y": 0.31187355518341064,
            "z": -0.02454250305891037
        },
        "11": {
            "x": 0.2463878095149994,
            "y": 0.22303804755210876,
            "z": -0.04472225159406662
        },
        "12": {
            "x": 0.25839051604270935,
            "y": 0.1491568386554718,
            "z": -0.058615099638700485
        },
        "13": {
            "x": 0.16134203970432281,
            "y": 0.45208895206451416,
            "z": -0.014942391775548458
        },
        "14": {
            "x": 0.1792687177658081,
            "y": 0.32277631759643555,
            "z": -0.03258337453007698
        },
        "15": {
            "x": 0.1959453523159027,
            "y": 0.23971614241600037,
            "z": -0.047354452311992645
        },
        "16": {
            "x": 0.21297848224639893,
            "y": 0.1717502474784851,
            "z": -0.05661618709564209
        },
        "17": {
            "x": 0.10975975543260574,
            "y": 0.4725918769836426,
            "z": -0.027022618800401688
        },
        "18": {
            "x": 0.12385598570108414,
            "y": 0.36801525950431824,
            "z": -0.04309067502617836
        },
        "19": {
            "x": 0.1390775740146637,
            "y": 0.30158284306526184,
            "z": -0.04942169040441513
        },
        "20": {
            "x": 0.15644246339797974,
            "y": 0.24319908022880554,
            "z": -0.05208286643028259
        }
    }
}