{
    "В": {
        "0": {
            "x": 0.41200587153434753,
            "y": 0.8945825099945068,
            "z": 5.369113296183059e-07
        },
        "1": {
            "x": 0.4984644949436188,
            "y": 0.832672655582428,
            "z": -0.024583913385868073
        },
        "2": {
            "x": 0.5532748699188232,
            "y": 0.7389490604400635,
            "z": -0.035213276743888855
        },
        "3": {
            "x": 0.5825144648551941,
            "y": 0.6596285700798035,
            "z": -0.04712672531604767
        },
        "4": {
            "x": 0.6012664437294006,
            "y": 0.583501398563385,
            "z": -0.05914954096078873
        },
        "5": {
            "x": 0.5158869028091431,
            "y": 0.5715429186820984,
            "z": -0.002612724667415023
        },
        "6": {
            "x": 0.5359246134757996,
            "y": 0.4548666477203369,
            "z": -0.02938462235033512
        },
        "7": {
            "x": 0.556294322013855,
            "y": 0.3848632276058197,
            "z": -0.055105190724134445
        },
        "8": {
            "x": 0.5767880082130432,
            "y": 0.32188668847084045,
            "z": -0.07292799651622772
        },
        "9": {
            "x": 0.47233495116233826,
            "y": 0.5572450160980225,
            "z": -0.011064941994845867
        },
        "10": {
            "x": 0.49556174874305725,
            "y": 0.42838817834854126,
            "z": -0.03314482420682907
        },
        "11": {
            "x": 0.5196635127067566,
            "y": 0.34952107071876526,
            "z": -0.05471916124224663
        },
        "12": {
            "x": 0.5466887950897217,
            "y": 0.2802700400352478,
            "z": -0.07041461765766144
        },
        "13": {
            "x": 0.42760640382766724,
            "y": 0.5664854049682617,
            "z": -0.025938620790839195
        },
        "14": {
            "x": 0.4483702480792999,
            "y": 0.4404926896095276,
            "z": -0.048575617372989655
        },
        "15": {
            "x": 0.4732118248939514,
            "y": 0.36143743991851807,
            "z": -0.06354804337024689
        },
        "16": {
            "x": 0.502329409122467,
            "y": 0.29490527510643005,
            "z": -0.07310058176517487
        },
        "17": {
            "x": 0.3793957829475403,
            "y": 0.59576815366745,
            "z": -0.04437847062945366
        },
        "18": {
            "x": 0.39274829626083374,
            "y": 0.4902907907962799,
            "z": -0.06491487473249435
        },
        "19": {
            "x": 0.4124910235404968,
            "y": 0.424324631690979,
            "z": -0.07272765785455704
        },
        "20": {
            "x": 0.43699803948402405,
            "y": 0.3686186671257019,
            "z": -0.076868437230587
        }
    }
}