{
    "В": {
        "0": {
            "x": 0.12920120358467102,
            "y": 0.8504812717437744,
            "z": 5.03380306327017e-07
        },
        "1": {
            "x": 0.22018946707248688,
            "y": 0.7958629727363586,
            "z": -0.03472136706113815
        },
        "2": {
            "x": 0.28785669803619385,
            "y": 0.7065439224243164,
            "z": -0.04742280766367912
        },
        "3": {
            "x": 0.31526556611061096,
            "y": 0.6150984764099121,
            "z": -0.058908481150865555
        },
        "4": {
            "x": 0.32283085584640503,
            "y": 0.5306125283241272,
            "z": -0.0692560225725174
        },
        "5": {
            "x": 0.24687406420707703,
            "y": 0.5371626615524292,
            "z": -0.008024695329368114
        },
        "6": {
            "x": 0.26302504539489746,
            "y": 0.4188586473464966,
            "z": -0.03269115835428238
        },
        "7": {
            "x": 0.2687947154045105,
            "y": 0.3434784412384033,
            "z": -0.057429082691669464
        },
        "8": {
            "x": 0.27226167917251587,
            "y": 0.27546095848083496,
            "z": -0.07484842836856842
        },
        "9": {
            "x": 0.19589652121067047,
            "y": 0.5172068476676941,
            "z": -0.01050746813416481
        },
        "10": {
            "x": 0.2147420048713684,
            "y": 0.3870745599269867,
            "z": -0.03143169730901718
        },
        "11": {
            "x": 0.22763857245445251,
            "y": 0.30166298151016235,
            "z": -0.054245732724666595
        },
        "12": {
            "x": 0.23918883502483368,
            "y": 0.2278960645198822,
            "z": -0.07057424634695053
        },
        "13": {
            "x": 0.1459978222846985,
            "y": 0.5209284424781799,
            "z": -0.019507260993123055
        },
        "14": {
            "x": 0.1628841906785965,
            "y": 0.3966144919395447,
            "z": -0.03983842581510544
        },
        "15": {
            "x": 0.180362269282341,
            "y": 0.31638413667678833,
            "z": -0.055398039519786835
        },
        "16": {
            "x": 0.198344424366951,
            "y": 0.24887171387672424,
            "z": -0.06550346314907074
        },
        "17": {
            "x": 0.09421274065971375,
            "y": 0.5457132458686829,
            "z": -0.03292717784643173
        },
        "18": {
            "x": 0.10635161399841309,
            "y": 0.4444339871406555,
            "z": -0.05121258273720741
        },
        "19": {
            "x": 0.123077891767025,
            "y": 0.37996843457221985,
            "z": -0.05834013596177101
        },
        "20": {
            "x": 0.14228293299674988,
            "y": 0.3223515748977661,
            "z": -0.06188727170228958
        }
    }
}