{
    "В": {
        "0": {
            "x": 0.1720515936613083,
            "y": 0.741019606590271,
            "z": 5.849419721926097e-07
        },
        "1": {
            "x": 0.26834172010421753,
            "y": 0.6908934116363525,
            "z": -0.03585703298449516
        },
        "2": {
            "x": 0.33656346797943115,
            "y": 0.6072835922241211,
            "z": -0.04727547615766525
        },
        "3": {
            "x": 0.36450326442718506,
            "y": 0.5172433853149414,
            "z": -0.05743627995252609
        },
        "4": {
            "x": 0.3780161440372467,
            "y": 0.4348325729370117,
            "z": -0.06626276671886444
        },
        "5": {
            "x": 0.2917565703392029,
            "y": 0.43708959221839905,
            "z": -0.004743346478790045
        },
        "6": {
            "x": 0.3135087192058563,
            "y": 0.3138960897922516,
            "z": -0.028374135494232178
        },
        "7": {
            "x": 0.32433539628982544,
            "y": 0.23684167861938477,
            "z": -0.05227382108569145
        },
        "8": {
            "x": 0.33328405022621155,
            "y": 0.16795432567596436,
            "z": -0.0689987987279892
        },
        "9": {
            "x": 0.24150098860263824,
            "y": 0.4147486388683319,
            "z": -0.005176595412194729
        },
        "10": {
            "x": 0.26682722568511963,
            "y": 0.2809407114982605,
            "z": -0.02524399198591709
        },
        "11": {
            "x": 0.2828069031238556,
            "y": 0.1944427192211151,
            "z": -0.04794619604945183
        },
        "12": {
            "x": 0.2983570098876953,
            "y": 0.12244942784309387,
            "z": -0.06408330053091049
        },
        "13": {
            "x": 0.19228337705135345,
            "y": 0.4145410656929016,
            "z": -0.012496022507548332
        },
        "14": {
            "x": 0.21605198085308075,
            "y": 0.28728437423706055,
            "z": -0.0327472910284996
        },
        "15": {
            "x": 0.2352977842092514,
            "y": 0.20627674460411072,
            "z": -0.04922681301832199
        },
        "16": {
            "x": 0.2546203136444092,
            "y": 0.14035987854003906,
            "z": -0.05973029136657715
        },
        "17": {
            "x": 0.13991224765777588,
            "y": 0.43482252955436707,
            "z": -0.02420598268508911
        },
        "18": {
            "x": 0.15696215629577637,
            "y": 0.3341275453567505,
            "z": -0.04269023984670639
        },
        "19": {
            "x": 0.17320428788661957,
            "y": 0.2699289917945862,
            "z": -0.05060689523816109
        },
        "20": {
            "x": 0.1907142549753189,
            "y": 0.21228066086769104,
            "z": -0.05453282967209816
        }
    }
}