{
    "В": {
        "0": {
            "x": 0.3080286979675293,
            "y": 0.7557022571563721,
            "z": 5.292332616591011e-07
        },
        "1": {
            "x": 0.39132118225097656,
            "y": 0.7043323516845703,
            "z": -0.036913249641656876
        },
        "2": {
            "x": 0.4368748664855957,
            "y": 0.6179466247558594,
            "z": -0.04777928814291954
        },
        "3": {
            "x": 0.4452882707118988,
            "y": 0.5287337303161621,
            "z": -0.056726887822151184
        },
        "4": {
            "x": 0.4570714831352234,
            "y": 0.45340827107429504,
            "z": -0.06406275928020477
        },
        "5": {
            "x": 0.3863915205001831,
            "y": 0.47135311365127563,
            "z": -0.004566860385239124
        },
        "6": {
            "x": 0.39561671018600464,
            "y": 0.361083984375,
            "z": -0.02491357922554016
        },
        "7": {
            "x": 0.3975644111633301,
            "y": 0.2892516255378723,
            "z": -0.04597374424338341
        },
        "8": {
            "x": 0.39779484272003174,
            "y": 0.22420164942741394,
            "z": -0.06197170913219452
        },
        "9": {
            "x": 0.3409792482852936,
            "y": 0.45670342445373535,
            "z": -0.0030423111747950315
        },
        "10": {
            "x": 0.35310059785842896,
            "y": 0.33582571148872375,
            "z": -0.021481283009052277
        },
        "11": {
            "x": 0.3605521619319916,
            "y": 0.25569742918014526,
            "z": -0.04263138771057129
        },
        "12": {
            "x": 0.3682340979576111,
            "y": 0.18662536144256592,
            "z": -0.05809546262025833
        },
        "13": {
            "x": 0.29898789525032043,
            "y": 0.4625978171825409,
            "z": -0.008425891399383545
        },
        "14": {
            "x": 0.30892330408096313,
            "y": 0.34670576453208923,
            "z": -0.02877378836274147
        },
        "15": {
            "x": 0.3204873204231262,
            "y": 0.27212512493133545,
            "z": -0.04598291218280792
        },
        "16": {
            "x": 0.3336525857448578,
            "y": 0.20848888158798218,
            "z": -0.05705980211496353
        },
        "17": {
            "x": 0.25714486837387085,
            "y": 0.4869162142276764,
            "z": -0.018127597868442535
        },
        "18": {
            "x": 0.2615697681903839,
            "y": 0.3950035572052002,
            "z": -0.0374780036509037
        },
        "19": {
            "x": 0.27096760272979736,
            "y": 0.3351266384124756,
            "z": -0.04781440272927284
        },
        "20": {
            "x": 0.28379249572753906,
            "y": 0.27882808446884155,
            "z": -0.05402204394340515
        }
    }
}