{
    "В": {
        "0": {
            "x": 0.4047258496284485,
            "y": 0.8454917669296265,
            "z": 1.6786273704383348e-07
        },
        "1": {
            "x": 0.42805415391921997,
            "y": 0.7957561016082764,
            "z": 0.0282608475536108
        },
        "2": {
            "x": 0.414262592792511,
            "y": 0.7473264932632446,
            "z": 0.05051292106509209
        },
        "3": {
            "x": 0.4072542190551758,
            "y": 0.7134242057800293,
            "z": 0.06311533600091934
        },
        "4": {
            "x": 0.3999471664428711,
            "y": 0.6855803728103638,
            "z": 0.07457422465085983
        },
        "5": {
            "x": 0.3829575777053833,
            "y": 0.7023533582687378,
            "z": 0.07273762673139572
        },
        "6": {
            "x": 0.38197702169418335,
            "y": 0.6427567005157471,
            "z": 0.08705594390630722
        },
        "7": {
            "x": 0.3813808262348175,
            "y": 0.5992432832717896,
            "z": 0.08771870285272598
        },
        "8": {
            "x": 0.37851682305336,
            "y": 0.5621954202651978,
            "z": 0.08552835136651993
        },
        "9": {
            "x": 0.3737925887107849,
            "y": 0.6939346194267273,
            "z": 0.054123710840940475
        },
        "10": {
            "x": 0.37216252088546753,
            "y": 0.6294450163841248,
            "z": 0.06893850117921829
        },
        "11": {
            "x": 0.37045782804489136,
            "y": 0.5807563066482544,
            "z": 0.06477814167737961
        },
        "12": {
            "x": 0.3699702322483063,
            "y": 0.5394670963287354,
            "z": 0.058659445494413376
        },
        "13": {
            "x": 0.36644861102104187,
            "y": 0.691940188407898,
            "z": 0.03295832872390747
        },
        "14": {
            "x": 0.3660803437232971,
            "y": 0.6264551281929016,
            "z": 0.0440828837454319
        },
        "15": {
            "x": 0.3679299056529999,
            "y": 0.5796424150466919,
            "z": 0.03786540776491165
        },
        "16": {
            "x": 0.3690057694911957,
            "y": 0.5420835614204407,
            "z": 0.02995246648788452
        },
        "17": {
            "x": 0.36323729157447815,
            "y": 0.6916976571083069,
            "z": 0.012140325270593166
        },
        "18": {
            "x": 0.36400750279426575,
            "y": 0.6323632001876831,
            "z": 0.020394479855895042
        },
        "19": {
            "x": 0.36698058247566223,
            "y": 0.5938893556594849,
            "z": 0.020365934818983078
        },
        "20": {
            "x": 0.37147438526153564,
            "y": 0.5609248876571655,
            "z": 0.017317907884716988
        }
    }
}