{
    "В": {
        "0": {
            "x": 0.5838537812232971,
            "y": 0.8460929989814758,
            "z": 4.7672972414147807e-07
        },
        "1": {
            "x": 0.6529734134674072,
            "y": 0.7975168228149414,
            "z": -0.024325601756572723
        },
        "2": {
            "x": 0.6801636219024658,
            "y": 0.7012481093406677,
            "z": -0.02991648018360138
        },
        "3": {
            "x": 0.6889263987541199,
            "y": 0.6201406121253967,
            "z": -0.035469070076942444
        },
        "4": {
            "x": 0.7059620022773743,
            "y": 0.555595874786377,
            "z": -0.040679145604372025
        },
        "5": {
            "x": 0.6295859813690186,
            "y": 0.5621645450592041,
            "z": -0.00461793364956975
        },
        "6": {
            "x": 0.6446817517280579,
            "y": 0.45088616013526917,
            "z": -0.024824392050504684
        },
        "7": {
            "x": 0.6527359485626221,
            "y": 0.37934860587120056,
            "z": -0.04350565746426582
        },
        "8": {
            "x": 0.6576119661331177,
            "y": 0.31490159034729004,
            "z": -0.05744286999106407
        },
        "9": {
            "x": 0.5966550707817078,
            "y": 0.5503253936767578,
            "z": -0.008759632706642151
        },
        "10": {
            "x": 0.6112938523292542,
            "y": 0.4271630346775055,
            "z": -0.02693302184343338
        },
        "11": {
            "x": 0.6226171255111694,
            "y": 0.34633684158325195,
            "z": -0.04487200453877449
        },
        "12": {
            "x": 0.6332628726959229,
            "y": 0.27243176102638245,
            "z": -0.058134518563747406
        },
        "13": {
            "x": 0.5659598112106323,
            "y": 0.5600191950798035,
            "z": -0.018285410478711128
        },
        "14": {
            "x": 0.575034499168396,
            "y": 0.44152194261550903,
            "z": -0.038807544857263565
        },
        "15": {
            "x": 0.5856974124908447,
            "y": 0.3623775243759155,
            "z": -0.0545106902718544
        },
        "16": {
            "x": 0.5967563390731812,
            "y": 0.2931195795536041,
            "z": -0.06463794410228729
        },
        "17": {
            "x": 0.5343652963638306,
            "y": 0.5865651965141296,
            "z": -0.030838482081890106
        },
        "18": {
            "x": 0.5383707880973816,
            "y": 0.49376726150512695,
            "z": -0.05008326470851898
        },
        "19": {
            "x": 0.5453439354896545,
            "y": 0.4290294051170349,
            "z": -0.05992703512310982
        },
        "20": {
            "x": 0.5550214052200317,
            "y": 0.3687146008014679,
            "z": -0.06618265062570572
        }
    }
}