{
    "В": {
        "0": {
            "x": 0.7130459547042847,
            "y": 0.8236125707626343,
            "z": 2.570708375060349e-07
        },
        "1": {
            "x": 0.6451157331466675,
            "y": 0.8042755722999573,
            "z": -0.012801600620150566
        },
        "2": {
            "x": 0.6027413606643677,
            "y": 0.7423499822616577,
            "z": -0.015108355320990086
        },
        "3": {
            "x": 0.5871070623397827,
            "y": 0.6709001064300537,
            "z": -0.01721312664449215
        },
        "4": {
            "x": 0.5830309987068176,
            "y": 0.6175808906555176,
            "z": -0.01725625805556774
        },
        "5": {
            "x": 0.6199162006378174,
            "y": 0.6467162370681763,
            "z": 0.011742271482944489
        },
        "6": {
            "x": 0.5987958312034607,
            "y": 0.5707722902297974,
            "z": 0.0036326388362795115
        },
        "7": {
            "x": 0.589189887046814,
            "y": 0.5253580808639526,
            "z": -0.006628131028264761
        },
        "8": {
            "x": 0.583213746547699,
            "y": 0.48631006479263306,
            "z": -0.013748016208410263
        },
        "9": {
            "x": 0.6505192518234253,
            "y": 0.6269311308860779,
            "z": 0.010719682089984417
        },
        "10": {
            "x": 0.6250050663948059,
            "y": 0.5440815687179565,
            "z": 0.006694335490465164
        },
        "11": {
            "x": 0.6107626557350159,
            "y": 0.4942218065261841,
            "z": -0.0006522379699163139
        },
        "12": {
            "x": 0.5999619960784912,
            "y": 0.45164787769317627,
            "z": -0.005856058560311794
        },
        "13": {
            "x": 0.6805011034011841,
            "y": 0.6218581795692444,
            "z": 0.005960565060377121
        },
        "14": {
            "x": 0.6563703417778015,
            "y": 0.5462625026702881,
            "z": 0.001960874069482088
        },
        "15": {
            "x": 0.6423627138137817,
            "y": 0.5002349615097046,
            "z": 0.0002463220153003931
        },
        "16": {
            "x": 0.6323479413986206,
            "y": 0.464127779006958,
            "z": -0.0010471197310835123
        },
        "17": {
            "x": 0.7146681547164917,
            "y": 0.6265309453010559,
            "z": -0.0013291529612615705
        },
        "18": {
            "x": 0.6969591379165649,
            "y": 0.5691652297973633,
            "z": -0.0018332195468246937
        },
        "19": {
            "x": 0.6835252046585083,
            "y": 0.5350962281227112,
            "z": 0.0015706851845607162
        },
        "20": {
            "x": 0.6715055704116821,
            "y": 0.5074246525764465,
            "z": 0.004227572586387396
        }
    }
}