{
    "В": {
        "0": {
            "x": 0.72076815366745,
            "y": 0.8087467551231384,
            "z": 2.6658523211153806e-07
        },
        "1": {
            "x": 0.6450091004371643,
            "y": 0.7958629131317139,
            "z": -0.0022376510314643383
        },
        "2": {
            "x": 0.6007877588272095,
            "y": 0.7349643111228943,
            "z": 0.008307846263051033
        },
        "3": {
            "x": 0.5786458253860474,
            "y": 0.6669944524765015,
            "z": 0.020094042643904686
        },
        "4": {
            "x": 0.5778389573097229,
            "y": 0.6153720021247864,
            "z": 0.035190362483263016
        },
        "5": {
            "x": 0.6141933798789978,
            "y": 0.6449142694473267,
            "z": 0.042609136551618576
        },
        "6": {
            "x": 0.5892918109893799,
            "y": 0.5718244910240173,
            "z": 0.05809381604194641
        },
        "7": {
            "x": 0.5791980624198914,
            "y": 0.5339416861534119,
            "z": 0.06200563162565231
        },
        "8": {
            "x": 0.5720309615135193,
            "y": 0.5009580254554749,
            "z": 0.06397970765829086
        },
        "9": {
            "x": 0.6465467214584351,
            "y": 0.6212738752365112,
            "z": 0.04952239245176315
        },
        "10": {
            "x": 0.615559995174408,
            "y": 0.5438660979270935,
            "z": 0.06927001476287842
        },
        "11": {
            "x": 0.5995324850082397,
            "y": 0.5009930729866028,
            "z": 0.07445626705884933
        },
        "12": {
            "x": 0.5863900184631348,
            "y": 0.4676283001899719,
            "z": 0.07753558456897736
        },
        "13": {
            "x": 0.6750643253326416,
            "y": 0.6150275468826294,
            "z": 0.05361272022128105
        },
        "14": {
            "x": 0.6469303965568542,
            "y": 0.5479904413223267,
            "z": 0.07223159819841385
        },
        "15": {
            "x": 0.6309280395507812,
            "y": 0.5102114081382751,
            "z": 0.08077184110879898
        },
        "16": {
            "x": 0.6199318766593933,
            "y": 0.48112037777900696,
            "z": 0.08544695377349854
        },
        "17": {
            "x": 0.7074981331825256,
            "y": 0.6173291206359863,
            "z": 0.05589805543422699
        },
        "18": {
            "x": 0.6853400468826294,
            "y": 0.565352201461792,
            "z": 0.07710513472557068
        },
        "19": {
            "x": 0.6723604798316956,
            "y": 0.5367841720581055,
            "z": 0.09031100571155548
        },
        "20": {
            "x": 0.6607087254524231,
            "y": 0.5129709839820862,
            "z": 0.09887465834617615
        }
    }
}