{
    "В": {
        "0": {
            "x": 0.7195385694503784,
            "y": 0.8621190786361694,
            "z": 4.2049045134717744e-08
        },
        "1": {
            "x": 0.6783139109611511,
            "y": 0.8030266761779785,
            "z": 0.022797083482146263
        },
        "2": {
            "x": 0.6752722859382629,
            "y": 0.7386249899864197,
            "z": 0.03143836185336113
        },
        "3": {
            "x": 0.674135684967041,
            "y": 0.6905730366706848,
            "z": 0.032963089644908905
        },
        "4": {
            "x": 0.666435182094574,
            "y": 0.6488724946975708,
            "z": 0.03322757035493851
        },
        "5": {
            "x": 0.7091877460479736,
            "y": 0.6738216280937195,
            "z": 0.034217748790979385
        },
        "6": {
            "x": 0.6935991048812866,
            "y": 0.6019699573516846,
            "z": 0.029588695615530014
        },
        "7": {
            "x": 0.679500162601471,
            "y": 0.5496472716331482,
            "z": 0.021067053079605103
        },
        "8": {
            "x": 0.6700806021690369,
            "y": 0.5048770904541016,
            "z": 0.013681991957128048
        },
        "9": {
            "x": 0.7157439589500427,
            "y": 0.6712250113487244,
            "z": 0.014343430288136005
        },
        "10": {
            "x": 0.6941364407539368,
            "y": 0.5854716897010803,
            "z": 0.010647647082805634
        },
        "11": {
            "x": 0.6795614957809448,
            "y": 0.5270740985870361,
            "z": 0.0009041463490575552
        },
        "12": {
            "x": 0.6702845692634583,
            "y": 0.47769010066986084,
            "z": -0.008035477250814438
        },
        "13": {
            "x": 0.712673544883728,
            "y": 0.675064206123352,
            "z": -0.006238812115043402
        },
        "14": {
            "x": 0.6924797892570496,
            "y": 0.5885987281799316,
            "z": -0.010208798572421074
        },
        "15": {
            "x": 0.6784203052520752,
            "y": 0.5334979891777039,
            "z": -0.01720334403216839
        },
        "16": {
            "x": 0.6690791845321655,
            "y": 0.4876089096069336,
            "z": -0.02436835691332817
        },
        "17": {
            "x": 0.702165424823761,
            "y": 0.6809788942337036,
            "z": -0.02588600292801857
        },
        "18": {
            "x": 0.6897351741790771,
            "y": 0.61713707447052,
            "z": -0.02952749840915203
        },
        "19": {
            "x": 0.6803363561630249,
            "y": 0.5754401683807373,
            "z": -0.03282705694437027
        },
        "20": {
            "x": 0.6727863550186157,
            "y": 0.537697434425354,
            "z": -0.03693293780088425
        }
    }
}