{
    "В": {
        "0": {
            "x": 0.76568204164505,
            "y": 0.8463846445083618,
            "z": 3.233336940411391e-07
        },
        "1": {
            "x": 0.6925244331359863,
            "y": 0.8067071437835693,
            "z": -0.012817666865885258
        },
        "2": {
            "x": 0.6595098376274109,
            "y": 0.7303119897842407,
            "z": -0.007212526630610228
        },
        "3": {
            "x": 0.6552485227584839,
            "y": 0.6551033854484558,
            "z": -0.0012111790711060166
        },
        "4": {
            "x": 0.6565116047859192,
            "y": 0.599057137966156,
            "z": 0.007450699340552092
        },
        "5": {
            "x": 0.6879835724830627,
            "y": 0.643297016620636,
            "z": 0.03862397000193596
        },
        "6": {
            "x": 0.6740527749061584,
            "y": 0.5630627274513245,
            "z": 0.04408583790063858
        },
        "7": {
            "x": 0.6689244508743286,
            "y": 0.5166335701942444,
            "z": 0.03772609308362007
        },
        "8": {
            "x": 0.6656439304351807,
            "y": 0.47559720277786255,
            "z": 0.03144546225667
        },
        "9": {
            "x": 0.7211133241653442,
            "y": 0.6310797333717346,
            "z": 0.041373953223228455
        },
        "10": {
            "x": 0.704110860824585,
            "y": 0.5426413416862488,
            "z": 0.052190594375133514
        },
        "11": {
            "x": 0.69547438621521,
            "y": 0.49040019512176514,
            "z": 0.04633646085858345
        },
        "12": {
            "x": 0.6881507039070129,
            "y": 0.44700056314468384,
            "z": 0.039961349219083786
        },
        "13": {
            "x": 0.7493360638618469,
            "y": 0.6344737410545349,
            "z": 0.03882595896720886
        },
        "14": {
            "x": 0.7344488501548767,
            "y": 0.5541536211967468,
            "z": 0.04772075265645981
        },
        "15": {
            "x": 0.7255390882492065,
            "y": 0.5085833072662354,
            "z": 0.046871572732925415
        },
        "16": {
            "x": 0.719933032989502,
            "y": 0.4708769917488098,
            "z": 0.04355313628911972
        },
        "17": {
            "x": 0.7843115329742432,
            "y": 0.6473605036735535,
            "z": 0.032890304923057556
        },
        "18": {
            "x": 0.7723674178123474,
            "y": 0.5862201452255249,
            "z": 0.042848262935876846
        },
        "19": {
            "x": 0.7640240788459778,
            "y": 0.5517387390136719,
            "z": 0.04869197681546211
        },
        "20": {
            "x": 0.755904495716095,
            "y": 0.5198138356208801,
            "z": 0.05085045471787453
        }
    }
}