{
    "В": {
        "0": {
            "x": 0.2690449357032776,
            "y": 0.7098527550697327,
            "z": 5.573708676820388e-07
        },
        "1": {
            "x": 0.3487750291824341,
            "y": 0.6641021370887756,
            "z": -0.037485647946596146
        },
        "2": {
            "x": 0.3980426788330078,
            "y": 0.585170567035675,
            "z": -0.05049434304237366
        },
        "3": {
            "x": 0.4140770733356476,
            "y": 0.503235936164856,
            "z": -0.06121803820133209
        },
        "4": {
            "x": 0.4239293038845062,
            "y": 0.42973873019218445,
            "z": -0.07095318287611008
        },
        "5": {
            "x": 0.34559428691864014,
            "y": 0.44080692529678345,
            "z": -0.015079100616276264
        },
        "6": {
            "x": 0.3562837541103363,
            "y": 0.332478404045105,
            "z": -0.03878771886229515
        },
        "7": {
            "x": 0.3580232858657837,
            "y": 0.2608337998390198,
            "z": -0.06128041446208954
        },
        "8": {
            "x": 0.3579265773296356,
            "y": 0.1958693265914917,
            "z": -0.07744573801755905
        },
        "9": {
            "x": 0.3004913330078125,
            "y": 0.4247647225856781,
            "z": -0.013719158247113228
        },
        "10": {
            "x": 0.3131857216358185,
            "y": 0.3026570677757263,
            "z": -0.034569256007671356
        },
        "11": {
            "x": 0.32142210006713867,
            "y": 0.22133654356002808,
            "z": -0.056128643453121185
        },
        "12": {
            "x": 0.33017024397850037,
            "y": 0.15168586373329163,
            "z": -0.0714230015873909
        },
        "13": {
            "x": 0.25840631127357483,
            "y": 0.4297548532485962,
            "z": -0.018410027027130127
        },
        "14": {
            "x": 0.26794207096099854,
            "y": 0.3134923577308655,
            "z": -0.039789848029613495
        },
        "15": {
            "x": 0.27839168906211853,
            "y": 0.2369435727596283,
            "z": -0.05654340982437134
        },
        "16": {
            "x": 0.2902601957321167,
            "y": 0.17306563258171082,
            "z": -0.06710377335548401
        },
        "17": {
            "x": 0.21689695119857788,
            "y": 0.4534491300582886,
            "z": -0.027197053655982018
        },
        "18": {
            "x": 0.22305327653884888,
            "y": 0.3627130091190338,
            "z": -0.04652851074934006
        },
        "19": {
            "x": 0.2329729199409485,
            "y": 0.30357712507247925,
            "z": -0.05563255026936531
        },
        "20": {
            "x": 0.24546712636947632,
            "y": 0.25035935640335083,
            "z": -0.06070733442902565
        }
    }
}