{
    "В": {
        "0": {
            "x": 0.7506090402603149,
            "y": 0.8151184320449829,
            "z": 2.5140153070424276e-07
        },
        "1": {
            "x": 0.6877401471138,
            "y": 0.7976231575012207,
            "z": -0.01066761463880539
        },
        "2": {
            "x": 0.6502277851104736,
            "y": 0.7350144386291504,
            "z": -0.007723875809460878
        },
        "3": {
            "x": 0.6402642130851746,
            "y": 0.669248640537262,
            "z": -0.0041990880854427814
        },
        "4": {
            "x": 0.6373679637908936,
            "y": 0.6214059591293335,
            "z": 0.0012111543910577893
        },
        "5": {
            "x": 0.6714716553688049,
            "y": 0.651679515838623,
            "z": 0.02110631763935089
        },
        "6": {
            "x": 0.657185435295105,
            "y": 0.5845329165458679,
            "z": 0.023001840338110924
        },
        "7": {
            "x": 0.6511996984481812,
            "y": 0.5479739904403687,
            "z": 0.018641194328665733
        },
        "8": {
            "x": 0.647453784942627,
            "y": 0.5165693163871765,
            "z": 0.01483857911080122
        },
        "9": {
            "x": 0.7000794410705566,
            "y": 0.6375826597213745,
            "z": 0.02303455024957657
        },
        "10": {
            "x": 0.6831063032150269,
            "y": 0.5650691390037537,
            "z": 0.029221510514616966
        },
        "11": {
            "x": 0.6722461581230164,
            "y": 0.5238655805587769,
            "z": 0.025623664259910583
        },
        "12": {
            "x": 0.6649017930030823,
            "y": 0.4902278184890747,
            "z": 0.021877242252230644
        },
        "13": {
            "x": 0.7266713976860046,
            "y": 0.6371254920959473,
            "z": 0.021375952288508415
        },
        "14": {
            "x": 0.7110670208930969,
            "y": 0.5704860091209412,
            "z": 0.02622472122311592
        },
        "15": {
            "x": 0.7008630633354187,
            "y": 0.5336340665817261,
            "z": 0.025536619126796722
        },
        "16": {
            "x": 0.6933466792106628,
            "y": 0.5041704177856445,
            "z": 0.023468561470508575
        },
        "17": {
            "x": 0.7547044157981873,
            "y": 0.6451667547225952,
            "z": 0.017374388873577118
        },
        "18": {
            "x": 0.7426707148551941,
            "y": 0.5966333746910095,
            "z": 0.023029696196317673
        },
        "19": {
            "x": 0.7340804934501648,
            "y": 0.5691075921058655,
            "z": 0.02721240185201168
        },
        "20": {
            "x": 0.7264394164085388,
            "y": 0.5456851720809937,
            "z": 0.02934192307293415
        }
    }
}