{
    "В": {
        "0": {
            "x": 0.7380878925323486,
            "y": 0.831409752368927,
            "z": 2.3019890704745194e-07
        },
        "1": {
            "x": 0.678446888923645,
            "y": 0.7983619570732117,
            "z": -0.012868172489106655
        },
        "2": {
            "x": 0.6513805985450745,
            "y": 0.7267816066741943,
            "z": -0.011568579822778702
        },
        "3": {
            "x": 0.6508777737617493,
            "y": 0.6585835218429565,
            "z": -0.009891808964312077
        },
        "4": {
            "x": 0.6491544246673584,
            "y": 0.6091552376747131,
            "z": -0.006305167451500893
        },
        "5": {
            "x": 0.6803257465362549,
            "y": 0.6460884809494019,
            "z": 0.017862170934677124
        },
        "6": {
            "x": 0.6752788424491882,
            "y": 0.576532781124115,
            "z": 0.014691305346786976
        },
        "7": {
            "x": 0.6761203408241272,
            "y": 0.5374493598937988,
            "z": 0.006655620876699686
        },
        "8": {
            "x": 0.6782189011573792,
            "y": 0.5031129717826843,
            "z": 0.00015025211905594915
        },
        "9": {
            "x": 0.7110654711723328,
            "y": 0.6379966735839844,
            "z": 0.01768502965569496
        },
        "10": {
            "x": 0.7045252919197083,
            "y": 0.5612227916717529,
            "z": 0.01874183677136898
        },
        "11": {
            "x": 0.7019628882408142,
            "y": 0.5172326564788818,
            "z": 0.012308989651501179
        },
        "12": {
            "x": 0.7006154656410217,
            "y": 0.47848689556121826,
            "z": 0.006643563974648714
        },
        "13": {
            "x": 0.7377564311027527,
            "y": 0.6443338990211487,
            "z": 0.013408045284450054
        },
        "14": {
            "x": 0.7311767339706421,
            "y": 0.573544442653656,
            "z": 0.012488088570535183
        },
        "15": {
            "x": 0.7277728915214539,
            "y": 0.5339508652687073,
            "z": 0.010337629355490208
        },
        "16": {
            "x": 0.7257518768310547,
            "y": 0.4997749328613281,
            "z": 0.007621165364980698
        },
        "17": {
            "x": 0.7665717005729675,
            "y": 0.6608530282974243,
            "z": 0.006531968247145414
        },
        "18": {
            "x": 0.7611526250839233,
            "y": 0.6088679432868958,
            "z": 0.006710130721330643
        },
        "19": {
            "x": 0.7569145560264587,
            "y": 0.5783926248550415,
            "z": 0.009320794604718685
        },
        "20": {
            "x": 0.7530429363250732,
            "y": 0.5501454472541809,
            "z": 0.010608167387545109
        }
    }
}