{
    "В": {
        "0": {
            "x": 0.432992547750473,
            "y": 0.7897140979766846,
            "z": 2.0140201684171188e-07
        },
        "1": {
            "x": 0.48271462321281433,
            "y": 0.734656810760498,
            "z": 0.010035693645477295
        },
        "2": {
            "x": 0.48317113518714905,
            "y": 0.6550821661949158,
            "z": 0.017103850841522217
        },
        "3": {
            "x": 0.4785184860229492,
            "y": 0.6032747030258179,
            "z": 0.017951002344489098
        },
        "4": {
            "x": 0.4804745614528656,
            "y": 0.5600777864456177,
            "z": 0.018223950639367104
        },
        "5": {
            "x": 0.4526806175708771,
            "y": 0.5810137987136841,
            "z": 0.02419167198240757
        },
        "6": {
            "x": 0.467752605676651,
            "y": 0.5054613947868347,
            "z": 0.015142441727221012
        },
        "7": {
            "x": 0.47563815116882324,
            "y": 0.44670569896698,
            "z": 0.004079798236489296
        },
        "8": {
            "x": 0.47620588541030884,
            "y": 0.3980541229248047,
            "z": -0.005233569070696831
        },
        "9": {
            "x": 0.44247835874557495,
            "y": 0.5789198875427246,
            "z": 0.0073080407455563545
        },
        "10": {
            "x": 0.46177735924720764,
            "y": 0.49211305379867554,
            "z": -0.0018662872025743127
        },
        "11": {
            "x": 0.4700368344783783,
            "y": 0.43003833293914795,
            "z": -0.013165590353310108
        },
        "12": {
            "x": 0.4719465374946594,
            "y": 0.3752221465110779,
            "z": -0.02211005799472332
        },
        "13": {
            "x": 0.43500861525535583,
            "y": 0.5845956802368164,
            "z": -0.011953362263739109
        },
        "14": {
            "x": 0.4564931094646454,
            "y": 0.49704301357269287,
            "z": -0.02240764908492565
        },
        "15": {
            "x": 0.4658607244491577,
            "y": 0.436434268951416,
            "z": -0.0325627326965332
        },
        "16": {
            "x": 0.4679928421974182,
            "y": 0.387060284614563,
            "z": -0.03992414101958275
        },
        "17": {
            "x": 0.43237870931625366,
            "y": 0.5955482721328735,
            "z": -0.03157676011323929
        },
        "18": {
            "x": 0.452104389667511,
            "y": 0.5245407819747925,
            "z": -0.04075076803565025
        },
        "19": {
            "x": 0.4598279297351837,
            "y": 0.4751470685005188,
            "z": -0.04619044438004494
        },
        "20": {
            "x": 0.4638051986694336,
            "y": 0.4353146553039551,
            "z": -0.050553739070892334
        }
    }
}