{
    "В": {
        "0": {
            "x": 0.3572460114955902,
            "y": 0.76612788438797,
            "z": 2.3154605344188894e-07
        },
        "1": {
            "x": 0.40020087361335754,
            "y": 0.7099269032478333,
            "z": -0.0007696726243011653
        },
        "2": {
            "x": 0.39821872115135193,
            "y": 0.6351547837257385,
            "z": 0.002096933778375387
        },
        "3": {
            "x": 0.38565775752067566,
            "y": 0.5847942233085632,
            "z": 0.0002403889229753986
        },
        "4": {
            "x": 0.3841809630393982,
            "y": 0.5372477769851685,
            "z": -0.0013747618068009615
        },
        "5": {
            "x": 0.3709407448768616,
            "y": 0.553585946559906,
            "z": 0.023683950304985046
        },
        "6": {
            "x": 0.3717486560344696,
            "y": 0.4773620069026947,
            "z": 0.010730707086622715
        },
        "7": {
            "x": 0.3746178448200226,
            "y": 0.420587956905365,
            "z": -0.0036402507685124874
        },
        "8": {
            "x": 0.37479713559150696,
            "y": 0.37279850244522095,
            "z": -0.014655993320047855
        },
        "9": {
            "x": 0.3556935787200928,
            "y": 0.5483889579772949,
            "z": 0.010141128674149513
        },
        "10": {
            "x": 0.358428031206131,
            "y": 0.45888176560401917,
            "z": -0.0034999495837837458
        },
        "11": {
            "x": 0.3648799955844879,
            "y": 0.3978765904903412,
            "z": -0.018369130790233612
        },
        "12": {
            "x": 0.36961644887924194,
            "y": 0.3465219736099243,
            "z": -0.02864387072622776
        },
        "13": {
            "x": 0.3402525782585144,
            "y": 0.553653359413147,
            "z": -0.007729503326117992
        },
        "14": {
            "x": 0.3432072103023529,
            "y": 0.46105095744132996,
            "z": -0.02351326309144497
        },
        "15": {
            "x": 0.35219648480415344,
            "y": 0.4005812108516693,
            "z": -0.03615643084049225
        },
        "16": {
            "x": 0.35883238911628723,
            "y": 0.3505764603614807,
            "z": -0.04368370771408081
        },
        "17": {
            "x": 0.3250899314880371,
            "y": 0.5689054727554321,
            "z": -0.026757631450891495
        },
        "18": {
            "x": 0.32990679144859314,
            "y": 0.4935337007045746,
            "z": -0.04088888317346573
        },
        "19": {
            "x": 0.3374044895172119,
            "y": 0.44151270389556885,
            "z": -0.048702917993068695
        },
        "20": {
            "x": 0.3456382155418396,
            "y": 0.39660075306892395,
            "z": -0.05377401039004326
        }
    }
}