{
    "В": {
        "0": {
            "x": 0.5375648736953735,
            "y": 0.8226510286331177,
            "z": 4.924736458633561e-07
        },
        "1": {
            "x": 0.607150137424469,
            "y": 0.7758232951164246,
            "z": -0.02187969721853733
        },
        "2": {
            "x": 0.6395004391670227,
            "y": 0.6818685531616211,
            "z": -0.025927767157554626
        },
        "3": {
            "x": 0.6522692441940308,
            "y": 0.6025915145874023,
            "z": -0.030228231102228165
        },
        "4": {
            "x": 0.6676970720291138,
            "y": 0.541160523891449,
            "z": -0.034575894474983215
        },
        "5": {
            "x": 0.5890851020812988,
            "y": 0.5424173474311829,
            "z": -0.0030493370722979307
        },
        "6": {
            "x": 0.6030474901199341,
            "y": 0.4340149164199829,
            "z": -0.02174137718975544
        },
        "7": {
            "x": 0.6119073033332825,
            "y": 0.3631324768066406,
            "z": -0.03997701406478882
        },
        "8": {
            "x": 0.6174954175949097,
            "y": 0.2996324896812439,
            "z": -0.05393602326512337
        },
        "9": {
            "x": 0.554645836353302,
            "y": 0.5294018387794495,
            "z": -0.007817554287612438
        },
        "10": {
            "x": 0.5691425204277039,
            "y": 0.408064067363739,
            "z": -0.02421092614531517
        },
        "11": {
            "x": 0.5805177688598633,
            "y": 0.3274197578430176,
            "z": -0.041967399418354034
        },
        "12": {
            "x": 0.5898793935775757,
            "y": 0.2542467415332794,
            "z": -0.05568091571331024
        },
        "13": {
            "x": 0.5223786234855652,
            "y": 0.5388359427452087,
            "z": -0.017555218189954758
        },
        "14": {
            "x": 0.5318466424942017,
            "y": 0.4216546416282654,
            "z": -0.03623643517494202
        },
        "15": {
            "x": 0.5415909290313721,
            "y": 0.34404534101486206,
            "z": -0.05148252844810486
        },
        "16": {
            "x": 0.5503545999526978,
            "y": 0.2760407328605652,
            "z": -0.0620768778026104
        },
        "17": {
            "x": 0.4882195293903351,
            "y": 0.5667609572410583,
            "z": -0.030062180012464523
        },
        "18": {
            "x": 0.4921751022338867,
            "y": 0.4780133366584778,
            "z": -0.04800260812044144
        },
        "19": {
            "x": 0.4989743232727051,
            "y": 0.41660308837890625,
            "z": -0.05697786808013916
        },
        "20": {
            "x": 0.5072011947631836,
            "y": 0.35793477296829224,
            "z": -0.06316246837377548
        }
    }
}