{
    "В": {
        "0": {
            "x": 0.38374826312065125,
            "y": 0.7474714517593384,
            "z": 1.3451159475152963e-07
        },
        "1": {
            "x": 0.4194267988204956,
            "y": 0.698611319065094,
            "z": -0.0009391307248733938
        },
        "2": {
            "x": 0.4190433919429779,
            "y": 0.6306542158126831,
            "z": 0.0018322946270927787
        },
        "3": {
            "x": 0.4126691222190857,
            "y": 0.5837525725364685,
            "z": -8.146739128278568e-05
        },
        "4": {
            "x": 0.4093272387981415,
            "y": 0.5411368608474731,
            "z": -0.0017371011199429631
        },
        "5": {
            "x": 0.40190210938453674,
            "y": 0.5522186756134033,
            "z": 0.02420668862760067
        },
        "6": {
            "x": 0.40701720118522644,
            "y": 0.4804762601852417,
            "z": 0.013627611100673676
        },
        "7": {
            "x": 0.4082683324813843,
            "y": 0.42618662118911743,
            "z": 0.0001697185361990705
        },
        "8": {
            "x": 0.40450170636177063,
            "y": 0.3814440071582794,
            "z": -0.01022200658917427
        },
        "9": {
            "x": 0.3923628330230713,
            "y": 0.5469271540641785,
            "z": 0.012126673944294453
        },
        "10": {
            "x": 0.40158557891845703,
            "y": 0.46685200929641724,
            "z": 0.001609979197382927
        },
        "11": {
            "x": 0.40297168493270874,
            "y": 0.4128344655036926,
            "z": -0.011651766486465931
        },
        "12": {
            "x": 0.4003375470638275,
            "y": 0.3642696142196655,
            "z": -0.021144546568393707
        },
        "13": {
            "x": 0.38016918301582336,
            "y": 0.5469494462013245,
            "z": -0.003945238422602415
        },
        "14": {
            "x": 0.3897160291671753,
            "y": 0.467382550239563,
            "z": -0.015443922951817513
        },
        "15": {
            "x": 0.3924665153026581,
            "y": 0.41176286339759827,
            "z": -0.02536284737288952
        },
        "16": {
            "x": 0.39123648405075073,
            "y": 0.3648241460323334,
            "z": -0.03154178708791733
        },
        "17": {
            "x": 0.3661586344242096,
            "y": 0.5528577566146851,
            "z": -0.0216256994754076
        },
        "18": {
            "x": 0.3762342929840088,
            "y": 0.48504504561424255,
            "z": -0.030999649316072464
        },
        "19": {
            "x": 0.380449503660202,
            "y": 0.43827909231185913,
            "z": -0.035187896341085434
        },
        "20": {
            "x": 0.3828566372394562,
            "y": 0.39744341373443604,
            "z": -0.038030434399843216
        }
    }
}