{
    "В": {
        "0": {
            "x": 0.6608205437660217,
            "y": 0.6696856021881104,
            "z": 9.714488413692379e-08
        },
        "1": {
            "x": 0.6482856273651123,
            "y": 0.5943053364753723,
            "z": 0.02640894241631031
        },
        "2": {
            "x": 0.6505982279777527,
            "y": 0.5222296118736267,
            "z": 0.035157959908246994
        },
        "3": {
            "x": 0.65936279296875,
            "y": 0.4752260446548462,
            "z": 0.03622180595993996
        },
        "4": {
            "x": 0.6671895384788513,
            "y": 0.43949687480926514,
            "z": 0.036659859120845795
        },
        "5": {
            "x": 0.6486611366271973,
            "y": 0.49950337409973145,
            "z": 0.022215045988559723
        },
        "6": {
            "x": 0.6528333425521851,
            "y": 0.4101130962371826,
            "z": 0.015864726155996323
        },
        "7": {
            "x": 0.6508429646492004,
            "y": 0.3562435209751129,
            "z": 0.012806620448827744
        },
        "8": {
            "x": 0.6456771492958069,
            "y": 0.31287798285484314,
            "z": 0.011080302298069
        },
        "9": {
            "x": 0.6589866876602173,
            "y": 0.49232831597328186,
            "z": 0.0007916215108707547
        },
        "10": {
            "x": 0.6663917899131775,
            "y": 0.3920290768146515,
            "z": -0.007552176248282194
        },
        "11": {
            "x": 0.6655723452568054,
            "y": 0.3300861120223999,
            "z": -0.011674761772155762
        },
        "12": {
            "x": 0.6609246730804443,
            "y": 0.2805691361427307,
            "z": -0.013378229923546314
        },
        "13": {
            "x": 0.6753329038619995,
            "y": 0.49397012591362,
            "z": -0.019807208329439163
        },
        "14": {
            "x": 0.6831265091896057,
            "y": 0.39532989263534546,
            "z": -0.024600746110081673
        },
        "15": {
            "x": 0.681370198726654,
            "y": 0.33717137575149536,
            "z": -0.025136152282357216
        },
        "16": {
            "x": 0.6761050820350647,
            "y": 0.2888162136077881,
            "z": -0.02541290782392025
        },
        "17": {
            "x": 0.6992109417915344,
            "y": 0.503068208694458,
            "z": -0.03906645253300667
        },
        "18": {
            "x": 0.703778862953186,
            "y": 0.4274381399154663,
            "z": -0.04054800420999527
        },
        "19": {
            "x": 0.7014069557189941,
            "y": 0.3795929551124573,
            "z": -0.038425084203481674
        },
        "20": {
            "x": 0.6967920064926147,
            "y": 0.3388965427875519,
            "z": -0.03687640652060509
        }
    }
}