{
    "В": {
        "0": {
            "x": 0.285981148481369,
            "y": 0.6922263503074646,
            "z": 4.345640647329674e-08
        },
        "1": {
            "x": 0.3458608388900757,
            "y": 0.6294724941253662,
            "z": 0.03707892820239067
        },
        "2": {
            "x": 0.3595174551010132,
            "y": 0.5570310354232788,
            "z": 0.052326750010252
        },
        "3": {
            "x": 0.36444270610809326,
            "y": 0.5100191831588745,
            "z": 0.056262217462062836
        },
        "4": {
            "x": 0.3798888325691223,
            "y": 0.4736543297767639,
            "z": 0.0569516122341156
        },
        "5": {
            "x": 0.33044832944869995,
            "y": 0.46710458397865295,
            "z": 0.037672556936740875
        },
        "6": {
            "x": 0.359458327293396,
            "y": 0.39697134494781494,
            "z": 0.027920342981815338
        },
        "7": {
            "x": 0.37995272874832153,
            "y": 0.343818724155426,
            "z": 0.016240151599049568
        },
        "8": {
            "x": 0.3951101005077362,
            "y": 0.29730498790740967,
            "z": 0.004230475518852472
        },
        "9": {
            "x": 0.3198305368423462,
            "y": 0.46834391355514526,
            "z": 0.0034350177738815546
        },
        "10": {
            "x": 0.35598140954971313,
            "y": 0.3787454068660736,
            "z": -0.011991392821073532
        },
        "11": {
            "x": 0.3808762729167938,
            "y": 0.32030877470970154,
            "z": -0.02760334126651287
        },
        "12": {
            "x": 0.39855077862739563,
            "y": 0.2658610939979553,
            "z": -0.04083037003874779
        },
        "13": {
            "x": 0.31158050894737244,
            "y": 0.4822017550468445,
            "z": -0.031030859798192978
        },
        "14": {
            "x": 0.34846609830856323,
            "y": 0.39389297366142273,
            "z": -0.04837772622704506
        },
        "15": {
            "x": 0.37088894844055176,
            "y": 0.3383585810661316,
            "z": -0.06158290430903435
        },
        "16": {
            "x": 0.38537853956222534,
            "y": 0.2852160334587097,
            "z": -0.07296709716320038
        },
        "17": {
            "x": 0.31029921770095825,
            "y": 0.5047083497047424,
            "z": -0.06304357945919037
        },
        "18": {
            "x": 0.33921438455581665,
            "y": 0.43823516368865967,
            "z": -0.08419039845466614
        },
        "19": {
            "x": 0.35626134276390076,
            "y": 0.39195138216018677,
            "z": -0.09781812876462936
        },
        "20": {
            "x": 0.369882732629776,
            "y": 0.35018113255500793,
            "z": -0.10917654633522034
        }
    }
}