{
    "В": {
        "0": {
            "x": 0.38782569766044617,
            "y": 0.7669496536254883,
            "z": 4.2493965679568646e-07
        },
        "1": {
            "x": 0.4481264352798462,
            "y": 0.7002484202384949,
            "z": 0.007155806757509708
        },
        "2": {
            "x": 0.4526877999305725,
            "y": 0.6242386698722839,
            "z": 0.008855972439050674
        },
        "3": {
            "x": 0.4526512622833252,
            "y": 0.5750858783721924,
            "z": 0.005083857569843531
        },
        "4": {
            "x": 0.4604226052761078,
            "y": 0.5313109159469604,
            "z": 0.0007175405044108629
        },
        "5": {
            "x": 0.4000895321369171,
            "y": 0.5443059206008911,
            "z": 0.010533010587096214
        },
        "6": {
            "x": 0.43358689546585083,
            "y": 0.4699866771697998,
            "z": -0.005791518837213516
        },
        "7": {
            "x": 0.4541061818599701,
            "y": 0.408336341381073,
            "z": -0.02236892841756344
        },
        "8": {
            "x": 0.4658798575401306,
            "y": 0.35530614852905273,
            "z": -0.03519973158836365
        },
        "9": {
            "x": 0.3935810923576355,
            "y": 0.5490025877952576,
            "z": -0.006542084272950888
        },
        "10": {
            "x": 0.4337145686149597,
            "y": 0.4589494466781616,
            "z": -0.02095581218600273
        },
        "11": {
            "x": 0.45618441700935364,
            "y": 0.38899004459381104,
            "z": -0.03556026145815849
        },
        "12": {
            "x": 0.47054019570350647,
            "y": 0.3217124938964844,
            "z": -0.04706504940986633
        },
        "13": {
            "x": 0.39643198251724243,
            "y": 0.5646640658378601,
            "z": -0.02511480264365673
        },
        "14": {
            "x": 0.43569624423980713,
            "y": 0.4832249581813812,
            "z": -0.03902023658156395
        },
        "15": {
            "x": 0.45534956455230713,
            "y": 0.425892174243927,
            "z": -0.04784354567527771
        },
        "16": {
            "x": 0.4656735062599182,
            "y": 0.3734114170074463,
            "z": -0.054270416498184204
        },
        "17": {
            "x": 0.40825656056404114,
            "y": 0.5880929231643677,
            "z": -0.044260136783123016
        },
        "18": {
            "x": 0.4355422556400299,
            "y": 0.5306744575500488,
            "z": -0.05430557578802109
        },
        "19": {
            "x": 0.44831839203834534,
            "y": 0.488936185836792,
            "z": -0.05694805458188057
        },
        "20": {
            "x": 0.4574044644832611,
            "y": 0.45208799839019775,
            "z": -0.059095725417137146
        }
    }
}