{
    "В": {
        "0": {
            "x": 0.4222850799560547,
            "y": 0.8551207184791565,
            "z": 3.524181693137507e-07
        },
        "1": {
            "x": 0.47429993748664856,
            "y": 0.7998669743537903,
            "z": 0.010161359794437885
        },
        "2": {
            "x": 0.474439412355423,
            "y": 0.736893892288208,
            "z": 0.012916543520987034
        },
        "3": {
            "x": 0.47364541888237,
            "y": 0.6971694231033325,
            "z": 0.009859644807875156
        },
        "4": {
            "x": 0.48083212971687317,
            "y": 0.6613503694534302,
            "z": 0.006233364809304476
        },
        "5": {
            "x": 0.42202499508857727,
            "y": 0.6613686680793762,
            "z": 0.015279673971235752
        },
        "6": {
            "x": 0.4561333656311035,
            "y": 0.5906392931938171,
            "z": 0.00517302518710494
        },
        "7": {
            "x": 0.47364750504493713,
            "y": 0.5376091003417969,
            "z": -0.005757644772529602
        },
        "8": {
            "x": 0.4810314476490021,
            "y": 0.4930400848388672,
            "z": -0.014317873865365982
        },
        "9": {
            "x": 0.41508832573890686,
            "y": 0.6626392006874084,
            "z": -0.0003827158943749964
        },
        "10": {
            "x": 0.4547138512134552,
            "y": 0.5772793292999268,
            "z": -0.008815222419798374
        },
        "11": {
            "x": 0.47121381759643555,
            "y": 0.5207609534263611,
            "z": -0.017452917993068695
        },
        "12": {
            "x": 0.4779496490955353,
            "y": 0.47020965814590454,
            "z": -0.02479967102408409
        },
        "13": {
            "x": 0.4200242757797241,
            "y": 0.6708505153656006,
            "z": -0.017462799325585365
        },
        "14": {
            "x": 0.45993807911872864,
            "y": 0.5832775831222534,
            "z": -0.025533845648169518
        },
        "15": {
            "x": 0.47696876525878906,
            "y": 0.5284266471862793,
            "z": -0.03251974657177925
        },
        "16": {
            "x": 0.48367854952812195,
            "y": 0.48439860343933105,
            "z": -0.03798399120569229
        },
        "17": {
            "x": 0.4359649419784546,
            "y": 0.682570219039917,
            "z": -0.03485316038131714
        },
        "18": {
            "x": 0.4667441248893738,
            "y": 0.6106863021850586,
            "z": -0.04031629487872124
        },
        "19": {
            "x": 0.4801793098449707,
            "y": 0.5654239654541016,
            "z": -0.04298301041126251
        },
        "20": {
            "x": 0.4878212511539459,
            "y": 0.528071939945221,
            "z": -0.045590780675411224
        }
    }
}