{
    "В": {
        "0": {
            "x": 0.4140015244483948,
            "y": 0.8524736166000366,
            "z": 3.2137413086275046e-07
        },
        "1": {
            "x": 0.4563418924808502,
            "y": 0.7790617346763611,
            "z": 0.015538397245109081
        },
        "2": {
            "x": 0.45527181029319763,
            "y": 0.7070945501327515,
            "z": 0.01986621506512165
        },
        "3": {
            "x": 0.4560719132423401,
            "y": 0.658836305141449,
            "z": 0.018188202753663063
        },
        "4": {
            "x": 0.46108096837997437,
            "y": 0.6189706921577454,
            "z": 0.015480348840355873
        },
        "5": {
            "x": 0.40760380029678345,
            "y": 0.6612732410430908,
            "z": 0.009256287477910519
        },
        "6": {
            "x": 0.43903234601020813,
            "y": 0.5794898271560669,
            "z": -0.0015276569174602628
        },
        "7": {
            "x": 0.45224830508232117,
            "y": 0.5228714346885681,
            "z": -0.010635585524141788
        },
        "8": {
            "x": 0.4565843641757965,
            "y": 0.4774016737937927,
            "z": -0.01772490330040455
        },
        "9": {
            "x": 0.4035509526729584,
            "y": 0.6674468517303467,
            "z": -0.008438237011432648
        },
        "10": {
            "x": 0.44050148129463196,
            "y": 0.5705088376998901,
            "z": -0.018697844818234444
        },
        "11": {
            "x": 0.4543752074241638,
            "y": 0.5096533298492432,
            "z": -0.027105135843157768
        },
        "12": {
            "x": 0.4588344097137451,
            "y": 0.45783740282058716,
            "z": -0.03363220393657684
        },
        "13": {
            "x": 0.4132486581802368,
            "y": 0.6796287298202515,
            "z": -0.026026716455817223
        },
        "14": {
            "x": 0.4504161477088928,
            "y": 0.5823299884796143,
            "z": -0.03480641916394234
        },
        "15": {
            "x": 0.4657835364341736,
            "y": 0.5229732990264893,
            "z": -0.0416812039911747
        },
        "16": {
            "x": 0.47116315364837646,
            "y": 0.4756819009780884,
            "z": -0.04695691913366318
        },
        "17": {
            "x": 0.43502312898635864,
            "y": 0.6952086091041565,
            "z": -0.042910393327474594
        },
        "18": {
            "x": 0.46217212080955505,
            "y": 0.6198309659957886,
            "z": -0.04885120689868927
        },
        "19": {
            "x": 0.4732773005962372,
            "y": 0.5726256370544434,
            "z": -0.051431119441986084
        },
        "20": {
            "x": 0.47948047518730164,
            "y": 0.5346873998641968,
            "z": -0.05379890277981758
        }
    }
}