{
    "В": {
        "0": {
            "x": 0.5348988771438599,
            "y": 0.698595404624939,
            "z": 4.5269567294781154e-07
        },
        "1": {
            "x": 0.6066803932189941,
            "y": 0.6697914600372314,
            "z": -0.025325218215584755
        },
        "2": {
            "x": 0.6477298140525818,
            "y": 0.5979803204536438,
            "z": -0.029128020629286766
        },
        "3": {
            "x": 0.6489898562431335,
            "y": 0.5225040912628174,
            "z": -0.03202510625123978
        },
        "4": {
            "x": 0.6607372760772705,
            "y": 0.46269217133522034,
            "z": -0.03430872783064842
        },
        "5": {
            "x": 0.6022515296936035,
            "y": 0.459922194480896,
            "z": 0.0024867476895451546
        },
        "6": {
            "x": 0.6194659471511841,
            "y": 0.36778706312179565,
            "z": -0.013211359269917011
        },
        "7": {
            "x": 0.6286049485206604,
            "y": 0.3051668107509613,
            "z": -0.029474154114723206
        },
        "8": {
            "x": 0.6340010166168213,
            "y": 0.24998700618743896,
            "z": -0.04133960232138634
        },
        "9": {
            "x": 0.5695627331733704,
            "y": 0.44382691383361816,
            "z": 0.0023231490049511194
        },
        "10": {
            "x": 0.5881086587905884,
            "y": 0.3418594002723694,
            "z": -0.011431857943534851
        },
        "11": {
            "x": 0.5990327596664429,
            "y": 0.2722126841545105,
            "z": -0.026918867602944374
        },
        "12": {
            "x": 0.6093232035636902,
            "y": 0.21100738644599915,
            "z": -0.037831224501132965
        },
        "13": {
            "x": 0.5394036769866943,
            "y": 0.4438081681728363,
            "z": -0.0033187647350132465
        },
        "14": {
            "x": 0.5529478192329407,
            "y": 0.344469279050827,
            "z": -0.019905230030417442
        },
        "15": {
            "x": 0.5636997818946838,
            "y": 0.27972567081451416,
            "z": -0.03184938430786133
        },
        "16": {
            "x": 0.5747483968734741,
            "y": 0.22375115752220154,
            "z": -0.03859897702932358
        },
        "17": {
            "x": 0.5046902894973755,
            "y": 0.46026355028152466,
            "z": -0.01209748350083828
        },
        "18": {
            "x": 0.5153390169143677,
            "y": 0.37970709800720215,
            "z": -0.027304384857416153
        },
        "19": {
            "x": 0.5262783765792847,
            "y": 0.3273942470550537,
            "z": -0.03373636305332184
        },
        "20": {
            "x": 0.5390313863754272,
            "y": 0.27931785583496094,
            "z": -0.036823831498622894
        }
    }
}