{
    "Е": {
        "0": {
            "x": 0.5510841012001038,
            "y": 0.6042912006378174,
            "z": -2.062035520111749e-07
        },
        "1": {
            "x": 0.6362141370773315,
            "y": 0.4706529378890991,
            "z": 0.044346123933792114
        },
        "2": {
            "x": 0.6503018736839294,
            "y": 0.3497292697429657,
            "z": 0.05451572686433792
        },
        "3": {
            "x": 0.6797283291816711,
            "y": 0.25699174404144287,
            "z": 0.04499873146414757
        },
        "4": {
            "x": 0.7074724435806274,
            "y": 0.18636636435985565,
            "z": 0.03797058388590813
        },
        "5": {
            "x": 0.49668624997138977,
            "y": 0.2593175768852234,
            "z": 0.07227915525436401
        },
        "6": {
            "x": 0.5783992409706116,
            "y": 0.1253253072500229,
            "z": 0.057309914380311966
        },
        "7": {
            "x": 0.6478357911109924,
            "y": 0.14170166850090027,
            "z": 0.038763586431741714
        },
        "8": {
            "x": 0.6805195212364197,
            "y": 0.19342878460884094,
            "z": 0.030000925064086914
        },
        "9": {
            "x": 0.4876508116722107,
            "y": 0.2607988715171814,
            "z": 0.03525908663868904
        },
        "10": {
            "x": 0.5843667387962341,
            "y": 0.10087531805038452,
            "z": 0.029020780697464943
        },
        "11": {
            "x": 0.6539299488067627,
            "y": 0.13402217626571655,
            "z": 0.017900440841913223
        },
        "12": {
            "x": 0.6763922572135925,
            "y": 0.19280366599559784,
            "z": 0.012156376615166664
        },
        "13": {
            "x": 0.5073897242546082,
            "y": 0.26850834488868713,
            "z": -0.0032623098231852055
        },
        "14": {
            "x": 0.5958349704742432,
            "y": 0.09864194691181183,
            "z": -0.006486269645392895
        },
        "15": {
            "x": 0.6643552780151367,
            "y": 0.13245142996311188,
            "z": -0.0011839146027341485
        },
        "16": {
            "x": 0.6871113181114197,
            "y": 0.1956673562526703,
            "z": 0.004655331838876009
        },
        "17": {
            "x": 0.5505931973457336,
            "y": 0.2795838713645935,
            "z": -0.040631260722875595
        },
        "18": {
            "x": 0.6134119629859924,
            "y": 0.13280713558197021,
            "z": -0.03493758291006088
        },
        "19": {
            "x": 0.6718387007713318,
            "y": 0.14483530819416046,
            "z": -0.018744202330708504
        },
        "20": {
            "x": 0.7018048167228699,
            "y": 0.19510126113891602,
            "z": -0.006062779575586319
        }
    }
}