{
    "Е": {
        "0": {
            "x": 0.25615009665489197,
            "y": 0.8358814120292664,
            "z": 1.3767179041224153e-07
        },
        "1": {
            "x": 0.3233291506767273,
            "y": 0.7278627753257751,
            "z": 0.01185346208512783
        },
        "2": {
            "x": 0.355747252702713,
            "y": 0.6162226796150208,
            "z": 0.012699217535555363
        },
        "3": {
            "x": 0.3670733869075775,
            "y": 0.531161904335022,
            "z": 0.00027008907636627555
        },
        "4": {
            "x": 0.36811402440071106,
            "y": 0.45873987674713135,
            "z": -0.010097396560013294
        },
        "5": {
            "x": 0.2561870813369751,
            "y": 0.5194265842437744,
            "z": 0.05802145600318909
        },
        "6": {
            "x": 0.2678486704826355,
            "y": 0.4022465944290161,
            "z": 0.03256659954786301
        },
        "7": {
            "x": 0.32231029868125916,
            "y": 0.3973209261894226,
            "z": 0.004637736361473799
        },
        "8": {
            "x": 0.3583957850933075,
            "y": 0.42570582032203674,
            "z": -0.009529920294880867
        },
        "9": {
            "x": 0.23130953311920166,
            "y": 0.5237340331077576,
            "z": 0.03452117368578911
        },
        "10": {
            "x": 0.24922098219394684,
            "y": 0.3893686830997467,
            "z": 0.005526003427803516
        },
        "11": {
            "x": 0.3142756223678589,
            "y": 0.3906775712966919,
            "z": -0.023312600329518318
        },
        "12": {
            "x": 0.35480913519859314,
            "y": 0.4358478784561157,
            "z": -0.03569161519408226
        },
        "13": {
            "x": 0.2098824381828308,
            "y": 0.5342884659767151,
            "z": 0.005288529675453901
        },
        "14": {
            "x": 0.23224225640296936,
            "y": 0.39984816312789917,
            "z": -0.021787527948617935
        },
        "15": {
            "x": 0.3019362986087799,
            "y": 0.39930838346481323,
            "z": -0.036936067044734955
        },
        "16": {
            "x": 0.3465985059738159,
            "y": 0.4431213140487671,
            "z": -0.03837290778756142
        },
        "17": {
            "x": 0.19708611071109772,
            "y": 0.5555688738822937,
            "z": -0.02458849549293518
        },
        "18": {
            "x": 0.22841259837150574,
            "y": 0.44176343083381653,
            "z": -0.04327927529811859
        },
        "19": {
            "x": 0.2856874465942383,
            "y": 0.4186263084411621,
            "z": -0.04852711781859398
        },
        "20": {
            "x": 0.3287370800971985,
            "y": 0.43536096811294556,
            "z": -0.04648931324481964
        }
    }
}