{
    "Е": {
        "0": {
            "x": 0.5326231122016907,
            "y": 0.7190076112747192,
            "z": -1.0585932841422618e-07
        },
        "1": {
            "x": 0.6157376170158386,
            "y": 0.6087507009506226,
            "z": 0.02366100810468197
        },
        "2": {
            "x": 0.6443067789077759,
            "y": 0.505833625793457,
            "z": 0.024990402162075043
        },
        "3": {
            "x": 0.6717275381088257,
            "y": 0.43461179733276367,
            "z": 0.01324935257434845
        },
        "4": {
            "x": 0.6982670426368713,
            "y": 0.3755726218223572,
            "z": 0.0038038380444049835
        },
        "5": {
            "x": 0.5111036896705627,
            "y": 0.41906893253326416,
            "z": 0.0342264249920845
        },
        "6": {
            "x": 0.5865187048912048,
            "y": 0.2947580814361572,
            "z": 0.005868182051926851
        },
        "7": {
            "x": 0.6517960429191589,
            "y": 0.314131498336792,
            "z": -0.017414238303899765
        },
        "8": {
            "x": 0.6855302453041077,
            "y": 0.3615154027938843,
            "z": -0.027180150151252747
        },
        "9": {
            "x": 0.49226826429367065,
            "y": 0.4227293133735657,
            "z": 0.006630076561123133
        },
        "10": {
            "x": 0.5841268301010132,
            "y": 0.27601855993270874,
            "z": -0.017900953069329262
        },
        "11": {
            "x": 0.6535674929618835,
            "y": 0.30648595094680786,
            "z": -0.03159947693347931
        },
        "12": {
            "x": 0.6822407245635986,
            "y": 0.36342042684555054,
            "z": -0.03509601205587387
        },
        "13": {
            "x": 0.49824059009552,
            "y": 0.4338964521884918,
            "z": -0.02312762849032879
        },
        "14": {
            "x": 0.5839999318122864,
            "y": 0.2824885845184326,
            "z": -0.04501102864742279
        },
        "15": {
            "x": 0.6513237953186035,
            "y": 0.31305131316185,
            "z": -0.04295748099684715
        },
        "16": {
            "x": 0.6787209510803223,
            "y": 0.3689303398132324,
            "z": -0.034400761127471924
        },
        "17": {
            "x": 0.5252807140350342,
            "y": 0.4519738256931305,
            "z": -0.052167344838380814
        },
        "18": {
            "x": 0.5852333307266235,
            "y": 0.3224806487560272,
            "z": -0.06392960250377655
        },
        "19": {
            "x": 0.6372265219688416,
            "y": 0.32942378520965576,
            "z": -0.05485595762729645
        },
        "20": {
            "x": 0.664778470993042,
            "y": 0.36539003252983093,
            "z": -0.04350460320711136
        }
    }
}