{
    "Е": {
        "0": {
            "x": 0.2583464980125427,
            "y": 0.5901960134506226,
            "z": -2.885510674843772e-08
        },
        "1": {
            "x": 0.340545117855072,
            "y": 0.5058178901672363,
            "z": 0.02544225938618183
        },
        "2": {
            "x": 0.38508015871047974,
            "y": 0.4167535603046417,
            "z": 0.0354292131960392
        },
        "3": {
            "x": 0.4144151210784912,
            "y": 0.34607863426208496,
            "z": 0.028507521376013756
        },
        "4": {
            "x": 0.43173331022262573,
            "y": 0.2702595591545105,
            "z": 0.022820118814706802
        },
        "5": {
            "x": 0.30673569440841675,
            "y": 0.30709436535835266,
            "z": 0.08341430872678757
        },
        "6": {
            "x": 0.33862054347991943,
            "y": 0.19805362820625305,
            "z": 0.06399907916784286
        },
        "7": {
            "x": 0.38536685705184937,
            "y": 0.210161954164505,
            "z": 0.03894958645105362
        },
        "8": {
            "x": 0.4150210916996002,
            "y": 0.24848169088363647,
            "z": 0.027095463126897812
        },
        "9": {
            "x": 0.2822798788547516,
            "y": 0.29729902744293213,
            "z": 0.0536847859621048
        },
        "10": {
            "x": 0.3230477273464203,
            "y": 0.17586123943328857,
            "z": 0.027710869908332825
        },
        "11": {
            "x": 0.37824127078056335,
            "y": 0.20327092707157135,
            "z": -0.0008171499357558787
        },
        "12": {
            "x": 0.41025757789611816,
            "y": 0.2590499520301819,
            "z": -0.012078041210770607
        },
        "13": {
            "x": 0.2610832750797272,
            "y": 0.2966732680797577,
            "z": 0.018147600814700127
        },
        "14": {
            "x": 0.30416011810302734,
            "y": 0.16633190214633942,
            "z": -0.00880366563796997
        },
        "15": {
            "x": 0.3662227392196655,
            "y": 0.1979396492242813,
            "z": -0.023524783551692963
        },
        "16": {
            "x": 0.40091192722320557,
            "y": 0.25689634680747986,
            "z": -0.023465612903237343
        },
        "17": {
            "x": 0.2480442374944687,
            "y": 0.3075443208217621,
            "z": -0.01693592220544815
        },
        "18": {
            "x": 0.29149022698402405,
            "y": 0.190322607755661,
            "z": -0.0354502834379673
        },
        "19": {
            "x": 0.3456868529319763,
            "y": 0.1881365329027176,
            "z": -0.038616541773080826
        },
        "20": {
            "x": 0.3842361867427826,
            "y": 0.2187994420528412,
            "z": -0.03451179713010788
        }
    }
}