{
    "Е": {
        "0": {
            "x": 0.5668438076972961,
            "y": 0.577731192111969,
            "z": -2.055877956763652e-07
        },
        "1": {
            "x": 0.6574413180351257,
            "y": 0.4951632618904114,
            "z": 0.02419593185186386
        },
        "2": {
            "x": 0.6918574571609497,
            "y": 0.39523839950561523,
            "z": 0.029270246624946594
        },
        "3": {
            "x": 0.725502610206604,
            "y": 0.322711706161499,
            "z": 0.01959892548620701
        },
        "4": {
            "x": 0.7500717043876648,
            "y": 0.2572200894355774,
            "z": 0.013232721947133541
        },
        "5": {
            "x": 0.5611879229545593,
            "y": 0.28112947940826416,
            "z": 0.05748753622174263
        },
        "6": {
            "x": 0.6416584849357605,
            "y": 0.17915551364421844,
            "z": 0.034368135035037994
        },
        "7": {
            "x": 0.7003129720687866,
            "y": 0.2093161642551422,
            "z": 0.009693351574242115
        },
        "8": {
            "x": 0.7247887253761292,
            "y": 0.26925480365753174,
            "z": -0.0013809434603899717
        },
        "9": {
            "x": 0.547620952129364,
            "y": 0.27590200304985046,
            "z": 0.030829746276140213
        },
        "10": {
            "x": 0.6436343193054199,
            "y": 0.15747211873531342,
            "z": 0.013737275265157223
        },
        "11": {
            "x": 0.7070692777633667,
            "y": 0.19553408026695251,
            "z": -0.004488193895667791
        },
        "12": {
            "x": 0.7298096418380737,
            "y": 0.2569202184677124,
            "z": -0.012704955413937569
        },
        "13": {
            "x": 0.5579138994216919,
            "y": 0.282166063785553,
            "z": 0.0005313302972353995
        },
        "14": {
            "x": 0.6498528122901917,
            "y": 0.15413634479045868,
            "z": -0.01509750634431839
        },
        "15": {
            "x": 0.7146056294441223,
            "y": 0.19572004675865173,
            "z": -0.019075341522693634
        },
        "16": {
            "x": 0.738569974899292,
            "y": 0.258447527885437,
            "z": -0.01602187380194664
        },
        "17": {
            "x": 0.589927077293396,
            "y": 0.2959374189376831,
            "z": -0.029452303424477577
        },
        "18": {
            "x": 0.6596516370773315,
            "y": 0.18102695047855377,
            "z": -0.03445446491241455
        },
        "19": {
            "x": 0.7101694941520691,
            "y": 0.2074124813079834,
            "z": -0.026169661432504654
        },
        "20": {
            "x": 0.7340317964553833,
            "y": 0.2611455023288727,
            "z": -0.017105577513575554
        }
    }
}