{
    "Е": {
        "0": {
            "x": 0.4551311731338501,
            "y": 0.697365939617157,
            "z": 1.815479748756843e-07
        },
        "1": {
            "x": 0.5118688344955444,
            "y": 0.6692929863929749,
            "z": 0.012061129324138165
        },
        "2": {
            "x": 0.547670304775238,
            "y": 0.6296297907829285,
            "z": 0.018160780891776085
        },
        "3": {
            "x": 0.5799992084503174,
            "y": 0.5959559679031372,
            "z": 0.014486146159470081
        },
        "4": {
            "x": 0.5905080437660217,
            "y": 0.5499070286750793,
            "z": 0.011167188175022602
        },
        "5": {
            "x": 0.5061459541320801,
            "y": 0.551838755607605,
            "z": 0.059335656464099884
        },
        "6": {
            "x": 0.533383846282959,
            "y": 0.5105804204940796,
            "z": 0.052052535116672516
        },
        "7": {
            "x": 0.5599391460418701,
            "y": 0.5217160582542419,
            "z": 0.03606034815311432
        },
        "8": {
            "x": 0.5756424069404602,
            "y": 0.5426056385040283,
            "z": 0.026439394801855087
        },
        "9": {
            "x": 0.4954551160335541,
            "y": 0.5408939719200134,
            "z": 0.043622780591249466
        },
        "10": {
            "x": 0.5264500975608826,
            "y": 0.48676371574401855,
            "z": 0.032177671790122986
        },
        "11": {
            "x": 0.5598441362380981,
            "y": 0.50175940990448,
            "z": 0.01199042983353138
        },
        "12": {
            "x": 0.5783140659332275,
            "y": 0.5349273085594177,
            "z": 0.0011031104950234294
        },
        "13": {
            "x": 0.4820418059825897,
            "y": 0.5332644581794739,
            "z": 0.023552071303129196
        },
        "14": {
            "x": 0.5180878043174744,
            "y": 0.47940778732299805,
            "z": 0.010117764584720135
        },
        "15": {
            "x": 0.5544916987419128,
            "y": 0.5023152232170105,
            "z": -0.003643347416073084
        },
        "16": {
            "x": 0.5712433457374573,
            "y": 0.5412014126777649,
            "z": -0.008489872328937054
        },
        "17": {
            "x": 0.4709289073944092,
            "y": 0.5301386117935181,
            "z": 0.0031902228947728872
        },
        "18": {
            "x": 0.5082798600196838,
            "y": 0.4840995669364929,
            "z": -0.007444283924996853
        },
        "19": {
            "x": 0.5396550893783569,
            "y": 0.4982200860977173,
            "z": -0.012929033488035202
        },
        "20": {
            "x": 0.5587167143821716,
            "y": 0.5288503766059875,
            "z": -0.014067824929952621
        }
    }
}