{
    "Е": {
        "0": {
            "x": 0.3957849144935608,
            "y": 0.6784567832946777,
            "z": -3.89476113582532e-08
        },
        "1": {
            "x": 0.4364434480667114,
            "y": 0.5859763026237488,
            "z": 0.04439398646354675
        },
        "2": {
            "x": 0.4458982050418854,
            "y": 0.5273378491401672,
            "z": 0.05776917189359665
        },
        "3": {
            "x": 0.4619982838630676,
            "y": 0.48002704977989197,
            "z": 0.05686265602707863
        },
        "4": {
            "x": 0.46713876724243164,
            "y": 0.44273823499679565,
            "z": 0.05616892874240875
        },
        "5": {
            "x": 0.3345949053764343,
            "y": 0.49181997776031494,
            "z": 0.06139517202973366
        },
        "6": {
            "x": 0.3733948767185211,
            "y": 0.41150355339050293,
            "z": 0.05644848570227623
        },
        "7": {
            "x": 0.417143851518631,
            "y": 0.40872901678085327,
            "z": 0.04464572295546532
        },
        "8": {
            "x": 0.4486692547798157,
            "y": 0.4226641356945038,
            "z": 0.03760676831007004
        },
        "9": {
            "x": 0.32830801606178284,
            "y": 0.49937447905540466,
            "z": 0.031000137329101562
        },
        "10": {
            "x": 0.3762974441051483,
            "y": 0.4013827443122864,
            "z": 0.027335554361343384
        },
        "11": {
            "x": 0.42316028475761414,
            "y": 0.40263602137565613,
            "z": 0.01827671378850937
        },
        "12": {
            "x": 0.4557631015777588,
            "y": 0.42456454038619995,
            "z": 0.014048554934561253
        },
        "13": {
            "x": 0.3391021490097046,
            "y": 0.5053227543830872,
            "z": 0.0012083308538421988
        },
        "14": {
            "x": 0.38409850001335144,
            "y": 0.40904903411865234,
            "z": 0.0007135161431506276
        },
        "15": {
            "x": 0.4295293688774109,
            "y": 0.41004908084869385,
            "z": 0.003772015916183591
        },
        "16": {
            "x": 0.45802098512649536,
            "y": 0.43116989731788635,
            "z": 0.007778318133205175
        },
        "17": {
            "x": 0.3622398376464844,
            "y": 0.5083793997764587,
            "z": -0.026373034343123436
        },
        "18": {
            "x": 0.39508864283561707,
            "y": 0.43241071701049805,
            "z": -0.021678633987903595
        },
        "19": {
            "x": 0.425834983587265,
            "y": 0.42358654737472534,
            "z": -0.012830897234380245
        },
        "20": {
            "x": 0.45022112131118774,
            "y": 0.43042391538619995,
            "z": -0.005092592444270849
        }
    }
}