{
    "Е": {
        "0": {
            "x": 0.7091164588928223,
            "y": 0.6574864983558655,
            "z": -4.4660234266302723e-07
        },
        "1": {
            "x": 0.645050585269928,
            "y": 0.6217938661575317,
            "z": 0.033355917781591415
        },
        "2": {
            "x": 0.6091415882110596,
            "y": 0.5796064734458923,
            "z": 0.049000632017850876
        },
        "3": {
            "x": 0.5811255574226379,
            "y": 0.5422932505607605,
            "z": 0.04862551391124725
        },
        "4": {
            "x": 0.5720001459121704,
            "y": 0.4996003806591034,
            "z": 0.04712047055363655
        },
        "5": {
            "x": 0.6670243740081787,
            "y": 0.5029497742652893,
            "z": 0.09746376425027847
        },
        "6": {
            "x": 0.6410748362541199,
            "y": 0.45717763900756836,
            "z": 0.10199910402297974
        },
        "7": {
            "x": 0.6105419993400574,
            "y": 0.4661618173122406,
            "z": 0.09083481878042221
        },
        "8": {
            "x": 0.5912455916404724,
            "y": 0.48516836762428284,
            "z": 0.08137331902980804
        },
        "9": {
            "x": 0.6838579177856445,
            "y": 0.48766961693763733,
            "z": 0.06938271224498749
        },
        "10": {
            "x": 0.647733747959137,
            "y": 0.43322569131851196,
            "z": 0.068056620657444
        },
        "11": {
            "x": 0.6089134216308594,
            "y": 0.44929268956184387,
            "z": 0.045929212123155594
        },
        "12": {
            "x": 0.5888134241104126,
            "y": 0.4791216254234314,
            "z": 0.03103785775601864
        },
        "13": {
            "x": 0.6989668607711792,
            "y": 0.47844329476356506,
            "z": 0.037235744297504425
        },
        "14": {
            "x": 0.6594841480255127,
            "y": 0.4198276996612549,
            "z": 0.029358943924307823
        },
        "15": {
            "x": 0.6140666604042053,
            "y": 0.4425097703933716,
            "z": 0.012815906666219234
        },
        "16": {
            "x": 0.591528594493866,
            "y": 0.47779667377471924,
            "z": 0.0039004147984087467
        },
        "17": {
            "x": 0.7081212401390076,
            "y": 0.4753428101539612,
            "z": 0.006564177572727203
        },
        "18": {
            "x": 0.668723464012146,
            "y": 0.419956237077713,
            "z": 0.0015221807407215238
        },
        "19": {
            "x": 0.6281501054763794,
            "y": 0.43093347549438477,
            "z": -0.002809112425893545
        },
        "20": {
            "x": 0.6036849021911621,
            "y": 0.4597669243812561,
            "z": -0.0054256790317595005
        }
    }
}