{
    "Е": {
        "0": {
            "x": 0.5938644409179688,
            "y": 0.6475183963775635,
            "z": -4.562160711429897e-07
        },
        "1": {
            "x": 0.5474087595939636,
            "y": 0.6118875741958618,
            "z": -0.026605820283293724
        },
        "2": {
            "x": 0.5295278429985046,
            "y": 0.5664414763450623,
            "z": -0.04236942157149315
        },
        "3": {
            "x": 0.5153064727783203,
            "y": 0.5149217844009399,
            "z": -0.05352213606238365
        },
        "4": {
            "x": 0.5095579028129578,
            "y": 0.47012847661972046,
            "z": -0.06264950335025787
        },
        "5": {
            "x": 0.629440426826477,
            "y": 0.4936569929122925,
            "z": -0.034652117639780045
        },
        "6": {
            "x": 0.5872689485549927,
            "y": 0.4280708134174347,
            "z": -0.04504605755209923
        },
        "7": {
            "x": 0.549654483795166,
            "y": 0.4386553466320038,
            "z": -0.05207393690943718
        },
        "8": {
            "x": 0.5277101993560791,
            "y": 0.46382009983062744,
            "z": -0.05550549179315567
        },
        "9": {
            "x": 0.6438306570053101,
            "y": 0.48690932989120483,
            "z": -0.02359657734632492
        },
        "10": {
            "x": 0.5942891836166382,
            "y": 0.41997095942497253,
            "z": -0.03396695479750633
        },
        "11": {
            "x": 0.5550655126571655,
            "y": 0.4348669648170471,
            "z": -0.039386309683322906
        },
        "12": {
            "x": 0.534026026725769,
            "y": 0.4624292254447937,
            "z": -0.04259348660707474
        },
        "13": {
            "x": 0.6435505747795105,
            "y": 0.48665276169776917,
            "z": -0.012978937476873398
        },
        "14": {
            "x": 0.5971943736076355,
            "y": 0.418678879737854,
            "z": -0.024263910949230194
        },
        "15": {
            "x": 0.5579220652580261,
            "y": 0.43124428391456604,
            "z": -0.026768304407596588
        },
        "16": {
            "x": 0.5353559255599976,
            "y": 0.45972880721092224,
            "z": -0.027111586183309555
        },
        "17": {
            "x": 0.6303906440734863,
            "y": 0.4867234528064728,
            "z": -0.0036546867340803146
        },
        "18": {
            "x": 0.5939699411392212,
            "y": 0.4319992959499359,
            "z": -0.015758059918880463
        },
        "19": {
            "x": 0.5629526376724243,
            "y": 0.43839502334594727,
            "z": -0.017748435959219933
        },
        "20": {
            "x": 0.5415923595428467,
            "y": 0.4614681899547577,
            "z": -0.016126930713653564
        }
    }
}