{
    "Е": {
        "0": {
            "x": 0.593637228012085,
            "y": 0.6017183661460876,
            "z": -5.90373304021341e-07
        },
        "1": {
            "x": 0.5328757762908936,
            "y": 0.5659835338592529,
            "z": 0.057460084557533264
        },
        "2": {
            "x": 0.5036054253578186,
            "y": 0.5258933305740356,
            "z": 0.07421135157346725
        },
        "3": {
            "x": 0.4746612012386322,
            "y": 0.4928806722164154,
            "z": 0.07308927178382874
        },
        "4": {
            "x": 0.4547038972377777,
            "y": 0.45447584986686707,
            "z": 0.06847470998764038
        },
        "5": {
            "x": 0.5777442455291748,
            "y": 0.4264364242553711,
            "z": 0.07950951904058456
        },
        "6": {
            "x": 0.5239580273628235,
            "y": 0.3818632960319519,
            "z": 0.09234321862459183
        },
        "7": {
            "x": 0.49205344915390015,
            "y": 0.41166529059410095,
            "z": 0.09294969588518143
        },
        "8": {
            "x": 0.4800955653190613,
            "y": 0.44573667645454407,
            "z": 0.09135494381189346
        },
        "9": {
            "x": 0.5887356996536255,
            "y": 0.4172731041908264,
            "z": 0.043340425938367844
        },
        "10": {
            "x": 0.5250827670097351,
            "y": 0.36395740509033203,
            "z": 0.05996996536850929
        },
        "11": {
            "x": 0.4882444739341736,
            "y": 0.39782315492630005,
            "z": 0.059812892228364944
        },
        "12": {
            "x": 0.4781366288661957,
            "y": 0.4339141547679901,
            "z": 0.05608721077442169
        },
        "13": {
            "x": 0.5875712633132935,
            "y": 0.41977038979530334,
            "z": 0.008628079667687416
        },
        "14": {
            "x": 0.5244064927101135,
            "y": 0.3646204471588135,
            "z": 0.020701037719845772
        },
        "15": {
            "x": 0.4877661466598511,
            "y": 0.39888817071914673,
            "z": 0.02639922872185707
        },
        "16": {
            "x": 0.47608381509780884,
            "y": 0.4374092221260071,
            "z": 0.02619425393640995
        },
        "17": {
            "x": 0.5731131434440613,
            "y": 0.4279481768608093,
            "z": -0.02268955484032631
        },
        "18": {
            "x": 0.5224189162254333,
            "y": 0.3829042315483093,
            "z": -0.016246337443590164
        },
        "19": {
            "x": 0.49128487706184387,
            "y": 0.40204712748527527,
            "z": -0.008332251571118832
        },
        "20": {
            "x": 0.4775429964065552,
            "y": 0.4344085156917572,
            "z": -0.003946777433156967
        }
    }
}