{
    "Е": {
        "0": {
            "x": 0.6275086998939514,
            "y": 0.5955462455749512,
            "z": -5.382297558753635e-07
        },
        "1": {
            "x": 0.5807555913925171,
            "y": 0.5462796092033386,
            "z": 0.08006725460290909
        },
        "2": {
            "x": 0.5620588064193726,
            "y": 0.49723386764526367,
            "z": 0.10709898918867111
        },
        "3": {
            "x": 0.5403025150299072,
            "y": 0.4568178951740265,
            "z": 0.11316481977701187
        },
        "4": {
            "x": 0.5263209342956543,
            "y": 0.41563865542411804,
            "z": 0.11457613110542297
        },
        "5": {
            "x": 0.6424280405044556,
            "y": 0.4259854555130005,
            "z": 0.10239732265472412
        },
        "6": {
            "x": 0.6025851368904114,
            "y": 0.37114906311035156,
            "z": 0.12995629012584686
        },
        "7": {
            "x": 0.5680594444274902,
            "y": 0.3879433870315552,
            "z": 0.13909967243671417
        },
        "8": {
            "x": 0.549792468547821,
            "y": 0.41457757353782654,
            "z": 0.14165456593036652
        },
        "9": {
            "x": 0.6481784582138062,
            "y": 0.420031875371933,
            "z": 0.06008905917406082
        },
        "10": {
            "x": 0.6030307412147522,
            "y": 0.3564893901348114,
            "z": 0.09319864958524704
        },
        "11": {
            "x": 0.5650742053985596,
            "y": 0.37798285484313965,
            "z": 0.09733446687459946
        },
        "12": {
            "x": 0.5470947027206421,
            "y": 0.4050882160663605,
            "z": 0.09376981854438782
        },
        "13": {
            "x": 0.642967939376831,
            "y": 0.4186904728412628,
            "z": 0.022055484354496002
        },
        "14": {
            "x": 0.597920835018158,
            "y": 0.35453683137893677,
            "z": 0.05278969928622246
        },
        "15": {
            "x": 0.5607302784919739,
            "y": 0.3780192732810974,
            "z": 0.060707733035087585
        },
        "16": {
            "x": 0.541770875453949,
            "y": 0.4079515039920807,
            "z": 0.057102978229522705
        },
        "17": {
            "x": 0.6266452074050903,
            "y": 0.41758963465690613,
            "z": -0.010721812024712563
        },
        "18": {
            "x": 0.588567852973938,
            "y": 0.36891308426856995,
            "z": 0.011989187449216843
        },
        "19": {
            "x": 0.5599965453147888,
            "y": 0.3825761079788208,
            "z": 0.02426180988550186
        },
        "20": {
            "x": 0.5427095890045166,
            "y": 0.40940919518470764,
            "z": 0.028464166447520256
        }
    }
}