{
    "Е": {
        "0": {
            "x": 0.6222243905067444,
            "y": 0.5895088911056519,
            "z": -4.819825676349865e-07
        },
        "1": {
            "x": 0.5727843642234802,
            "y": 0.5569937825202942,
            "z": -0.0285752285271883
        },
        "2": {
            "x": 0.5458793044090271,
            "y": 0.5023187398910522,
            "z": -0.04024919494986534
        },
        "3": {
            "x": 0.5219090580940247,
            "y": 0.45118749141693115,
            "z": -0.04539415240287781
        },
        "4": {
            "x": 0.5142634510993958,
            "y": 0.4092918038368225,
            "z": -0.047442853450775146
        },
        "5": {
            "x": 0.6357491612434387,
            "y": 0.43365591764450073,
            "z": -0.03634918853640556
        },
        "6": {
            "x": 0.59076988697052,
            "y": 0.369907408952713,
            "z": -0.041725464165210724
        },
        "7": {
            "x": 0.5528119206428528,
            "y": 0.3807143270969391,
            "z": -0.04209185019135475
        },
        "8": {
            "x": 0.5312495827674866,
            "y": 0.40605130791664124,
            "z": -0.040439728647470474
        },
        "9": {
            "x": 0.6526061296463013,
            "y": 0.42360663414001465,
            "z": -0.020424209535121918
        },
        "10": {
            "x": 0.6020638346672058,
            "y": 0.35176825523376465,
            "z": -0.025483915582299232
        },
        "11": {
            "x": 0.5602018237113953,
            "y": 0.368567556142807,
            "z": -0.025046085938811302
        },
        "12": {
            "x": 0.5391513109207153,
            "y": 0.3970096707344055,
            "z": -0.023976746946573257
        },
        "13": {
            "x": 0.6558544039726257,
            "y": 0.42343801259994507,
            "z": -0.004899566527456045
        },
        "14": {
            "x": 0.6071375012397766,
            "y": 0.3532589077949524,
            "z": -0.011167455464601517
        },
        "15": {
            "x": 0.5672557353973389,
            "y": 0.3681378960609436,
            "z": -0.011427482590079308
        },
        "16": {
            "x": 0.5466734170913696,
            "y": 0.39743927121162415,
            "z": -0.01034353394061327
        },
        "17": {
            "x": 0.645377516746521,
            "y": 0.4290304481983185,
            "z": 0.00931264366954565
        },
        "18": {
            "x": 0.6042766571044922,
            "y": 0.3760823607444763,
            "z": 0.0011041377438232303
        },
        "19": {
            "x": 0.5724391937255859,
            "y": 0.3789878487586975,
            "z": -0.0012904262403026223
        },
        "20": {
            "x": 0.5518205165863037,
            "y": 0.3983781933784485,
            "z": -0.0004637828969862312
        }
    }
}