{
    "Е": {
        "0": {
            "x": 0.4291628897190094,
            "y": 0.5189213752746582,
            "z": 2.0102251596654241e-07
        },
        "1": {
            "x": 0.5042577981948853,
            "y": 0.46531420946121216,
            "z": 0.014230933971703053
        },
        "2": {
            "x": 0.5538502335548401,
            "y": 0.3936840891838074,
            "z": 0.014307642355561256
        },
        "3": {
            "x": 0.5897195339202881,
            "y": 0.3445878326892853,
            "z": 0.0036941564176231623
        },
        "4": {
            "x": 0.6067924499511719,
            "y": 0.289347767829895,
            "z": -0.005217562895268202
        },
        "5": {
            "x": 0.4672382175922394,
            "y": 0.2632502615451813,
            "z": 0.040647611021995544
        },
        "6": {
            "x": 0.5188762545585632,
            "y": 0.18460047245025635,
            "z": 0.021210115402936935
        },
        "7": {
            "x": 0.5759644508361816,
            "y": 0.1981966346502304,
            "z": -0.0008480329415760934
        },
        "8": {
            "x": 0.6094828844070435,
            "y": 0.229976624250412,
            "z": -0.012979318387806416
        },
        "9": {
            "x": 0.44736483693122864,
            "y": 0.2596927881240845,
            "z": 0.018788501620292664
        },
        "10": {
            "x": 0.5123150944709778,
            "y": 0.168216273188591,
            "z": -0.002950194524601102
        },
        "11": {
            "x": 0.576948881149292,
            "y": 0.19110143184661865,
            "z": -0.02459806017577648
        },
        "12": {
            "x": 0.6094659566879272,
            "y": 0.23704591393470764,
            "z": -0.03503591567277908
        },
        "13": {
            "x": 0.43890029191970825,
            "y": 0.26564523577690125,
            "z": -0.006101579871028662
        },
        "14": {
            "x": 0.5048568844795227,
            "y": 0.17126764357089996,
            "z": -0.02602653205394745
        },
        "15": {
            "x": 0.5687975287437439,
            "y": 0.1941455602645874,
            "z": -0.036950744688510895
        },
        "16": {
            "x": 0.6008481979370117,
            "y": 0.24314448237419128,
            "z": -0.03873679041862488
        },
        "17": {
            "x": 0.4434269070625305,
            "y": 0.2818993330001831,
            "z": -0.031023511663079262
        },
        "18": {
            "x": 0.5020948052406311,
            "y": 0.2059287428855896,
            "z": -0.04510844871401787
        },
        "19": {
            "x": 0.5533753037452698,
            "y": 0.21088114380836487,
            "z": -0.04748772457242012
        },
        "20": {
            "x": 0.5850011110305786,
            "y": 0.2421809732913971,
            "z": -0.04505334421992302
        }
    }
}