{
    "Е": {
        "0": {
            "x": 0.40778034925460815,
            "y": 0.856130063533783,
            "z": 1.3348707739169186e-07
        },
        "1": {
            "x": 0.4938155710697174,
            "y": 0.7005594372749329,
            "z": 0.06093317270278931
        },
        "2": {
            "x": 0.5165069103240967,
            "y": 0.5810116529464722,
            "z": 0.07524444162845612
        },
        "3": {
            "x": 0.5462764501571655,
            "y": 0.49089905619621277,
            "z": 0.06482888013124466
        },
        "4": {
            "x": 0.5680314898490906,
            "y": 0.41051608324050903,
            "z": 0.05446648225188255
        },
        "5": {
            "x": 0.36560630798339844,
            "y": 0.49516499042510986,
            "z": 0.10441030561923981
        },
        "6": {
            "x": 0.4272073209285736,
            "y": 0.3680189847946167,
            "z": 0.09254167228937149
        },
        "7": {
            "x": 0.5054054260253906,
            "y": 0.3621889650821686,
            "z": 0.06808125972747803
        },
        "8": {
            "x": 0.5531467199325562,
            "y": 0.39390110969543457,
            "z": 0.052706919610500336
        },
        "9": {
            "x": 0.35221827030181885,
            "y": 0.5027388334274292,
            "z": 0.053675152361392975
        },
        "10": {
            "x": 0.4385031461715698,
            "y": 0.3465338945388794,
            "z": 0.046022944152355194
        },
        "11": {
            "x": 0.5195825099945068,
            "y": 0.35852205753326416,
            "z": 0.025864241644740105
        },
        "12": {
            "x": 0.5562590956687927,
            "y": 0.4058646559715271,
            "z": 0.013343538157641888
        },
        "13": {
            "x": 0.3634265065193176,
            "y": 0.5197054743766785,
            "z": 0.0011684596538543701
        },
        "14": {
            "x": 0.44509029388427734,
            "y": 0.36206549406051636,
            "z": -0.00200038799084723
        },
        "15": {
            "x": 0.5215244889259338,
            "y": 0.37745401263237,
            "z": 0.00038666583714075387
        },
        "16": {
            "x": 0.5543896555900574,
            "y": 0.4261578917503357,
            "z": 0.003019921015948057
        },
        "17": {
            "x": 0.39601099491119385,
            "y": 0.5432030558586121,
            "z": -0.049652792513370514
        },
        "18": {
            "x": 0.45959678292274475,
            "y": 0.4100683927536011,
            "z": -0.0429394505918026
        },
        "19": {
            "x": 0.5146312117576599,
            "y": 0.40920308232307434,
            "z": -0.025633731856942177
        },
        "20": {
            "x": 0.5437930822372437,
            "y": 0.44422852993011475,
            "z": -0.01314956322312355
        }
    }
}