{
    "Е": {
        "0": {
            "x": 0.465641587972641,
            "y": 0.5526397228240967,
            "z": 2.4091502837109147e-07
        },
        "1": {
            "x": 0.5354058146476746,
            "y": 0.495819091796875,
            "z": 0.022391395643353462
        },
        "2": {
            "x": 0.5759444832801819,
            "y": 0.43261027336120605,
            "z": 0.025318190455436707
        },
        "3": {
            "x": 0.6097680330276489,
            "y": 0.3881232440471649,
            "z": 0.015835991129279137
        },
        "4": {
            "x": 0.6331348419189453,
            "y": 0.3401895761489868,
            "z": 0.006770926993340254
        },
        "5": {
            "x": 0.48806828260421753,
            "y": 0.315847784280777,
            "z": 0.04592052847146988
        },
        "6": {
            "x": 0.5357493162155151,
            "y": 0.2443336844444275,
            "z": 0.0325993075966835
        },
        "7": {
            "x": 0.5871543288230896,
            "y": 0.23529817163944244,
            "z": 0.017247093841433525
        },
        "8": {
            "x": 0.6243709921836853,
            "y": 0.24489477276802063,
            "z": 0.008427596651017666
        },
        "9": {
            "x": 0.4711361229419708,
            "y": 0.31223049759864807,
            "z": 0.02072722464799881
        },
        "10": {
            "x": 0.538968563079834,
            "y": 0.22984005510807037,
            "z": 0.004330695141106844
        },
        "11": {
            "x": 0.5958684086799622,
            "y": 0.24139109253883362,
            "z": -0.010328290984034538
        },
        "12": {
            "x": 0.6283604502677917,
            "y": 0.27377623319625854,
            "z": -0.016859035938978195
        },
        "13": {
            "x": 0.4673832952976227,
            "y": 0.31961163878440857,
            "z": -0.006681288126856089
        },
        "14": {
            "x": 0.5422716736793518,
            "y": 0.23584656417369843,
            "z": -0.02537648379802704
        },
        "15": {
            "x": 0.5982652306556702,
            "y": 0.26277077198028564,
            "z": -0.02981512062251568
        },
        "16": {
            "x": 0.6281107068061829,
            "y": 0.3076973259449005,
            "z": -0.026820866391062737
        },
        "17": {
            "x": 0.47866761684417725,
            "y": 0.335796982049942,
            "z": -0.033385828137397766
        },
        "18": {
            "x": 0.5407101511955261,
            "y": 0.2607530355453491,
            "z": -0.04481285437941551
        },
        "19": {
            "x": 0.5873705148696899,
            "y": 0.26822322607040405,
            "z": -0.041697319597005844
        },
        "20": {
            "x": 0.6163654327392578,
            "y": 0.2971958816051483,
            "z": -0.03538855165243149
        }
    }
}