{
    "Е": {
        "0": {
            "x": 0.4051889479160309,
            "y": 0.5847289562225342,
            "z": -2.5002957926290037e-08
        },
        "1": {
            "x": 0.4761172831058502,
            "y": 0.5309849381446838,
            "z": 0.02422998659312725
        },
        "2": {
            "x": 0.5122066736221313,
            "y": 0.46784472465515137,
            "z": 0.02702265977859497
        },
        "3": {
            "x": 0.542854905128479,
            "y": 0.42766326665878296,
            "z": 0.017920592799782753
        },
        "4": {
            "x": 0.562009334564209,
            "y": 0.39347171783447266,
            "z": 0.009705918841063976
        },
        "5": {
            "x": 0.42080894112586975,
            "y": 0.3520474433898926,
            "z": 0.03602879121899605
        },
        "6": {
            "x": 0.4796176850795746,
            "y": 0.2798767685890198,
            "z": 0.01574685610830784
        },
        "7": {
            "x": 0.5285677909851074,
            "y": 0.30197569727897644,
            "z": -0.00431016692891717
        },
        "8": {
            "x": 0.5518050193786621,
            "y": 0.3451266884803772,
            "z": -0.013519655913114548
        },
        "9": {
            "x": 0.40623465180397034,
            "y": 0.3505997061729431,
            "z": 0.01085110753774643
        },
        "10": {
            "x": 0.4835771322250366,
            "y": 0.27200865745544434,
            "z": -0.007859480567276478
        },
        "11": {
            "x": 0.5386554598808289,
            "y": 0.30911779403686523,
            "z": -0.022192299365997314
        },
        "12": {
            "x": 0.55962073802948,
            "y": 0.36230599880218506,
            "z": -0.027515318244695663
        },
        "13": {
            "x": 0.40784913301467896,
            "y": 0.3613753616809845,
            "z": -0.015668928623199463
        },
        "14": {
            "x": 0.4844074547290802,
            "y": 0.27800849080085754,
            "z": -0.03297741711139679
        },
        "15": {
            "x": 0.5376770496368408,
            "y": 0.3159981966018677,
            "z": -0.03504146263003349
        },
        "16": {
            "x": 0.557995080947876,
            "y": 0.36756202578544617,
            "z": -0.030649112537503242
        },
        "17": {
            "x": 0.4238148629665375,
            "y": 0.38261303305625916,
            "z": -0.04115082696080208
        },
        "18": {
            "x": 0.48360297083854675,
            "y": 0.30983978509902954,
            "z": -0.05043647438287735
        },
        "19": {
            "x": 0.5255157351493835,
            "y": 0.3257090747356415,
            "z": -0.04471423849463463
        },
        "20": {
            "x": 0.5472494959831238,
            "y": 0.36002567410469055,
            "z": -0.036612048745155334
        }
    }
}