{
    "Е": {
        "0": {
            "x": 0.4399457573890686,
            "y": 0.6049108505249023,
            "z": 2.731708548253664e-08
        },
        "1": {
            "x": 0.5070803165435791,
            "y": 0.553331732749939,
            "z": 0.018772214651107788
        },
        "2": {
            "x": 0.5485750436782837,
            "y": 0.4921591877937317,
            "z": 0.016398485749959946
        },
        "3": {
            "x": 0.5820823907852173,
            "y": 0.45073115825653076,
            "z": 0.002574821701273322
        },
        "4": {
            "x": 0.606501042842865,
            "y": 0.41667869687080383,
            "z": -0.010235020890831947
        },
        "5": {
            "x": 0.46713778376579285,
            "y": 0.3742913007736206,
            "z": 0.028212184086441994
        },
        "6": {
            "x": 0.5260443687438965,
            "y": 0.3026342988014221,
            "z": 0.003791108028963208
        },
        "7": {
            "x": 0.5762558579444885,
            "y": 0.3289502263069153,
            "z": -0.018073366954922676
        },
        "8": {
            "x": 0.6030628085136414,
            "y": 0.3726922273635864,
            "z": -0.028446894139051437
        },
        "9": {
            "x": 0.44813108444213867,
            "y": 0.37051287293434143,
            "z": 0.0036648637615144253
        },
        "10": {
            "x": 0.5276822447776794,
            "y": 0.2929455041885376,
            "z": -0.020412206649780273
        },
        "11": {
            "x": 0.5829827189445496,
            "y": 0.33447331190109253,
            "z": -0.03588099405169487
        },
        "12": {
            "x": 0.6062541007995605,
            "y": 0.389165997505188,
            "z": -0.04117805138230324
        },
        "13": {
            "x": 0.44417035579681396,
            "y": 0.3794306218624115,
            "z": -0.022782601416110992
        },
        "14": {
            "x": 0.5247215032577515,
            "y": 0.29449623823165894,
            "z": -0.04623504728078842
        },
        "15": {
            "x": 0.5806745886802673,
            "y": 0.3380220830440521,
            "z": -0.04938074201345444
        },
        "16": {
            "x": 0.6059103608131409,
            "y": 0.3945392668247223,
            "z": -0.044437650591135025
        },
        "17": {
            "x": 0.45466724038124084,
            "y": 0.3998606503009796,
            "z": -0.0485299676656723
        },
        "18": {
            "x": 0.521240770816803,
            "y": 0.33175498247146606,
            "z": -0.0637148916721344
        },
        "19": {
            "x": 0.5664999485015869,
            "y": 0.3499072790145874,
            "z": -0.06051165983080864
        },
        "20": {
            "x": 0.5915335416793823,
            "y": 0.3854445815086365,
            "z": -0.053206078708171844
        }
    }
}