{
    "Е": {
        "0": {
            "x": 0.4668467938899994,
            "y": 0.6107712388038635,
            "z": -4.639504425085761e-08
        },
        "1": {
            "x": 0.5408156514167786,
            "y": 0.5448271036148071,
            "z": 0.030865676701068878
        },
        "2": {
            "x": 0.5795129537582397,
            "y": 0.478952020406723,
            "z": 0.03571106120944023
        },
        "3": {
            "x": 0.6108995676040649,
            "y": 0.4402828812599182,
            "z": 0.027029501274228096
        },
        "4": {
            "x": 0.6340087652206421,
            "y": 0.41290032863616943,
            "z": 0.019282100722193718
        },
        "5": {
            "x": 0.47602379322052,
            "y": 0.36093413829803467,
            "z": 0.039281997829675674
        },
        "6": {
            "x": 0.5462821125984192,
            "y": 0.2837420701980591,
            "z": 0.016937583684921265
        },
        "7": {
            "x": 0.5997500419616699,
            "y": 0.3110204339027405,
            "z": -0.003990303259342909
        },
        "8": {
            "x": 0.6268320679664612,
            "y": 0.35867172479629517,
            "z": -0.013799510896205902
        },
        "9": {
            "x": 0.46244630217552185,
            "y": 0.36084482073783875,
            "z": 0.009604187682271004
        },
        "10": {
            "x": 0.5540849566459656,
            "y": 0.27901244163513184,
            "z": -0.011668622493743896
        },
        "11": {
            "x": 0.6131401658058167,
            "y": 0.3200122117996216,
            "z": -0.026661604642868042
        },
        "12": {
            "x": 0.6373087167739868,
            "y": 0.37821078300476074,
            "z": -0.031868454068899155
        },
        "13": {
            "x": 0.4672164022922516,
            "y": 0.37399056553840637,
            "z": -0.020947961136698723
        },
        "14": {
            "x": 0.5563624501228333,
            "y": 0.2897709012031555,
            "z": -0.03907239809632301
        },
        "15": {
            "x": 0.6130887866020203,
            "y": 0.32928141951560974,
            "z": -0.041090287268161774
        },
        "16": {
            "x": 0.6360653042793274,
            "y": 0.3840865194797516,
            "z": -0.03646386042237282
        },
        "17": {
            "x": 0.48607924580574036,
            "y": 0.39610645174980164,
            "z": -0.050220876932144165
        },
        "18": {
            "x": 0.5514760613441467,
            "y": 0.32676976919174194,
            "z": -0.06036381796002388
        },
        "19": {
            "x": 0.5946376919746399,
            "y": 0.3406262993812561,
            "z": -0.05594176799058914
        },
        "20": {
            "x": 0.6186808347702026,
            "y": 0.3736470937728882,
            "z": -0.04876414313912392
        }
    }
}