{
    "Е": {
        "0": {
            "x": 0.40095144510269165,
            "y": 0.49901437759399414,
            "z": -1.3545302657291813e-09
        },
        "1": {
            "x": 0.4808517396450043,
            "y": 0.44285082817077637,
            "z": 0.021354425698518753
        },
        "2": {
            "x": 0.5206766724586487,
            "y": 0.37670332193374634,
            "z": 0.021369585767388344
        },
        "3": {
            "x": 0.554697573184967,
            "y": 0.333067387342453,
            "z": 0.008966726250946522
        },
        "4": {
            "x": 0.5832949876785278,
            "y": 0.29276371002197266,
            "z": -0.0020302424672991037
        },
        "5": {
            "x": 0.4194987118244171,
            "y": 0.24158284068107605,
            "z": 0.0345916785299778
        },
        "6": {
            "x": 0.49985796213150024,
            "y": 0.1686854213476181,
            "z": 0.010454397648572922
        },
        "7": {
            "x": 0.5570482015609741,
            "y": 0.19897037744522095,
            "z": -0.012626309879124165
        },
        "8": {
            "x": 0.584385871887207,
            "y": 0.24998217821121216,
            "z": -0.023129668086767197
        },
        "9": {
            "x": 0.4053092300891876,
            "y": 0.24044252932071686,
            "z": 0.010133162140846252
        },
        "10": {
            "x": 0.5013968348503113,
            "y": 0.15867219865322113,
            "z": -0.009492234326899052
        },
        "11": {
            "x": 0.5614017248153687,
            "y": 0.20269295573234558,
            "z": -0.024053925648331642
        },
        "12": {
            "x": 0.5834380984306335,
            "y": 0.26067763566970825,
            "z": -0.030099239200353622
        },
        "13": {
            "x": 0.4105116128921509,
            "y": 0.25145643949508667,
            "z": -0.016322270035743713
        },
        "14": {
            "x": 0.502600908279419,
            "y": 0.15769004821777344,
            "z": -0.035487644374370575
        },
        "15": {
            "x": 0.5604754090309143,
            "y": 0.2009132206439972,
            "z": -0.03769258037209511
        },
        "16": {
            "x": 0.5814951658248901,
            "y": 0.2604683041572571,
            "z": -0.03295709192752838
        },
        "17": {
            "x": 0.4315322935581207,
            "y": 0.2722642421722412,
            "z": -0.04205336794257164
        },
        "18": {
            "x": 0.5006763935089111,
            "y": 0.18750928342342377,
            "z": -0.05261046066880226
        },
        "19": {
            "x": 0.547299861907959,
            "y": 0.20813289284706116,
            "z": -0.046547114849090576
        },
        "20": {
            "x": 0.5705610513687134,
            "y": 0.25219398736953735,
            "z": -0.037788618355989456
        }
    }
}