{
    "Й": {
        "0": {
            "x": 0.5406472682952881,
            "y": 0.5314595103263855,
            "z": 6.18643525740481e-07
        },
        "1": {
            "x": 0.6199089884757996,
            "y": 0.508453369140625,
            "z": 0.0023497454822063446
        },
        "2": {
            "x": 0.6739609241485596,
            "y": 0.4470379054546356,
            "z": -0.0019267296884208918
        },
        "3": {
            "x": 0.7242013216018677,
            "y": 0.41416454315185547,
            "z": -0.011543878354132175
        },
        "4": {
            "x": 0.7753662467002869,
            "y": 0.4082857668399811,
            "z": -0.020735427737236023
        },
        "5": {
            "x": 0.6195554733276367,
            "y": 0.3062853217124939,
            "z": 0.010738377459347248
        },
        "6": {
            "x": 0.6902758479118347,
            "y": 0.2559319734573364,
            "z": -0.005868971347808838
        },
        "7": {
            "x": 0.7393855452537537,
            "y": 0.2138477861881256,
            "z": -0.0211640615016222
        },
        "8": {
            "x": 0.7783011794090271,
            "y": 0.1845768839120865,
            "z": -0.03328884020447731
        },
        "9": {
            "x": 0.6102635264396667,
            "y": 0.3016250729560852,
            "z": -0.006101944949477911
        },
        "10": {
            "x": 0.7105414867401123,
            "y": 0.2746492624282837,
            "z": -0.030103331431746483
        },
        "11": {
            "x": 0.7777242660522461,
            "y": 0.2819923460483551,
            "z": -0.04615597054362297
        },
        "12": {
            "x": 0.831244707107544,
            "y": 0.2920331060886383,
            "z": -0.05554957687854767
        },
        "13": {
            "x": 0.6090272665023804,
            "y": 0.3129132390022278,
            "z": -0.025349808856844902
        },
        "14": {
            "x": 0.7099233269691467,
            "y": 0.2965419888496399,
            "z": -0.052199654281139374
        },
        "15": {
            "x": 0.773070216178894,
            "y": 0.30746060609817505,
            "z": -0.06365048140287399
        },
        "16": {
            "x": 0.8207030296325684,
            "y": 0.3169206380844116,
            "z": -0.06787119805812836
        },
        "17": {
            "x": 0.6153011322021484,
            "y": 0.3363511860370636,
            "z": -0.04513413459062576
        },
        "18": {
            "x": 0.6875342726707458,
            "y": 0.30601993203163147,
            "z": -0.0629143938422203
        },
        "19": {
            "x": 0.7306996583938599,
            "y": 0.2976328730583191,
            "z": -0.06756974756717682
        },
        "20": {
            "x": 0.765239953994751,
            "y": 0.2945728600025177,
            "z": -0.06942903250455856
        }
    }
}