{
    "Й": {
        "0": {
            "x": 0.256669282913208,
            "y": 0.548766553401947,
            "z": 2.660212317096011e-07
        },
        "1": {
            "x": 0.33558979630470276,
            "y": 0.5241812467575073,
            "z": 0.012443924322724342
        },
        "2": {
            "x": 0.39402398467063904,
            "y": 0.44875285029411316,
            "z": 0.015251840464770794
        },
        "3": {
            "x": 0.4496774673461914,
            "y": 0.41904300451278687,
            "z": 0.008980589918792248
        },
        "4": {
            "x": 0.5004094839096069,
            "y": 0.4125261604785919,
            "z": 0.0034192169550806284
        },
        "5": {
            "x": 0.35311800241470337,
            "y": 0.3650338351726532,
            "z": 0.03688220679759979
        },
        "6": {
            "x": 0.43426793813705444,
            "y": 0.3555535674095154,
            "z": 0.021852673962712288
        },
        "7": {
            "x": 0.477691113948822,
            "y": 0.3773907423019409,
            "z": 0.006065858528017998
        },
        "8": {
            "x": 0.5134462118148804,
            "y": 0.3985949754714966,
            "z": -0.004821866285055876
        },
        "9": {
            "x": 0.3435652554035187,
            "y": 0.34984123706817627,
            "z": 0.013540991581976414
        },
        "10": {
            "x": 0.4324365556240082,
            "y": 0.3389657139778137,
            "z": -0.012195770628750324
        },
        "11": {
            "x": 0.4788948893547058,
            "y": 0.3669278025627136,
            "z": -0.0332426019012928
        },
        "12": {
            "x": 0.517082691192627,
            "y": 0.3954819440841675,
            "z": -0.043204110115766525
        },
        "13": {
            "x": 0.3295968770980835,
            "y": 0.34054654836654663,
            "z": -0.013665234670042992
        },
        "14": {
            "x": 0.4178677201271057,
            "y": 0.30344149470329285,
            "z": -0.038580216467380524
        },
        "15": {
            "x": 0.4804961085319519,
            "y": 0.3015444278717041,
            "z": -0.05643615871667862
        },
        "16": {
            "x": 0.5302225351333618,
            "y": 0.29958200454711914,
            "z": -0.06455757468938828
        },
        "17": {
            "x": 0.31704390048980713,
            "y": 0.3347318172454834,
            "z": -0.04064134880900383
        },
        "18": {
            "x": 0.36196285486221313,
            "y": 0.25878310203552246,
            "z": -0.05422712117433548
        },
        "19": {
            "x": 0.38960033655166626,
            "y": 0.20771723985671997,
            "z": -0.06126793846487999
        },
        "20": {
            "x": 0.4172506332397461,
            "y": 0.16610686480998993,
            "z": -0.06673792749643326
        }
    }
}