{
    "Й": {
        "0": {
            "x": 0.11322948336601257,
            "y": 0.5430785417556763,
            "z": 3.2964533147605835e-07
        },
        "1": {
            "x": 0.18305043876171112,
            "y": 0.516975998878479,
            "z": 0.002905387431383133
        },
        "2": {
            "x": 0.24170969426631927,
            "y": 0.43419837951660156,
            "z": 0.005108738783746958
        },
        "3": {
            "x": 0.2941252291202545,
            "y": 0.3917282223701477,
            "z": 0.0014875094639137387
        },
        "4": {
            "x": 0.342180997133255,
            "y": 0.3818995952606201,
            "z": -0.0009155870066024363
        },
        "5": {
            "x": 0.21013924479484558,
            "y": 0.3547949194908142,
            "z": 0.026568925008177757
        },
        "6": {
            "x": 0.2778763175010681,
            "y": 0.3293970227241516,
            "z": 0.011179803870618343
        },
        "7": {
            "x": 0.32301363348960876,
            "y": 0.33980289101600647,
            "z": -0.0034568295814096928
        },
        "8": {
            "x": 0.3609384000301361,
            "y": 0.3525005280971527,
            "z": -0.01310467254370451
        },
        "9": {
            "x": 0.19959264993667603,
            "y": 0.3391541540622711,
            "z": 0.010171772912144661
        },
        "10": {
            "x": 0.27428317070007324,
            "y": 0.3128219246864319,
            "z": -0.013744497671723366
        },
        "11": {
            "x": 0.32228636741638184,
            "y": 0.32222938537597656,
            "z": -0.03336614742875099
        },
        "12": {
            "x": 0.36263179779052734,
            "y": 0.33605074882507324,
            "z": -0.04291631653904915
        },
        "13": {
            "x": 0.18166321516036987,
            "y": 0.3288933038711548,
            "z": -0.01075182668864727
        },
        "14": {
            "x": 0.25441715121269226,
            "y": 0.2827548682689667,
            "z": -0.038335856050252914
        },
        "15": {
            "x": 0.314598947763443,
            "y": 0.27479201555252075,
            "z": -0.05887116491794586
        },
        "16": {
            "x": 0.36369210481643677,
            "y": 0.27081775665283203,
            "z": -0.0683375746011734
        },
        "17": {
            "x": 0.1610129326581955,
            "y": 0.3234831392765045,
            "z": -0.03171834349632263
        },
        "18": {
            "x": 0.19230788946151733,
            "y": 0.24363981187343597,
            "z": -0.05029676482081413
        },
        "19": {
            "x": 0.21314658224582672,
            "y": 0.18964175879955292,
            "z": -0.06190214306116104
        },
        "20": {
            "x": 0.23444437980651855,
            "y": 0.14620032906532288,
            "z": -0.06999778747558594
        }
    }
}