{
    "Й": {
        "0": {
            "x": 0.09399943053722382,
            "y": 0.5727981328964233,
            "z": 2.4118207875289954e-07
        },
        "1": {
            "x": 0.15589134395122528,
            "y": 0.5493260622024536,
            "z": -0.021273506805300713
        },
        "2": {
            "x": 0.20410659909248352,
            "y": 0.4942092001438141,
            "z": -0.03398615121841431
        },
        "3": {
            "x": 0.23320338129997253,
            "y": 0.4253866374492645,
            "z": -0.05120851472020149
        },
        "4": {
            "x": 0.25372958183288574,
            "y": 0.360568642616272,
            "z": -0.0659995824098587
        },
        "5": {
            "x": 0.25633105635643005,
            "y": 0.4202175438404083,
            "z": 0.03871902823448181
        },
        "6": {
            "x": 0.2894325852394104,
            "y": 0.3856992721557617,
            "z": 0.031247973442077637
        },
        "7": {
            "x": 0.2938701808452606,
            "y": 0.35825425386428833,
            "z": 0.01705501228570938
        },
        "8": {
            "x": 0.28214195370674133,
            "y": 0.3400817811489105,
            "z": 0.007315412629395723
        },
        "9": {
            "x": 0.2239433228969574,
            "y": 0.3783547282218933,
            "z": 0.03356819599866867
        },
        "10": {
            "x": 0.25010916590690613,
            "y": 0.32947173714637756,
            "z": 0.02359003759920597
        },
        "11": {
            "x": 0.24564553797245026,
            "y": 0.32585787773132324,
            "z": 0.008802476339042187
        },
        "12": {
            "x": 0.24529112875461578,
            "y": 0.32169875502586365,
            "z": 0.0030240416526794434
        },
        "13": {
            "x": 0.18562421202659607,
            "y": 0.3455381691455841,
            "z": 0.020420605316758156
        },
        "14": {
            "x": 0.20787066221237183,
            "y": 0.2823251485824585,
            "z": 0.011261550709605217
        },
        "15": {
            "x": 0.22759348154067993,
            "y": 0.24447499215602875,
            "z": 0.00167024543043226
        },
        "16": {
            "x": 0.2438890039920807,
            "y": 0.21343839168548584,
            "z": -0.003606271930038929
        },
        "17": {
            "x": 0.13743609189987183,
            "y": 0.3275570273399353,
            "z": 0.0031852498650550842
        },
        "18": {
            "x": 0.14012101292610168,
            "y": 0.2397277057170868,
            "z": -0.0020550840999931097
        },
        "19": {
            "x": 0.14328868687152863,
            "y": 0.1758117824792862,
            "z": -0.0037071858532726765
        },
        "20": {
            "x": 0.1493946611881256,
            "y": 0.1234520673751831,
            "z": -0.004704534076154232
        }
    }
}