{
    "Й": {
        "0": {
            "x": 0.09443549811840057,
            "y": 0.5729544162750244,
            "z": 2.4859974701030296e-07
        },
        "1": {
            "x": 0.1563044786453247,
            "y": 0.5489833354949951,
            "z": -0.022044118493795395
        },
        "2": {
            "x": 0.20454345643520355,
            "y": 0.49396249651908875,
            "z": -0.03556828200817108
        },
        "3": {
            "x": 0.2331116497516632,
            "y": 0.42409032583236694,
            "z": -0.05367312207818031
        },
        "4": {
            "x": 0.2529147267341614,
            "y": 0.35777127742767334,
            "z": -0.06927910447120667
        },
        "5": {
            "x": 0.25803449749946594,
            "y": 0.4203967750072479,
            "z": 0.04013939946889877
        },
        "6": {
            "x": 0.29019245505332947,
            "y": 0.3865714967250824,
            "z": 0.03232539817690849
        },
        "7": {
            "x": 0.29391831159591675,
            "y": 0.3592400550842285,
            "z": 0.01762998290359974
        },
        "8": {
            "x": 0.280950129032135,
            "y": 0.3413078188896179,
            "z": 0.007737095467746258
        },
        "9": {
            "x": 0.22506223618984222,
            "y": 0.3784860074520111,
            "z": 0.035043470561504364
        },
        "10": {
            "x": 0.2511225938796997,
            "y": 0.3280823230743408,
            "z": 0.02396259643137455
        },
        "11": {
            "x": 0.24574065208435059,
            "y": 0.32534247636795044,
            "z": 0.008130790665745735
        },
        "12": {
            "x": 0.24393680691719055,
            "y": 0.3221753239631653,
            "z": 0.0023214714601635933
        },
        "13": {
            "x": 0.18635889887809753,
            "y": 0.3455612063407898,
            "z": 0.021789055317640305
        },
        "14": {
            "x": 0.20817114412784576,
            "y": 0.28188782930374146,
            "z": 0.012237382121384144
        },
        "15": {
            "x": 0.22792616486549377,
            "y": 0.2442297488451004,
            "z": 0.0019347920315340161
        },
        "16": {
            "x": 0.2436724305152893,
            "y": 0.21337684988975525,
            "z": -0.003392657730728388
        },
        "17": {
            "x": 0.13793489336967468,
            "y": 0.32754775881767273,
            "z": 0.004357610829174519
        },
        "18": {
            "x": 0.1406642198562622,
            "y": 0.23978213965892792,
            "z": -0.0007326421327888966
        },
        "19": {
            "x": 0.14394068717956543,
            "y": 0.1759481281042099,
            "z": -0.002557489788159728
        },
        "20": {
            "x": 0.14989803731441498,
            "y": 0.12383118271827698,
            "z": -0.0035222407896071672
        }
    }
}