{
    "Й": {
        "0": {
            "x": 0.10422151535749435,
            "y": 0.5817173719406128,
            "z": 1.1573754221672061e-07
        },
        "1": {
            "x": 0.16654689610004425,
            "y": 0.5589848756790161,
            "z": -0.01391973439604044
        },
        "2": {
            "x": 0.2173343449831009,
            "y": 0.49790051579475403,
            "z": -0.022098766639828682
        },
        "3": {
            "x": 0.2438391149044037,
            "y": 0.4282791018486023,
            "z": -0.03488091751933098
        },
        "4": {
            "x": 0.2650987207889557,
            "y": 0.3667803704738617,
            "z": -0.04511924088001251
        },
        "5": {
            "x": 0.25372013449668884,
            "y": 0.4208025336265564,
            "z": 0.029346909373998642
        },
        "6": {
            "x": 0.2867015600204468,
            "y": 0.3698157072067261,
            "z": 0.018078256398439407
        },
        "7": {
            "x": 0.290894091129303,
            "y": 0.3658158481121063,
            "z": 0.004140587989240885
        },
        "8": {
            "x": 0.28267067670822144,
            "y": 0.37344789505004883,
            "z": -0.0038426558021456003
        },
        "9": {
            "x": 0.22254329919815063,
            "y": 0.3854479491710663,
            "z": 0.022285545244812965
        },
        "10": {
            "x": 0.25109535455703735,
            "y": 0.34143808484077454,
            "z": 0.011754490435123444
        },
        "11": {
            "x": 0.25671082735061646,
            "y": 0.34268614649772644,
            "z": -0.000618776713963598
        },
        "12": {
            "x": 0.26342645287513733,
            "y": 0.3434934914112091,
            "z": -0.0061188326217234135
        },
        "13": {
            "x": 0.18447399139404297,
            "y": 0.3571724593639374,
            "z": 0.008184835314750671
        },
        "14": {
            "x": 0.21016699075698853,
            "y": 0.29203906655311584,
            "z": -0.00410849554464221
        },
        "15": {
            "x": 0.23233471810817719,
            "y": 0.25447702407836914,
            "z": -0.015072770416736603
        },
        "16": {
            "x": 0.2521861791610718,
            "y": 0.22442929446697235,
            "z": -0.021347641944885254
        },
        "17": {
            "x": 0.1373089998960495,
            "y": 0.3396587371826172,
            "z": -0.008571157231926918
        },
        "18": {
            "x": 0.1397497057914734,
            "y": 0.24904797971248627,
            "z": -0.01781248115003109
        },
        "19": {
            "x": 0.1425524652004242,
            "y": 0.1844545602798462,
            "z": -0.021988602355122566
        },
        "20": {
            "x": 0.1493811160326004,
            "y": 0.1288454532623291,
            "z": -0.024709533900022507
        }
    }
}