{
    "Й": {
        "0": {
            "x": 0.08637234568595886,
            "y": 0.8758914470672607,
            "z": 2.901828111134819e-07
        },
        "1": {
            "x": 0.1628134697675705,
            "y": 0.8200812339782715,
            "z": 0.013201703317463398
        },
        "2": {
            "x": 0.2125162035226822,
            "y": 0.7419642806053162,
            "z": 0.011420701630413532
        },
        "3": {
            "x": 0.2611413598060608,
            "y": 0.7031673192977905,
            "z": 0.003520350204780698
        },
        "4": {
            "x": 0.3093407154083252,
            "y": 0.6912230849266052,
            "z": -0.005629632156342268
        },
        "5": {
            "x": 0.14669202268123627,
            "y": 0.619049608707428,
            "z": 0.008762279525399208
        },
        "6": {
            "x": 0.22917403280735016,
            "y": 0.6085982918739319,
            "z": -0.009689928032457829
        },
        "7": {
            "x": 0.2810916006565094,
            "y": 0.6174780130386353,
            "z": -0.026064643636345863
        },
        "8": {
            "x": 0.3270932137966156,
            "y": 0.6341506242752075,
            "z": -0.03886628895998001
        },
        "9": {
            "x": 0.12640033662319183,
            "y": 0.6216429471969604,
            "z": -0.014842817559838295
        },
        "10": {
            "x": 0.22773399949073792,
            "y": 0.6056314706802368,
            "z": -0.041254572570323944
        },
        "11": {
            "x": 0.2883492410182953,
            "y": 0.6211121678352356,
            "z": -0.05929112806916237
        },
        "12": {
            "x": 0.3372805118560791,
            "y": 0.6402512192726135,
            "z": -0.06919081509113312
        },
        "13": {
            "x": 0.1112900823354721,
            "y": 0.6491015553474426,
            "z": -0.0393490269780159
        },
        "14": {
            "x": 0.20733612775802612,
            "y": 0.6196916103363037,
            "z": -0.06783677637577057
        },
        "15": {
            "x": 0.2731136381626129,
            "y": 0.6265853047370911,
            "z": -0.0824989527463913
        },
        "16": {
            "x": 0.3248344659805298,
            "y": 0.6303530335426331,
            "z": -0.08899805694818497
        },
        "17": {
            "x": 0.1053679808974266,
            "y": 0.6924071907997131,
            "z": -0.06268160045146942
        },
        "18": {
            "x": 0.14556361734867096,
            "y": 0.632378101348877,
            "z": -0.0877346470952034
        },
        "19": {
            "x": 0.17111307382583618,
            "y": 0.5892730355262756,
            "z": -0.10001455247402191
        },
        "20": {
            "x": 0.19777080416679382,
            "y": 0.5512206554412842,
            "z": -0.10723187774419785
        }
    }
}