{
    "Й": {
        "0": {
            "x": 0.22429466247558594,
            "y": 0.8175773620605469,
            "z": 3.8832638438179856e-07
        },
        "1": {
            "x": 0.2937309741973877,
            "y": 0.784756600856781,
            "z": 0.0017932135378941894
        },
        "2": {
            "x": 0.3543475866317749,
            "y": 0.7132692933082581,
            "z": -0.001959035638719797
        },
        "3": {
            "x": 0.404540479183197,
            "y": 0.6814276576042175,
            "z": -0.00971080269664526
        },
        "4": {
            "x": 0.4499141573905945,
            "y": 0.6796848177909851,
            "z": -0.01793907769024372
        },
        "5": {
            "x": 0.29470035433769226,
            "y": 0.5932725071907043,
            "z": 0.0037588761188089848
        },
        "6": {
            "x": 0.3618873655796051,
            "y": 0.582042396068573,
            "z": -0.016379794105887413
        },
        "7": {
            "x": 0.41284066438674927,
            "y": 0.593393862247467,
            "z": -0.03479267656803131
        },
        "8": {
            "x": 0.45795756578445435,
            "y": 0.6079556941986084,
            "z": -0.04708445072174072
        },
        "9": {
            "x": 0.2723800837993622,
            "y": 0.5919778347015381,
            "z": -0.012940501794219017
        },
        "10": {
            "x": 0.3561379015445709,
            "y": 0.5868009924888611,
            "z": -0.03637123480439186
        },
        "11": {
            "x": 0.4143705666065216,
            "y": 0.6046829223632812,
            "z": -0.05224458500742912
        },
        "12": {
            "x": 0.46442657709121704,
            "y": 0.6168338060379028,
            "z": -0.061541151255369186
        },
        "13": {
            "x": 0.25299960374832153,
            "y": 0.6081397533416748,
            "z": -0.03231162205338478
        },
        "14": {
            "x": 0.333504319190979,
            "y": 0.5901872515678406,
            "z": -0.05766155198216438
        },
        "15": {
            "x": 0.39793747663497925,
            "y": 0.5954251289367676,
            "z": -0.06999717652797699
        },
        "16": {
            "x": 0.4510892629623413,
            "y": 0.600640594959259,
            "z": -0.07469456642866135
        },
        "17": {
            "x": 0.23984481394290924,
            "y": 0.6363233327865601,
            "z": -0.052200622856616974
        },
        "18": {
            "x": 0.2739826440811157,
            "y": 0.562025785446167,
            "z": -0.07067736238241196
        },
        "19": {
            "x": 0.2945128381252289,
            "y": 0.5053608417510986,
            "z": -0.07882025092840195
        },
        "20": {
            "x": 0.31730154156684875,
            "y": 0.46317407488822937,
            "z": -0.08367972820997238
        }
    }
}