{
    "Й": {
        "0": {
            "x": 0.4658389091491699,
            "y": 0.7563265562057495,
            "z": 9.163184699900739e-07
        },
        "1": {
            "x": 0.5456394553184509,
            "y": 0.7230634093284607,
            "z": -0.008319814689457417
        },
        "2": {
            "x": 0.6065892577171326,
            "y": 0.6599410772323608,
            "z": -0.017252210527658463
        },
        "3": {
            "x": 0.6642084717750549,
            "y": 0.6188846826553345,
            "z": -0.025658974424004555
        },
        "4": {
            "x": 0.7154024839401245,
            "y": 0.6064638495445251,
            "z": -0.032473448663949966
        },
        "5": {
            "x": 0.5375509262084961,
            "y": 0.5317681431770325,
            "z": -0.017673611640930176
        },
        "6": {
            "x": 0.6355114579200745,
            "y": 0.5020871162414551,
            "z": -0.03412974253296852
        },
        "7": {
            "x": 0.6870934963226318,
            "y": 0.4729384183883667,
            "z": -0.04962506890296936
        },
        "8": {
            "x": 0.7260453701019287,
            "y": 0.44570910930633545,
            "z": -0.0623026080429554
        },
        "9": {
            "x": 0.5264816880226135,
            "y": 0.5155981183052063,
            "z": -0.02321753464639187
        },
        "10": {
            "x": 0.6467853784561157,
            "y": 0.511366069316864,
            "z": -0.04116746783256531
        },
        "11": {
            "x": 0.7195284962654114,
            "y": 0.5160848498344421,
            "z": -0.053014688193798065
        },
        "12": {
            "x": 0.7788751125335693,
            "y": 0.5193620920181274,
            "z": -0.06150772050023079
        },
        "13": {
            "x": 0.5247045159339905,
            "y": 0.5208970308303833,
            "z": -0.02895071916282177
        },
        "14": {
            "x": 0.6370704770088196,
            "y": 0.5303961038589478,
            "z": -0.04742560163140297
        },
        "15": {
            "x": 0.6911192536354065,
            "y": 0.5528601408004761,
            "z": -0.053355444222688675
        },
        "16": {
            "x": 0.7321411371231079,
            "y": 0.569392740726471,
            "z": -0.05544145405292511
        },
        "17": {
            "x": 0.5288631319999695,
            "y": 0.5404477119445801,
            "z": -0.03584686294198036
        },
        "18": {
            "x": 0.6155127286911011,
            "y": 0.5473943948745728,
            "z": -0.05195240676403046
        },
        "19": {
            "x": 0.6630886793136597,
            "y": 0.5613477230072021,
            "z": -0.05492478609085083
        },
        "20": {
            "x": 0.7002004384994507,
            "y": 0.5722845792770386,
            "z": -0.05408509075641632
        }
    }
}