{
    "Й": {
        "0": {
            "x": 0.5353071093559265,
            "y": 0.7649794220924377,
            "z": 4.6402760744967964e-07
        },
        "1": {
            "x": 0.6207473278045654,
            "y": 0.7301784157752991,
            "z": 0.012987829744815826
        },
        "2": {
            "x": 0.6709425449371338,
            "y": 0.665424108505249,
            "z": 0.014841755852103233
        },
        "3": {
            "x": 0.7274467945098877,
            "y": 0.633461058139801,
            "z": 0.01188384648412466
        },
        "4": {
            "x": 0.7781671285629272,
            "y": 0.6284849047660828,
            "z": 0.009456958621740341
        },
        "5": {
            "x": 0.5979653000831604,
            "y": 0.511518120765686,
            "z": 0.009937552735209465
        },
        "6": {
            "x": 0.7029694318771362,
            "y": 0.5281664729118347,
            "z": 0.0011555906385183334
        },
        "7": {
            "x": 0.7479133605957031,
            "y": 0.552889347076416,
            "z": -0.011151114478707314
        },
        "8": {
            "x": 0.7749784588813782,
            "y": 0.5666826963424683,
            "z": -0.022556481882929802
        },
        "9": {
            "x": 0.5936388373374939,
            "y": 0.5072502493858337,
            "z": -0.008747132495045662
        },
        "10": {
            "x": 0.7229117155075073,
            "y": 0.5296476483345032,
            "z": -0.019445320591330528
        },
        "11": {
            "x": 0.7849600315093994,
            "y": 0.5474393963813782,
            "z": -0.03196096792817116
        },
        "12": {
            "x": 0.8360787034034729,
            "y": 0.5565549731254578,
            "z": -0.04384420067071915
        },
        "13": {
            "x": 0.5985698699951172,
            "y": 0.533566951751709,
            "z": -0.027327463030815125
        },
        "14": {
            "x": 0.7262643575668335,
            "y": 0.5551678538322449,
            "z": -0.04369528964161873
        },
        "15": {
            "x": 0.7777059674263,
            "y": 0.5855318307876587,
            "z": -0.05055006593465805
        },
        "16": {
            "x": 0.8124387264251709,
            "y": 0.6000747680664062,
            "z": -0.05471312627196312
        },
        "17": {
            "x": 0.6120576858520508,
            "y": 0.5750477313995361,
            "z": -0.0451420359313488
        },
        "18": {
            "x": 0.6999630331993103,
            "y": 0.5320673584938049,
            "z": -0.06173378974199295
        },
        "19": {
            "x": 0.7512761354446411,
            "y": 0.49792009592056274,
            "z": -0.06591654568910599
        },
        "20": {
            "x": 0.798790693283081,
            "y": 0.46622180938720703,
            "z": -0.06845138221979141
        }
    }
}