{
    "Й": {
        "0": {
            "x": 0.3662397861480713,
            "y": 0.8431965112686157,
            "z": 4.538411602084125e-08
        },
        "1": {
            "x": 0.4288029968738556,
            "y": 0.81809401512146,
            "z": -0.013848129659891129
        },
        "2": {
            "x": 0.4759596884250641,
            "y": 0.7405540347099304,
            "z": -0.01728467084467411
        },
        "3": {
            "x": 0.49112987518310547,
            "y": 0.6628322601318359,
            "z": -0.021959014236927032
        },
        "4": {
            "x": 0.4687792956829071,
            "y": 0.6196517944335938,
            "z": -0.024813644587993622
        },
        "5": {
            "x": 0.4369615614414215,
            "y": 0.6604244709014893,
            "z": 0.015922455117106438
        },
        "6": {
            "x": 0.45415574312210083,
            "y": 0.5920424461364746,
            "z": -0.0013063257792964578
        },
        "7": {
            "x": 0.4646505117416382,
            "y": 0.6100099086761475,
            "z": -0.01846398413181305
        },
        "8": {
            "x": 0.46996480226516724,
            "y": 0.6415355801582336,
            "z": -0.028076021000742912
        },
        "9": {
            "x": 0.4040941298007965,
            "y": 0.6423385143280029,
            "z": 0.011713075451552868
        },
        "10": {
            "x": 0.4287157356739044,
            "y": 0.5648186802864075,
            "z": -0.011601400561630726
        },
        "11": {
            "x": 0.44242173433303833,
            "y": 0.5783282518386841,
            "z": -0.02979583851993084
        },
        "12": {
            "x": 0.4529086947441101,
            "y": 0.6031200289726257,
            "z": -0.034663695842027664
        },
        "13": {
            "x": 0.366213321685791,
            "y": 0.6377261877059937,
            "z": 0.0022154224570840597
        },
        "14": {
            "x": 0.37825044989585876,
            "y": 0.5461884140968323,
            "z": -0.017205094918608665
        },
        "15": {
            "x": 0.39124569296836853,
            "y": 0.4905032217502594,
            "z": -0.03529778867959976
        },
        "16": {
            "x": 0.4049415588378906,
            "y": 0.44699177145957947,
            "z": -0.04417230188846588
        },
        "17": {
            "x": 0.32658472657203674,
            "y": 0.6493927836418152,
            "z": -0.008290072903037071
        },
        "18": {
            "x": 0.31029126048088074,
            "y": 0.5925513505935669,
            "z": -0.020108865574002266
        },
        "19": {
            "x": 0.2997525930404663,
            "y": 0.5543432831764221,
            "z": -0.027456456795334816
        },
        "20": {
            "x": 0.29351866245269775,
            "y": 0.5186406373977661,
            "z": -0.03209170699119568
        }
    }
}