{
    "Й": {
        "0": {
            "x": 0.6002963781356812,
            "y": 0.8230198621749878,
            "z": 2.579587317086407e-07
        },
        "1": {
            "x": 0.6662360429763794,
            "y": 0.7910332679748535,
            "z": -0.006081890314817429
        },
        "2": {
            "x": 0.7213835120201111,
            "y": 0.7166230082511902,
            "z": -0.011749716475605965
        },
        "3": {
            "x": 0.7716030478477478,
            "y": 0.6717754602432251,
            "z": -0.02185218222439289
        },
        "4": {
            "x": 0.8196064233779907,
            "y": 0.6495860815048218,
            "z": -0.031031157821416855
        },
        "5": {
            "x": 0.7100032567977905,
            "y": 0.6237213015556335,
            "z": 0.01810237020254135
        },
        "6": {
            "x": 0.764176607131958,
            "y": 0.5961357951164246,
            "z": -5.8590514527168125e-05
        },
        "7": {
            "x": 0.8045360445976257,
            "y": 0.6115236878395081,
            "z": -0.018334798514842987
        },
        "8": {
            "x": 0.8412604331970215,
            "y": 0.6272624135017395,
            "z": -0.03158902749419212
        },
        "9": {
            "x": 0.6937930583953857,
            "y": 0.601687490940094,
            "z": 0.004392727743834257
        },
        "10": {
            "x": 0.7565785050392151,
            "y": 0.5821722149848938,
            "z": -0.020117558538913727
        },
        "11": {
            "x": 0.7973899841308594,
            "y": 0.6037406921386719,
            "z": -0.03813766688108444
        },
        "12": {
            "x": 0.8337084054946899,
            "y": 0.6224852800369263,
            "z": -0.04768645390868187
        },
        "13": {
            "x": 0.6665160655975342,
            "y": 0.5858811140060425,
            "z": -0.014850947074592113
        },
        "14": {
            "x": 0.7202723026275635,
            "y": 0.5213263034820557,
            "z": -0.043276347219944
        },
        "15": {
            "x": 0.7701655626296997,
            "y": 0.49346569180488586,
            "z": -0.06202904134988785
        },
        "16": {
            "x": 0.8165503740310669,
            "y": 0.4734247922897339,
            "z": -0.07201191782951355
        },
        "17": {
            "x": 0.6330018043518066,
            "y": 0.5802052021026611,
            "z": -0.03479544818401337
        },
        "18": {
            "x": 0.6391832828521729,
            "y": 0.490486741065979,
            "z": -0.05527500435709953
        },
        "19": {
            "x": 0.6453321576118469,
            "y": 0.4289790093898773,
            "z": -0.06486514955759048
        },
        "20": {
            "x": 0.6565850973129272,
            "y": 0.3747844398021698,
            "z": -0.07189571112394333
        }
    }
}