{
    "Й": {
        "0": {
            "x": 0.5920252799987793,
            "y": 0.8344178795814514,
            "z": -3.7778875139338197e-07
        },
        "1": {
            "x": 0.6466718316078186,
            "y": 0.7940149307250977,
            "z": 0.022032057866454124
        },
        "2": {
            "x": 0.6799580454826355,
            "y": 0.7255027890205383,
            "z": 0.0344424769282341
        },
        "3": {
            "x": 0.6671010851860046,
            "y": 0.6688715815544128,
            "z": 0.044698089361190796
        },
        "4": {
            "x": 0.6391462087631226,
            "y": 0.6426346302032471,
            "z": 0.05485200509428978
        },
        "5": {
            "x": 0.6447567939758301,
            "y": 0.6372398734092712,
            "z": 0.02509036473929882
        },
        "6": {
            "x": 0.6356958746910095,
            "y": 0.573635458946228,
            "z": 0.041563767939805984
        },
        "7": {
            "x": 0.6229217052459717,
            "y": 0.5844900012016296,
            "z": 0.05341404303908348
        },
        "8": {
            "x": 0.6181419491767883,
            "y": 0.601894199848175,
            "z": 0.05971904844045639
        },
        "9": {
            "x": 0.5999922752380371,
            "y": 0.6187887191772461,
            "z": 0.01705763302743435
        },
        "10": {
            "x": 0.5992728471755981,
            "y": 0.5618669390678406,
            "z": 0.025877894833683968
        },
        "11": {
            "x": 0.595329761505127,
            "y": 0.5869717597961426,
            "z": 0.0278514102101326
        },
        "12": {
            "x": 0.5962932705879211,
            "y": 0.6165021657943726,
            "z": 0.03031792677938938
        },
        "13": {
            "x": 0.5578904747962952,
            "y": 0.6177904009819031,
            "z": 0.011422447860240936
        },
        "14": {
            "x": 0.5632773041725159,
            "y": 0.5284723043441772,
            "z": 0.018362969160079956
        },
        "15": {
            "x": 0.5717095136642456,
            "y": 0.47779136896133423,
            "z": 0.010497290641069412
        },
        "16": {
            "x": 0.5808007717132568,
            "y": 0.4415842294692993,
            "z": 0.0019534332677721977
        },
        "17": {
            "x": 0.5187943577766418,
            "y": 0.6273374557495117,
            "z": 0.009978915564715862
        },
        "18": {
            "x": 0.5036534667015076,
            "y": 0.5549295544624329,
            "z": 0.014738236553966999
        },
        "19": {
            "x": 0.49801838397979736,
            "y": 0.5119820833206177,
            "z": 0.014439258724451065
        },
        "20": {
            "x": 0.4943382143974304,
            "y": 0.47259992361068726,
            "z": 0.01207359042018652
        }
    }
}