{
    "Й": {
        "0": {
            "x": 0.49702805280685425,
            "y": 0.760880708694458,
            "z": -3.8816753544779203e-07
        },
        "1": {
            "x": 0.4440656006336212,
            "y": 0.7424942255020142,
            "z": -0.007829057984054089
        },
        "2": {
            "x": 0.40191352367401123,
            "y": 0.6863201260566711,
            "z": -0.013318849727511406
        },
        "3": {
            "x": 0.37612223625183105,
            "y": 0.6356475353240967,
            "z": -0.022001270204782486
        },
        "4": {
            "x": 0.3862728178501129,
            "y": 0.5970334410667419,
            "z": -0.028952596709132195
        },
        "5": {
            "x": 0.4479791522026062,
            "y": 0.6107326745986938,
            "z": 0.019048774614930153
        },
        "6": {
            "x": 0.42733120918273926,
            "y": 0.566653311252594,
            "z": 0.0008036962244659662
        },
        "7": {
            "x": 0.40629541873931885,
            "y": 0.5938783288002014,
            "z": -0.016836969181895256
        },
        "8": {
            "x": 0.40106838941574097,
            "y": 0.6270257830619812,
            "z": -0.02749290131032467
        },
        "9": {
            "x": 0.474687784910202,
            "y": 0.5919110178947449,
            "z": 0.011046373285353184
        },
        "10": {
            "x": 0.4552254378795624,
            "y": 0.5265629887580872,
            "z": -0.013167503289878368
        },
        "11": {
            "x": 0.42651018500328064,
            "y": 0.5418648719787598,
            "z": -0.03066411428153515
        },
        "12": {
            "x": 0.41231709718704224,
            "y": 0.5654746890068054,
            "z": -0.035863470286130905
        },
        "13": {
            "x": 0.5060693025588989,
            "y": 0.5869787335395813,
            "z": -0.0017545615555718541
        },
        "14": {
            "x": 0.4989105761051178,
            "y": 0.5065715909004211,
            "z": -0.019732534885406494
        },
        "15": {
            "x": 0.4785543978214264,
            "y": 0.45806828141212463,
            "z": -0.03402067720890045
        },
        "16": {
            "x": 0.4655878245830536,
            "y": 0.4164784550666809,
            "z": -0.040932901203632355
        },
        "17": {
            "x": 0.5377010107040405,
            "y": 0.5986642837524414,
            "z": -0.015286021865904331
        },
        "18": {
            "x": 0.5538746118545532,
            "y": 0.5449661016464233,
            "z": -0.023941125720739365
        },
        "19": {
            "x": 0.5600017309188843,
            "y": 0.5071386098861694,
            "z": -0.029282066971063614
        },
        "20": {
            "x": 0.5621938705444336,
            "y": 0.4696466326713562,
            "z": -0.03294099122285843
        }
    }
}