{
    "Й": {
        "0": {
            "x": 0.5244771838188171,
            "y": 0.7386447191238403,
            "z": 7.240077479764295e-07
        },
        "1": {
            "x": 0.5968572497367859,
            "y": 0.6749798059463501,
            "z": 0.00393103901296854
        },
        "2": {
            "x": 0.6191825866699219,
            "y": 0.5778646469116211,
            "z": -0.0029848965350538492
        },
        "3": {
            "x": 0.6055533289909363,
            "y": 0.4959942400455475,
            "z": -0.010234297253191471
        },
        "4": {
            "x": 0.5764903426170349,
            "y": 0.4501107335090637,
            "z": -0.0191678274422884
        },
        "5": {
            "x": 0.6117703914642334,
            "y": 0.5431684255599976,
            "z": -0.04463185742497444
        },
        "6": {
            "x": 0.6585485339164734,
            "y": 0.4292393922805786,
            "z": -0.06685078889131546
        },
        "7": {
            "x": 0.6918594837188721,
            "y": 0.3655846118927002,
            "z": -0.07662691920995712
        },
        "8": {
            "x": 0.715987503528595,
            "y": 0.3149513602256775,
            "z": -0.07947136461734772
        },
        "9": {
            "x": 0.5625129342079163,
            "y": 0.5208221673965454,
            "z": -0.05340196564793587
        },
        "10": {
            "x": 0.5826449394226074,
            "y": 0.36461299657821655,
            "z": -0.06949485838413239
        },
        "11": {
            "x": 0.5933805704116821,
            "y": 0.2735978662967682,
            "z": -0.07016696035861969
        },
        "12": {
            "x": 0.5897297263145447,
            "y": 0.2096441686153412,
            "z": -0.07033120840787888
        },
        "13": {
            "x": 0.5095263123512268,
            "y": 0.512248694896698,
            "z": -0.05821527913212776
        },
        "14": {
            "x": 0.5075386166572571,
            "y": 0.3763318955898285,
            "z": -0.0722782164812088
        },
        "15": {
            "x": 0.5250148177146912,
            "y": 0.4079313278198242,
            "z": -0.05970177799463272
        },
        "16": {
            "x": 0.5295621156692505,
            "y": 0.45715606212615967,
            "z": -0.04654569923877716
        },
        "17": {
            "x": 0.46131670475006104,
            "y": 0.5139521360397339,
            "z": -0.06179367005825043
        },
        "18": {
            "x": 0.46608006954193115,
            "y": 0.4020273983478546,
            "z": -0.06949868053197861
        },
        "19": {
            "x": 0.4803019165992737,
            "y": 0.4254365861415863,
            "z": -0.0533081479370594
        },
        "20": {
            "x": 0.48458921909332275,
            "y": 0.46697384119033813,
            "z": -0.03749935328960419
        }
    }
}