{
    "Й": {
        "0": {
            "x": 0.5431172847747803,
            "y": 0.6989898681640625,
            "z": -3.794606584506255e-08
        },
        "1": {
            "x": 0.4776439368724823,
            "y": 0.6368045806884766,
            "z": 0.00972769409418106
        },
        "2": {
            "x": 0.4601775109767914,
            "y": 0.5514867901802063,
            "z": 0.007488559931516647
        },
        "3": {
            "x": 0.47979047894477844,
            "y": 0.4737663269042969,
            "z": 0.009200199507176876
        },
        "4": {
            "x": 0.5096908211708069,
            "y": 0.43310099840164185,
            "z": 0.011432677507400513
        },
        "5": {
            "x": 0.47938603162765503,
            "y": 0.5188315510749817,
            "z": -0.060495808720588684
        },
        "6": {
            "x": 0.48766523599624634,
            "y": 0.38587698340415955,
            "z": -0.06376083940267563
        },
        "7": {
            "x": 0.5088142156600952,
            "y": 0.40599149465560913,
            "z": -0.04700309410691261
        },
        "8": {
            "x": 0.524814784526825,
            "y": 0.4343186020851135,
            "z": -0.0325101837515831
        },
        "9": {
            "x": 0.5362769365310669,
            "y": 0.5034763813018799,
            "z": -0.06591881811618805
        },
        "10": {
            "x": 0.535148024559021,
            "y": 0.35507911443710327,
            "z": -0.0735228881239891
        },
        "11": {
            "x": 0.544212818145752,
            "y": 0.33345574140548706,
            "z": -0.06655868887901306
        },
        "12": {
            "x": 0.5496492385864258,
            "y": 0.3229520320892334,
            "z": -0.060705751180648804
        },
        "13": {
            "x": 0.5878759622573853,
            "y": 0.5034681558609009,
            "z": -0.06501666456460953
        },
        "14": {
            "x": 0.5907795429229736,
            "y": 0.35163602232933044,
            "z": -0.0794089064002037
        },
        "15": {
            "x": 0.6044484972953796,
            "y": 0.2867238521575928,
            "z": -0.09091302752494812
        },
        "16": {
            "x": 0.6150959730148315,
            "y": 0.24243029952049255,
            "z": -0.09865382313728333
        },
        "17": {
            "x": 0.6293151378631592,
            "y": 0.5143438577651978,
            "z": -0.0581076443195343
        },
        "18": {
            "x": 0.6670827865600586,
            "y": 0.40777525305747986,
            "z": -0.07414627075195312
        },
        "19": {
            "x": 0.7001681327819824,
            "y": 0.36512643098831177,
            "z": -0.08233358711004257
        },
        "20": {
            "x": 0.7272182703018188,
            "y": 0.3339869976043701,
            "z": -0.08738239854574203
        }
    }
}