{
    "Й": {
        "0": {
            "x": 0.5668331384658813,
            "y": 0.8188427090644836,
            "z": 2.839717296865274e-07
        },
        "1": {
            "x": 0.531776487827301,
            "y": 0.7186781167984009,
            "z": 0.025509707629680634
        },
        "2": {
            "x": 0.5300737619400024,
            "y": 0.6252055168151855,
            "z": 0.022670116275548935
        },
        "3": {
            "x": 0.5622162222862244,
            "y": 0.5671635866165161,
            "z": 0.014483842067420483
        },
        "4": {
            "x": 0.6017070412635803,
            "y": 0.5447745323181152,
            "z": 0.005871010012924671
        },
        "5": {
            "x": 0.5065733194351196,
            "y": 0.5978657603263855,
            "z": -0.004524832125753164
        },
        "6": {
            "x": 0.5441313982009888,
            "y": 0.4827868938446045,
            "z": -0.017099328339099884
        },
        "7": {
            "x": 0.573653519153595,
            "y": 0.4662949740886688,
            "z": -0.02236132323741913
        },
        "8": {
            "x": 0.5886949300765991,
            "y": 0.47124046087265015,
            "z": -0.0248945951461792
        },
        "9": {
            "x": 0.5430091023445129,
            "y": 0.6117708683013916,
            "z": -0.027725571766495705
        },
        "10": {
            "x": 0.5769758224487305,
            "y": 0.4868164658546448,
            "z": -0.041695885360240936
        },
        "11": {
            "x": 0.6056421399116516,
            "y": 0.4640071392059326,
            "z": -0.0484418086707592
        },
        "12": {
            "x": 0.6198029518127441,
            "y": 0.4631451368331909,
            "z": -0.05055704340338707
        },
        "13": {
            "x": 0.5873347520828247,
            "y": 0.6352426409721375,
            "z": -0.04826108738780022
        },
        "14": {
            "x": 0.6212726831436157,
            "y": 0.5082428455352783,
            "z": -0.0597740076482296
        },
        "15": {
            "x": 0.6512377858161926,
            "y": 0.42827025055885315,
            "z": -0.06996487081050873
        },
        "16": {
            "x": 0.6691707372665405,
            "y": 0.36693301796913147,
            "z": -0.07753212749958038
        },
        "17": {
            "x": 0.6406829357147217,
            "y": 0.6623941659927368,
            "z": -0.0646715760231018
        },
        "18": {
            "x": 0.6757246255874634,
            "y": 0.58397376537323,
            "z": -0.06995358318090439
        },
        "19": {
            "x": 0.6946893930435181,
            "y": 0.5356911420822144,
            "z": -0.06942903995513916
        },
        "20": {
            "x": 0.7042229771614075,
            "y": 0.4942460060119629,
            "z": -0.06996718049049377
        }
    }
}