{
    "Й": {
        "0": {
            "x": 0.5495449900627136,
            "y": 0.8523188233375549,
            "z": 5.931537998549175e-07
        },
        "1": {
            "x": 0.6257302761077881,
            "y": 0.7829276919364929,
            "z": 0.027533097192645073
        },
        "2": {
            "x": 0.644534170627594,
            "y": 0.7093768119812012,
            "z": 0.032732438296079636
        },
        "3": {
            "x": 0.6261266469955444,
            "y": 0.6417691707611084,
            "z": 0.03448643162846565
        },
        "4": {
            "x": 0.6016800403594971,
            "y": 0.59934401512146,
            "z": 0.0347505658864975
        },
        "5": {
            "x": 0.6441514492034912,
            "y": 0.6570650339126587,
            "z": -0.026127351447939873
        },
        "6": {
            "x": 0.6950938105583191,
            "y": 0.5597742795944214,
            "z": -0.04491141811013222
        },
        "7": {
            "x": 0.7253903150558472,
            "y": 0.4946066737174988,
            "z": -0.05192225053906441
        },
        "8": {
            "x": 0.7456710934638977,
            "y": 0.44530996680259705,
            "z": -0.05327066406607628
        },
        "9": {
            "x": 0.5977867841720581,
            "y": 0.6315233707427979,
            "z": -0.04175649583339691
        },
        "10": {
            "x": 0.6175979375839233,
            "y": 0.47837692499160767,
            "z": -0.058071766048669815
        },
        "11": {
            "x": 0.6273507475852966,
            "y": 0.39387011528015137,
            "z": -0.05488000810146332
        },
        "12": {
            "x": 0.6274611949920654,
            "y": 0.33788371086120605,
            "z": -0.051107823848724365
        },
        "13": {
            "x": 0.5440235137939453,
            "y": 0.6211891174316406,
            "z": -0.05138562247157097
        },
        "14": {
            "x": 0.540461540222168,
            "y": 0.47720491886138916,
            "z": -0.05902007967233658
        },
        "15": {
            "x": 0.5490738749504089,
            "y": 0.5013922452926636,
            "z": -0.038057729601860046
        },
        "16": {
            "x": 0.5533084869384766,
            "y": 0.5440624356269836,
            "z": -0.01922132447361946
        },
        "17": {
            "x": 0.4914405345916748,
            "y": 0.6279423236846924,
            "z": -0.05814535915851593
        },
        "18": {
            "x": 0.4851722717285156,
            "y": 0.5101037621498108,
            "z": -0.05827445909380913
        },
        "19": {
            "x": 0.49504536390304565,
            "y": 0.516749382019043,
            "z": -0.03806842863559723
        },
        "20": {
            "x": 0.5051531195640564,
            "y": 0.5443838834762573,
            "z": -0.01904754340648651
        }
    }
}