{
    "Й": {
        "0": {
            "x": 0.5621999502182007,
            "y": 0.8129733204841614,
            "z": 4.460606817247026e-07
        },
        "1": {
            "x": 0.6284876465797424,
            "y": 0.7627036571502686,
            "z": 0.03045734390616417
        },
        "2": {
            "x": 0.6540420651435852,
            "y": 0.695001482963562,
            "z": 0.03659801557660103
        },
        "3": {
            "x": 0.6594586968421936,
            "y": 0.623864471912384,
            "z": 0.03854956850409508
        },
        "4": {
            "x": 0.6583651900291443,
            "y": 0.5752246975898743,
            "z": 0.038795407861471176
        },
        "5": {
            "x": 0.6552429795265198,
            "y": 0.6463333368301392,
            "z": -0.019203750416636467
        },
        "6": {
            "x": 0.6958776712417603,
            "y": 0.5385667681694031,
            "z": -0.02629128098487854
        },
        "7": {
            "x": 0.7180640697479248,
            "y": 0.48136982321739197,
            "z": -0.02170298993587494
        },
        "8": {
            "x": 0.7306540012359619,
            "y": 0.440756231546402,
            "z": -0.01548339705914259
        },
        "9": {
            "x": 0.6152213215827942,
            "y": 0.6179094314575195,
            "z": -0.035984642803668976
        },
        "10": {
            "x": 0.6407839059829712,
            "y": 0.4755445420742035,
            "z": -0.04725096374750137
        },
        "11": {
            "x": 0.6522530317306519,
            "y": 0.4026549756526947,
            "z": -0.03997228667140007
        },
        "12": {
            "x": 0.6539364457130432,
            "y": 0.35863810777664185,
            "z": -0.032120250165462494
        },
        "13": {
            "x": 0.5663312673568726,
            "y": 0.6019104719161987,
            "z": -0.04639384523034096
        },
        "14": {
            "x": 0.5642009973526001,
            "y": 0.4707752466201782,
            "z": -0.0507071316242218
        },
        "15": {
            "x": 0.572608232498169,
            "y": 0.4811446964740753,
            "z": -0.033023253083229065
        },
        "16": {
            "x": 0.5776804089546204,
            "y": 0.5138823986053467,
            "z": -0.01752239279448986
        },
        "17": {
            "x": 0.516907811164856,
            "y": 0.6018151044845581,
            "z": -0.05324471369385719
        },
        "18": {
            "x": 0.51518315076828,
            "y": 0.4976224899291992,
            "z": -0.050821829587221146
        },
        "19": {
            "x": 0.5267577767372131,
            "y": 0.49914124608039856,
            "z": -0.033180251717567444
        },
        "20": {
            "x": 0.5386036038398743,
            "y": 0.5235772132873535,
            "z": -0.017017772421240807
        }
    }
}