{
    "Й": {
        "0": {
            "x": 0.5566657185554504,
            "y": 0.7958410978317261,
            "z": 6.964060617065115e-07
        },
        "1": {
            "x": 0.6306205987930298,
            "y": 0.7342416048049927,
            "z": 0.025737861171364784
        },
        "2": {
            "x": 0.6467771530151367,
            "y": 0.6668087244033813,
            "z": 0.03033098578453064
        },
        "3": {
            "x": 0.6336430311203003,
            "y": 0.6036299467086792,
            "z": 0.03255864232778549
        },
        "4": {
            "x": 0.6146522760391235,
            "y": 0.56157386302948,
            "z": 0.03364848718047142
        },
        "5": {
            "x": 0.6391541361808777,
            "y": 0.6123086810112,
            "z": -0.02347651682794094
        },
        "6": {
            "x": 0.6895136833190918,
            "y": 0.5268826484680176,
            "z": -0.03570406883955002
        },
        "7": {
            "x": 0.7181010842323303,
            "y": 0.47621798515319824,
            "z": -0.03656716272234917
        },
        "8": {
            "x": 0.7366160750389099,
            "y": 0.4394698739051819,
            "z": -0.03239944577217102
        },
        "9": {
            "x": 0.5904202461242676,
            "y": 0.5883487462997437,
            "z": -0.03525959700345993
        },
        "10": {
            "x": 0.6212598085403442,
            "y": 0.4568793475627899,
            "z": -0.04983755201101303
        },
        "11": {
            "x": 0.6452664136886597,
            "y": 0.3840060234069824,
            "z": -0.04264705628156662
        },
        "12": {
            "x": 0.6559476852416992,
            "y": 0.33563366532325745,
            "z": -0.0334293507039547
        },
        "13": {
            "x": 0.540469765663147,
            "y": 0.5805742144584656,
            "z": -0.0409715436398983
        },
        "14": {
            "x": 0.5378942489624023,
            "y": 0.46513238549232483,
            "z": -0.046553224325180054
        },
        "15": {
            "x": 0.5535917282104492,
            "y": 0.47971948981285095,
            "z": -0.027809979394078255
        },
        "16": {
            "x": 0.5621684193611145,
            "y": 0.5123583078384399,
            "z": -0.009042523801326752
        },
        "17": {
            "x": 0.49725624918937683,
            "y": 0.5918537378311157,
            "z": -0.043360624462366104
        },
        "18": {
            "x": 0.49705663323402405,
            "y": 0.49283474683761597,
            "z": -0.03525702282786369
        },
        "19": {
            "x": 0.5115962028503418,
            "y": 0.49627286195755005,
            "z": -0.010826756246387959
        },
        "20": {
            "x": 0.5232449769973755,
            "y": 0.5193948745727539,
            "z": 0.010842490009963512
        }
    }
}