{
    "Й": {
        "0": {
            "x": 0.329595148563385,
            "y": 0.6236026287078857,
            "z": -1.432958924851846e-07
        },
        "1": {
            "x": 0.4082911014556885,
            "y": 0.5876893997192383,
            "z": -0.00634429045021534
        },
        "2": {
            "x": 0.47602009773254395,
            "y": 0.5227837562561035,
            "z": -0.017599331215023994
        },
        "3": {
            "x": 0.5249923467636108,
            "y": 0.476402223110199,
            "z": -0.03503800183534622
        },
        "4": {
            "x": 0.5440831780433655,
            "y": 0.4322056770324707,
            "z": -0.048440948128700256
        },
        "5": {
            "x": 0.42431557178497314,
            "y": 0.3862805664539337,
            "z": 0.01857191137969494
        },
        "6": {
            "x": 0.4693988263607025,
            "y": 0.30838194489479065,
            "z": -0.01700761169195175
        },
        "7": {
            "x": 0.4974537193775177,
            "y": 0.35728517174720764,
            "z": -0.047371454536914825
        },
        "8": {
            "x": 0.510204553604126,
            "y": 0.41626545786857605,
            "z": -0.06197081878781319
        },
        "9": {
            "x": 0.39492082595825195,
            "y": 0.36162424087524414,
            "z": -0.0004195765359327197
        },
        "10": {
            "x": 0.45484840869903564,
            "y": 0.2812756299972534,
            "z": -0.05147745460271835
        },
        "11": {
            "x": 0.4865915775299072,
            "y": 0.34050872921943665,
            "z": -0.07967672497034073
        },
        "12": {
            "x": 0.5024221539497375,
            "y": 0.40061551332473755,
            "z": -0.08293001353740692
        },
        "13": {
            "x": 0.35837143659591675,
            "y": 0.3463616669178009,
            "z": -0.02640881948173046
        },
        "14": {
            "x": 0.38871684670448303,
            "y": 0.22406354546546936,
            "z": -0.06035798788070679
        },
        "15": {
            "x": 0.42195796966552734,
            "y": 0.15207409858703613,
            "z": -0.08010614663362503
        },
        "16": {
            "x": 0.4474416971206665,
            "y": 0.09300634264945984,
            "z": -0.08520908653736115
        },
        "17": {
            "x": 0.31914088129997253,
            "y": 0.3462376296520233,
            "z": -0.05348982661962509
        },
        "18": {
            "x": 0.31423118710517883,
            "y": 0.24129799008369446,
            "z": -0.06647593528032303
        },
        "19": {
            "x": 0.3138798177242279,
            "y": 0.17467154562473297,
            "z": -0.06705743819475174
        },
        "20": {
            "x": 0.31475400924682617,
            "y": 0.11247760057449341,
            "z": -0.06517311930656433
        }
    }
}