{
    "Й": {
        "0": {
            "x": 0.2775922119617462,
            "y": 0.5813511610031128,
            "z": -3.748967856154195e-07
        },
        "1": {
            "x": 0.20582880079746246,
            "y": 0.5110505819320679,
            "z": 0.04139446094632149
        },
        "2": {
            "x": 0.18165771663188934,
            "y": 0.42141979932785034,
            "z": 0.05178095027804375
        },
        "3": {
            "x": 0.19609689712524414,
            "y": 0.3458022475242615,
            "z": 0.055767275393009186
        },
        "4": {
            "x": 0.23395727574825287,
            "y": 0.30882808566093445,
            "z": 0.060166679322719574
        },
        "5": {
            "x": 0.16322912275791168,
            "y": 0.37337103486061096,
            "z": 0.012220376171171665
        },
        "6": {
            "x": 0.18013712763786316,
            "y": 0.25451868772506714,
            "z": 0.013781310990452766
        },
        "7": {
            "x": 0.20777109265327454,
            "y": 0.2792952358722687,
            "z": 0.02390439249575138
        },
        "8": {
            "x": 0.21643325686454773,
            "y": 0.31796425580978394,
            "z": 0.03197618946433067
        },
        "9": {
            "x": 0.21410472691059113,
            "y": 0.35455942153930664,
            "z": -0.012674937024712563
        },
        "10": {
            "x": 0.2166818082332611,
            "y": 0.22174625098705292,
            "z": -0.018299276009202003
        },
        "11": {
            "x": 0.23951107263565063,
            "y": 0.24055355787277222,
            "z": -0.017318235710263252
        },
        "12": {
            "x": 0.24824030697345734,
            "y": 0.2748373746871948,
            "z": -0.012228847481310368
        },
        "13": {
            "x": 0.27156832814216614,
            "y": 0.3499029874801636,
            "z": -0.0335833914577961
        },
        "14": {
            "x": 0.27086541056632996,
            "y": 0.20061857998371124,
            "z": -0.042337071150541306
        },
        "15": {
            "x": 0.28171229362487793,
            "y": 0.12449587881565094,
            "z": -0.05639259144663811
        },
        "16": {
            "x": 0.2821085453033447,
            "y": 0.0679275393486023,
            "z": -0.06629718095064163
        },
        "17": {
            "x": 0.3296228051185608,
            "y": 0.35510870814323425,
            "z": -0.04718540981411934
        },
        "18": {
            "x": 0.3609701097011566,
            "y": 0.243767648935318,
            "z": -0.05502733588218689
        },
        "19": {
            "x": 0.3880820870399475,
            "y": 0.18169790506362915,
            "z": -0.0611780509352684
        },
        "20": {
            "x": 0.4014529585838318,
            "y": 0.1276557743549347,
            "z": -0.06667771190404892
        }
    }
}