{
    "У": {
        "0": {
            "x": 0.4131721258163452,
            "y": 0.7230355739593506,
            "z": -5.450337994261645e-07
        },
        "1": {
            "x": 0.4990054666996002,
            "y": 0.7064523696899414,
            "z": -0.0185573548078537
        },
        "2": {
            "x": 0.5739244818687439,
            "y": 0.6506964564323425,
            "z": -0.020687812939286232
        },
        "3": {
            "x": 0.6126219034194946,
            "y": 0.5893787741661072,
            "z": -0.025623323395848274
        },
        "4": {
            "x": 0.6268576979637146,
            "y": 0.5319756269454956,
            "z": -0.024677643552422523
        },
        "5": {
            "x": 0.5325884819030762,
            "y": 0.5186200141906738,
            "z": 0.006413147319108248
        },
        "6": {
            "x": 0.5584417581558228,
            "y": 0.4714272618293762,
            "z": -0.024481240659952164
        },
        "7": {
            "x": 0.5394678711891174,
            "y": 0.5446755886077881,
            "z": -0.036833394318819046
        },
        "8": {
            "x": 0.5186477303504944,
            "y": 0.5938705205917358,
            "z": -0.03499456122517586
        },
        "9": {
            "x": 0.49262747168540955,
            "y": 0.49890434741973877,
            "z": 0.0032163953874260187
        },
        "10": {
            "x": 0.5202972888946533,
            "y": 0.4497806131839752,
            "z": -0.038313329219818115
        },
        "11": {
            "x": 0.4990517795085907,
            "y": 0.5376557111740112,
            "z": -0.05201265588402748
        },
        "12": {
            "x": 0.4768125116825104,
            "y": 0.5885354280471802,
            "z": -0.04711456596851349
        },
        "13": {
            "x": 0.45064520835876465,
            "y": 0.4885985255241394,
            "z": -0.006122242193669081
        },
        "14": {
            "x": 0.47305411100387573,
            "y": 0.44467711448669434,
            "z": -0.04939163103699684
        },
        "15": {
            "x": 0.45631974935531616,
            "y": 0.5288641452789307,
            "z": -0.05006776750087738
        },
        "16": {
            "x": 0.4381031095981598,
            "y": 0.5802226662635803,
            "z": -0.033922601491212845
        },
        "17": {
            "x": 0.4047577977180481,
            "y": 0.4833323061466217,
            "z": -0.016536783427000046
        },
        "18": {
            "x": 0.41561275720596313,
            "y": 0.38983428478240967,
            "z": -0.03933355584740639
        },
        "19": {
            "x": 0.4339393675327301,
            "y": 0.3409702777862549,
            "z": -0.04142957180738449
        },
        "20": {
            "x": 0.4528975188732147,
            "y": 0.2947719693183899,
            "z": -0.03486963361501694
        }
    }
}