{
    "У": {
        "0": {
            "x": 0.3484165370464325,
            "y": 0.7739038467407227,
            "z": -5.227163910603849e-07
        },
        "1": {
            "x": 0.4258066415786743,
            "y": 0.7115808129310608,
            "z": -0.031024523079395294
        },
        "2": {
            "x": 0.49186378717422485,
            "y": 0.6140893697738647,
            "z": -0.039987191557884216
        },
        "3": {
            "x": 0.528076171875,
            "y": 0.5235822200775146,
            "z": -0.05000327527523041
        },
        "4": {
            "x": 0.5245861411094666,
            "y": 0.4565734565258026,
            "z": -0.05134550482034683
        },
        "5": {
            "x": 0.4205057621002197,
            "y": 0.5061762928962708,
            "z": -0.004780998919159174
        },
        "6": {
            "x": 0.4121195673942566,
            "y": 0.45006847381591797,
            "z": -0.04194050654768944
        },
        "7": {
            "x": 0.41510939598083496,
            "y": 0.5331631898880005,
            "z": -0.055853430181741714
        },
        "8": {
            "x": 0.4205167889595032,
            "y": 0.5695676803588867,
            "z": -0.05434175580739975
        },
        "9": {
            "x": 0.36825916171073914,
            "y": 0.5078913569450378,
            "z": -0.0028587745036929846
        },
        "10": {
            "x": 0.36337485909461975,
            "y": 0.46568411588668823,
            "z": -0.04297926649451256
        },
        "11": {
            "x": 0.3733097016811371,
            "y": 0.560548722743988,
            "z": -0.04935689643025398
        },
        "12": {
            "x": 0.38202348351478577,
            "y": 0.5883815288543701,
            "z": -0.04210509732365608
        },
        "13": {
            "x": 0.3194063901901245,
            "y": 0.5201877355575562,
            "z": -0.00918323453515768
        },
        "14": {
            "x": 0.3153110444545746,
            "y": 0.48016995191574097,
            "z": -0.05232413858175278
        },
        "15": {
            "x": 0.3290485739707947,
            "y": 0.5687435269355774,
            "z": -0.04695098102092743
        },
        "16": {
            "x": 0.3387860059738159,
            "y": 0.6082920432090759,
            "z": -0.029057824984192848
        },
        "17": {
            "x": 0.2716000974178314,
            "y": 0.5372838973999023,
            "z": -0.018129931762814522
        },
        "18": {
            "x": 0.24975869059562683,
            "y": 0.45681095123291016,
            "z": -0.035754330456256866
        },
        "19": {
            "x": 0.23915044963359833,
            "y": 0.41262710094451904,
            "z": -0.03131766989827156
        },
        "20": {
            "x": 0.23160730302333832,
            "y": 0.36091604828834534,
            "z": -0.02119319513440132
        }
    }
}