{
    "У": {
        "0": {
            "x": 0.1883663833141327,
            "y": 0.4797864556312561,
            "z": -5.203853561397409e-07
        },
        "1": {
            "x": 0.27340227365493774,
            "y": 0.4666699767112732,
            "z": -0.0211276113986969
        },
        "2": {
            "x": 0.35269129276275635,
            "y": 0.43027615547180176,
            "z": -0.027549071237444878
        },
        "3": {
            "x": 0.39678430557250977,
            "y": 0.37740495800971985,
            "z": -0.03706934303045273
        },
        "4": {
            "x": 0.4214523434638977,
            "y": 0.33246830105781555,
            "z": -0.04024691507220268
        },
        "5": {
            "x": 0.31688371300697327,
            "y": 0.29754769802093506,
            "z": 0.0031032846309244633
        },
        "6": {
            "x": 0.3307705521583557,
            "y": 0.23584073781967163,
            "z": -0.030945710837841034
        },
        "7": {
            "x": 0.315474271774292,
            "y": 0.3051736652851105,
            "z": -0.044372886419296265
        },
        "8": {
            "x": 0.3062269389629364,
            "y": 0.3513205647468567,
            "z": -0.04289877042174339
        },
        "9": {
            "x": 0.2735862731933594,
            "y": 0.27446475625038147,
            "z": 0.0009275294141843915
        },
        "10": {
            "x": 0.2872011661529541,
            "y": 0.21998605132102966,
            "z": -0.04137921705842018
        },
        "11": {
            "x": 0.2705347239971161,
            "y": 0.30662956833839417,
            "z": -0.05319231376051903
        },
        "12": {
            "x": 0.2610425055027008,
            "y": 0.349993497133255,
            "z": -0.04784407094120979
        },
        "13": {
            "x": 0.23100018501281738,
            "y": 0.26182231307029724,
            "z": -0.0076973033137619495
        },
        "14": {
            "x": 0.24427638947963715,
            "y": 0.20734457671642303,
            "z": -0.05015949159860611
        },
        "15": {
            "x": 0.23265939950942993,
            "y": 0.29360273480415344,
            "z": -0.04771415889263153
        },
        "16": {
            "x": 0.2245243787765503,
            "y": 0.3439042866230011,
            "z": -0.03061729110777378
        },
        "17": {
            "x": 0.18636131286621094,
            "y": 0.25601324439048767,
            "z": -0.018044039607048035
        },
        "18": {
            "x": 0.1896546483039856,
            "y": 0.16966749727725983,
            "z": -0.03734799847006798
        },
        "19": {
            "x": 0.19990870356559753,
            "y": 0.12429264187812805,
            "z": -0.03621610999107361
        },
        "20": {
            "x": 0.2132008671760559,
            "y": 0.07529237866401672,
            "z": -0.027939630672335625
        }
    }
}