{
    "У": {
        "0": {
            "x": 0.6399896144866943,
            "y": 0.557645320892334,
            "z": -5.525368464986968e-07
        },
        "1": {
            "x": 0.7230477929115295,
            "y": 0.532256543636322,
            "z": -0.019567403942346573
        },
        "2": {
            "x": 0.7848826050758362,
            "y": 0.44717031717300415,
            "z": -0.02018524520099163
        },
        "3": {
            "x": 0.8113730549812317,
            "y": 0.36739423871040344,
            "z": -0.023749936372041702
        },
        "4": {
            "x": 0.8281888961791992,
            "y": 0.30455416440963745,
            "z": -0.02010863460600376
        },
        "5": {
            "x": 0.7160069346427917,
            "y": 0.3223295509815216,
            "z": 0.007535608485341072
        },
        "6": {
            "x": 0.7377505898475647,
            "y": 0.2616004943847656,
            "z": -0.020434631034731865
        },
        "7": {
            "x": 0.7410573363304138,
            "y": 0.3419993817806244,
            "z": -0.023104576393961906
        },
        "8": {
            "x": 0.7332208156585693,
            "y": 0.402505099773407,
            "z": -0.013036910444498062
        },
        "9": {
            "x": 0.6775026321411133,
            "y": 0.31505393981933594,
            "z": 0.0061307987198233604
        },
        "10": {
            "x": 0.710189700126648,
            "y": 0.26854270696640015,
            "z": -0.0375799722969532
        },
        "11": {
            "x": 0.7071111798286438,
            "y": 0.3672601580619812,
            "z": -0.048384394496679306
        },
        "12": {
            "x": 0.6867019534111023,
            "y": 0.4181857109069824,
            "z": -0.039897140115499496
        },
        "13": {
            "x": 0.6348132491111755,
            "y": 0.3136597275733948,
            "z": -0.0013446059310808778
        },
        "14": {
            "x": 0.6637120246887207,
            "y": 0.2632508873939514,
            "z": -0.05070482939481735
        },
        "15": {
            "x": 0.6636909246444702,
            "y": 0.3645422160625458,
            "z": -0.050410959869623184
        },
        "16": {
            "x": 0.6458479762077332,
            "y": 0.4215717613697052,
            "z": -0.03141762316226959
        },
        "17": {
            "x": 0.5856246948242188,
            "y": 0.3165334165096283,
            "z": -0.009051581844687462
        },
        "18": {
            "x": 0.5838688015937805,
            "y": 0.2185966819524765,
            "z": -0.036360401660203934
        },
        "19": {
            "x": 0.6051719188690186,
            "y": 0.1728421151638031,
            "z": -0.03840312361717224
        },
        "20": {
            "x": 0.6264712810516357,
            "y": 0.12584537267684937,
            "z": -0.030124852433800697
        }
    }
}