{
    "У": {
        "0": {
            "x": 0.45315492153167725,
            "y": 0.9218913316726685,
            "z": -6.938770980013942e-07
        },
        "1": {
            "x": 0.5475587844848633,
            "y": 0.8607584834098816,
            "z": -0.018521564081311226
        },
        "2": {
            "x": 0.6165212988853455,
            "y": 0.7380664348602295,
            "z": -0.019087238237261772
        },
        "3": {
            "x": 0.6447418332099915,
            "y": 0.64352947473526,
            "z": -0.022249208763241768
        },
        "4": {
            "x": 0.6652693748474121,
            "y": 0.5764719843864441,
            "z": -0.01784958317875862
        },
        "5": {
            "x": 0.525122880935669,
            "y": 0.6007521152496338,
            "z": 0.01723678782582283
        },
        "6": {
            "x": 0.5711978077888489,
            "y": 0.5796051025390625,
            "z": -0.009014224633574486
        },
        "7": {
            "x": 0.5626384019851685,
            "y": 0.6756435036659241,
            "z": -0.020157858729362488
        },
        "8": {
            "x": 0.5419177412986755,
            "y": 0.7063024044036865,
            "z": -0.022326022386550903
        },
        "9": {
            "x": 0.4748745262622833,
            "y": 0.5903617739677429,
            "z": 0.01310389768332243
        },
        "10": {
            "x": 0.5278812050819397,
            "y": 0.5908110737800598,
            "z": -0.017052242532372475
        },
        "11": {
            "x": 0.5213490724563599,
            "y": 0.7025827765464783,
            "z": -0.024051319807767868
        },
        "12": {
            "x": 0.49882474541664124,
            "y": 0.7281972169876099,
            "z": -0.02005600929260254
        },
        "13": {
            "x": 0.42813265323638916,
            "y": 0.6018958687782288,
            "z": 0.0022142829839140177
        },
        "14": {
            "x": 0.47547879815101624,
            "y": 0.593201220035553,
            "z": -0.037577178329229355
        },
        "15": {
            "x": 0.4781658947467804,
            "y": 0.7025893926620483,
            "z": -0.03020540624856949
        },
        "16": {
            "x": 0.4607308506965637,
            "y": 0.7436500191688538,
            "z": -0.012644370086491108
        },
        "17": {
            "x": 0.3825291395187378,
            "y": 0.6242029666900635,
            "z": -0.00999954529106617
        },
        "18": {
            "x": 0.39692115783691406,
            "y": 0.5614476203918457,
            "z": -0.031909603625535965
        },
        "19": {
            "x": 0.4089415371417999,
            "y": 0.5787093639373779,
            "z": -0.02282344363629818
        },
        "20": {
            "x": 0.4100518822669983,
            "y": 0.5848707556724548,
            "z": -0.007880023680627346
        }
    }
}