{
    "У": {
        "0": {
            "x": 0.6406158804893494,
            "y": 0.834496021270752,
            "z": -7.374086408162839e-07
        },
        "1": {
            "x": 0.7311405539512634,
            "y": 0.7860647439956665,
            "z": -0.02479211986064911
        },
        "2": {
            "x": 0.7902302742004395,
            "y": 0.667393684387207,
            "z": -0.029429564252495766
        },
        "3": {
            "x": 0.816107988357544,
            "y": 0.5716534852981567,
            "z": -0.03534307703375816
        },
        "4": {
            "x": 0.8468382954597473,
            "y": 0.5034564137458801,
            "z": -0.03339281305670738
        },
        "5": {
            "x": 0.7180309891700745,
            "y": 0.5381817817687988,
            "z": -0.011268250644207
        },
        "6": {
            "x": 0.7708603143692017,
            "y": 0.4981498718261719,
            "z": -0.037898581475019455
        },
        "7": {
            "x": 0.7581804394721985,
            "y": 0.5994107127189636,
            "z": -0.0361892469227314
        },
        "8": {
            "x": 0.7341350317001343,
            "y": 0.6382670402526855,
            "z": -0.027009695768356323
        },
        "9": {
            "x": 0.672132670879364,
            "y": 0.532577633857727,
            "z": -0.01132480800151825
        },
        "10": {
            "x": 0.7287904024124146,
            "y": 0.5179032683372498,
            "z": -0.050484009087085724
        },
        "11": {
            "x": 0.7150265574455261,
            "y": 0.6342827081680298,
            "z": -0.05304485186934471
        },
        "12": {
            "x": 0.6899407505989075,
            "y": 0.6702724099159241,
            "z": -0.04317918419837952
        },
        "13": {
            "x": 0.6300065517425537,
            "y": 0.5436307787895203,
            "z": -0.01635679602622986
        },
        "14": {
            "x": 0.6778548955917358,
            "y": 0.5154440402984619,
            "z": -0.06432779133319855
        },
        "15": {
            "x": 0.6798911094665527,
            "y": 0.6326358914375305,
            "z": -0.05626554414629936
        },
        "16": {
            "x": 0.6670148968696594,
            "y": 0.693503737449646,
            "z": -0.034464020282030106
        },
        "17": {
            "x": 0.5862128734588623,
            "y": 0.5587324500083923,
            "z": -0.022083714604377747
        },
        "18": {
            "x": 0.5924673676490784,
            "y": 0.46128612756729126,
            "z": -0.051579058170318604
        },
        "19": {
            "x": 0.6296622157096863,
            "y": 0.4288410246372223,
            "z": -0.04969187080860138
        },
        "20": {
            "x": 0.6671552062034607,
            "y": 0.40192288160324097,
            "z": -0.03829439729452133
        }
    }
}