{
    "У": {
        "0": {
            "x": 0.4268002510070801,
            "y": 0.7735342383384705,
            "z": -5.911464313612669e-07
        },
        "1": {
            "x": 0.40455418825149536,
            "y": 0.6701083183288574,
            "z": 0.005083127412945032
        },
        "2": {
            "x": 0.40248414874076843,
            "y": 0.5782696604728699,
            "z": 0.002289003459736705
        },
        "3": {
            "x": 0.40750086307525635,
            "y": 0.504912257194519,
            "z": -0.0019781047012656927
        },
        "4": {
            "x": 0.3931029140949249,
            "y": 0.44910651445388794,
            "z": -0.005491322837769985
        },
        "5": {
            "x": 0.4886760413646698,
            "y": 0.5327117443084717,
            "z": 0.007154224440455437
        },
        "6": {
            "x": 0.49815478920936584,
            "y": 0.5676261186599731,
            "z": 0.012025469914078712
        },
        "7": {
            "x": 0.48279911279678345,
            "y": 0.6003595590591431,
            "z": 0.007900646887719631
        },
        "8": {
            "x": 0.4664856791496277,
            "y": 0.6176435351371765,
            "z": 0.0033758138306438923
        },
        "9": {
            "x": 0.5258903503417969,
            "y": 0.562541127204895,
            "z": -0.0004457569448277354
        },
        "10": {
            "x": 0.5283654928207397,
            "y": 0.6010750532150269,
            "z": 0.014274820685386658
        },
        "11": {
            "x": 0.5087578296661377,
            "y": 0.6316131949424744,
            "z": 0.009507548995316029
        },
        "12": {
            "x": 0.4926103353500366,
            "y": 0.6495993137359619,
            "z": -0.0006213911692611873
        },
        "13": {
            "x": 0.5529839396476746,
            "y": 0.6105318069458008,
            "z": -0.00571944797411561
        },
        "14": {
            "x": 0.5565899610519409,
            "y": 0.6279412508010864,
            "z": 0.0010596074862405658
        },
        "15": {
            "x": 0.5344178676605225,
            "y": 0.6590912938117981,
            "z": 0.0012575238943099976
        },
        "16": {
            "x": 0.5162414312362671,
            "y": 0.6765693426132202,
            "z": -0.0024102709721773863
        },
        "17": {
            "x": 0.5712938904762268,
            "y": 0.6679291725158691,
            "z": -0.009744265116751194
        },
        "18": {
            "x": 0.6179196238517761,
            "y": 0.6230922341346741,
            "z": -0.005359331611543894
        },
        "19": {
            "x": 0.6470199823379517,
            "y": 0.6023541688919067,
            "z": 0.003967132419347763
        },
        "20": {
            "x": 0.6705396771430969,
            "y": 0.5841383337974548,
            "z": 0.009971948340535164
        }
    }
}