{
    "У": {
        "0": {
            "x": 0.41646504402160645,
            "y": 0.8010314702987671,
            "z": -5.46238709375757e-07
        },
        "1": {
            "x": 0.36616501212120056,
            "y": 0.7058699131011963,
            "z": 0.005104006268084049
        },
        "2": {
            "x": 0.34387314319610596,
            "y": 0.6160587072372437,
            "z": 0.0016403025947511196
        },
        "3": {
            "x": 0.33014190196990967,
            "y": 0.5379572510719299,
            "z": -0.002188572660088539
        },
        "4": {
            "x": 0.3009335398674011,
            "y": 0.4860475957393646,
            "z": -0.0055630821734666824
        },
        "5": {
            "x": 0.4311598837375641,
            "y": 0.5454303622245789,
            "z": 0.007859001867473125
        },
        "6": {
            "x": 0.4342802166938782,
            "y": 0.5740622878074646,
            "z": 0.019402747973799706
        },
        "7": {
            "x": 0.42421627044677734,
            "y": 0.6136913299560547,
            "z": 0.017513975501060486
        },
        "8": {
            "x": 0.4123983681201935,
            "y": 0.6356289982795715,
            "z": 0.012864642776548862
        },
        "9": {
            "x": 0.47448229789733887,
            "y": 0.565044641494751,
            "z": 0.002918046433478594
        },
        "10": {
            "x": 0.47005531191825867,
            "y": 0.5995060205459595,
            "z": 0.024554690346121788
        },
        "11": {
            "x": 0.45508015155792236,
            "y": 0.6348967552185059,
            "z": 0.018655547872185707
        },
        "12": {
            "x": 0.4451502859592438,
            "y": 0.6571555733680725,
            "z": 0.005329622887074947
        },
        "13": {
            "x": 0.5088553428649902,
            "y": 0.6058621406555176,
            "z": 0.001859139883890748
        },
        "14": {
            "x": 0.5002954602241516,
            "y": 0.6195403337478638,
            "z": 0.016801776364445686
        },
        "15": {
            "x": 0.48241958022117615,
            "y": 0.6552780866622925,
            "z": 0.017133312299847603
        },
        "16": {
            "x": 0.46970367431640625,
            "y": 0.6776565909385681,
            "z": 0.010363738052546978
        },
        "17": {
            "x": 0.5345922112464905,
            "y": 0.6569188833236694,
            "z": 0.002442466327920556
        },
        "18": {
            "x": 0.569459855556488,
            "y": 0.6010883450508118,
            "z": 0.013080531731247902
        },
        "19": {
            "x": 0.5913776159286499,
            "y": 0.571182131767273,
            "z": 0.024377360939979553
        },
        "20": {
            "x": 0.6085348129272461,
            "y": 0.5415431261062622,
            "z": 0.029856504872441292
        }
    }
}