{
    "У": {
        "0": {
            "x": 0.41665178537368774,
            "y": 0.7944594621658325,
            "z": -5.822590765092173e-07
        },
        "1": {
            "x": 0.36590123176574707,
            "y": 0.7020699381828308,
            "z": 0.009156942367553711
        },
        "2": {
            "x": 0.3429993689060211,
            "y": 0.6158630847930908,
            "z": 0.008090936578810215
        },
        "3": {
            "x": 0.33074232935905457,
            "y": 0.540622353553772,
            "z": 0.006055030971765518
        },
        "4": {
            "x": 0.30270665884017944,
            "y": 0.4908883571624756,
            "z": 0.0045803687535226345
        },
        "5": {
            "x": 0.424751877784729,
            "y": 0.5448522567749023,
            "z": 0.008180387318134308
        },
        "6": {
            "x": 0.43744298815727234,
            "y": 0.5740388631820679,
            "z": 0.02248169668018818
        },
        "7": {
            "x": 0.42861589789390564,
            "y": 0.6142643094062805,
            "z": 0.02524278685450554
        },
        "8": {
            "x": 0.415018230676651,
            "y": 0.6388013958930969,
            "z": 0.023703068494796753
        },
        "9": {
            "x": 0.4671888053417206,
            "y": 0.560359537601471,
            "z": 0.0017805235693231225
        },
        "10": {
            "x": 0.4727468490600586,
            "y": 0.5958135724067688,
            "z": 0.025335732847452164
        },
        "11": {
            "x": 0.45816570520401,
            "y": 0.6327885985374451,
            "z": 0.022866088896989822
        },
        "12": {
            "x": 0.44654858112335205,
            "y": 0.6553767919540405,
            "z": 0.011591512709856033
        },
        "13": {
            "x": 0.50255286693573,
            "y": 0.5981370210647583,
            "z": -0.00039327796548604965
        },
        "14": {
            "x": 0.5027953386306763,
            "y": 0.6143788695335388,
            "z": 0.01535431481897831
        },
        "15": {
            "x": 0.48507267236709595,
            "y": 0.6513237953186035,
            "z": 0.01667322777211666
        },
        "16": {
            "x": 0.470307856798172,
            "y": 0.672926664352417,
            "z": 0.010081586427986622
        },
        "17": {
            "x": 0.5302656888961792,
            "y": 0.6474489569664001,
            "z": -0.0005359460483305156
        },
        "18": {
            "x": 0.5671999454498291,
            "y": 0.5923848748207092,
            "z": 0.008924922905862331
        },
        "19": {
            "x": 0.591179609298706,
            "y": 0.5643755793571472,
            "z": 0.019227394834160805
        },
        "20": {
            "x": 0.6098846793174744,
            "y": 0.5360997319221497,
            "z": 0.023908350616693497
        }
    }
}