{
    "У": {
        "0": {
            "x": 0.1680871993303299,
            "y": 0.441043883562088,
            "z": -4.4321905079414137e-07
        },
        "1": {
            "x": 0.24456322193145752,
            "y": 0.4307798743247986,
            "z": -0.020904311910271645
        },
        "2": {
            "x": 0.3181185722351074,
            "y": 0.40018436312675476,
            "z": -0.02861514873802662
        },
        "3": {
            "x": 0.36438554525375366,
            "y": 0.3579953908920288,
            "z": -0.03938920795917511
        },
        "4": {
            "x": 0.3880620002746582,
            "y": 0.32048702239990234,
            "z": -0.04476477578282356
        },
        "5": {
            "x": 0.28439754247665405,
            "y": 0.2773832082748413,
            "z": 0.0004338459693826735
        },
        "6": {
            "x": 0.29961949586868286,
            "y": 0.22167281806468964,
            "z": -0.03527555987238884
        },
        "7": {
            "x": 0.2879379689693451,
            "y": 0.28813081979751587,
            "z": -0.051203273236751556
        },
        "8": {
            "x": 0.279819130897522,
            "y": 0.3343823552131653,
            "z": -0.05117935314774513
        },
        "9": {
            "x": 0.24331751465797424,
            "y": 0.2550458610057831,
            "z": -0.0013777362182736397
        },
        "10": {
            "x": 0.25574392080307007,
            "y": 0.20996786653995514,
            "z": -0.041611120104789734
        },
        "11": {
            "x": 0.23997320234775543,
            "y": 0.28975364565849304,
            "z": -0.05290674418210983
        },
        "12": {
            "x": 0.2311236709356308,
            "y": 0.3287298083305359,
            "z": -0.04856468364596367
        },
        "13": {
            "x": 0.20194613933563232,
            "y": 0.24497759342193604,
            "z": -0.00963391363620758
        },
        "14": {
            "x": 0.21392056345939636,
            "y": 0.1982121616601944,
            "z": -0.049911707639694214
        },
        "15": {
            "x": 0.2021304965019226,
            "y": 0.27157288789749146,
            "z": -0.048179611563682556
        },
        "16": {
            "x": 0.19542989134788513,
            "y": 0.31222790479660034,
            "z": -0.03297095000743866
        },
        "17": {
            "x": 0.1588800549507141,
            "y": 0.24213069677352905,
            "z": -0.019547874107956886
        },
        "18": {
            "x": 0.1643371284008026,
            "y": 0.16460974514484406,
            "z": -0.037387944757938385
        },
        "19": {
            "x": 0.1746259480714798,
            "y": 0.12499813735485077,
            "z": -0.0358506441116333
        },
        "20": {
            "x": 0.18774700164794922,
            "y": 0.08291883766651154,
            "z": -0.027941344305872917
        }
    }
}