{
    "У": {
        "0": {
            "x": 0.39084598422050476,
            "y": 0.7681206464767456,
            "z": -6.184895937622059e-07
        },
        "1": {
            "x": 0.3601466417312622,
            "y": 0.6837601065635681,
            "z": 0.005662039387971163
        },
        "2": {
            "x": 0.34799453616142273,
            "y": 0.593906044960022,
            "z": 0.0028055584989488125
        },
        "3": {
            "x": 0.34805381298065186,
            "y": 0.5204039812088013,
            "z": -0.0017877850914373994
        },
        "4": {
            "x": 0.3261026442050934,
            "y": 0.4714999198913574,
            "z": -0.0056972382590174675
        },
        "5": {
            "x": 0.40812575817108154,
            "y": 0.5301209092140198,
            "z": -0.0036380428355187178
        },
        "6": {
            "x": 0.44850361347198486,
            "y": 0.5593278408050537,
            "z": -0.003663277719169855
        },
        "7": {
            "x": 0.43749886751174927,
            "y": 0.6006038188934326,
            "z": -0.007278429344296455
        },
        "8": {
            "x": 0.4142374098300934,
            "y": 0.6213484406471252,
            "z": -0.011342347599565983
        },
        "9": {
            "x": 0.4459742605686188,
            "y": 0.546595573425293,
            "z": -0.01341698132455349
        },
        "10": {
            "x": 0.48005586862564087,
            "y": 0.5853086709976196,
            "z": -0.00688928784802556
        },
        "11": {
            "x": 0.46532338857650757,
            "y": 0.6281242966651917,
            "z": -0.009361703880131245
        },
        "12": {
            "x": 0.44546642899513245,
            "y": 0.6479754447937012,
            "z": -0.016046468168497086
        },
        "13": {
            "x": 0.47971320152282715,
            "y": 0.5841584801673889,
            "z": -0.020947212353348732
        },
        "14": {
            "x": 0.5122779607772827,
            "y": 0.6072423458099365,
            "z": -0.020755957812070847
        },
        "15": {
            "x": 0.4959890842437744,
            "y": 0.6479026675224304,
            "z": -0.017437877133488655
        },
        "16": {
            "x": 0.47422555088996887,
            "y": 0.6670112609863281,
            "z": -0.017872516065835953
        },
        "17": {
            "x": 0.5086374878883362,
            "y": 0.6337389349937439,
            "z": -0.02721860632300377
        },
        "18": {
            "x": 0.551035463809967,
            "y": 0.5807369947433472,
            "z": -0.029454100877046585
        },
        "19": {
            "x": 0.5785835981369019,
            "y": 0.5531256794929504,
            "z": -0.022125080227851868
        },
        "20": {
            "x": 0.6015403866767883,
            "y": 0.5254673957824707,
            "z": -0.017070241272449493
        }
    }
}