{
    "У": {
        "0": {
            "x": 0.6200200319290161,
            "y": 0.8791797161102295,
            "z": -3.71078016314641e-07
        },
        "1": {
            "x": 0.569537878036499,
            "y": 0.8255343437194824,
            "z": -0.012462912127375603
        },
        "2": {
            "x": 0.5317448973655701,
            "y": 0.7491672039031982,
            "z": -0.023547668009996414
        },
        "3": {
            "x": 0.5035200119018555,
            "y": 0.698154091835022,
            "z": -0.03679001331329346
        },
        "4": {
            "x": 0.4716912508010864,
            "y": 0.6897405982017517,
            "z": -0.04643068462610245
        },
        "5": {
            "x": 0.6144694685935974,
            "y": 0.6752461791038513,
            "z": -0.005776011385023594
        },
        "6": {
            "x": 0.6304489970207214,
            "y": 0.6012210845947266,
            "z": -0.0290636345744133
        },
        "7": {
            "x": 0.6103475093841553,
            "y": 0.6374481916427612,
            "z": -0.04047347977757454
        },
        "8": {
            "x": 0.5981334447860718,
            "y": 0.6866616606712341,
            "z": -0.04390237107872963
        },
        "9": {
            "x": 0.6487340927124023,
            "y": 0.6874288320541382,
            "z": -0.010569906793534756
        },
        "10": {
            "x": 0.6573277115821838,
            "y": 0.6249276399612427,
            "z": -0.04121091216802597
        },
        "11": {
            "x": 0.6316508650779724,
            "y": 0.6798275709152222,
            "z": -0.047439564019441605
        },
        "12": {
            "x": 0.6224021911621094,
            "y": 0.7308120727539062,
            "z": -0.042649105191230774
        },
        "13": {
            "x": 0.6805866360664368,
            "y": 0.7049659490585327,
            "z": -0.020085293799638748
        },
        "14": {
            "x": 0.7020406126976013,
            "y": 0.6337519884109497,
            "z": -0.04174138605594635
        },
        "15": {
            "x": 0.6823998689651489,
            "y": 0.6369113922119141,
            "z": -0.04364980384707451
        },
        "16": {
            "x": 0.6707238554954529,
            "y": 0.6467542052268982,
            "z": -0.03939864784479141
        },
        "17": {
            "x": 0.707801103591919,
            "y": 0.7287622690200806,
            "z": -0.030895931646227837
        },
        "18": {
            "x": 0.7454319596290588,
            "y": 0.680830180644989,
            "z": -0.04195263236761093
        },
        "19": {
            "x": 0.7669193744659424,
            "y": 0.6495465040206909,
            "z": -0.04632129147648811
        },
        "20": {
            "x": 0.7881082892417908,
            "y": 0.6151908040046692,
            "z": -0.04741775244474411
        }
    }
}