{
    "У": {
        "0": {
            "x": 0.7688794136047363,
            "y": 0.7706706523895264,
            "z": -4.29047133820859e-07
        },
        "1": {
            "x": 0.7164950966835022,
            "y": 0.717688798904419,
            "z": -0.011413762345910072
        },
        "2": {
            "x": 0.6812301278114319,
            "y": 0.6415644288063049,
            "z": -0.018685579299926758
        },
        "3": {
            "x": 0.6522154808044434,
            "y": 0.5863733291625977,
            "z": -0.028671806678175926
        },
        "4": {
            "x": 0.6206858158111572,
            "y": 0.564250111579895,
            "z": -0.03550781309604645
        },
        "5": {
            "x": 0.7496151328086853,
            "y": 0.5795026421546936,
            "z": 0.003816541749984026
        },
        "6": {
            "x": 0.7631208300590515,
            "y": 0.5197858810424805,
            "z": -0.018571587279438972
        },
        "7": {
            "x": 0.7514081597328186,
            "y": 0.5636228322982788,
            "z": -0.032124992460012436
        },
        "8": {
            "x": 0.743882417678833,
            "y": 0.6111891269683838,
            "z": -0.03696482628583908
        },
        "9": {
            "x": 0.7845020294189453,
            "y": 0.5880342721939087,
            "z": -0.00024651773856021464
        },
        "10": {
            "x": 0.7978854179382324,
            "y": 0.5333105325698853,
            "z": -0.029870178550481796
        },
        "11": {
            "x": 0.7810540795326233,
            "y": 0.5861625671386719,
            "z": -0.04105992615222931
        },
        "12": {
            "x": 0.7723236680030823,
            "y": 0.6320959329605103,
            "z": -0.040086474269628525
        },
        "13": {
            "x": 0.8176739811897278,
            "y": 0.5997840166091919,
            "z": -0.008880823850631714
        },
        "14": {
            "x": 0.8393515944480896,
            "y": 0.5357768535614014,
            "z": -0.03139142319560051
        },
        "15": {
            "x": 0.8299098014831543,
            "y": 0.5461210608482361,
            "z": -0.036363743245601654
        },
        "16": {
            "x": 0.8239873051643372,
            "y": 0.557572066783905,
            "z": -0.033296771347522736
        },
        "17": {
            "x": 0.8451948165893555,
            "y": 0.6182094216346741,
            "z": -0.01849868707358837
        },
        "18": {
            "x": 0.8784005045890808,
            "y": 0.5681829452514648,
            "z": -0.029035355895757675
        },
        "19": {
            "x": 0.8975108861923218,
            "y": 0.5382698774337769,
            "z": -0.03262660279870033
        },
        "20": {
            "x": 0.914795994758606,
            "y": 0.504852831363678,
            "z": -0.0328381173312664
        }
    }
}