{
    "У": {
        "0": {
            "x": 0.6304222345352173,
            "y": 0.7858518362045288,
            "z": -4.4173907554068137e-07
        },
        "1": {
            "x": 0.577485203742981,
            "y": 0.7513682842254639,
            "z": -0.013370821252465248
        },
        "2": {
            "x": 0.5381037592887878,
            "y": 0.6890398859977722,
            "z": -0.0234958715736866
        },
        "3": {
            "x": 0.5058934688568115,
            "y": 0.6389855146408081,
            "z": -0.03611592948436737
        },
        "4": {
            "x": 0.47654515504837036,
            "y": 0.62120521068573,
            "z": -0.04472395032644272
        },
        "5": {
            "x": 0.5924292206764221,
            "y": 0.6075379252433777,
            "z": 0.0022131926380097866
        },
        "6": {
            "x": 0.5869151949882507,
            "y": 0.5448419451713562,
            "z": -0.021795935928821564
        },
        "7": {
            "x": 0.5777012705802917,
            "y": 0.5980575084686279,
            "z": -0.036757975816726685
        },
        "8": {
            "x": 0.5772793292999268,
            "y": 0.6477776765823364,
            "z": -0.042676281183958054
        },
        "9": {
            "x": 0.6262028217315674,
            "y": 0.6023851633071899,
            "z": -0.0008293744176626205
        },
        "10": {
            "x": 0.6220510005950928,
            "y": 0.546654999256134,
            "z": -0.030552441254258156
        },
        "11": {
            "x": 0.6093055009841919,
            "y": 0.6080828309059143,
            "z": -0.03975990042090416
        },
        "12": {
            "x": 0.6065937876701355,
            "y": 0.6609569191932678,
            "z": -0.03776394948363304
        },
        "13": {
            "x": 0.660309910774231,
            "y": 0.6052637696266174,
            "z": -0.00891539640724659
        },
        "14": {
            "x": 0.6674162149429321,
            "y": 0.5274112224578857,
            "z": -0.030993180349469185
        },
        "15": {
            "x": 0.6481863260269165,
            "y": 0.5411924719810486,
            "z": -0.03292175382375717
        },
        "16": {
            "x": 0.6352391242980957,
            "y": 0.5611473321914673,
            "z": -0.027899887412786484
        },
        "17": {
            "x": 0.6905983686447144,
            "y": 0.6185953617095947,
            "z": -0.018514646217226982
        },
        "18": {
            "x": 0.7176090478897095,
            "y": 0.5618031024932861,
            "z": -0.029657799750566483
        },
        "19": {
            "x": 0.731046199798584,
            "y": 0.5259677171707153,
            "z": -0.034066662192344666
        },
        "20": {
            "x": 0.7425923347473145,
            "y": 0.48951447010040283,
            "z": -0.03456469997763634
        }
    }
}