{
    "У": {
        "0": {
            "x": 0.7622209191322327,
            "y": 0.6905046701431274,
            "z": -3.013363141235459e-07
        },
        "1": {
            "x": 0.7931413650512695,
            "y": 0.6213938593864441,
            "z": 0.015694430097937584
        },
        "2": {
            "x": 0.8006129860877991,
            "y": 0.5589950084686279,
            "z": 0.02426827885210514
        },
        "3": {
            "x": 0.802219033241272,
            "y": 0.5031725764274597,
            "z": 0.02984672226011753
        },
        "4": {
            "x": 0.8212283849716187,
            "y": 0.4701763093471527,
            "z": 0.03442147746682167
        },
        "5": {
            "x": 0.7140350341796875,
            "y": 0.48660916090011597,
            "z": 0.029048774391412735
        },
        "6": {
            "x": 0.6923978328704834,
            "y": 0.49586448073387146,
            "z": 0.047562792897224426
        },
        "7": {
            "x": 0.7012863755226135,
            "y": 0.5278511643409729,
            "z": 0.05030485615134239
        },
        "8": {
            "x": 0.7142952084541321,
            "y": 0.5465729236602783,
            "z": 0.04978765547275543
        },
        "9": {
            "x": 0.6798529624938965,
            "y": 0.50300532579422,
            "z": 0.021783864125609398
        },
        "10": {
            "x": 0.6667143106460571,
            "y": 0.5228889584541321,
            "z": 0.044574372470378876
        },
        "11": {
            "x": 0.6777191758155823,
            "y": 0.5558239817619324,
            "z": 0.042413003742694855
        },
        "12": {
            "x": 0.692800760269165,
            "y": 0.5730350613594055,
            "z": 0.035784631967544556
        },
        "13": {
            "x": 0.6543170809745789,
            "y": 0.5382883548736572,
            "z": 0.017272496595978737
        },
        "14": {
            "x": 0.6350874900817871,
            "y": 0.551896870136261,
            "z": 0.030208034440875053
        },
        "15": {
            "x": 0.648332417011261,
            "y": 0.5808042883872986,
            "z": 0.025874238461256027
        },
        "16": {
            "x": 0.667435348033905,
            "y": 0.5979195237159729,
            "z": 0.019533876329660416
        },
        "17": {
            "x": 0.6341317892074585,
            "y": 0.5805102586746216,
            "z": 0.014992070384323597
        },
        "18": {
            "x": 0.5942318439483643,
            "y": 0.5396972298622131,
            "z": 0.02112303115427494
        },
        "19": {
            "x": 0.5653735399246216,
            "y": 0.5205332040786743,
            "z": 0.025068284943699837
        },
        "20": {
            "x": 0.5434401035308838,
            "y": 0.5064177513122559,
            "z": 0.027227696031332016
        }
    }
}