{
    "У": {
        "0": {
            "x": 0.35756033658981323,
            "y": 0.7532753348350525,
            "z": -3.526960767885612e-07
        },
        "1": {
            "x": 0.32725492119789124,
            "y": 0.6235159635543823,
            "z": -0.00222207373008132
        },
        "2": {
            "x": 0.31521737575531006,
            "y": 0.510856568813324,
            "z": -0.01935243047773838
        },
        "3": {
            "x": 0.30295729637145996,
            "y": 0.4170260727405548,
            "z": -0.036213409155607224
        },
        "4": {
            "x": 0.27104929089546204,
            "y": 0.3607504963874817,
            "z": -0.04846273735165596
        },
        "5": {
            "x": 0.42405128479003906,
            "y": 0.4915546178817749,
            "z": -0.04073258861899376
        },
        "6": {
            "x": 0.4887692630290985,
            "y": 0.41458961367607117,
            "z": -0.049700282514095306
        },
        "7": {
            "x": 0.4687545895576477,
            "y": 0.4479430913925171,
            "z": -0.04388660565018654
        },
        "8": {
            "x": 0.440578430891037,
            "y": 0.48711836338043213,
            "z": -0.038620974868535995
        },
        "9": {
            "x": 0.4709468483924866,
            "y": 0.5469311475753784,
            "z": -0.04743793606758118
        },
        "10": {
            "x": 0.5218651294708252,
            "y": 0.4673874080181122,
            "z": -0.050923604518175125
        },
        "11": {
            "x": 0.4990464150905609,
            "y": 0.4932915270328522,
            "z": -0.04112306609749794
        },
        "12": {
            "x": 0.4781447649002075,
            "y": 0.5286879539489746,
            "z": -0.039207328110933304
        },
        "13": {
            "x": 0.5064448118209839,
            "y": 0.6040113568305969,
            "z": -0.05189007148146629
        },
        "14": {
            "x": 0.5607451796531677,
            "y": 0.5213685035705566,
            "z": -0.0550638809800148
        },
        "15": {
            "x": 0.538033127784729,
            "y": 0.5410934090614319,
            "z": -0.04054896533489227
        },
        "16": {
            "x": 0.5135017037391663,
            "y": 0.5732978582382202,
            "z": -0.035205502063035965
        },
        "17": {
            "x": 0.5320767760276794,
            "y": 0.6573506593704224,
            "z": -0.05564664304256439
        },
        "18": {
            "x": 0.6096217632293701,
            "y": 0.6036934852600098,
            "z": -0.06294484436511993
        },
        "19": {
            "x": 0.6568807363510132,
            "y": 0.5760403871536255,
            "z": -0.06120877340435982
        },
        "20": {
            "x": 0.6988927125930786,
            "y": 0.5490095019340515,
            "z": -0.06184091046452522
        }
    }
}