{
    "У": {
        "0": {
            "x": 0.22459599375724792,
            "y": 0.6324172616004944,
            "z": -5.518893431144534e-07
        },
        "1": {
            "x": 0.3044939339160919,
            "y": 0.6095331311225891,
            "z": -0.020211566239595413
        },
        "2": {
            "x": 0.3775458335876465,
            "y": 0.5517648458480835,
            "z": -0.025646338239312172
        },
        "3": {
            "x": 0.4189509451389313,
            "y": 0.49399927258491516,
            "z": -0.03407865762710571
        },
        "4": {
            "x": 0.4432779848575592,
            "y": 0.4526267349720001,
            "z": -0.03585672378540039
        },
        "5": {
            "x": 0.3350185453891754,
            "y": 0.423543244600296,
            "z": -0.0018732149619609118
        },
        "6": {
            "x": 0.3431270122528076,
            "y": 0.365781307220459,
            "z": -0.037277884781360626
        },
        "7": {
            "x": 0.3301270008087158,
            "y": 0.44339412450790405,
            "z": -0.04873799532651901
        },
        "8": {
            "x": 0.3224726617336273,
            "y": 0.4907570481300354,
            "z": -0.04534326493740082
        },
        "9": {
            "x": 0.2885896563529968,
            "y": 0.40672945976257324,
            "z": -0.003918621223419905
        },
        "10": {
            "x": 0.29860711097717285,
            "y": 0.3668198585510254,
            "z": -0.04531262814998627
        },
        "11": {
            "x": 0.2872774302959442,
            "y": 0.45830342173576355,
            "z": -0.05206526443362236
        },
        "12": {
            "x": 0.2823837697505951,
            "y": 0.4949721097946167,
            "z": -0.043559763580560684
        },
        "13": {
            "x": 0.2442188560962677,
            "y": 0.40469449758529663,
            "z": -0.012418648228049278
        },
        "14": {
            "x": 0.2545710504055023,
            "y": 0.3652849495410919,
            "z": -0.056978750973939896
        },
        "15": {
            "x": 0.24771088361740112,
            "y": 0.45342662930488586,
            "z": -0.0518561489880085
        },
        "16": {
            "x": 0.24338987469673157,
            "y": 0.4963950216770172,
            "z": -0.03246717527508736
        },
        "17": {
            "x": 0.19944044947624207,
            "y": 0.40831032395362854,
            "z": -0.0221563633531332
        },
        "18": {
            "x": 0.2015398144721985,
            "y": 0.31945279240608215,
            "z": -0.04570583999156952
        },
        "19": {
            "x": 0.2132451832294464,
            "y": 0.2730253338813782,
            "z": -0.04492746666073799
        },
        "20": {
            "x": 0.22931702435016632,
            "y": 0.22290557622909546,
            "z": -0.0357307568192482
        }
    }
}