{
    "У": {
        "0": {
            "x": 0.28408175706863403,
            "y": 0.8685351014137268,
            "z": -4.2127075516873447e-07
        },
        "1": {
            "x": 0.2490590512752533,
            "y": 0.7124273777008057,
            "z": 0.00273659429512918
        },
        "2": {
            "x": 0.24137930572032928,
            "y": 0.5661781430244446,
            "z": -0.011036654934287071
        },
        "3": {
            "x": 0.22763581573963165,
            "y": 0.4501972198486328,
            "z": -0.026374097913503647
        },
        "4": {
            "x": 0.18553896248340607,
            "y": 0.38930433988571167,
            "z": -0.0360017865896225
        },
        "5": {
            "x": 0.3550456464290619,
            "y": 0.5117149949073792,
            "z": -0.030210088938474655
        },
        "6": {
            "x": 0.44607430696487427,
            "y": 0.43306416273117065,
            "z": -0.04027531296014786
        },
        "7": {
            "x": 0.4330301284790039,
            "y": 0.4828692078590393,
            "z": -0.035651545971632004
        },
        "8": {
            "x": 0.39580410718917847,
            "y": 0.5259341597557068,
            "z": -0.031055165454745293
        },
        "9": {
            "x": 0.40922030806541443,
            "y": 0.5740830898284912,
            "z": -0.04219243302941322
        },
        "10": {
            "x": 0.48385384678840637,
            "y": 0.49924010038375854,
            "z": -0.04568042233586311
        },
        "11": {
            "x": 0.46351030468940735,
            "y": 0.5462000370025635,
            "z": -0.03614963963627815
        },
        "12": {
            "x": 0.43307703733444214,
            "y": 0.584641695022583,
            "z": -0.034392111003398895
        },
        "13": {
            "x": 0.45419013500213623,
            "y": 0.6462006568908691,
            "z": -0.05246666446328163
        },
        "14": {
            "x": 0.5294122695922852,
            "y": 0.5599318742752075,
            "z": -0.05692413076758385
        },
        "15": {
            "x": 0.5108438730239868,
            "y": 0.5986626148223877,
            "z": -0.04175581783056259
        },
        "16": {
            "x": 0.47992825508117676,
            "y": 0.6398500800132751,
            "z": -0.03573207929730415
        },
        "17": {
            "x": 0.48907941579818726,
            "y": 0.7175117135047913,
            "z": -0.06165224313735962
        },
        "18": {
            "x": 0.5882522463798523,
            "y": 0.6512879729270935,
            "z": -0.07031310349702835
        },
        "19": {
            "x": 0.6485790610313416,
            "y": 0.6157415509223938,
            "z": -0.06882693618535995
        },
        "20": {
            "x": 0.6960697174072266,
            "y": 0.5795624852180481,
            "z": -0.06944362819194794
        }
    }
}