{
    "У": {
        "0": {
            "x": 0.3607679605484009,
            "y": 0.8956931829452515,
            "z": -6.427238758988096e-07
        },
        "1": {
            "x": 0.32693374156951904,
            "y": 0.7048353552818298,
            "z": 0.0044732606038451195
        },
        "2": {
            "x": 0.31426769495010376,
            "y": 0.5404500365257263,
            "z": -0.013358832336962223
        },
        "3": {
            "x": 0.29271912574768066,
            "y": 0.406119167804718,
            "z": -0.03127352520823479
        },
        "4": {
            "x": 0.2443239539861679,
            "y": 0.32747524976730347,
            "z": -0.04168575629591942
        },
        "5": {
            "x": 0.48431000113487244,
            "y": 0.4616802930831909,
            "z": -0.03503991290926933
        },
        "6": {
            "x": 0.5690823793411255,
            "y": 0.3873187005519867,
            "z": -0.030479006469249725
        },
        "7": {
            "x": 0.544316291809082,
            "y": 0.4397484064102173,
            "z": -0.01068309135735035
        },
        "8": {
            "x": 0.4967800974845886,
            "y": 0.4985182285308838,
            "z": 0.0036784945987164974
        },
        "9": {
            "x": 0.556781530380249,
            "y": 0.5377339720726013,
            "z": -0.04580368101596832
        },
        "10": {
            "x": 0.6160464286804199,
            "y": 0.4741728901863098,
            "z": -0.03241768479347229
        },
        "11": {
            "x": 0.5844841599464417,
            "y": 0.5199064016342163,
            "z": -0.016664287075400352
        },
        "12": {
            "x": 0.5480802655220032,
            "y": 0.5731624960899353,
            "z": -0.01562606170773506
        },
        "13": {
            "x": 0.6111040115356445,
            "y": 0.6296346783638,
            "z": -0.05244842916727066
        },
        "14": {
            "x": 0.670235812664032,
            "y": 0.5527656674385071,
            "z": -0.04612791910767555
        },
        "15": {
            "x": 0.6342650651931763,
            "y": 0.5885864496231079,
            "z": -0.030299203470349312
        },
        "16": {
            "x": 0.5934624671936035,
            "y": 0.6340838074684143,
            "z": -0.028311610221862793
        },
        "17": {
            "x": 0.6495100259780884,
            "y": 0.7211875319480896,
            "z": -0.056791339069604874
        },
        "18": {
            "x": 0.7600803375244141,
            "y": 0.6452877521514893,
            "z": -0.06129484996199608
        },
        "19": {
            "x": 0.8283535242080688,
            "y": 0.6090849041938782,
            "z": -0.05729891359806061
        },
        "20": {
            "x": 0.8841606378555298,
            "y": 0.5720697641372681,
            "z": -0.05751348286867142
        }
    }
}