{
    "У": {
        "0": {
            "x": 0.3151266574859619,
            "y": 0.7710536122322083,
            "z": -8.060401341936085e-07
        },
        "1": {
            "x": 0.26538151502609253,
            "y": 0.55500328540802,
            "z": 0.030599011108279228
        },
        "2": {
            "x": 0.24554561078548431,
            "y": 0.3871544599533081,
            "z": 0.02607414498925209
        },
        "3": {
            "x": 0.2176515907049179,
            "y": 0.2480633705854416,
            "z": 0.01785001903772354
        },
        "4": {
            "x": 0.16050639748573303,
            "y": 0.1623760461807251,
            "z": 0.01592501625418663
        },
        "5": {
            "x": 0.40896904468536377,
            "y": 0.2894344925880432,
            "z": -0.00657515786588192
        },
        "6": {
            "x": 0.5138628482818604,
            "y": 0.23405198752880096,
            "z": 0.02254599519073963
        },
        "7": {
            "x": 0.4944688677787781,
            "y": 0.3047744035720825,
            "z": 0.05791933462023735
        },
        "8": {
            "x": 0.4457569122314453,
            "y": 0.35854506492614746,
            "z": 0.07945364713668823
        },
        "9": {
            "x": 0.49016132950782776,
            "y": 0.3647236227989197,
            "z": -0.024672329425811768
        },
        "10": {
            "x": 0.5670036673545837,
            "y": 0.323790043592453,
            "z": 0.016340842470526695
        },
        "11": {
            "x": 0.5382992029190063,
            "y": 0.3835413455963135,
            "z": 0.0426216721534729
        },
        "12": {
            "x": 0.49762922525405884,
            "y": 0.43385764956474304,
            "z": 0.045332662761211395
        },
        "13": {
            "x": 0.5518113374710083,
            "y": 0.45799821615219116,
            "z": -0.035099275410175323
        },
        "14": {
            "x": 0.6173949241638184,
            "y": 0.403659462928772,
            "z": -0.0015531593235209584
        },
        "15": {
            "x": 0.5895565748214722,
            "y": 0.457967609167099,
            "z": 0.021853378042578697
        },
        "16": {
            "x": 0.5494912266731262,
            "y": 0.5034571886062622,
            "z": 0.020989559590816498
        },
        "17": {
            "x": 0.5991300940513611,
            "y": 0.5544143319129944,
            "z": -0.04130923002958298
        },
        "18": {
            "x": 0.7121827602386475,
            "y": 0.476657897233963,
            "z": -0.027888696640729904
        },
        "19": {
            "x": 0.7829673290252686,
            "y": 0.44752275943756104,
            "z": -0.015313249081373215
        },
        "20": {
            "x": 0.8365309238433838,
            "y": 0.41034454107284546,
            "z": -0.012997692450881004
        }
    }
}