{
    "У": {
        "0": {
            "x": 0.4966525435447693,
            "y": 0.457898885011673,
            "z": -5.945450425315357e-07
        },
        "1": {
            "x": 0.5969569683074951,
            "y": 0.4494755268096924,
            "z": -0.028516214340925217
        },
        "2": {
            "x": 0.6902324557304382,
            "y": 0.41182848811149597,
            "z": -0.03747062385082245
        },
        "3": {
            "x": 0.755062460899353,
            "y": 0.34974196553230286,
            "z": -0.04808376356959343
        },
        "4": {
            "x": 0.7863595485687256,
            "y": 0.2879396677017212,
            "z": -0.050180260092020035
        },
        "5": {
            "x": 0.6484913229942322,
            "y": 0.26200127601623535,
            "z": -0.0015748502919450402
        },
        "6": {
            "x": 0.674255907535553,
            "y": 0.1912044733762741,
            "z": -0.037505388259887695
        },
        "7": {
            "x": 0.6519915461540222,
            "y": 0.2736770510673523,
            "z": -0.04915206506848335
        },
        "8": {
            "x": 0.6336548328399658,
            "y": 0.3199559152126312,
            "z": -0.04507738724350929
        },
        "9": {
            "x": 0.6041194200515747,
            "y": 0.22967836260795593,
            "z": 0.000272401055553928
        },
        "10": {
            "x": 0.6264364123344421,
            "y": 0.1792580932378769,
            "z": -0.0391855351626873
        },
        "11": {
            "x": 0.6048965454101562,
            "y": 0.2823125123977661,
            "z": -0.04638049378991127
        },
        "12": {
            "x": 0.5954734086990356,
            "y": 0.315157413482666,
            "z": -0.03921239823102951
        },
        "13": {
            "x": 0.5604852437973022,
            "y": 0.2089841365814209,
            "z": -0.005628387909382582
        },
        "14": {
            "x": 0.5865734815597534,
            "y": 0.1561211794614792,
            "z": -0.04591987282037735
        },
        "15": {
            "x": 0.5680959820747375,
            "y": 0.2553989589214325,
            "z": -0.03600641340017319
        },
        "16": {
            "x": 0.5514236688613892,
            "y": 0.3067954182624817,
            "z": -0.014646702446043491
        },
        "17": {
            "x": 0.5141655206680298,
            "y": 0.19183063507080078,
            "z": -0.014326727017760277
        },
        "18": {
            "x": 0.5318348407745361,
            "y": 0.08238808810710907,
            "z": -0.03475157171487808
        },
        "19": {
            "x": 0.5561134219169617,
            "y": 0.029699772596359253,
            "z": -0.031407635658979416
        },
        "20": {
            "x": 0.5821230411529541,
            "y": -0.025169074535369873,
            "z": -0.021088875830173492
        }
    }
}