{
    "У": {
        "0": {
            "x": 0.3405119776725769,
            "y": 0.8438466787338257,
            "z": -5.727230245611281e-07
        },
        "1": {
            "x": 0.31217044591903687,
            "y": 0.6697695851325989,
            "z": 0.00798809714615345
        },
        "2": {
            "x": 0.3043968677520752,
            "y": 0.5187647342681885,
            "z": -0.005053048953413963
        },
        "3": {
            "x": 0.29361021518707275,
            "y": 0.3946978449821472,
            "z": -0.019810516387224197
        },
        "4": {
            "x": 0.2556256651878357,
            "y": 0.3213216960430145,
            "z": -0.02872692607343197
        },
        "5": {
            "x": 0.4387228786945343,
            "y": 0.45134997367858887,
            "z": -0.01968797668814659
        },
        "6": {
            "x": 0.533104658126831,
            "y": 0.4147126376628876,
            "z": -0.013875548727810383
        },
        "7": {
            "x": 0.5182941555976868,
            "y": 0.4699195623397827,
            "z": 0.0005867596482858062
        },
        "8": {
            "x": 0.4798513650894165,
            "y": 0.5099294185638428,
            "z": 0.009890422224998474
        },
        "9": {
            "x": 0.49898600578308105,
            "y": 0.5203852653503418,
            "z": -0.03241940587759018
        },
        "10": {
            "x": 0.5693176984786987,
            "y": 0.49126535654067993,
            "z": -0.019547678530216217
        },
        "11": {
            "x": 0.5471723079681396,
            "y": 0.5415843725204468,
            "z": -0.008618270047008991
        },
        "12": {
            "x": 0.5103623270988464,
            "y": 0.5791736245155334,
            "z": -0.009191500954329967
        },
        "13": {
            "x": 0.5469152331352234,
            "y": 0.6013875007629395,
            "z": -0.04124359041452408
        },
        "14": {
            "x": 0.6074606776237488,
            "y": 0.5610144734382629,
            "z": -0.033248886466026306
        },
        "15": {
            "x": 0.5842432975769043,
            "y": 0.6059809327125549,
            "z": -0.01937371864914894
        },
        "16": {
            "x": 0.5474681854248047,
            "y": 0.6418784260749817,
            "z": -0.017008041962981224
        },
        "17": {
            "x": 0.5845043063163757,
            "y": 0.6842696070671082,
            "z": -0.04815516248345375
        },
        "18": {
            "x": 0.6770771741867065,
            "y": 0.6165187954902649,
            "z": -0.04690606892108917
        },
        "19": {
            "x": 0.7364480495452881,
            "y": 0.5858368873596191,
            "z": -0.038926709443330765
        },
        "20": {
            "x": 0.7808451652526855,
            "y": 0.5530816912651062,
            "z": -0.03546726331114769
        }
    }
}