{
    "У": {
        "0": {
            "x": 0.4012777805328369,
            "y": 0.903728723526001,
            "z": -5.208912057241832e-07
        },
        "1": {
            "x": 0.38018977642059326,
            "y": 0.7365681529045105,
            "z": 0.005490489304065704
        },
        "2": {
            "x": 0.37957918643951416,
            "y": 0.5873901844024658,
            "z": -0.006605952512472868
        },
        "3": {
            "x": 0.36877840757369995,
            "y": 0.4652784466743469,
            "z": -0.02026628702878952
        },
        "4": {
            "x": 0.32834649085998535,
            "y": 0.39332979917526245,
            "z": -0.028025485575199127
        },
        "5": {
            "x": 0.5169830322265625,
            "y": 0.5308439135551453,
            "z": -0.017620479688048363
        },
        "6": {
            "x": 0.6022371053695679,
            "y": 0.4672302007675171,
            "z": -0.01936148852109909
        },
        "7": {
            "x": 0.5835080146789551,
            "y": 0.5130865573883057,
            "z": -0.010410089045763016
        },
        "8": {
            "x": 0.5444489121437073,
            "y": 0.5600094795227051,
            "z": -0.002596353180706501
        },
        "9": {
            "x": 0.5785317420959473,
            "y": 0.5991624593734741,
            "z": -0.027379212900996208
        },
        "10": {
            "x": 0.6379298567771912,
            "y": 0.5427654981613159,
            "z": -0.01901124231517315
        },
        "11": {
            "x": 0.6147222518920898,
            "y": 0.5825503468513489,
            "z": -0.009544187225401402
        },
        "12": {
            "x": 0.5826236605644226,
            "y": 0.6233463287353516,
            "z": -0.009572448208928108
        },
        "13": {
            "x": 0.6254082322120667,
            "y": 0.6783702373504639,
            "z": -0.03473077714443207
        },
        "14": {
            "x": 0.6779314279556274,
            "y": 0.6135373115539551,
            "z": -0.03118811920285225
        },
        "15": {
            "x": 0.651893138885498,
            "y": 0.6442491412162781,
            "z": -0.0194232277572155
        },
        "16": {
            "x": 0.6171004772186279,
            "y": 0.6803014278411865,
            "z": -0.016529887914657593
        },
        "17": {
            "x": 0.6604243516921997,
            "y": 0.7562587857246399,
            "z": -0.04034143686294556
        },
        "18": {
            "x": 0.7540968060493469,
            "y": 0.6911807060241699,
            "z": -0.04254082217812538
        },
        "19": {
            "x": 0.8111720681190491,
            "y": 0.6591783165931702,
            "z": -0.03766588494181633
        },
        "20": {
            "x": 0.8555502891540527,
            "y": 0.626639723777771,
            "z": -0.03554839268326759
        }
    }
}