{
    "У": {
        "0": {
            "x": 0.4464772343635559,
            "y": 0.5207772850990295,
            "z": -5.867278218829597e-07
        },
        "1": {
            "x": 0.5430962443351746,
            "y": 0.5054908990859985,
            "z": -0.026478055864572525
        },
        "2": {
            "x": 0.630666971206665,
            "y": 0.4651428461074829,
            "z": -0.03572913631796837
        },
        "3": {
            "x": 0.6863899230957031,
            "y": 0.3989991545677185,
            "z": -0.04593268781900406
        },
        "4": {
            "x": 0.7154013514518738,
            "y": 0.340472936630249,
            "z": -0.047433461993932724
        },
        "5": {
            "x": 0.5912454724311829,
            "y": 0.3247942328453064,
            "z": -0.008929134346544743
        },
        "6": {
            "x": 0.6041072607040405,
            "y": 0.256597638130188,
            "z": -0.04411332309246063
        },
        "7": {
            "x": 0.5835321545600891,
            "y": 0.33878058195114136,
            "z": -0.056219425052404404
        },
        "8": {
            "x": 0.571307897567749,
            "y": 0.38446345925331116,
            "z": -0.05428989231586456
        },
        "9": {
            "x": 0.5443882346153259,
            "y": 0.29583361744880676,
            "z": -0.007248310372233391
        },
        "10": {
            "x": 0.5546954274177551,
            "y": 0.24362248182296753,
            "z": -0.04361627995967865
        },
        "11": {
            "x": 0.5382959246635437,
            "y": 0.3425557017326355,
            "z": -0.04792853072285652
        },
        "12": {
            "x": 0.5353041291236877,
            "y": 0.37557563185691833,
            "z": -0.04148958995938301
        },
        "13": {
            "x": 0.4992106854915619,
            "y": 0.2801171839237213,
            "z": -0.012395311146974564
        },
        "14": {
            "x": 0.5138965845108032,
            "y": 0.22632485628128052,
            "z": -0.0492183193564415
        },
        "15": {
            "x": 0.5012441873550415,
            "y": 0.3208569884300232,
            "z": -0.03801397234201431
        },
        "16": {
            "x": 0.49276286363601685,
            "y": 0.37266427278518677,
            "z": -0.018845731392502785
        },
        "17": {
            "x": 0.452498197555542,
            "y": 0.270621657371521,
            "z": -0.020192623138427734
        },
        "18": {
            "x": 0.46127134561538696,
            "y": 0.1744157373905182,
            "z": -0.03946298733353615
        },
        "19": {
            "x": 0.47694456577301025,
            "y": 0.12379942834377289,
            "z": -0.03692268207669258
        },
        "20": {
            "x": 0.4953799247741699,
            "y": 0.07127761840820312,
            "z": -0.028858408331871033
        }
    }
}