{
    "Н": {
        "0": {
            "x": 0.5762264728546143,
            "y": 0.8507839441299438,
            "z": 4.351606435193389e-07
        },
        "1": {
            "x": 0.6387939453125,
            "y": 0.8112642168998718,
            "z": -0.02727355808019638
        },
        "2": {
            "x": 0.6791260242462158,
            "y": 0.7410602569580078,
            "z": -0.03697490319609642
        },
        "3": {
            "x": 0.6977722644805908,
            "y": 0.673100471496582,
            "z": -0.046676941215991974
        },
        "4": {
            "x": 0.6975609064102173,
            "y": 0.6056318283081055,
            "z": -0.054335515946149826
        },
        "5": {
            "x": 0.6716390252113342,
            "y": 0.6099437475204468,
            "z": -0.013326454907655716
        },
        "6": {
            "x": 0.7156014442443848,
            "y": 0.510685384273529,
            "z": -0.032186999917030334
        },
        "7": {
            "x": 0.7408039569854736,
            "y": 0.45851272344589233,
            "z": -0.04453449323773384
        },
        "8": {
            "x": 0.7618103623390198,
            "y": 0.41228705644607544,
            "z": -0.04983247444033623
        },
        "9": {
            "x": 0.6376258730888367,
            "y": 0.594436526298523,
            "z": -0.017771532759070396
        },
        "10": {
            "x": 0.653731644153595,
            "y": 0.4709877371788025,
            "z": -0.040980853140354156
        },
        "11": {
            "x": 0.6778971552848816,
            "y": 0.4047814607620239,
            "z": -0.057645998895168304
        },
        "12": {
            "x": 0.6998372077941895,
            "y": 0.35373222827911377,
            "z": -0.06575369089841843
        },
        "13": {
            "x": 0.5996167659759521,
            "y": 0.6011919975280762,
            "z": -0.02701982669532299
        },
        "14": {
            "x": 0.6282446980476379,
            "y": 0.5233659744262695,
            "z": -0.06028657779097557
        },
        "15": {
            "x": 0.6670249700546265,
            "y": 0.5552917122840881,
            "z": -0.07317269593477249
        },
        "16": {
            "x": 0.6947953701019287,
            "y": 0.5890600085258484,
            "z": -0.07283873111009598
        },
        "17": {
            "x": 0.5603750944137573,
            "y": 0.6199799180030823,
            "z": -0.038557711988687515
        },
        "18": {
            "x": 0.566011905670166,
            "y": 0.5301462411880493,
            "z": -0.060237184166908264
        },
        "19": {
            "x": 0.5755300521850586,
            "y": 0.46882498264312744,
            "z": -0.06675520539283752
        },
        "20": {
            "x": 0.5859323740005493,
            "y": 0.41246649622917175,
            "z": -0.06841694563627243
        }
    }
}