{
    "Н": {
        "0": {
            "x": 0.19477927684783936,
            "y": 0.8307142853736877,
            "z": 4.91673233682377e-07
        },
        "1": {
            "x": 0.24516084790229797,
            "y": 0.7897095680236816,
            "z": -0.038181621581315994
        },
        "2": {
            "x": 0.2719813883304596,
            "y": 0.7107222080230713,
            "z": -0.050656214356422424
        },
        "3": {
            "x": 0.246684730052948,
            "y": 0.6307394504547119,
            "z": -0.06098184734582901
        },
        "4": {
            "x": 0.21305733919143677,
            "y": 0.5711705088615417,
            "z": -0.06769447773694992
        },
        "5": {
            "x": 0.2942730188369751,
            "y": 0.5966796278953552,
            "z": -0.010472169145941734
        },
        "6": {
            "x": 0.3243671655654907,
            "y": 0.4981977939605713,
            "z": -0.024125192314386368
        },
        "7": {
            "x": 0.33625394105911255,
            "y": 0.4366403818130493,
            "z": -0.035089161247015
        },
        "8": {
            "x": 0.3415796756744385,
            "y": 0.38415002822875977,
            "z": -0.04205242544412613
        },
        "9": {
            "x": 0.2516952157020569,
            "y": 0.5785194635391235,
            "z": -0.007891063578426838
        },
        "10": {
            "x": 0.26342105865478516,
            "y": 0.4765009880065918,
            "z": -0.027160855010151863
        },
        "11": {
            "x": 0.26791495084762573,
            "y": 0.40735745429992676,
            "z": -0.0448986291885376
        },
        "12": {
            "x": 0.26806607842445374,
            "y": 0.35408180952072144,
            "z": -0.05503067746758461
        },
        "13": {
            "x": 0.21072989702224731,
            "y": 0.5837864279747009,
            "z": -0.011042107827961445
        },
        "14": {
            "x": 0.21221590042114258,
            "y": 0.5069549679756165,
            "z": -0.042754728347063065
        },
        "15": {
            "x": 0.21417003870010376,
            "y": 0.5428924560546875,
            "z": -0.05631265789270401
        },
        "16": {
            "x": 0.21319259703159332,
            "y": 0.5801473259925842,
            "z": -0.05620832368731499
        },
        "17": {
            "x": 0.17022766172885895,
            "y": 0.6020010113716125,
            "z": -0.017677033320069313
        },
        "18": {
            "x": 0.15718664228916168,
            "y": 0.5267082452774048,
            "z": -0.0403699167072773
        },
        "19": {
            "x": 0.15007662773132324,
            "y": 0.47971105575561523,
            "z": -0.049930911511182785
        },
        "20": {
            "x": 0.1471492499113083,
            "y": 0.436526358127594,
            "z": -0.05300845578312874
        }
    }
}