{
    "Н": {
        "0": {
            "x": 0.18415942788124084,
            "y": 0.8146344423294067,
            "z": 5.127695317241887e-07
        },
        "1": {
            "x": 0.24089378118515015,
            "y": 0.7686209678649902,
            "z": -0.03866616636514664
        },
        "2": {
            "x": 0.2687892019748688,
            "y": 0.6837416887283325,
            "z": -0.050341155380010605
        },
        "3": {
            "x": 0.24006719887256622,
            "y": 0.6050006151199341,
            "z": -0.059787847101688385
        },
        "4": {
            "x": 0.20782476663589478,
            "y": 0.5433264970779419,
            "z": -0.06573276966810226
        },
        "5": {
            "x": 0.2833288609981537,
            "y": 0.5748818516731262,
            "z": -0.008205689489841461
        },
        "6": {
            "x": 0.31217247247695923,
            "y": 0.47831201553344727,
            "z": -0.02136026695370674
        },
        "7": {
            "x": 0.3252086043357849,
            "y": 0.4179478883743286,
            "z": -0.03148975223302841
        },
        "8": {
            "x": 0.3315092921257019,
            "y": 0.367514967918396,
            "z": -0.03689813241362572
        },
        "9": {
            "x": 0.2393207550048828,
            "y": 0.5602906346321106,
            "z": -0.005687645636498928
        },
        "10": {
            "x": 0.2504770755767822,
            "y": 0.45516061782836914,
            "z": -0.024236997589468956
        },
        "11": {
            "x": 0.25499314069747925,
            "y": 0.3857908844947815,
            "z": -0.039927903562784195
        },
        "12": {
            "x": 0.2541790008544922,
            "y": 0.3331034481525421,
            "z": -0.047213368117809296
        },
        "13": {
            "x": 0.19808360934257507,
            "y": 0.5667241215705872,
            "z": -0.00938367284834385
        },
        "14": {
            "x": 0.20239493250846863,
            "y": 0.4933992326259613,
            "z": -0.04208894819021225
        },
        "15": {
            "x": 0.20898236334323883,
            "y": 0.5413824319839478,
            "z": -0.05297968164086342
        },
        "16": {
            "x": 0.21079978346824646,
            "y": 0.5858522653579712,
            "z": -0.04923652485013008
        },
        "17": {
            "x": 0.15600159764289856,
            "y": 0.5847627520561218,
            "z": -0.016683652997016907
        },
        "18": {
            "x": 0.1460259109735489,
            "y": 0.5082859992980957,
            "z": -0.03848802298307419
        },
        "19": {
            "x": 0.14334151148796082,
            "y": 0.4600380063056946,
            "z": -0.045525722205638885
        },
        "20": {
            "x": 0.14397494494915009,
            "y": 0.4105609059333801,
            "z": -0.046223919838666916
        }
    }
}