{
    "Н": {
        "0": {
            "x": 0.17019496858119965,
            "y": 0.5985939502716064,
            "z": 5.001771796742105e-07
        },
        "1": {
            "x": 0.22793051600456238,
            "y": 0.5577095746994019,
            "z": -0.03983548656105995
        },
        "2": {
            "x": 0.2609095573425293,
            "y": 0.4758860468864441,
            "z": -0.052840057760477066
        },
        "3": {
            "x": 0.24159495532512665,
            "y": 0.3888404369354248,
            "z": -0.06229540705680847
        },
        "4": {
            "x": 0.21327725052833557,
            "y": 0.324415385723114,
            "z": -0.06823856383562088
        },
        "5": {
            "x": 0.28091609477996826,
            "y": 0.3914996385574341,
            "z": -0.017524946480989456
        },
        "6": {
            "x": 0.3173982799053192,
            "y": 0.2977919280529022,
            "z": -0.03326895833015442
        },
        "7": {
            "x": 0.3314778208732605,
            "y": 0.23719336092472076,
            "z": -0.04457980766892433
        },
        "8": {
            "x": 0.3392087519168854,
            "y": 0.1849367618560791,
            "z": -0.05135152116417885
        },
        "9": {
            "x": 0.2388637363910675,
            "y": 0.36870822310447693,
            "z": -0.011994156055152416
        },
        "10": {
            "x": 0.2564563453197479,
            "y": 0.26817330718040466,
            "z": -0.03246084228157997
        },
        "11": {
            "x": 0.26540058851242065,
            "y": 0.1976894736289978,
            "z": -0.04825340583920479
        },
        "12": {
            "x": 0.26988986134529114,
            "y": 0.14271681010723114,
            "z": -0.056634608656167984
        },
        "13": {
            "x": 0.19803781807422638,
            "y": 0.3671777844429016,
            "z": -0.011772096157073975
        },
        "14": {
            "x": 0.20606788992881775,
            "y": 0.2914952039718628,
            "z": -0.042434848845005035
        },
        "15": {
            "x": 0.20813187956809998,
            "y": 0.32850101590156555,
            "z": -0.05226193368434906
        },
        "16": {
            "x": 0.2057526558637619,
            "y": 0.3668783903121948,
            "z": -0.04960228130221367
        },
        "17": {
            "x": 0.15791940689086914,
            "y": 0.3775404095649719,
            "z": -0.015016341581940651
        },
        "18": {
            "x": 0.15542176365852356,
            "y": 0.3044276833534241,
            "z": -0.036673955619335175
        },
        "19": {
            "x": 0.15630878508090973,
            "y": 0.2576487064361572,
            "z": -0.04446425661444664
        },
        "20": {
            "x": 0.15921826660633087,
            "y": 0.21128733456134796,
            "z": -0.046130504459142685
        }
    }
}