{
    "Н": {
        "0": {
            "x": 0.6193022727966309,
            "y": 0.720822274684906,
            "z": 4.3705645680347516e-07
        },
        "1": {
            "x": 0.6845241785049438,
            "y": 0.6817911863327026,
            "z": -0.029018111526966095
        },
        "2": {
            "x": 0.7244632244110107,
            "y": 0.6040132641792297,
            "z": -0.0394941084086895
        },
        "3": {
            "x": 0.7429026365280151,
            "y": 0.532968282699585,
            "z": -0.05007074028253555
        },
        "4": {
            "x": 0.7541109323501587,
            "y": 0.4644201099872589,
            "z": -0.058318983763456345
        },
        "5": {
            "x": 0.7186685800552368,
            "y": 0.4715007245540619,
            "z": -0.009781417436897755
        },
        "6": {
            "x": 0.7610865235328674,
            "y": 0.37468332052230835,
            "z": -0.02902766689658165
        },
        "7": {
            "x": 0.7851711511611938,
            "y": 0.32586508989334106,
            "z": -0.04207555949687958
        },
        "8": {
            "x": 0.8030468225479126,
            "y": 0.28087449073791504,
            "z": -0.04858599603176117
        },
        "9": {
            "x": 0.6824793815612793,
            "y": 0.4566052258014679,
            "z": -0.014228271320462227
        },
        "10": {
            "x": 0.7030372023582458,
            "y": 0.3364219069480896,
            "z": -0.03892350196838379
        },
        "11": {
            "x": 0.725615382194519,
            "y": 0.27322906255722046,
            "z": -0.0570841021835804
        },
        "12": {
            "x": 0.7431992888450623,
            "y": 0.22121629118919373,
            "z": -0.06636866927146912
        },
        "13": {
            "x": 0.643867552280426,
            "y": 0.46388882398605347,
            "z": -0.024104570969939232
        },
        "14": {
            "x": 0.6736499667167664,
            "y": 0.3804560899734497,
            "z": -0.05912097170948982
        },
        "15": {
            "x": 0.7166226506233215,
            "y": 0.4077815115451813,
            "z": -0.07274720817804337
        },
        "16": {
            "x": 0.7494138479232788,
            "y": 0.43484631180763245,
            "z": -0.0734107717871666
        },
        "17": {
            "x": 0.6040604114532471,
            "y": 0.4841519296169281,
            "z": -0.036425646394491196
        },
        "18": {
            "x": 0.6139304041862488,
            "y": 0.3967391848564148,
            "z": -0.0594894103705883
        },
        "19": {
            "x": 0.626507043838501,
            "y": 0.3376353681087494,
            "z": -0.06656567007303238
        },
        "20": {
            "x": 0.6403920650482178,
            "y": 0.28096652030944824,
            "z": -0.06905971467494965
        }
    }
}