{
    "Н": {
        "0": {
            "x": 0.4727741479873657,
            "y": 0.8266664147377014,
            "z": 3.429147170663782e-07
        },
        "1": {
            "x": 0.5126233100891113,
            "y": 0.7985997200012207,
            "z": -0.030399881303310394
        },
        "2": {
            "x": 0.5313108563423157,
            "y": 0.7336103916168213,
            "z": -0.03930790349841118
        },
        "3": {
            "x": 0.5194374918937683,
            "y": 0.6686983108520508,
            "z": -0.045567214488983154
        },
        "4": {
            "x": 0.49965232610702515,
            "y": 0.6223692297935486,
            "z": -0.04933736473321915
        },
        "5": {
            "x": 0.5338332653045654,
            "y": 0.6531342267990112,
            "z": -0.01607230305671692
        },
        "6": {
            "x": 0.5554212927818298,
            "y": 0.5843527913093567,
            "z": -0.027859967201948166
        },
        "7": {
            "x": 0.5649421215057373,
            "y": 0.543410062789917,
            "z": -0.03512735664844513
        },
        "8": {
            "x": 0.5712711811065674,
            "y": 0.5109565258026123,
            "z": -0.03855456784367561
        },
        "9": {
            "x": 0.5000763535499573,
            "y": 0.6451491117477417,
            "z": -0.01195211336016655
        },
        "10": {
            "x": 0.4949919283390045,
            "y": 0.5617939829826355,
            "z": -0.028031058609485626
        },
        "11": {
            "x": 0.4926477372646332,
            "y": 0.5093554258346558,
            "z": -0.038650885224342346
        },
        "12": {
            "x": 0.49006950855255127,
            "y": 0.46952345967292786,
            "z": -0.04305384308099747
        },
        "13": {
            "x": 0.4698459804058075,
            "y": 0.6543264985084534,
            "z": -0.011566631495952606
        },
        "14": {
            "x": 0.46262192726135254,
            "y": 0.5961161255836487,
            "z": -0.037241652607917786
        },
        "15": {
            "x": 0.4703017771244049,
            "y": 0.6262468695640564,
            "z": -0.04395280405879021
        },
        "16": {
            "x": 0.4759484827518463,
            "y": 0.6561364531517029,
            "z": -0.040091969072818756
        },
        "17": {
            "x": 0.4415142834186554,
            "y": 0.6718399524688721,
            "z": -0.013583622872829437
        },
        "18": {
            "x": 0.43121880292892456,
            "y": 0.6139094829559326,
            "z": -0.03196664899587631
        },
        "19": {
            "x": 0.42418861389160156,
            "y": 0.5790872573852539,
            "z": -0.03644907474517822
        },
        "20": {
            "x": 0.41820818185806274,
            "y": 0.5440994501113892,
            "z": -0.035766374319791794
        }
    }
}