{
    "Н": {
        "0": {
            "x": 0.47437480092048645,
            "y": 0.8147318959236145,
            "z": 3.2579939102106437e-07
        },
        "1": {
            "x": 0.5152930021286011,
            "y": 0.7814812660217285,
            "z": -0.027715114876627922
        },
        "2": {
            "x": 0.5328834056854248,
            "y": 0.7115111947059631,
            "z": -0.03451135754585266
        },
        "3": {
            "x": 0.5174790620803833,
            "y": 0.6464117169380188,
            "z": -0.03916775807738304
        },
        "4": {
            "x": 0.4905793368816376,
            "y": 0.6076130867004395,
            "z": -0.04158872738480568
        },
        "5": {
            "x": 0.5342150926589966,
            "y": 0.6421370506286621,
            "z": -0.010971210896968842
        },
        "6": {
            "x": 0.5564019083976746,
            "y": 0.5732983350753784,
            "z": -0.020399587228894234
        },
        "7": {
            "x": 0.5664352178573608,
            "y": 0.5336003303527832,
            "z": -0.02658071368932724
        },
        "8": {
            "x": 0.5730080008506775,
            "y": 0.5018237233161926,
            "z": -0.03003789484500885
        },
        "9": {
            "x": 0.501026451587677,
            "y": 0.6338614225387573,
            "z": -0.007529758848249912
        },
        "10": {
            "x": 0.4959929585456848,
            "y": 0.5520152449607849,
            "z": -0.021136319264769554
        },
        "11": {
            "x": 0.49546653032302856,
            "y": 0.5008730888366699,
            "z": -0.030925678089261055
        },
        "12": {
            "x": 0.4941801130771637,
            "y": 0.4624193608760834,
            "z": -0.035596661269664764
        },
        "13": {
            "x": 0.4715379476547241,
            "y": 0.6431152820587158,
            "z": -0.007898016832768917
        },
        "14": {
            "x": 0.46546217799186707,
            "y": 0.5843406915664673,
            "z": -0.030417192727327347
        },
        "15": {
            "x": 0.47590065002441406,
            "y": 0.6069732904434204,
            "z": -0.038023319095373154
        },
        "16": {
            "x": 0.48296302556991577,
            "y": 0.6323890686035156,
            "z": -0.036323241889476776
        },
        "17": {
            "x": 0.4445391297340393,
            "y": 0.6607149243354797,
            "z": -0.010630801320075989
        },
        "18": {
            "x": 0.43484175205230713,
            "y": 0.6059128046035767,
            "z": -0.027301199734210968
        },
        "19": {
            "x": 0.42773813009262085,
            "y": 0.5708009600639343,
            "z": -0.03302818909287453
        },
        "20": {
            "x": 0.42064395546913147,
            "y": 0.5364852547645569,
            "z": -0.03428204357624054
        }
    }
}