{
    "Н": {
        "0": {
            "x": 0.4712425172328949,
            "y": 0.7415444254875183,
            "z": 4.632654508895939e-07
        },
        "1": {
            "x": 0.5034220218658447,
            "y": 0.7072067260742188,
            "z": -0.036952078342437744
        },
        "2": {
            "x": 0.5121758580207825,
            "y": 0.6456143260002136,
            "z": -0.04969284310936928
        },
        "3": {
            "x": 0.4905851185321808,
            "y": 0.5889195799827576,
            "z": -0.058640286326408386
        },
        "4": {
            "x": 0.46470507979393005,
            "y": 0.5463464856147766,
            "z": -0.06490323692560196
        },
        "5": {
            "x": 0.5230754017829895,
            "y": 0.5624530911445618,
            "z": -0.018822310492396355
        },
        "6": {
            "x": 0.5432946085929871,
            "y": 0.4945726692676544,
            "z": -0.03202047571539879
        },
        "7": {
            "x": 0.5540049076080322,
            "y": 0.45012396574020386,
            "z": -0.041841164231300354
        },
        "8": {
            "x": 0.5610418915748596,
            "y": 0.4160212576389313,
            "z": -0.04652118682861328
        },
        "9": {
            "x": 0.4891137182712555,
            "y": 0.5583103895187378,
            "z": -0.011679074726998806
        },
        "10": {
            "x": 0.48403406143188477,
            "y": 0.4786542057991028,
            "z": -0.027821168303489685
        },
        "11": {
            "x": 0.4822883903980255,
            "y": 0.426233172416687,
            "z": -0.040694043040275574
        },
        "12": {
            "x": 0.4801613688468933,
            "y": 0.3844895660877228,
            "z": -0.04630144685506821
        },
        "13": {
            "x": 0.4592839777469635,
            "y": 0.5712814331054688,
            "z": -0.009087437763810158
        },
        "14": {
            "x": 0.44742119312286377,
            "y": 0.5279927253723145,
            "z": -0.035661809146404266
        },
        "15": {
            "x": 0.45258966088294983,
            "y": 0.5588901042938232,
            "z": -0.04613548517227173
        },
        "16": {
            "x": 0.4566231369972229,
            "y": 0.5851817727088928,
            "z": -0.04402495175600052
        },
        "17": {
            "x": 0.433495432138443,
            "y": 0.59095698595047,
            "z": -0.009353325702250004
        },
        "18": {
            "x": 0.4223284423351288,
            "y": 0.5364065766334534,
            "z": -0.02651740238070488
        },
        "19": {
            "x": 0.41510725021362305,
            "y": 0.5043556690216064,
            "z": -0.03128773719072342
        },
        "20": {
            "x": 0.40944623947143555,
            "y": 0.47059646248817444,
            "z": -0.030818944796919823
        }
    }
}