{
    "Н": {
        "0": {
            "x": 0.41860124468803406,
            "y": 0.7245840430259705,
            "z": 3.772578907046409e-07
        },
        "1": {
            "x": 0.45050424337387085,
            "y": 0.6892976760864258,
            "z": -0.02704315073788166
        },
        "2": {
            "x": 0.45816749334335327,
            "y": 0.6276421546936035,
            "z": -0.03486961871385574
        },
        "3": {
            "x": 0.4381871223449707,
            "y": 0.5713287591934204,
            "z": -0.04007922485470772
        },
        "4": {
            "x": 0.41483139991760254,
            "y": 0.531327486038208,
            "z": -0.04295829311013222
        },
        "5": {
            "x": 0.47514858841896057,
            "y": 0.5575925707817078,
            "z": -0.011261549778282642
        },
        "6": {
            "x": 0.49418947100639343,
            "y": 0.48901909589767456,
            "z": -0.02143072336912155
        },
        "7": {
            "x": 0.5037361979484558,
            "y": 0.44424086809158325,
            "z": -0.029143089428544044
        },
        "8": {
            "x": 0.5098204016685486,
            "y": 0.41031506657600403,
            "z": -0.0326470248401165
        },
        "9": {
            "x": 0.4429035186767578,
            "y": 0.5498563051223755,
            "z": -0.006182830315083265
        },
        "10": {
            "x": 0.4407227039337158,
            "y": 0.4718366265296936,
            "z": -0.01910364255309105
        },
        "11": {
            "x": 0.4392658472061157,
            "y": 0.4200846254825592,
            "z": -0.029894689098000526
        },
        "12": {
            "x": 0.4372725784778595,
            "y": 0.37907370924949646,
            "z": -0.03445613011717796
        },
        "13": {
            "x": 0.4137123227119446,
            "y": 0.558673620223999,
            "z": -0.004466902930289507
        },
        "14": {
            "x": 0.4033416211605072,
            "y": 0.5120487213134766,
            "z": -0.025517679750919342
        },
        "15": {
            "x": 0.40721577405929565,
            "y": 0.5401719808578491,
            "z": -0.03378856182098389
        },
        "16": {
            "x": 0.4103293716907501,
            "y": 0.564768373966217,
            "z": -0.031547315418720245
        },
        "17": {
            "x": 0.38784343004226685,
            "y": 0.5744196176528931,
            "z": -0.004792580381035805
        },
        "18": {
            "x": 0.37755101919174194,
            "y": 0.5222358107566833,
            "z": -0.018380053341388702
        },
        "19": {
            "x": 0.36947619915008545,
            "y": 0.49238505959510803,
            "z": -0.022133927792310715
        },
        "20": {
            "x": 0.36247941851615906,
            "y": 0.46140041947364807,
            "z": -0.021274596452713013
        }
    }
}