{
    "Н": {
        "0": {
            "x": 0.4159556031227112,
            "y": 0.7403629422187805,
            "z": 4.107617428417143e-07
        },
        "1": {
            "x": 0.4479513168334961,
            "y": 0.7060338854789734,
            "z": -0.030958998948335648
        },
        "2": {
            "x": 0.45662662386894226,
            "y": 0.6453129053115845,
            "z": -0.04045829921960831
        },
        "3": {
            "x": 0.4361110031604767,
            "y": 0.5902738571166992,
            "z": -0.046970151364803314
        },
        "4": {
            "x": 0.41039085388183594,
            "y": 0.5501974821090698,
            "z": -0.05116069316864014
        },
        "5": {
            "x": 0.47296980023384094,
            "y": 0.5704343914985657,
            "z": -0.012710417620837688
        },
        "6": {
            "x": 0.491414338350296,
            "y": 0.5026519894599915,
            "z": -0.023267563432455063
        },
        "7": {
            "x": 0.5012956857681274,
            "y": 0.4577184021472931,
            "z": -0.0312611423432827
        },
        "8": {
            "x": 0.5072634220123291,
            "y": 0.4241245687007904,
            "z": -0.03488623723387718
        },
        "9": {
            "x": 0.4406116306781769,
            "y": 0.564633846282959,
            "z": -0.006740357261151075
        },
        "10": {
            "x": 0.43813538551330566,
            "y": 0.4873844385147095,
            "z": -0.020889850333333015
        },
        "11": {
            "x": 0.43716052174568176,
            "y": 0.43544888496398926,
            "z": -0.03268321976065636
        },
        "12": {
            "x": 0.4349396228790283,
            "y": 0.39420101046562195,
            "z": -0.037668902426958084
        },
        "13": {
            "x": 0.41102278232574463,
            "y": 0.5752795338630676,
            "z": -0.0047361720353364944
        },
        "14": {
            "x": 0.39901992678642273,
            "y": 0.5305273532867432,
            "z": -0.028277037665247917
        },
        "15": {
            "x": 0.4030586779117584,
            "y": 0.5593648552894592,
            "z": -0.03823012858629227
        },
        "16": {
            "x": 0.4064541459083557,
            "y": 0.5837793350219727,
            "z": -0.03648809343576431
        },
        "17": {
            "x": 0.3841821551322937,
            "y": 0.5921962857246399,
            "z": -0.005069103557616472
        },
        "18": {
            "x": 0.37431037425994873,
            "y": 0.5393045544624329,
            "z": -0.020598873496055603
        },
        "19": {
            "x": 0.36640074849128723,
            "y": 0.5073063969612122,
            "z": -0.025843553245067596
        },
        "20": {
            "x": 0.3601973056793213,
            "y": 0.4733859896659851,
            "z": -0.02595522254705429
        }
    }
}