{
    "Н": {
        "0": {
            "x": 0.6271811723709106,
            "y": 0.7501792311668396,
            "z": 5.854596452081751e-07
        },
        "1": {
            "x": 0.5920238494873047,
            "y": 0.7232452630996704,
            "z": -0.022825635969638824
        },
        "2": {
            "x": 0.5811362266540527,
            "y": 0.663904070854187,
            "z": -0.034286875277757645
        },
        "3": {
            "x": 0.6009601354598999,
            "y": 0.6087585091590881,
            "z": -0.04397047683596611
        },
        "4": {
            "x": 0.6219089031219482,
            "y": 0.5685133934020996,
            "z": -0.05113249272108078
        },
        "5": {
            "x": 0.5613575577735901,
            "y": 0.5978515148162842,
            "z": -0.018037019297480583
        },
        "6": {
            "x": 0.5412067770957947,
            "y": 0.5301491022109985,
            "z": -0.029503587633371353
        },
        "7": {
            "x": 0.5278528928756714,
            "y": 0.48904895782470703,
            "z": -0.036604851484298706
        },
        "8": {
            "x": 0.5182328820228577,
            "y": 0.4562997817993164,
            "z": -0.04101157933473587
        },
        "9": {
            "x": 0.5911301374435425,
            "y": 0.5863503813743591,
            "z": -0.01520173717290163
        },
        "10": {
            "x": 0.5944334864616394,
            "y": 0.5065412521362305,
            "z": -0.030711915343999863
        },
        "11": {
            "x": 0.5952371954917908,
            "y": 0.45224663615226746,
            "z": -0.04228879511356354
        },
        "12": {
            "x": 0.5988115668296814,
            "y": 0.40960636734962463,
            "z": -0.04837428405880928
        },
        "13": {
            "x": 0.6196633577346802,
            "y": 0.5917779207229614,
            "z": -0.014593658968806267
        },
        "14": {
            "x": 0.6297544240951538,
            "y": 0.5489251017570496,
            "z": -0.03451976180076599
        },
        "15": {
            "x": 0.6235010623931885,
            "y": 0.5783101320266724,
            "z": -0.03805547580122948
        },
        "16": {
            "x": 0.6184253096580505,
            "y": 0.6050748825073242,
            "z": -0.03372744470834732
        },
        "17": {
            "x": 0.6460219025611877,
            "y": 0.604060173034668,
            "z": -0.01575339213013649
        },
        "18": {
            "x": 0.6571254730224609,
            "y": 0.5532423257827759,
            "z": -0.030970482155680656
        },
        "19": {
            "x": 0.6661752462387085,
            "y": 0.5211632251739502,
            "z": -0.03345048800110817
        },
        "20": {
            "x": 0.6744434833526611,
            "y": 0.4920305013656616,
            "z": -0.031054239720106125
        }
    }
}