{
    "Н": {
        "0": {
            "x": 0.6315518021583557,
            "y": 0.750079870223999,
            "z": 5.887658858227951e-07
        },
        "1": {
            "x": 0.5960127711296082,
            "y": 0.725425660610199,
            "z": -0.025506483390927315
        },
        "2": {
            "x": 0.5842023491859436,
            "y": 0.6639310121536255,
            "z": -0.0368313230574131
        },
        "3": {
            "x": 0.6038367748260498,
            "y": 0.6082555055618286,
            "z": -0.04544319584965706
        },
        "4": {
            "x": 0.6254096031188965,
            "y": 0.5682430863380432,
            "z": -0.05128093436360359
        },
        "5": {
            "x": 0.5630326867103577,
            "y": 0.5973936319351196,
            "z": -0.020574375987052917
        },
        "6": {
            "x": 0.5428991913795471,
            "y": 0.5287061333656311,
            "z": -0.030848629772663116
        },
        "7": {
            "x": 0.5301882028579712,
            "y": 0.48763933777809143,
            "z": -0.036264099180698395
        },
        "8": {
            "x": 0.5207141637802124,
            "y": 0.4551505446434021,
            "z": -0.03919180482625961
        },
        "9": {
            "x": 0.5931956768035889,
            "y": 0.5865204334259033,
            "z": -0.01569216512143612
        },
        "10": {
            "x": 0.5959703922271729,
            "y": 0.5064691305160522,
            "z": -0.030487140640616417
        },
        "11": {
            "x": 0.5956750512123108,
            "y": 0.45265257358551025,
            "z": -0.04024042561650276
        },
        "12": {
            "x": 0.5984877943992615,
            "y": 0.41096943616867065,
            "z": -0.04447003826498985
        },
        "13": {
            "x": 0.6216216683387756,
            "y": 0.5921177864074707,
            "z": -0.01327174250036478
        },
        "14": {
            "x": 0.6329779624938965,
            "y": 0.5524111390113831,
            "z": -0.034037549048662186
        },
        "15": {
            "x": 0.6265085339546204,
            "y": 0.5876355767250061,
            "z": -0.037080068141222
        },
        "16": {
            "x": 0.6208041310310364,
            "y": 0.6166489124298096,
            "z": -0.03137017786502838
        },
        "17": {
            "x": 0.648021936416626,
            "y": 0.6028674244880676,
            "z": -0.012659885920584202
        },
        "18": {
            "x": 0.6576619744300842,
            "y": 0.5515751838684082,
            "z": -0.028461286798119545
        },
        "19": {
            "x": 0.6658121943473816,
            "y": 0.5199061036109924,
            "z": -0.030903037637472153
        },
        "20": {
            "x": 0.6732001304626465,
            "y": 0.4896947145462036,
            "z": -0.0280108954757452
        }
    }
}