{
    "Н": {
        "0": {
            "x": 0.6079815626144409,
            "y": 0.7404672503471375,
            "z": 5.521736738955951e-07
        },
        "1": {
            "x": 0.5734947919845581,
            "y": 0.7262731194496155,
            "z": -0.026363957673311234
        },
        "2": {
            "x": 0.5522178411483765,
            "y": 0.6762184500694275,
            "z": -0.038613058626651764
        },
        "3": {
            "x": 0.5602483153343201,
            "y": 0.6211565136909485,
            "z": -0.04781348630785942
        },
        "4": {
            "x": 0.572234570980072,
            "y": 0.5767083764076233,
            "z": -0.05445786938071251
        },
        "5": {
            "x": 0.5270044207572937,
            "y": 0.6152082085609436,
            "z": -0.022743036970496178
        },
        "6": {
            "x": 0.49936267733573914,
            "y": 0.5549071431159973,
            "z": -0.03352898359298706
        },
        "7": {
            "x": 0.48287925124168396,
            "y": 0.5190666317939758,
            "z": -0.03979729861021042
        },
        "8": {
            "x": 0.4699506163597107,
            "y": 0.49079078435897827,
            "z": -0.04344313219189644
        },
        "9": {
            "x": 0.552588939666748,
            "y": 0.5976758003234863,
            "z": -0.017130814492702484
        },
        "10": {
            "x": 0.5445506572723389,
            "y": 0.5219192504882812,
            "z": -0.030513353645801544
        },
        "11": {
            "x": 0.5393849015235901,
            "y": 0.47319817543029785,
            "z": -0.03925732523202896
        },
        "12": {
            "x": 0.536827027797699,
            "y": 0.4338616728782654,
            "z": -0.04336516186594963
        },
        "13": {
            "x": 0.5784077644348145,
            "y": 0.5968999862670898,
            "z": -0.014019451104104519
        },
        "14": {
            "x": 0.5814249515533447,
            "y": 0.5558987259864807,
            "z": -0.03302701190114021
        },
        "15": {
            "x": 0.5827767252922058,
            "y": 0.592018187046051,
            "z": -0.03531429171562195
        },
        "16": {
            "x": 0.5832282900810242,
            "y": 0.6205853819847107,
            "z": -0.030062852427363396
        },
        "17": {
            "x": 0.6037473082542419,
            "y": 0.6021302938461304,
            "z": -0.012885539792478085
        },
        "18": {
            "x": 0.6050357818603516,
            "y": 0.5519229173660278,
            "z": -0.027294272556900978
        },
        "19": {
            "x": 0.6072117686271667,
            "y": 0.5218198895454407,
            "z": -0.029417702928185463
        },
        "20": {
            "x": 0.6089274883270264,
            "y": 0.4924881160259247,
            "z": -0.027035456150770187
        }
    }
}