{
    "Н": {
        "0": {
            "x": 0.6086505651473999,
            "y": 0.7597770094871521,
            "z": 5.768163759967138e-07
        },
        "1": {
            "x": 0.5742828845977783,
            "y": 0.7408623695373535,
            "z": -0.019141962751746178
        },
        "2": {
            "x": 0.5548352599143982,
            "y": 0.6876386404037476,
            "z": -0.030184760689735413
        },
        "3": {
            "x": 0.5646961331367493,
            "y": 0.6338616609573364,
            "z": -0.0394241064786911
        },
        "4": {
            "x": 0.582306444644928,
            "y": 0.5952028036117554,
            "z": -0.047043345868587494
        },
        "5": {
            "x": 0.5334568023681641,
            "y": 0.638392448425293,
            "z": -0.024511169642210007
        },
        "6": {
            "x": 0.5090762972831726,
            "y": 0.574947714805603,
            "z": -0.03576046973466873
        },
        "7": {
            "x": 0.4949391484260559,
            "y": 0.5380721092224121,
            "z": -0.04189706966280937
        },
        "8": {
            "x": 0.4847288131713867,
            "y": 0.5076627731323242,
            "z": -0.0454699881374836
        },
        "9": {
            "x": 0.558832049369812,
            "y": 0.6192954182624817,
            "z": -0.0223686620593071
        },
        "10": {
            "x": 0.5533599257469177,
            "y": 0.5453642010688782,
            "z": -0.03488145023584366
        },
        "11": {
            "x": 0.5498079657554626,
            "y": 0.4968343675136566,
            "z": -0.042324040085077286
        },
        "12": {
            "x": 0.5486438274383545,
            "y": 0.4578736126422882,
            "z": -0.04580895975232124
        },
        "13": {
            "x": 0.5860615968704224,
            "y": 0.6166306138038635,
            "z": -0.021464094519615173
        },
        "14": {
            "x": 0.5925520658493042,
            "y": 0.5737649202346802,
            "z": -0.03722010925412178
        },
        "15": {
            "x": 0.5945237874984741,
            "y": 0.6056241393089294,
            "z": -0.03718174993991852
        },
        "16": {
            "x": 0.5955291986465454,
            "y": 0.6336904168128967,
            "z": -0.03136152774095535
        },
        "17": {
            "x": 0.6120706796646118,
            "y": 0.6222059726715088,
            "z": -0.02219504863023758
        },
        "18": {
            "x": 0.6161715388298035,
            "y": 0.5742180943489075,
            "z": -0.0344543494284153
        },
        "19": {
            "x": 0.6177027225494385,
            "y": 0.5417890548706055,
            "z": -0.03527078032493591
        },
        "20": {
            "x": 0.6201685070991516,
            "y": 0.5130196809768677,
            "z": -0.03214976191520691
        }
    }
}