{
    "Н": {
        "0": {
            "x": 0.32966795563697815,
            "y": 0.7334364652633667,
            "z": 8.904557944333646e-07
        },
        "1": {
            "x": 0.38180169463157654,
            "y": 0.7321650981903076,
            "z": -0.06907768547534943
        },
        "2": {
            "x": 0.40655601024627686,
            "y": 0.69330894947052,
            "z": -0.11210330575704575
        },
        "3": {
            "x": 0.40250006318092346,
            "y": 0.6551162600517273,
            "z": -0.1490882784128189
        },
        "4": {
            "x": 0.38885289430618286,
            "y": 0.6163139343261719,
            "z": -0.18472351133823395
        },
        "5": {
            "x": 0.43314963579177856,
            "y": 0.5253700017929077,
            "z": -0.09046099334955215
        },
        "6": {
            "x": 0.4853232800960541,
            "y": 0.4326585531234741,
            "z": -0.13611994683742523
        },
        "7": {
            "x": 0.5130773186683655,
            "y": 0.3699166774749756,
            "z": -0.16522566974163055
        },
        "8": {
            "x": 0.5302107334136963,
            "y": 0.3130218982696533,
            "z": -0.18244138360023499
        },
        "9": {
            "x": 0.38261136412620544,
            "y": 0.4997776448726654,
            "z": -0.08306712657213211
        },
        "10": {
            "x": 0.39385658502578735,
            "y": 0.38021135330200195,
            "z": -0.1386936604976654
        },
        "11": {
            "x": 0.40565142035484314,
            "y": 0.29989105463027954,
            "z": -0.17388908565044403
        },
        "12": {
            "x": 0.41423138976097107,
            "y": 0.22126251459121704,
            "z": -0.1931677609682083
        },
        "13": {
            "x": 0.33260098099708557,
            "y": 0.5049774646759033,
            "z": -0.08027883619070053
        },
        "14": {
            "x": 0.321715384721756,
            "y": 0.45135682821273804,
            "z": -0.1410597860813141
        },
        "15": {
            "x": 0.3348030149936676,
            "y": 0.5172654390335083,
            "z": -0.16347096860408783
        },
        "16": {
            "x": 0.3457391560077667,
            "y": 0.5646230578422546,
            "z": -0.16522274911403656
        },
        "17": {
            "x": 0.2842809855937958,
            "y": 0.5253509283065796,
            "z": -0.08204510807991028
        },
        "18": {
            "x": 0.2619185447692871,
            "y": 0.45226263999938965,
            "z": -0.12099508941173553
        },
        "19": {
            "x": 0.24594399333000183,
            "y": 0.39846372604370117,
            "z": -0.1344224214553833
        },
        "20": {
            "x": 0.2354905754327774,
            "y": 0.34193676710128784,
            "z": -0.1396951824426651
        }
    }
}