{
    "Н": {
        "0": {
            "x": 0.3865315318107605,
            "y": 0.7234107255935669,
            "z": 6.937474381629727e-07
        },
        "1": {
            "x": 0.4462288022041321,
            "y": 0.7142987251281738,
            "z": -0.042879994958639145
        },
        "2": {
            "x": 0.4926483631134033,
            "y": 0.6756365895271301,
            "z": -0.06457577645778656
        },
        "3": {
            "x": 0.48972567915916443,
            "y": 0.6354283094406128,
            "z": -0.08395650237798691
        },
        "4": {
            "x": 0.47263777256011963,
            "y": 0.602397084236145,
            "z": -0.1013820543885231
        },
        "5": {
            "x": 0.4890345335006714,
            "y": 0.5033459663391113,
            "z": -0.0387403778731823
        },
        "6": {
            "x": 0.5369845032691956,
            "y": 0.4152602553367615,
            "z": -0.06464749574661255
        },
        "7": {
            "x": 0.562682569026947,
            "y": 0.3537926971912384,
            "z": -0.08118849992752075
        },
        "8": {
            "x": 0.5805610418319702,
            "y": 0.30262064933776855,
            "z": -0.08865878731012344
        },
        "9": {
            "x": 0.44084393978118896,
            "y": 0.48141661286354065,
            "z": -0.03762079402804375
        },
        "10": {
            "x": 0.4526071548461914,
            "y": 0.3719319701194763,
            "z": -0.06931748241186142
        },
        "11": {
            "x": 0.465226411819458,
            "y": 0.3007482886314392,
            "z": -0.09074604511260986
        },
        "12": {
            "x": 0.47392773628234863,
            "y": 0.24366366863250732,
            "z": -0.09998740255832672
        },
        "13": {
            "x": 0.3937940299510956,
            "y": 0.4860021770000458,
            "z": -0.0406949408352375
        },
        "14": {
            "x": 0.40371841192245483,
            "y": 0.44434791803359985,
            "z": -0.08352380990982056
        },
        "15": {
            "x": 0.4168597459793091,
            "y": 0.5082734823226929,
            "z": -0.09617152065038681
        },
        "16": {
            "x": 0.4215858578681946,
            "y": 0.5548665523529053,
            "z": -0.0906437560915947
        },
        "17": {
            "x": 0.34863877296447754,
            "y": 0.5055624842643738,
            "z": -0.046811699867248535
        },
        "18": {
            "x": 0.3426225185394287,
            "y": 0.431784063577652,
            "z": -0.07166926562786102
        },
        "19": {
            "x": 0.3411296308040619,
            "y": 0.3874613642692566,
            "z": -0.07443631440401077
        },
        "20": {
            "x": 0.34044310450553894,
            "y": 0.34142225980758667,
            "z": -0.07029910385608673
        }
    }
}