{
    "Н": {
        "0": {
            "x": 0.45795589685440063,
            "y": 0.7496818900108337,
            "z": 7.256905973918037e-07
        },
        "1": {
            "x": 0.5425825715065002,
            "y": 0.7572950720787048,
            "z": -0.04596121236681938
        },
        "2": {
            "x": 0.6076444983482361,
            "y": 0.7150516510009766,
            "z": -0.06625334173440933
        },
        "3": {
            "x": 0.6002084612846375,
            "y": 0.6526802182197571,
            "z": -0.08495344966650009
        },
        "4": {
            "x": 0.5716102719306946,
            "y": 0.6070272326469421,
            "z": -0.1010180190205574
        },
        "5": {
            "x": 0.6166625618934631,
            "y": 0.5198796987533569,
            "z": -0.031226132065057755
        },
        "6": {
            "x": 0.6852302551269531,
            "y": 0.42808619141578674,
            "z": -0.05733444169163704
        },
        "7": {
            "x": 0.7229601144790649,
            "y": 0.368794322013855,
            "z": -0.07374401390552521
        },
        "8": {
            "x": 0.7488203644752502,
            "y": 0.31674614548683167,
            "z": -0.08094172179698944
        },
        "9": {
            "x": 0.5660246014595032,
            "y": 0.48929911851882935,
            "z": -0.031323131173849106
        },
        "10": {
            "x": 0.592664361000061,
            "y": 0.35939353704452515,
            "z": -0.06753215938806534
        },
        "11": {
            "x": 0.6171997785568237,
            "y": 0.2786291241645813,
            "z": -0.09250496327877045
        },
        "12": {
            "x": 0.6346865892410278,
            "y": 0.20990043878555298,
            "z": -0.10350803285837173
        },
        "13": {
            "x": 0.5163059830665588,
            "y": 0.4888729453086853,
            "z": -0.036958929151296616
        },
        "14": {
            "x": 0.529927134513855,
            "y": 0.4371131658554077,
            "z": -0.08859418332576752
        },
        "15": {
            "x": 0.5332231521606445,
            "y": 0.5185872912406921,
            "z": -0.10424474626779556
        },
        "16": {
            "x": 0.5308870077133179,
            "y": 0.5724545121192932,
            "z": -0.09786168485879898
        },
        "17": {
            "x": 0.46402934193611145,
            "y": 0.5012432336807251,
            "z": -0.046006686985492706
        },
        "18": {
            "x": 0.46384966373443604,
            "y": 0.4082772135734558,
            "z": -0.0773681104183197
        },
        "19": {
            "x": 0.4647749960422516,
            "y": 0.34750136733055115,
            "z": -0.08367344737052917
        },
        "20": {
            "x": 0.46817299723625183,
            "y": 0.2838560938835144,
            "z": -0.08137831091880798
        }
    }
}