{
    "Н": {
        "0": {
            "x": 0.3351072371006012,
            "y": 0.7099024653434753,
            "z": 8.584422630519839e-07
        },
        "1": {
            "x": 0.3824434280395508,
            "y": 0.7228989601135254,
            "z": -0.060914624482393265
        },
        "2": {
            "x": 0.4196516275405884,
            "y": 0.7045664191246033,
            "z": -0.09725229442119598
        },
        "3": {
            "x": 0.4162152409553528,
            "y": 0.666521430015564,
            "z": -0.1281759887933731
        },
        "4": {
            "x": 0.38488900661468506,
            "y": 0.6315294504165649,
            "z": -0.15722878277301788
        },
        "5": {
            "x": 0.45495814085006714,
            "y": 0.5255430936813354,
            "z": -0.07535696774721146
        },
        "6": {
            "x": 0.5182252526283264,
            "y": 0.44264087080955505,
            "z": -0.11324653029441833
        },
        "7": {
            "x": 0.5509047508239746,
            "y": 0.38063597679138184,
            "z": -0.1353626549243927
        },
        "8": {
            "x": 0.5721875429153442,
            "y": 0.3259924054145813,
            "z": -0.1460321992635727
        },
        "9": {
            "x": 0.40949708223342896,
            "y": 0.4862701892852783,
            "z": -0.06894315779209137
        },
        "10": {
            "x": 0.4326479136943817,
            "y": 0.3671538233757019,
            "z": -0.11453039944171906
        },
        "11": {
            "x": 0.44978705048561096,
            "y": 0.2862068712711334,
            "z": -0.14152157306671143
        },
        "12": {
            "x": 0.4608733654022217,
            "y": 0.2172318696975708,
            "z": -0.1531616449356079
        },
        "13": {
            "x": 0.3621395230293274,
            "y": 0.4777551293373108,
            "z": -0.06658884882926941
        },
        "14": {
            "x": 0.3501526713371277,
            "y": 0.43150293827056885,
            "z": -0.11973685026168823
        },
        "15": {
            "x": 0.3462393581867218,
            "y": 0.492988646030426,
            "z": -0.13580995798110962
        },
        "16": {
            "x": 0.3446749448776245,
            "y": 0.53752201795578,
            "z": -0.1307353526353836
        },
        "17": {
            "x": 0.3154766857624054,
            "y": 0.484110027551651,
            "z": -0.0682656541466713
        },
        "18": {
            "x": 0.30286505818367004,
            "y": 0.4009324908256531,
            "z": -0.10009901225566864
        },
        "19": {
            "x": 0.2964271306991577,
            "y": 0.3460708260536194,
            "z": -0.10539431869983673
        },
        "20": {
            "x": 0.2949555516242981,
            "y": 0.2914910614490509,
            "z": -0.102035753428936
        }
    }
}