{
    "Н": {
        "0": {
            "x": 0.25423377752304077,
            "y": 0.9227455854415894,
            "z": 1.100045551538642e-06
        },
        "1": {
            "x": 0.3412894904613495,
            "y": 0.9183931350708008,
            "z": -0.06128302589058876
        },
        "2": {
            "x": 0.4140092134475708,
            "y": 0.8575836420059204,
            "z": -0.09231245517730713
        },
        "3": {
            "x": 0.4010751247406006,
            "y": 0.7892179489135742,
            "z": -0.12137792259454727
        },
        "4": {
            "x": 0.3461840748786926,
            "y": 0.746773362159729,
            "z": -0.14777281880378723
        },
        "5": {
            "x": 0.4093991219997406,
            "y": 0.6038905382156372,
            "z": -0.05117562413215637
        },
        "6": {
            "x": 0.4840298295021057,
            "y": 0.46875500679016113,
            "z": -0.09126205742359161
        },
        "7": {
            "x": 0.5242804884910583,
            "y": 0.37312471866607666,
            "z": -0.11611799150705338
        },
        "8": {
            "x": 0.5511034727096558,
            "y": 0.2918388247489929,
            "z": -0.12677939236164093
        },
        "9": {
            "x": 0.3432021141052246,
            "y": 0.5677018165588379,
            "z": -0.052014391869306564
        },
        "10": {
            "x": 0.3667755126953125,
            "y": 0.4007852077484131,
            "z": -0.10370498150587082
        },
        "11": {
            "x": 0.3854280114173889,
            "y": 0.27979010343551636,
            "z": -0.13890953361988068
        },
        "12": {
            "x": 0.3977474570274353,
            "y": 0.18137332797050476,
            "z": -0.15329398214817047
        },
        "13": {
            "x": 0.27968114614486694,
            "y": 0.5710868835449219,
            "z": -0.05897087603807449
        },
        "14": {
            "x": 0.26903343200683594,
            "y": 0.5050272941589355,
            "z": -0.12662184238433838
        },
        "15": {
            "x": 0.26736727356910706,
            "y": 0.5986409187316895,
            "z": -0.14720313251018524
        },
        "16": {
            "x": 0.2650108337402344,
            "y": 0.6669905185699463,
            "z": -0.1375146508216858
        },
        "17": {
            "x": 0.2149868905544281,
            "y": 0.5951118469238281,
            "z": -0.07014614343643188
        },
        "18": {
            "x": 0.19178470969200134,
            "y": 0.4776654839515686,
            "z": -0.10697828233242035
        },
        "19": {
            "x": 0.179974764585495,
            "y": 0.4035114049911499,
            "z": -0.10959997028112411
        },
        "20": {
            "x": 0.1733526736497879,
            "y": 0.329068124294281,
            "z": -0.10147573053836823
        }
    }
}