{
    "О": {
        "0": {
            "x": 0.13904881477355957,
            "y": 0.5708029270172119,
            "z": 2.772458174149506e-07
        },
        "1": {
            "x": 0.2095721811056137,
            "y": 0.5376365184783936,
            "z": -0.0066159977577626705
        },
        "2": {
            "x": 0.2648440897464752,
            "y": 0.48991966247558594,
            "z": -0.012352177873253822
        },
        "3": {
            "x": 0.30465447902679443,
            "y": 0.4365808367729187,
            "z": -0.02280379831790924
        },
        "4": {
            "x": 0.3153828978538513,
            "y": 0.37233641743659973,
            "z": -0.033174168318510056
        },
        "5": {
            "x": 0.23103474080562592,
            "y": 0.3790375590324402,
            "z": 0.018081624060869217
        },
        "6": {
            "x": 0.26816698908805847,
            "y": 0.3250499665737152,
            "z": -0.0074100187048316
        },
        "7": {
            "x": 0.2904052734375,
            "y": 0.3264840245246887,
            "z": -0.03262073174118996
        },
        "8": {
            "x": 0.30481237173080444,
            "y": 0.34423816204071045,
            "z": -0.04587428644299507
        },
        "9": {
            "x": 0.21016982197761536,
            "y": 0.3538055419921875,
            "z": 0.005069773178547621
        },
        "10": {
            "x": 0.2429995834827423,
            "y": 0.2606601119041443,
            "z": -0.005573521833866835
        },
        "11": {
            "x": 0.2705899178981781,
            "y": 0.20269103348255157,
            "z": -0.021418152377009392
        },
        "12": {
            "x": 0.29498451948165894,
            "y": 0.15354830026626587,
            "z": -0.034105394035577774
        },
        "13": {
            "x": 0.18402723968029022,
            "y": 0.3471863865852356,
            "z": -0.013998951762914658
        },
        "14": {
            "x": 0.2091616541147232,
            "y": 0.258139967918396,
            "z": -0.025421852245926857
        },
        "15": {
            "x": 0.23938170075416565,
            "y": 0.19992861151695251,
            "z": -0.037409890443086624
        },
        "16": {
            "x": 0.2687889337539673,
            "y": 0.15210755169391632,
            "z": -0.04713914543390274
        },
        "17": {
            "x": 0.15343712270259857,
            "y": 0.3559131622314453,
            "z": -0.03523056581616402
        },
        "18": {
            "x": 0.14832660555839539,
            "y": 0.27670806646347046,
            "z": -0.04455900937318802
        },
        "19": {
            "x": 0.16312667727470398,
            "y": 0.22871191799640656,
            "z": -0.0472828634083271
        },
        "20": {
            "x": 0.1853967308998108,
            "y": 0.1915922909975052,
            "z": -0.05011050030589104
        }
    }
}