{
    "О": {
        "0": {
            "x": 0.6049509048461914,
            "y": 0.713603138923645,
            "z": 2.318084000307863e-07
        },
        "1": {
            "x": 0.6936168074607849,
            "y": 0.6543217897415161,
            "z": 0.03047785721719265
        },
        "2": {
            "x": 0.7367892861366272,
            "y": 0.5891869068145752,
            "z": 0.031087977811694145
        },
        "3": {
            "x": 0.7798449397087097,
            "y": 0.5476309657096863,
            "z": 0.019024832174181938
        },
        "4": {
            "x": 0.8174929022789001,
            "y": 0.5047106742858887,
            "z": 0.00520010432228446
        },
        "5": {
            "x": 0.6526663899421692,
            "y": 0.45131078362464905,
            "z": 0.026695886626839638
        },
        "6": {
            "x": 0.7321074604988098,
            "y": 0.36598339676856995,
            "z": 0.0008397811907343566
        },
        "7": {
            "x": 0.779998779296875,
            "y": 0.3638731837272644,
            "z": -0.022586097940802574
        },
        "8": {
            "x": 0.8099896311759949,
            "y": 0.37591031193733215,
            "z": -0.03731880336999893
        },
        "9": {
            "x": 0.641163170337677,
            "y": 0.4497775435447693,
            "z": -0.009184109978377819
        },
        "10": {
            "x": 0.7287749648094177,
            "y": 0.33492612838745117,
            "z": -0.034264836460351944
        },
        "11": {
            "x": 0.7881743311882019,
            "y": 0.28700947761535645,
            "z": -0.05747557058930397
        },
        "12": {
            "x": 0.8294175863265991,
            "y": 0.2577168643474579,
            "z": -0.07256444543600082
        },
        "13": {
            "x": 0.6495936512947083,
            "y": 0.46762707829475403,
            "z": -0.04638763144612312
        },
        "14": {
            "x": 0.7206685543060303,
            "y": 0.3317820429801941,
            "z": -0.06899435073137283
        },
        "15": {
            "x": 0.776880145072937,
            "y": 0.2623543441295624,
            "z": -0.0865693986415863
        },
        "16": {
            "x": 0.817808985710144,
            "y": 0.20958054065704346,
            "z": -0.09835943579673767
        },
        "17": {
            "x": 0.6779069304466248,
            "y": 0.4934405982494354,
            "z": -0.08153026551008224
        },
        "18": {
            "x": 0.7198007106781006,
            "y": 0.38350239396095276,
            "z": -0.10037068277597427
        },
        "19": {
            "x": 0.7534722685813904,
            "y": 0.31711864471435547,
            "z": -0.10911998897790909
        },
        "20": {
            "x": 0.7868112325668335,
            "y": 0.2630683481693268,
            "z": -0.11548592150211334
        }
    }
}