{
    "О": {
        "0": {
            "x": 0.3171761929988861,
            "y": 0.8266110420227051,
            "z": 1.9227947234412568e-07
        },
        "1": {
            "x": 0.3899743854999542,
            "y": 0.7735080718994141,
            "z": 0.0093593904748559
        },
        "2": {
            "x": 0.43497052788734436,
            "y": 0.7076845169067383,
            "z": 0.011502483859658241
        },
        "3": {
            "x": 0.471043199300766,
            "y": 0.6579986214637756,
            "z": 0.0047877696342766285
        },
        "4": {
            "x": 0.47912436723709106,
            "y": 0.5997052788734436,
            "z": -0.0009565498330630362
        },
        "5": {
            "x": 0.38154295086860657,
            "y": 0.585067093372345,
            "z": 0.04330836236476898
        },
        "6": {
            "x": 0.4202621877193451,
            "y": 0.5235397219657898,
            "z": 0.01688363589346409
        },
        "7": {
            "x": 0.4534645676612854,
            "y": 0.5393210649490356,
            "z": -0.012820746749639511
        },
        "8": {
            "x": 0.47381964325904846,
            "y": 0.5683329701423645,
            "z": -0.028728630393743515
        },
        "9": {
            "x": 0.3665834963321686,
            "y": 0.5681945085525513,
            "z": 0.020703816786408424
        },
        "10": {
            "x": 0.3916768431663513,
            "y": 0.46608006954193115,
            "z": 0.01003022026270628
        },
        "11": {
            "x": 0.4246799945831299,
            "y": 0.4042168855667114,
            "z": -0.009764503687620163
        },
        "12": {
            "x": 0.4512491822242737,
            "y": 0.3578610420227051,
            "z": -0.0258684940636158
        },
        "13": {
            "x": 0.34843918681144714,
            "y": 0.5704633593559265,
            "z": -0.008768186904489994
        },
        "14": {
            "x": 0.36555612087249756,
            "y": 0.4743421673774719,
            "z": -0.018869252875447273
        },
        "15": {
            "x": 0.39624083042144775,
            "y": 0.4078243374824524,
            "z": -0.034162722527980804
        },
        "16": {
            "x": 0.42589831352233887,
            "y": 0.3537760376930237,
            "z": -0.046741727739572525
        },
        "17": {
            "x": 0.33049076795578003,
            "y": 0.5866044163703918,
            "z": -0.03991224989295006
        },
        "18": {
            "x": 0.32802078127861023,
            "y": 0.5047754645347595,
            "z": -0.04630305618047714
        },
        "19": {
            "x": 0.34589704871177673,
            "y": 0.45344406366348267,
            "z": -0.049038972705602646
        },
        "20": {
            "x": 0.3714563548564911,
            "y": 0.41427114605903625,
            "z": -0.05297180265188217
        }
    }
}