{
    "О": {
        "0": {
            "x": 0.3661697804927826,
            "y": 0.7656881809234619,
            "z": 8.372793303124126e-08
        },
        "1": {
            "x": 0.4508891999721527,
            "y": 0.7155569791793823,
            "z": 0.023797672241926193
        },
        "2": {
            "x": 0.4934830367565155,
            "y": 0.6502920985221863,
            "z": 0.02553825080394745
        },
        "3": {
            "x": 0.52765291929245,
            "y": 0.6085081100463867,
            "z": 0.017359774559736252
        },
        "4": {
            "x": 0.5575546026229858,
            "y": 0.5653600692749023,
            "z": 0.008966822177171707
        },
        "5": {
            "x": 0.43913009762763977,
            "y": 0.5256994366645813,
            "z": 0.028277413919568062
        },
        "6": {
            "x": 0.5010190010070801,
            "y": 0.46828603744506836,
            "z": 0.0005821904051117599
        },
        "7": {
            "x": 0.5330785512924194,
            "y": 0.49596157670021057,
            "z": -0.025042202323675156
        },
        "8": {
            "x": 0.5464824438095093,
            "y": 0.5392794609069824,
            "z": -0.03927090764045715
        },
        "9": {
            "x": 0.4283018708229065,
            "y": 0.522983729839325,
            "z": -0.0009520723833702505
        },
        "10": {
            "x": 0.48561257123947144,
            "y": 0.4239565134048462,
            "z": -0.014520818367600441
        },
        "11": {
            "x": 0.5284437537193298,
            "y": 0.3687346577644348,
            "z": -0.031610120087862015
        },
        "12": {
            "x": 0.5595824122428894,
            "y": 0.3261753022670746,
            "z": -0.0466744489967823
        },
        "13": {
            "x": 0.4220866560935974,
            "y": 0.5441409349441528,
            "z": -0.03346244618296623
        },
        "14": {
            "x": 0.4716401994228363,
            "y": 0.4371580183506012,
            "z": -0.04665146395564079
        },
        "15": {
            "x": 0.5069120526313782,
            "y": 0.37709546089172363,
            "z": -0.06035590171813965
        },
        "16": {
            "x": 0.5346094965934753,
            "y": 0.32638460397720337,
            "z": -0.07346004247665405
        },
        "17": {
            "x": 0.42264509201049805,
            "y": 0.5783252716064453,
            "z": -0.06497928500175476
        },
        "18": {
            "x": 0.4412929117679596,
            "y": 0.502952516078949,
            "z": -0.07986082881689072
        },
        "19": {
            "x": 0.4629811942577362,
            "y": 0.44834229350090027,
            "z": -0.08813345432281494
        },
        "20": {
            "x": 0.4873974621295929,
            "y": 0.3994537591934204,
            "z": -0.09607832133769989
        }
    }
}