{
    "О": {
        "0": {
            "x": 0.38117414712905884,
            "y": 0.7685641646385193,
            "z": 6.900687310462672e-08
        },
        "1": {
            "x": 0.46628135442733765,
            "y": 0.7144753932952881,
            "z": 0.023479193449020386
        },
        "2": {
            "x": 0.5114414691925049,
            "y": 0.6482618451118469,
            "z": 0.026179879903793335
        },
        "3": {
            "x": 0.5474304556846619,
            "y": 0.6063493490219116,
            "z": 0.018721885979175568
        },
        "4": {
            "x": 0.5799014568328857,
            "y": 0.5646128058433533,
            "z": 0.011341598816215992
        },
        "5": {
            "x": 0.46100378036499023,
            "y": 0.5232992172241211,
            "z": 0.03387096896767616
        },
        "6": {
            "x": 0.5188015699386597,
            "y": 0.4677092730998993,
            "z": 0.008482939563691616
        },
        "7": {
            "x": 0.5494570136070251,
            "y": 0.4939314126968384,
            "z": -0.016291175037622452
        },
        "8": {
            "x": 0.5641448497772217,
            "y": 0.535308837890625,
            "z": -0.030538463965058327
        },
        "9": {
            "x": 0.4501053988933563,
            "y": 0.5201420187950134,
            "z": 0.005160191562026739
        },
        "10": {
            "x": 0.5072609186172485,
            "y": 0.4232320785522461,
            "z": -0.007111045066267252
        },
        "11": {
            "x": 0.5482189059257507,
            "y": 0.36742010712623596,
            "z": -0.023947717621922493
        },
        "12": {
            "x": 0.5790987014770508,
            "y": 0.32466331124305725,
            "z": -0.038946621119976044
        },
        "13": {
            "x": 0.4428936839103699,
            "y": 0.5397111773490906,
            "z": -0.027226343750953674
        },
        "14": {
            "x": 0.4938648045063019,
            "y": 0.4350954294204712,
            "z": -0.03903656080365181
        },
        "15": {
            "x": 0.5294551253318787,
            "y": 0.37601813673973083,
            "z": -0.051483072340488434
        },
        "16": {
            "x": 0.5576142072677612,
            "y": 0.3279739320278168,
            "z": -0.06378211826086044
        },
        "17": {
            "x": 0.4417361319065094,
            "y": 0.5713520050048828,
            "z": -0.059000108391046524
        },
        "18": {
            "x": 0.46388861536979675,
            "y": 0.49623358249664307,
            "z": -0.0722985714673996
        },
        "19": {
            "x": 0.486571729183197,
            "y": 0.4421364665031433,
            "z": -0.07961772382259369
        },
        "20": {
            "x": 0.5112908482551575,
            "y": 0.3945053517818451,
            "z": -0.08701112121343613
        }
    }
}