{
    "О": {
        "0": {
            "x": 0.2760154902935028,
            "y": 0.6239020824432373,
            "z": 1.7416030573258467e-07
        },
        "1": {
            "x": 0.34379929304122925,
            "y": 0.5930684804916382,
            "z": 8.368757698917761e-05
        },
        "2": {
            "x": 0.39383119344711304,
            "y": 0.5442298054695129,
            "z": -0.003973919432610273
        },
        "3": {
            "x": 0.431058406829834,
            "y": 0.5069524049758911,
            "z": -0.014295186847448349
        },
        "4": {
            "x": 0.4536604583263397,
            "y": 0.45793405175209045,
            "z": -0.024601198732852936
        },
        "5": {
            "x": 0.3697124719619751,
            "y": 0.4242658317089081,
            "z": 0.019594181329011917
        },
        "6": {
            "x": 0.40410229563713074,
            "y": 0.3732789158821106,
            "z": -0.006730189546942711
        },
        "7": {
            "x": 0.4287838041782379,
            "y": 0.38909050822257996,
            "z": -0.032441992312669754
        },
        "8": {
            "x": 0.446658730506897,
            "y": 0.41936415433883667,
            "z": -0.04653972387313843
        },
        "9": {
            "x": 0.35290810465812683,
            "y": 0.4050568640232086,
            "z": 0.0026164681185036898
        },
        "10": {
            "x": 0.38331303000450134,
            "y": 0.3168380856513977,
            "z": -0.011510557495057583
        },
        "11": {
            "x": 0.41488438844680786,
            "y": 0.26488691568374634,
            "z": -0.03018921986222267
        },
        "12": {
            "x": 0.4435043931007385,
            "y": 0.22329597175121307,
            "z": -0.04488541930913925
        },
        "13": {
            "x": 0.3308843970298767,
            "y": 0.4043903648853302,
            "z": -0.019806450232863426
        },
        "14": {
            "x": 0.3538171052932739,
            "y": 0.3202875256538391,
            "z": -0.03383719176054001
        },
        "15": {
            "x": 0.3854181170463562,
            "y": 0.26640450954437256,
            "z": -0.04916759952902794
        },
        "16": {
            "x": 0.4178152084350586,
            "y": 0.22111661732196808,
            "z": -0.06099594756960869
        },
        "17": {
            "x": 0.3059415817260742,
            "y": 0.4203121066093445,
            "z": -0.04371921718120575
        },
        "18": {
            "x": 0.30229029059410095,
            "y": 0.3443436622619629,
            "z": -0.05510127171874046
        },
        "19": {
            "x": 0.3211226165294647,
            "y": 0.3009927272796631,
            "z": -0.0603240430355072
        },
        "20": {
            "x": 0.34849900007247925,
            "y": 0.26929014921188354,
            "z": -0.06496679037809372
        }
    }
}