{
    "О": {
        "0": {
            "x": 0.49828436970710754,
            "y": 0.6914815902709961,
            "z": 3.0945727758080466e-07
        },
        "1": {
            "x": 0.5444381833076477,
            "y": 0.6492400765419006,
            "z": -0.002685651881620288
        },
        "2": {
            "x": 0.5771371126174927,
            "y": 0.6086705923080444,
            "z": -0.011717475950717926
        },
        "3": {
            "x": 0.6054133772850037,
            "y": 0.5738672018051147,
            "z": -0.025561703369021416
        },
        "4": {
            "x": 0.6181842088699341,
            "y": 0.5275833606719971,
            "z": -0.03725853189826012
        },
        "5": {
            "x": 0.5141305327415466,
            "y": 0.5190216302871704,
            "z": 0.009538105688989162
        },
        "6": {
            "x": 0.5532521605491638,
            "y": 0.4820908308029175,
            "z": -0.01755034364759922
        },
        "7": {
            "x": 0.582461416721344,
            "y": 0.4945082664489746,
            "z": -0.03901549056172371
        },
        "8": {
            "x": 0.5995234251022339,
            "y": 0.5205848813056946,
            "z": -0.047324564307928085
        },
        "9": {
            "x": 0.4969608187675476,
            "y": 0.5007954835891724,
            "z": -0.003885925281792879
        },
        "10": {
            "x": 0.5031610727310181,
            "y": 0.41397929191589355,
            "z": -0.01660851389169693
        },
        "11": {
            "x": 0.5170652866363525,
            "y": 0.35546910762786865,
            "z": -0.02547324076294899
        },
        "12": {
            "x": 0.527520477771759,
            "y": 0.3101613521575928,
            "z": -0.029831716790795326
        },
        "13": {
            "x": 0.479431688785553,
            "y": 0.5017300844192505,
            "z": -0.022292694076895714
        },
        "14": {
            "x": 0.46008923649787903,
            "y": 0.4242386221885681,
            "z": -0.034592192620038986
        },
        "15": {
            "x": 0.45972681045532227,
            "y": 0.36568257212638855,
            "z": -0.04037591814994812
        },
        "16": {
            "x": 0.4623930752277374,
            "y": 0.3187716007232666,
            "z": -0.04196469113230705
        },
        "17": {
            "x": 0.4653622806072235,
            "y": 0.5171989798545837,
            "z": -0.042281489819288254
        },
        "18": {
            "x": 0.439938485622406,
            "y": 0.4574893116950989,
            "z": -0.049019843339920044
        },
        "19": {
            "x": 0.43224072456359863,
            "y": 0.4123803377151489,
            "z": -0.046355556696653366
        },
        "20": {
            "x": 0.4318811893463135,
            "y": 0.37570104002952576,
            "z": -0.04271445795893669
        }
    }
}