{
    "О": {
        "0": {
            "x": 0.6926583647727966,
            "y": 0.6797115206718445,
            "z": -4.024098814170429e-07
        },
        "1": {
            "x": 0.6324162483215332,
            "y": 0.6260089874267578,
            "z": 0.0863790214061737
        },
        "2": {
            "x": 0.6007749438285828,
            "y": 0.5959435105323792,
            "z": 0.1184769943356514
        },
        "3": {
            "x": 0.5683712363243103,
            "y": 0.5739305019378662,
            "z": 0.12900634109973907
        },
        "4": {
            "x": 0.5368977189064026,
            "y": 0.5441935062408447,
            "z": 0.13632626831531525
        },
        "5": {
            "x": 0.6486281752586365,
            "y": 0.4931267499923706,
            "z": 0.11159389466047287
        },
        "6": {
            "x": 0.5956011414527893,
            "y": 0.47098445892333984,
            "z": 0.12012962251901627
        },
        "7": {
            "x": 0.5604507327079773,
            "y": 0.4988432824611664,
            "z": 0.11603068560361862
        },
        "8": {
            "x": 0.5459146499633789,
            "y": 0.5287998914718628,
            "z": 0.11539667099714279
        },
        "9": {
            "x": 0.655221700668335,
            "y": 0.48806872963905334,
            "z": 0.06389164924621582
        },
        "10": {
            "x": 0.6113702058792114,
            "y": 0.40490490198135376,
            "z": 0.08472822606563568
        },
        "11": {
            "x": 0.5760310292243958,
            "y": 0.364431232213974,
            "z": 0.09060337394475937
        },
        "12": {
            "x": 0.5508340001106262,
            "y": 0.32938218116760254,
            "z": 0.09175921976566315
        },
        "13": {
            "x": 0.6559169888496399,
            "y": 0.492876797914505,
            "z": 0.0165975634008646
        },
        "14": {
            "x": 0.6245543956756592,
            "y": 0.39330655336380005,
            "z": 0.032879654318094254
        },
        "15": {
            "x": 0.6005908250808716,
            "y": 0.340309739112854,
            "z": 0.044434644281864166
        },
        "16": {
            "x": 0.5833984017372131,
            "y": 0.3030410706996918,
            "z": 0.04932134598493576
        },
        "17": {
            "x": 0.6420661211013794,
            "y": 0.4966372847557068,
            "z": -0.025309232994914055
        },
        "18": {
            "x": 0.6243317127227783,
            "y": 0.41883349418640137,
            "z": -0.01757589541375637
        },
        "19": {
            "x": 0.6124484539031982,
            "y": 0.37253841757774353,
            "z": -0.007464099209755659
        },
        "20": {
            "x": 0.6016841530799866,
            "y": 0.3331773281097412,
            "z": -0.0005118584376759827
        }
    }
}