{
    "О": {
        "0": {
            "x": 0.32022884488105774,
            "y": 0.8277697563171387,
            "z": 2.1500474645108625e-07
        },
        "1": {
            "x": 0.39216065406799316,
            "y": 0.7811890244483948,
            "z": 0.0002503823779989034
        },
        "2": {
            "x": 0.444174587726593,
            "y": 0.7183935046195984,
            "z": -0.0019770993385463953
        },
        "3": {
            "x": 0.4853616952896118,
            "y": 0.6663327813148499,
            "z": -0.011200966313481331
        },
        "4": {
            "x": 0.48724591732025146,
            "y": 0.6069106459617615,
            "z": -0.019895941019058228
        },
        "5": {
            "x": 0.39529934525489807,
            "y": 0.5963224172592163,
            "z": 0.03131144866347313
        },
        "6": {
            "x": 0.43037179112434387,
            "y": 0.5316944718360901,
            "z": 0.0019766006153076887
        },
        "7": {
            "x": 0.45888233184814453,
            "y": 0.5433177947998047,
            "z": -0.029409188777208328
        },
        "8": {
            "x": 0.4767751693725586,
            "y": 0.5722256898880005,
            "z": -0.04639048874378204
        },
        "9": {
            "x": 0.37705716490745544,
            "y": 0.5776229500770569,
            "z": 0.01326931081712246
        },
        "10": {
            "x": 0.4024997055530548,
            "y": 0.47592079639434814,
            "z": -0.0007735855760984123
        },
        "11": {
            "x": 0.43462687730789185,
            "y": 0.41223210096359253,
            "z": -0.022670799866318703
        },
        "12": {
            "x": 0.46105465292930603,
            "y": 0.3608343303203583,
            "z": -0.03986726701259613
        },
        "13": {
            "x": 0.35628893971443176,
            "y": 0.5788030624389648,
            "z": -0.011816893704235554
        },
        "14": {
            "x": 0.37454020977020264,
            "y": 0.48504799604415894,
            "z": -0.02578643336892128
        },
        "15": {
            "x": 0.40604084730148315,
            "y": 0.41667476296424866,
            "z": -0.04327913746237755
        },
        "16": {
            "x": 0.43683311343193054,
            "y": 0.3592990040779114,
            "z": -0.05668552592396736
        },
        "17": {
            "x": 0.3349105715751648,
            "y": 0.5952155590057373,
            "z": -0.03893538936972618
        },
        "18": {
            "x": 0.3298584222793579,
            "y": 0.5146713256835938,
            "z": -0.04890535771846771
        },
        "19": {
            "x": 0.3443338871002197,
            "y": 0.46167612075805664,
            "z": -0.05368465185165405
        },
        "20": {
            "x": 0.36709916591644287,
            "y": 0.4179726243019104,
            "z": -0.05866390839219093
        }
    }
}