{
    "О": {
        "0": {
            "x": 0.6821111440658569,
            "y": 0.6989361047744751,
            "z": -5.195505536903511e-08
        },
        "1": {
            "x": 0.6343274712562561,
            "y": 0.6768075227737427,
            "z": -0.005988859571516514
        },
        "2": {
            "x": 0.5964675545692444,
            "y": 0.6390237808227539,
            "z": -0.012701932340860367
        },
        "3": {
            "x": 0.5593327879905701,
            "y": 0.6050719022750854,
            "z": -0.02276439592242241
        },
        "4": {
            "x": 0.5384782552719116,
            "y": 0.5627059936523438,
            "z": -0.030591165646910667
        },
        "5": {
            "x": 0.6435030102729797,
            "y": 0.5458352565765381,
            "z": 0.01101497933268547
        },
        "6": {
            "x": 0.6022432446479797,
            "y": 0.5161556005477905,
            "z": -0.016776811331510544
        },
        "7": {
            "x": 0.5676425099372864,
            "y": 0.5278024673461914,
            "z": -0.04093940928578377
        },
        "8": {
            "x": 0.5513084530830383,
            "y": 0.5503882765769958,
            "z": -0.05111456289887428
        },
        "9": {
            "x": 0.6602804660797119,
            "y": 0.5206058621406555,
            "z": 0.004521342925727367
        },
        "10": {
            "x": 0.6403592824935913,
            "y": 0.4379484951496124,
            "z": -0.009370655752718449
        },
        "11": {
            "x": 0.6211794018745422,
            "y": 0.3874151408672333,
            "z": -0.016011487692594528
        },
        "12": {
            "x": 0.6066898703575134,
            "y": 0.3456987142562866,
            "z": -0.01746608316898346
        },
        "13": {
            "x": 0.6813178062438965,
            "y": 0.5093494057655334,
            "z": -0.007305696606636047
        },
        "14": {
            "x": 0.6813840866088867,
            "y": 0.4274533987045288,
            "z": -0.01779775135219097
        },
        "15": {
            "x": 0.6725701689720154,
            "y": 0.3799052834510803,
            "z": -0.016238171607255936
        },
        "16": {
            "x": 0.6637932062149048,
            "y": 0.34169477224349976,
            "z": -0.010997824370861053
        },
        "17": {
            "x": 0.7001319527626038,
            "y": 0.5142505764961243,
            "z": -0.0212034173309803
        },
        "18": {
            "x": 0.709072470664978,
            "y": 0.4480869770050049,
            "z": -0.023858491331338882
        },
        "19": {
            "x": 0.709816038608551,
            "y": 0.4042132496833801,
            "z": -0.016630731523036957
        },
        "20": {
            "x": 0.708336353302002,
            "y": 0.36830323934555054,
            "z": -0.008055449463427067
        }
    }
}