{
    "О": {
        "0": {
            "x": 0.646615207195282,
            "y": 0.7779202461242676,
            "z": -4.7054832919002365e-08
        },
        "1": {
            "x": 0.6063247323036194,
            "y": 0.7666114568710327,
            "z": -0.007811390794813633
        },
        "2": {
            "x": 0.5710775852203369,
            "y": 0.7322078943252563,
            "z": -0.014514757320284843
        },
        "3": {
            "x": 0.5389456748962402,
            "y": 0.7048999667167664,
            "z": -0.023275228217244148
        },
        "4": {
            "x": 0.5158675909042358,
            "y": 0.6761394739151001,
            "z": -0.030644482001662254
        },
        "5": {
            "x": 0.6034534573554993,
            "y": 0.6423155665397644,
            "z": -0.0004883608780801296
        },
        "6": {
            "x": 0.5634417533874512,
            "y": 0.6165521740913391,
            "z": -0.026703951880335808
        },
        "7": {
            "x": 0.532299280166626,
            "y": 0.6347851753234863,
            "z": -0.049061015248298645
        },
        "8": {
            "x": 0.5177232623100281,
            "y": 0.6585614085197449,
            "z": -0.05906567722558975
        },
        "9": {
            "x": 0.6156101822853088,
            "y": 0.6179279685020447,
            "z": -0.005482235923409462
        },
        "10": {
            "x": 0.595634937286377,
            "y": 0.5446915030479431,
            "z": -0.020827248692512512
        },
        "11": {
            "x": 0.5764323472976685,
            "y": 0.49968239665031433,
            "z": -0.028879696503281593
        },
        "12": {
            "x": 0.5619985461235046,
            "y": 0.4635416269302368,
            "z": -0.0319347158074379
        },
        "13": {
            "x": 0.6307786107063293,
            "y": 0.607245922088623,
            "z": -0.014570617116987705
        },
        "14": {
            "x": 0.6276336312294006,
            "y": 0.5310927033424377,
            "z": -0.026843268424272537
        },
        "15": {
            "x": 0.6179636120796204,
            "y": 0.4865161180496216,
            "z": -0.028026500716805458
        },
        "16": {
            "x": 0.6086470484733582,
            "y": 0.4522392153739929,
            "z": -0.025086207315325737
        },
        "17": {
            "x": 0.6451795101165771,
            "y": 0.6108071804046631,
            "z": -0.025304967537522316
        },
        "18": {
            "x": 0.6470596194267273,
            "y": 0.5469438433647156,
            "z": -0.030228493735194206
        },
        "19": {
            "x": 0.6431617140769958,
            "y": 0.504618763923645,
            "z": -0.02551266923546791
        },
        "20": {
            "x": 0.6380439400672913,
            "y": 0.47119206190109253,
            "z": -0.019146431237459183
        }
    }
}