{
    "О": {
        "0": {
            "x": 0.6444787383079529,
            "y": 0.770720899105072,
            "z": 1.6923918266797955e-08
        },
        "1": {
            "x": 0.6030417084693909,
            "y": 0.7581131458282471,
            "z": -0.006170343142002821
        },
        "2": {
            "x": 0.5681135058403015,
            "y": 0.7307522892951965,
            "z": -0.014612277038395405
        },
        "3": {
            "x": 0.5345476865768433,
            "y": 0.7088155150413513,
            "z": -0.025669317692518234
        },
        "4": {
            "x": 0.5108204483985901,
            "y": 0.6818190813064575,
            "z": -0.035376694053411484
        },
        "5": {
            "x": 0.596083402633667,
            "y": 0.6350462436676025,
            "z": 0.0002707747044041753
        },
        "6": {
            "x": 0.5550619959831238,
            "y": 0.6148360371589661,
            "z": -0.02426386997103691
        },
        "7": {
            "x": 0.5252850651741028,
            "y": 0.6338130235671997,
            "z": -0.044287580996751785
        },
        "8": {
            "x": 0.5129762291908264,
            "y": 0.6567670106887817,
            "z": -0.05297064036130905
        },
        "9": {
            "x": 0.6079026460647583,
            "y": 0.6114915609359741,
            "z": -0.005999627988785505
        },
        "10": {
            "x": 0.5862392783164978,
            "y": 0.5417194962501526,
            "z": -0.022180311381816864
        },
        "11": {
            "x": 0.5676195621490479,
            "y": 0.4986547529697418,
            "z": -0.028577879071235657
        },
        "12": {
            "x": 0.5533231496810913,
            "y": 0.4635772109031677,
            "z": -0.029878471046686172
        },
        "13": {
            "x": 0.623424232006073,
            "y": 0.6028498411178589,
            "z": -0.01616770215332508
        },
        "14": {
            "x": 0.6211903095245361,
            "y": 0.5300816297531128,
            "z": -0.029617689549922943
        },
        "15": {
            "x": 0.6118648648262024,
            "y": 0.4847383201122284,
            "z": -0.02953970618546009
        },
        "16": {
            "x": 0.6017906069755554,
            "y": 0.4502015709877014,
            "z": -0.025292333215475082
        },
        "17": {
            "x": 0.637665331363678,
            "y": 0.6090236902236938,
            "z": -0.027735402807593346
        },
        "18": {
            "x": 0.6404232382774353,
            "y": 0.5468965768814087,
            "z": -0.03386981785297394
        },
        "19": {
            "x": 0.6355238556861877,
            "y": 0.5040223598480225,
            "z": -0.029110876843333244
        },
        "20": {
            "x": 0.6291182637214661,
            "y": 0.4697811007499695,
            "z": -0.022408533841371536
        }
    }
}