{
    "О": {
        "0": {
            "x": 0.48539817333221436,
            "y": 0.6958814859390259,
            "z": 3.652982343282929e-07
        },
        "1": {
            "x": 0.5503746271133423,
            "y": 0.6415471434593201,
            "z": -0.005141001660376787
        },
        "2": {
            "x": 0.5926243662834167,
            "y": 0.5787243247032166,
            "z": -0.00986848957836628
        },
        "3": {
            "x": 0.6304561495780945,
            "y": 0.5270708203315735,
            "z": -0.0216001495718956
        },
        "4": {
            "x": 0.6539481282234192,
            "y": 0.47165733575820923,
            "z": -0.031033901497721672
        },
        "5": {
            "x": 0.5252234935760498,
            "y": 0.4695817828178406,
            "z": 0.030088944360613823
        },
        "6": {
            "x": 0.5695891380310059,
            "y": 0.41076478362083435,
            "z": 0.000841090630274266
        },
        "7": {
            "x": 0.6023633480072021,
            "y": 0.4275225102901459,
            "z": -0.02545955590903759
        },
        "8": {
            "x": 0.6202685236930847,
            "y": 0.46033450961112976,
            "z": -0.03632035106420517
        },
        "9": {
            "x": 0.4995719790458679,
            "y": 0.4399684965610504,
            "z": 0.014815034344792366
        },
        "10": {
            "x": 0.5160965323448181,
            "y": 0.3373895287513733,
            "z": 0.002878468483686447
        },
        "11": {
            "x": 0.5331430435180664,
            "y": 0.26850026845932007,
            "z": -0.012070680968463421
        },
        "12": {
            "x": 0.5435252785682678,
            "y": 0.21155095100402832,
            "z": -0.02123088762164116
        },
        "13": {
            "x": 0.4718703627586365,
            "y": 0.43536144495010376,
            "z": -0.008533869870007038
        },
        "14": {
            "x": 0.45980051159858704,
            "y": 0.3331242501735687,
            "z": -0.024588897824287415
        },
        "15": {
            "x": 0.458196759223938,
            "y": 0.25788581371307373,
            "z": -0.03798358514904976
        },
        "16": {
            "x": 0.45704975724220276,
            "y": 0.2003764808177948,
            "z": -0.044009916484355927
        },
        "17": {
            "x": 0.44740235805511475,
            "y": 0.44835472106933594,
            "z": -0.034338176250457764
        },
        "18": {
            "x": 0.43517792224884033,
            "y": 0.35650715231895447,
            "z": -0.045009102672338486
        },
        "19": {
            "x": 0.4333091080188751,
            "y": 0.2936949133872986,
            "z": -0.04654513671994209
        },
        "20": {
            "x": 0.43586263060569763,
            "y": 0.2442026138305664,
            "z": -0.04565421864390373
        }
    }
}