{
    "О": {
        "0": {
            "x": 0.6423648595809937,
            "y": 0.9092509746551514,
            "z": 4.4445579305829597e-07
        },
        "1": {
            "x": 0.7119052410125732,
            "y": 0.8535444736480713,
            "z": -0.011895036324858665
        },
        "2": {
            "x": 0.7565450668334961,
            "y": 0.7929990291595459,
            "z": -0.0308381374925375
        },
        "3": {
            "x": 0.8008392453193665,
            "y": 0.7467828392982483,
            "z": -0.056555718183517456
        },
        "4": {
            "x": 0.8317734599113464,
            "y": 0.7017673850059509,
            "z": -0.08039248734712601
        },
        "5": {
            "x": 0.6724180579185486,
            "y": 0.6599621176719666,
            "z": -0.004970579408109188
        },
        "6": {
            "x": 0.7128375768661499,
            "y": 0.5937154293060303,
            "z": -0.04910081624984741
        },
        "7": {
            "x": 0.7531377673149109,
            "y": 0.6244254112243652,
            "z": -0.08326168358325958
        },
        "8": {
            "x": 0.7749543190002441,
            "y": 0.6627518534660339,
            "z": -0.09984293580055237
        },
        "9": {
            "x": 0.6489884853363037,
            "y": 0.643221378326416,
            "z": -0.024685252457857132
        },
        "10": {
            "x": 0.6623331904411316,
            "y": 0.5249484777450562,
            "z": -0.050079021602869034
        },
        "11": {
            "x": 0.6805305480957031,
            "y": 0.44231683015823364,
            "z": -0.07195927202701569
        },
        "12": {
            "x": 0.6888613104820251,
            "y": 0.37313857674598694,
            "z": -0.08729452639818192
        },
        "13": {
            "x": 0.6241893172264099,
            "y": 0.6560093760490417,
            "z": -0.05135120451450348
        },
        "14": {
            "x": 0.5993466973304749,
            "y": 0.5449519753456116,
            "z": -0.07716172933578491
        },
        "15": {
            "x": 0.5909215211868286,
            "y": 0.4669225215911865,
            "z": -0.09670066088438034
        },
        "16": {
            "x": 0.5825114250183105,
            "y": 0.4000144898891449,
            "z": -0.10911797732114792
        },
        "17": {
            "x": 0.6068030595779419,
            "y": 0.6917803883552551,
            "z": -0.08019246906042099
        },
        "18": {
            "x": 0.5817607641220093,
            "y": 0.6127797365188599,
            "z": -0.0996645838022232
        },
        "19": {
            "x": 0.5692341923713684,
            "y": 0.5535521507263184,
            "z": -0.10626460611820221
        },
        "20": {
            "x": 0.559792160987854,
            "y": 0.5009214878082275,
            "z": -0.11041732132434845
        }
    }
}