{
    "О": {
        "0": {
            "x": 0.640311598777771,
            "y": 0.8756709098815918,
            "z": 4.2404195710332715e-07
        },
        "1": {
            "x": 0.7034643888473511,
            "y": 0.8149813413619995,
            "z": -0.0033707628026604652
        },
        "2": {
            "x": 0.7404459714889526,
            "y": 0.7518305778503418,
            "z": -0.011967823840677738
        },
        "3": {
            "x": 0.774084210395813,
            "y": 0.7067206501960754,
            "z": -0.027733957394957542
        },
        "4": {
            "x": 0.7954310178756714,
            "y": 0.6642436385154724,
            "z": -0.0431944765150547
        },
        "5": {
            "x": 0.650731086730957,
            "y": 0.6437219977378845,
            "z": 0.01545229833573103
        },
        "6": {
            "x": 0.6833874583244324,
            "y": 0.5794410109519958,
            "z": -0.017523571848869324
        },
        "7": {
            "x": 0.7223306894302368,
            "y": 0.5863229632377625,
            "z": -0.04848161339759827
        },
        "8": {
            "x": 0.7488524317741394,
            "y": 0.6085886359214783,
            "z": -0.06430376321077347
        },
        "9": {
            "x": 0.6278382539749146,
            "y": 0.6257953643798828,
            "z": -0.002539911773055792
        },
        "10": {
            "x": 0.6385153532028198,
            "y": 0.511726975440979,
            "z": -0.019074277952313423
        },
        "11": {
            "x": 0.6572750210762024,
            "y": 0.4305714964866638,
            "z": -0.038547392934560776
        },
        "12": {
            "x": 0.6717855930328369,
            "y": 0.3695961534976959,
            "z": -0.0523056723177433
        },
        "13": {
            "x": 0.6037636399269104,
            "y": 0.6316075921058655,
            "z": -0.026704976335167885
        },
        "14": {
            "x": 0.5903147459030151,
            "y": 0.5201404690742493,
            "z": -0.0430746003985405
        },
        "15": {
            "x": 0.5944259762763977,
            "y": 0.44228237867355347,
            "z": -0.059129778295755386
        },
        "16": {
            "x": 0.6004347801208496,
            "y": 0.38197261095046997,
            "z": -0.0692061260342598
        },
        "17": {
            "x": 0.5843168497085571,
            "y": 0.6586573123931885,
            "z": -0.05274619534611702
        },
        "18": {
            "x": 0.5600035786628723,
            "y": 0.5823795795440674,
            "z": -0.06430099159479141
        },
        "19": {
            "x": 0.5489147901535034,
            "y": 0.525545597076416,
            "z": -0.06676121801137924
        },
        "20": {
            "x": 0.5431468486785889,
            "y": 0.4786343574523926,
            "z": -0.06780689209699631
        }
    }
}