{
    "О": {
        "0": {
            "x": 0.6428782343864441,
            "y": 0.8806923031806946,
            "z": 4.7624007493141107e-07
        },
        "1": {
            "x": 0.7056509852409363,
            "y": 0.8183438181877136,
            "z": -0.003790614427998662
        },
        "2": {
            "x": 0.7433380484580994,
            "y": 0.7577093839645386,
            "z": -0.014118826948106289
        },
        "3": {
            "x": 0.7754985094070435,
            "y": 0.7127456068992615,
            "z": -0.031597889959812164
        },
        "4": {
            "x": 0.8001865744590759,
            "y": 0.6703318953514099,
            "z": -0.04901847243309021
        },
        "5": {
            "x": 0.6530994176864624,
            "y": 0.6498266458511353,
            "z": 0.013321960344910622
        },
        "6": {
            "x": 0.6828168034553528,
            "y": 0.5869244337081909,
            "z": -0.017259739339351654
        },
        "7": {
            "x": 0.7229101657867432,
            "y": 0.5839141607284546,
            "z": -0.04583489149808884
        },
        "8": {
            "x": 0.7529981732368469,
            "y": 0.5965626239776611,
            "z": -0.06107737123966217
        },
        "9": {
            "x": 0.6315829157829285,
            "y": 0.6331242918968201,
            "z": -0.005671334452927113
        },
        "10": {
            "x": 0.6398598551750183,
            "y": 0.5183401107788086,
            "z": -0.022658977657556534
        },
        "11": {
            "x": 0.6593557596206665,
            "y": 0.43514007329940796,
            "z": -0.042121876031160355
        },
        "12": {
            "x": 0.6757194995880127,
            "y": 0.3731808066368103,
            "z": -0.05584714934229851
        },
        "13": {
            "x": 0.6086183190345764,
            "y": 0.6391412615776062,
            "z": -0.030316434800624847
        },
        "14": {
            "x": 0.5937067866325378,
            "y": 0.5260711312294006,
            "z": -0.04689736291766167
        },
        "15": {
            "x": 0.5983178019523621,
            "y": 0.44738030433654785,
            "z": -0.06266812980175018
        },
        "16": {
            "x": 0.6056076884269714,
            "y": 0.3866676688194275,
            "z": -0.0727623850107193
        },
        "17": {
            "x": 0.59052574634552,
            "y": 0.6655405163764954,
            "z": -0.056872494518756866
        },
        "18": {
            "x": 0.5652698874473572,
            "y": 0.5870428085327148,
            "z": -0.06908684223890305
        },
        "19": {
            "x": 0.5551027059555054,
            "y": 0.5285537242889404,
            "z": -0.07177143543958664
        },
        "20": {
            "x": 0.5505152940750122,
            "y": 0.48073798418045044,
            "z": -0.07299607247114182
        }
    }
}