{
    "О": {
        "0": {
            "x": 0.6478312611579895,
            "y": 0.8811532855033875,
            "z": 3.9548285712953657e-07
        },
        "1": {
            "x": 0.7124915719032288,
            "y": 0.8275270462036133,
            "z": -0.006049309391528368
        },
        "2": {
            "x": 0.7497559785842896,
            "y": 0.7652426362037659,
            "z": -0.01531516294926405
        },
        "3": {
            "x": 0.7845808267593384,
            "y": 0.7195904850959778,
            "z": -0.03168527036905289
        },
        "4": {
            "x": 0.8113265633583069,
            "y": 0.6837855577468872,
            "z": -0.04657866805791855
        },
        "5": {
            "x": 0.6706818342208862,
            "y": 0.6449886560440063,
            "z": 0.015293596312403679
        },
        "6": {
            "x": 0.7136435508728027,
            "y": 0.5843629240989685,
            "z": -0.017161663621664047
        },
        "7": {
            "x": 0.7552168965339661,
            "y": 0.610166609287262,
            "z": -0.045530036091804504
        },
        "8": {
            "x": 0.7785472869873047,
            "y": 0.6464740633964539,
            "z": -0.05855037644505501
        },
        "9": {
            "x": 0.6453888416290283,
            "y": 0.6251216530799866,
            "z": -0.0013859635218977928
        },
        "10": {
            "x": 0.6583030223846436,
            "y": 0.5147956609725952,
            "z": -0.015661662444472313
        },
        "11": {
            "x": 0.6770723462104797,
            "y": 0.43823736906051636,
            "z": -0.030869055539369583
        },
        "12": {
            "x": 0.6907162070274353,
            "y": 0.3798016905784607,
            "z": -0.040971461683511734
        },
        "13": {
            "x": 0.6185075640678406,
            "y": 0.6312088966369629,
            "z": -0.02492154762148857
        },
        "14": {
            "x": 0.6047748327255249,
            "y": 0.5208455324172974,
            "z": -0.03963993489742279
        },
        "15": {
            "x": 0.6080584526062012,
            "y": 0.4467338025569916,
            "z": -0.05284257233142853
        },
        "16": {
            "x": 0.6130968928337097,
            "y": 0.3883238136768341,
            "z": -0.06052488088607788
        },
        "17": {
            "x": 0.5954681634902954,
            "y": 0.6601450443267822,
            "z": -0.050742000341415405
        },
        "18": {
            "x": 0.571039617061615,
            "y": 0.5866871476173401,
            "z": -0.061388853937387466
        },
        "19": {
            "x": 0.5598043203353882,
            "y": 0.5315718054771423,
            "z": -0.06262706965208054
        },
        "20": {
            "x": 0.5550276041030884,
            "y": 0.48561903834342957,
            "z": -0.06218717619776726
        }
    }
}