{
    "О": {
        "0": {
            "x": 0.4864885210990906,
            "y": 0.794633150100708,
            "z": 2.2396275767277984e-07
        },
        "1": {
            "x": 0.5905717015266418,
            "y": 0.7732937335968018,
            "z": 0.03623928502202034
        },
        "2": {
            "x": 0.640021800994873,
            "y": 0.7258617877960205,
            "z": 0.049170851707458496
        },
        "3": {
            "x": 0.6866885423660278,
            "y": 0.704783022403717,
            "z": 0.04218247905373573
        },
        "4": {
            "x": 0.7210546731948853,
            "y": 0.6833310723304749,
            "z": 0.03647071495652199
        },
        "5": {
            "x": 0.5865687131881714,
            "y": 0.5223755240440369,
            "z": 0.08500770479440689
        },
        "6": {
            "x": 0.6518363356590271,
            "y": 0.49937716126441956,
            "z": 0.047775737941265106
        },
        "7": {
            "x": 0.6900224089622498,
            "y": 0.57096928358078,
            "z": 0.01219045277684927
        },
        "8": {
            "x": 0.7021587491035461,
            "y": 0.6437289714813232,
            "z": -0.001114465412683785
        },
        "9": {
            "x": 0.5642902851104736,
            "y": 0.4847401976585388,
            "z": 0.03977808356285095
        },
        "10": {
            "x": 0.6048122644424438,
            "y": 0.34164807200431824,
            "z": 0.02791050262749195
        },
        "11": {
            "x": 0.6436499953269958,
            "y": 0.24630430340766907,
            "z": 0.009719028137624264
        },
        "12": {
            "x": 0.671448826789856,
            "y": 0.16772544384002686,
            "z": -0.0018740156665444374
        },
        "13": {
            "x": 0.5345245003700256,
            "y": 0.4738428592681885,
            "z": -0.01522830594331026
        },
        "14": {
            "x": 0.543126106262207,
            "y": 0.3200404644012451,
            "z": -0.03183533996343613
        },
        "15": {
            "x": 0.560783863067627,
            "y": 0.21923041343688965,
            "z": -0.049097564071416855
        },
        "16": {
            "x": 0.5750350952148438,
            "y": 0.13550597429275513,
            "z": -0.05772204324603081
        },
        "17": {
            "x": 0.5042406320571899,
            "y": 0.4880715012550354,
            "z": -0.07033714652061462
        },
        "18": {
            "x": 0.49883756041526794,
            "y": 0.35574865341186523,
            "z": -0.08231858164072037
        },
        "19": {
            "x": 0.5044758319854736,
            "y": 0.2673218846321106,
            "z": -0.08374729007482529
        },
        "20": {
            "x": 0.5151354074478149,
            "y": 0.19494327902793884,
            "z": -0.0832461416721344
        }
    }
}