{
    "О": {
        "0": {
            "x": 0.4943320155143738,
            "y": 0.7949586510658264,
            "z": 3.7174643807702523e-07
        },
        "1": {
            "x": 0.5957843661308289,
            "y": 0.7468233108520508,
            "z": 0.03603038191795349
        },
        "2": {
            "x": 0.6397097706794739,
            "y": 0.686009407043457,
            "z": 0.048670895397663116
        },
        "3": {
            "x": 0.678680956363678,
            "y": 0.6349359750747681,
            "z": 0.04166242480278015
        },
        "4": {
            "x": 0.69097501039505,
            "y": 0.5674265027046204,
            "z": 0.035833656787872314
        },
        "5": {
            "x": 0.5729597210884094,
            "y": 0.5236443877220154,
            "z": 0.09993454813957214
        },
        "6": {
            "x": 0.6272702217102051,
            "y": 0.46162742376327515,
            "z": 0.06710723787546158
        },
        "7": {
            "x": 0.6659457087516785,
            "y": 0.5023069977760315,
            "z": 0.02983764000236988
        },
        "8": {
            "x": 0.6784915924072266,
            "y": 0.56156986951828,
            "z": 0.01385594718158245
        },
        "9": {
            "x": 0.5511487722396851,
            "y": 0.5065410137176514,
            "z": 0.054392434656620026
        },
        "10": {
            "x": 0.5899544358253479,
            "y": 0.37375569343566895,
            "z": 0.04621491581201553
        },
        "11": {
            "x": 0.6340084075927734,
            "y": 0.29465362429618835,
            "z": 0.02477351576089859
        },
        "12": {
            "x": 0.6653040051460266,
            "y": 0.23550516366958618,
            "z": 0.010382520966231823
        },
        "13": {
            "x": 0.5289042592048645,
            "y": 0.5105615258216858,
            "z": -0.0019825994968414307
        },
        "14": {
            "x": 0.5521296858787537,
            "y": 0.3826106786727905,
            "z": -0.01634918712079525
        },
        "15": {
            "x": 0.5828877091407776,
            "y": 0.2966780364513397,
            "z": -0.03126055374741554
        },
        "16": {
            "x": 0.6047493815422058,
            "y": 0.22588089108467102,
            "z": -0.03968476504087448
        },
        "17": {
            "x": 0.5111470818519592,
            "y": 0.5300487875938416,
            "z": -0.05925402790307999
        },
        "18": {
            "x": 0.5315182209014893,
            "y": 0.4226752519607544,
            "z": -0.07190517336130142
        },
        "19": {
            "x": 0.551559329032898,
            "y": 0.35071706771850586,
            "z": -0.07380618900060654
        },
        "20": {
            "x": 0.5722258687019348,
            "y": 0.29327094554901123,
            "z": -0.07374271750450134
        }
    }
}