{
    "О": {
        "0": {
            "x": 0.36325159668922424,
            "y": 0.9497185945510864,
            "z": 4.775034199155925e-07
        },
        "1": {
            "x": 0.4774649441242218,
            "y": 0.9054793119430542,
            "z": 0.006027108058333397
        },
        "2": {
            "x": 0.548309326171875,
            "y": 0.8180175423622131,
            "z": 0.013886203989386559
        },
        "3": {
            "x": 0.5966755151748657,
            "y": 0.7358688116073608,
            "z": 0.010685749351978302
        },
        "4": {
            "x": 0.6077488660812378,
            "y": 0.6609946489334106,
            "z": 0.010853433050215244
        },
        "5": {
            "x": 0.4463973939418793,
            "y": 0.6253672242164612,
            "z": 0.07011238485574722
        },
        "6": {
            "x": 0.5056377649307251,
            "y": 0.5378588438034058,
            "z": 0.03467019274830818
        },
        "7": {
            "x": 0.5474880337715149,
            "y": 0.5851364731788635,
            "z": -0.00394704332575202
        },
        "8": {
            "x": 0.5621027946472168,
            "y": 0.6471945643424988,
            "z": -0.020656608045101166
        },
        "9": {
            "x": 0.4141506552696228,
            "y": 0.5899624824523926,
            "z": 0.045514896512031555
        },
        "10": {
            "x": 0.4610821008682251,
            "y": 0.4467717409133911,
            "z": 0.03477780520915985
        },
        "11": {
            "x": 0.5124472975730896,
            "y": 0.35846588015556335,
            "z": 0.011121992953121662
        },
        "12": {
            "x": 0.5556328892707825,
            "y": 0.29250583052635193,
            "z": -0.005520405247807503
        },
        "13": {
            "x": 0.3773503005504608,
            "y": 0.5851699113845825,
            "z": 0.00910582672804594
        },
        "14": {
            "x": 0.4037816822528839,
            "y": 0.43857643008232117,
            "z": -0.004882462322711945
        },
        "15": {
            "x": 0.44131016731262207,
            "y": 0.34384673833847046,
            "z": -0.025060996413230896
        },
        "16": {
            "x": 0.4785875082015991,
            "y": 0.270987868309021,
            "z": -0.03796511888504028
        },
        "17": {
            "x": 0.33859217166900635,
            "y": 0.6073125004768372,
            "z": -0.03013172559440136
        },
        "18": {
            "x": 0.3467361330986023,
            "y": 0.4887390434741974,
            "z": -0.03845066949725151
        },
        "19": {
            "x": 0.36517030000686646,
            "y": 0.4091743230819702,
            "z": -0.04071114584803581
        },
        "20": {
            "x": 0.3940514326095581,
            "y": 0.34706154465675354,
            "z": -0.04189404845237732
        }
    }
}