{
    "Ч": {
        "0": {
            "x": 0.6097093820571899,
            "y": 0.8599646091461182,
            "z": 8.402719231526135e-07
        },
        "1": {
            "x": 0.6597386598587036,
            "y": 0.7678653597831726,
            "z": 0.009917408227920532
        },
        "2": {
            "x": 0.7149096131324768,
            "y": 0.6877421140670776,
            "z": -0.0029885624535381794
        },
        "3": {
            "x": 0.7829033136367798,
            "y": 0.6526837348937988,
            "z": -0.024079397320747375
        },
        "4": {
            "x": 0.8432018160820007,
            "y": 0.6238072514533997,
            "z": -0.043627794831991196
        },
        "5": {
            "x": 0.6215741038322449,
            "y": 0.5677105188369751,
            "z": 0.007062331307679415
        },
        "6": {
            "x": 0.7466577887535095,
            "y": 0.5623981356620789,
            "z": -0.028220532462000847
        },
        "7": {
            "x": 0.8148748874664307,
            "y": 0.5807883739471436,
            "z": -0.05581715330481529
        },
        "8": {
            "x": 0.8671677708625793,
            "y": 0.5963746309280396,
            "z": -0.07223321497440338
        },
        "9": {
            "x": 0.6306271553039551,
            "y": 0.5552927255630493,
            "z": -0.015411116182804108
        },
        "10": {
            "x": 0.7681698799133301,
            "y": 0.5640532374382019,
            "z": -0.047286152839660645
        },
        "11": {
            "x": 0.8228537440299988,
            "y": 0.5843483209609985,
            "z": -0.0654761865735054
        },
        "12": {
            "x": 0.8597479462623596,
            "y": 0.6031386852264404,
            "z": -0.07376306504011154
        },
        "13": {
            "x": 0.6516022682189941,
            "y": 0.5731870532035828,
            "z": -0.03887612745165825
        },
        "14": {
            "x": 0.7664337754249573,
            "y": 0.6510806083679199,
            "z": -0.06699343770742416
        },
        "15": {
            "x": 0.7450507283210754,
            "y": 0.7343360781669617,
            "z": -0.06750137358903885
        },
        "16": {
            "x": 0.7168028354644775,
            "y": 0.782427191734314,
            "z": -0.060470934957265854
        },
        "17": {
            "x": 0.6832994818687439,
            "y": 0.6060972213745117,
            "z": -0.0631386861205101
        },
        "18": {
            "x": 0.7634586691856384,
            "y": 0.6922944784164429,
            "z": -0.07496517896652222
        },
        "19": {
            "x": 0.7517797946929932,
            "y": 0.7624838352203369,
            "z": -0.06698708981275558
        },
        "20": {
            "x": 0.734226644039154,
            "y": 0.7992699146270752,
            "z": -0.056453585624694824
        }
    }
}