{
    "Ч": {
        "0": {
            "x": 0.6385113000869751,
            "y": 0.8645085096359253,
            "z": 8.799926263236557e-07
        },
        "1": {
            "x": 0.6580989956855774,
            "y": 0.760877251625061,
            "z": 0.01898687519133091
        },
        "2": {
            "x": 0.7019535303115845,
            "y": 0.6737740635871887,
            "z": 0.010332318022847176
        },
        "3": {
            "x": 0.7717962265014648,
            "y": 0.6418988704681396,
            "z": -0.006684072781354189
        },
        "4": {
            "x": 0.8326811790466309,
            "y": 0.6264808773994446,
            "z": -0.021954290568828583
        },
        "5": {
            "x": 0.6453970074653625,
            "y": 0.5754027366638184,
            "z": 0.008261384442448616
        },
        "6": {
            "x": 0.7637113332748413,
            "y": 0.5739498138427734,
            "z": -0.018726008012890816
        },
        "7": {
            "x": 0.8227566480636597,
            "y": 0.6046503186225891,
            "z": -0.03907235711812973
        },
        "8": {
            "x": 0.8658072352409363,
            "y": 0.6254532933235168,
            "z": -0.05145065486431122
        },
        "9": {
            "x": 0.6593156456947327,
            "y": 0.5655474662780762,
            "z": -0.016897814348340034
        },
        "10": {
            "x": 0.7985180616378784,
            "y": 0.5737277865409851,
            "z": -0.041707515716552734
        },
        "11": {
            "x": 0.8640638589859009,
            "y": 0.5884315967559814,
            "z": -0.05517329275608063
        },
        "12": {
            "x": 0.9128124713897705,
            "y": 0.6046949028968811,
            "z": -0.06100476160645485
        },
        "13": {
            "x": 0.6814828515052795,
            "y": 0.5854290127754211,
            "z": -0.04122528061270714
        },
        "14": {
            "x": 0.7964280843734741,
            "y": 0.6597881317138672,
            "z": -0.06190178543329239
        },
        "15": {
            "x": 0.7745758295059204,
            "y": 0.7459929585456848,
            "z": -0.05717672407627106
        },
        "16": {
            "x": 0.7463956475257874,
            "y": 0.7978140711784363,
            "z": -0.04762515053153038
        },
        "17": {
            "x": 0.7142273187637329,
            "y": 0.6221897006034851,
            "z": -0.06573741883039474
        },
        "18": {
            "x": 0.7955865859985352,
            "y": 0.7018429636955261,
            "z": -0.07272070646286011
        },
        "19": {
            "x": 0.7809532880783081,
            "y": 0.7686319947242737,
            "z": -0.06122618541121483
        },
        "20": {
            "x": 0.7617970705032349,
            "y": 0.8041683435440063,
            "z": -0.048584919422864914
        }
    }
}