{
    "Ч": {
        "0": {
            "x": 0.47093963623046875,
            "y": 0.7346629500389099,
            "z": 5.091635557619156e-07
        },
        "1": {
            "x": 0.5051212310791016,
            "y": 0.6877560615539551,
            "z": -0.01698574237525463
        },
        "2": {
            "x": 0.5108209252357483,
            "y": 0.6096507906913757,
            "z": -0.019570160657167435
        },
        "3": {
            "x": 0.497281551361084,
            "y": 0.5521873831748962,
            "z": -0.023259075358510017
        },
        "4": {
            "x": 0.49129512906074524,
            "y": 0.5033485293388367,
            "z": -0.02588394470512867
        },
        "5": {
            "x": 0.4929245412349701,
            "y": 0.575003981590271,
            "z": -0.0047998796217143536
        },
        "6": {
            "x": 0.5038657188415527,
            "y": 0.5158706307411194,
            "z": -0.021319596096873283
        },
        "7": {
            "x": 0.5090227127075195,
            "y": 0.47459161281585693,
            "z": -0.029788723215460777
        },
        "8": {
            "x": 0.5132061839103699,
            "y": 0.43747735023498535,
            "z": -0.032706018537282944
        },
        "9": {
            "x": 0.4647674262523651,
            "y": 0.5779044032096863,
            "z": -0.006652304902672768
        },
        "10": {
            "x": 0.47403889894485474,
            "y": 0.512492835521698,
            "z": -0.028591806069016457
        },
        "11": {
            "x": 0.4847983121871948,
            "y": 0.4627332091331482,
            "z": -0.03792272135615349
        },
        "12": {
            "x": 0.49492740631103516,
            "y": 0.41903185844421387,
            "z": -0.03920276090502739
        },
        "13": {
            "x": 0.43552660942077637,
            "y": 0.5925845503807068,
            "z": -0.011972402222454548
        },
        "14": {
            "x": 0.45265400409698486,
            "y": 0.5707192420959473,
            "z": -0.04870738834142685
        },
        "15": {
            "x": 0.47057202458381653,
            "y": 0.6270418763160706,
            "z": -0.05046256631612778
        },
        "16": {
            "x": 0.4810148775577545,
            "y": 0.6709502339363098,
            "z": -0.03813719376921654
        },
        "17": {
            "x": 0.4078228175640106,
            "y": 0.6145685911178589,
            "z": -0.018056007102131844
        },
        "18": {
            "x": 0.424841046333313,
            "y": 0.5844820141792297,
            "z": -0.04414566606283188
        },
        "19": {
            "x": 0.4419580101966858,
            "y": 0.6168742179870605,
            "z": -0.0406746082007885
        },
        "20": {
            "x": 0.44991281628608704,
            "y": 0.6471628546714783,
            "z": -0.030135462060570717
        }
    }
}