{
    "Ч": {
        "0": {
            "x": 0.45865604281425476,
            "y": 0.7615129351615906,
            "z": 4.565128222111525e-07
        },
        "1": {
            "x": 0.49496009945869446,
            "y": 0.7120708227157593,
            "z": -0.020408716052770615
        },
        "2": {
            "x": 0.5009040832519531,
            "y": 0.6386201977729797,
            "z": -0.022513488307595253
        },
        "3": {
            "x": 0.48628801107406616,
            "y": 0.5801681876182556,
            "z": -0.025251485407352448
        },
        "4": {
            "x": 0.471097856760025,
            "y": 0.531406044960022,
            "z": -0.026956234127283096
        },
        "5": {
            "x": 0.49117565155029297,
            "y": 0.6087437868118286,
            "z": -0.0018493280513212085
        },
        "6": {
            "x": 0.4966125786304474,
            "y": 0.5467511415481567,
            "z": -0.01763988845050335
        },
        "7": {
            "x": 0.4958910048007965,
            "y": 0.503568708896637,
            "z": -0.02623293548822403
        },
        "8": {
            "x": 0.4944934844970703,
            "y": 0.4639325737953186,
            "z": -0.029289374127984047
        },
        "9": {
            "x": 0.4628176987171173,
            "y": 0.6080583333969116,
            "z": -0.0018239399651065469
        },
        "10": {
            "x": 0.4679405093193054,
            "y": 0.5400812029838562,
            "z": -0.023669544607400894
        },
        "11": {
            "x": 0.4716295301914215,
            "y": 0.48820433020591736,
            "z": -0.03429121896624565
        },
        "12": {
            "x": 0.4759334921836853,
            "y": 0.4428580403327942,
            "z": -0.036424294114112854
        },
        "13": {
            "x": 0.43323367834091187,
            "y": 0.6184667348861694,
            "z": -0.005964458454400301
        },
        "14": {
            "x": 0.4415052533149719,
            "y": 0.591704249382019,
            "z": -0.04374008998274803
        },
        "15": {
            "x": 0.4566561281681061,
            "y": 0.6465558409690857,
            "z": -0.04796108976006508
        },
        "16": {
            "x": 0.46699729561805725,
            "y": 0.690509021282196,
            "z": -0.0367913581430912
        },
        "17": {
            "x": 0.4037255644798279,
            "y": 0.6349855661392212,
            "z": -0.011169306933879852
        },
        "18": {
            "x": 0.4137946665287018,
            "y": 0.5982502698898315,
            "z": -0.0379236675798893
        },
        "19": {
            "x": 0.427658349275589,
            "y": 0.6314647197723389,
            "z": -0.03556912764906883
        },
        "20": {
            "x": 0.4351045489311218,
            "y": 0.6640735864639282,
            "z": -0.0257760901004076
        }
    }
}