{
    "Ч": {
        "0": {
            "x": 0.7032995820045471,
            "y": 0.7160412669181824,
            "z": 3.637329939465417e-07
        },
        "1": {
            "x": 0.6597462296485901,
            "y": 0.6857494115829468,
            "z": -0.00993544515222311
        },
        "2": {
            "x": 0.6368710398674011,
            "y": 0.619259774684906,
            "z": -0.01426314003765583
        },
        "3": {
            "x": 0.6420497298240662,
            "y": 0.5538404583930969,
            "z": -0.021766062825918198
        },
        "4": {
            "x": 0.6565942168235779,
            "y": 0.5072594285011292,
            "z": -0.028414007276296616
        },
        "5": {
            "x": 0.6437134742736816,
            "y": 0.5741415023803711,
            "z": 4.398543023853563e-05
        },
        "6": {
            "x": 0.6313402652740479,
            "y": 0.5081667304039001,
            "z": -0.014411989599466324
        },
        "7": {
            "x": 0.6253063678741455,
            "y": 0.46471118927001953,
            "z": -0.023244816809892654
        },
        "8": {
            "x": 0.6219788193702698,
            "y": 0.42664000391960144,
            "z": -0.027667948976159096
        },
        "9": {
            "x": 0.6711231470108032,
            "y": 0.5693100094795227,
            "z": -0.00619178730994463
        },
        "10": {
            "x": 0.6535205841064453,
            "y": 0.4928015470504761,
            "z": -0.0248874444514513
        },
        "11": {
            "x": 0.6432517170906067,
            "y": 0.4423710107803345,
            "z": -0.036692872643470764
        },
        "12": {
            "x": 0.6373615264892578,
            "y": 0.39913660287857056,
            "z": -0.04123000428080559
        },
        "13": {
            "x": 0.7013129591941833,
            "y": 0.5748266577720642,
            "z": -0.01446077972650528
        },
        "14": {
            "x": 0.6863652467727661,
            "y": 0.5447453856468201,
            "z": -0.04313265159726143
        },
        "15": {
            "x": 0.6768398284912109,
            "y": 0.5966153740882874,
            "z": -0.04462340846657753
        },
        "16": {
            "x": 0.6728192567825317,
            "y": 0.6403825879096985,
            "z": -0.0352894626557827
        },
        "17": {
            "x": 0.7304387092590332,
            "y": 0.5863974690437317,
            "z": -0.023165687918663025
        },
        "18": {
            "x": 0.7114498615264893,
            "y": 0.556648850440979,
            "z": -0.040890082716941833
        },
        "19": {
            "x": 0.6986942887306213,
            "y": 0.5894823670387268,
            "z": -0.03473745286464691
        },
        "20": {
            "x": 0.6907671093940735,
            "y": 0.6229768395423889,
            "z": -0.02450685203075409
        }
    }
}