{
    "Ч": {
        "0": {
            "x": 0.1428099274635315,
            "y": 0.49476513266563416,
            "z": 8.519613174939877e-07
        },
        "1": {
            "x": 0.2216157168149948,
            "y": 0.44389691948890686,
            "z": -0.006578146945685148
        },
        "2": {
            "x": 0.27528512477874756,
            "y": 0.3592870533466339,
            "z": -0.01350224670022726
        },
        "3": {
            "x": 0.31406840682029724,
            "y": 0.29756277799606323,
            "z": -0.026639023795723915
        },
        "4": {
            "x": 0.3650205731391907,
            "y": 0.25236397981643677,
            "z": -0.03799189254641533
        },
        "5": {
            "x": 0.21696670353412628,
            "y": 0.2465296983718872,
            "z": 0.0211147740483284
        },
        "6": {
            "x": 0.2811911702156067,
            "y": 0.22606512904167175,
            "z": -0.009759603999555111
        },
        "7": {
            "x": 0.333069384098053,
            "y": 0.2259318232536316,
            "z": -0.03375137597322464
        },
        "8": {
            "x": 0.3788851499557495,
            "y": 0.23094844818115234,
            "z": -0.046514842659235
        },
        "9": {
            "x": 0.19104313850402832,
            "y": 0.22969233989715576,
            "z": 0.009291308000683784
        },
        "10": {
            "x": 0.27577459812164307,
            "y": 0.20747976005077362,
            "z": -0.026902947574853897
        },
        "11": {
            "x": 0.3345014750957489,
            "y": 0.2110428810119629,
            "z": -0.04490099102258682
        },
        "12": {
            "x": 0.38056305050849915,
            "y": 0.21960905194282532,
            "z": -0.04910285770893097
        },
        "13": {
            "x": 0.16899630427360535,
            "y": 0.22711768746376038,
            "z": -0.0078035141341388226
        },
        "14": {
            "x": 0.262871652841568,
            "y": 0.2560141384601593,
            "z": -0.053910285234451294
        },
        "15": {
            "x": 0.25740253925323486,
            "y": 0.3401678204536438,
            "z": -0.05574609339237213
        },
        "16": {
            "x": 0.2434745579957962,
            "y": 0.40118488669395447,
            "z": -0.041331809014081955
        },
        "17": {
            "x": 0.15356796979904175,
            "y": 0.23856592178344727,
            "z": -0.02614406682550907
        },
        "18": {
            "x": 0.2383609265089035,
            "y": 0.27562475204467773,
            "z": -0.05584114044904709
        },
        "19": {
            "x": 0.23879791796207428,
            "y": 0.3457660675048828,
            "z": -0.051510803401470184
        },
        "20": {
            "x": 0.22846494615077972,
            "y": 0.3954840302467346,
            "z": -0.03801383450627327
        }
    }
}