{
    "Ч": {
        "0": {
            "x": 0.607720136642456,
            "y": 0.7181769609451294,
            "z": 1.9425002051320917e-07
        },
        "1": {
            "x": 0.5666479468345642,
            "y": 0.6929941773414612,
            "z": -0.006141850724816322
        },
        "2": {
            "x": 0.5433844923973083,
            "y": 0.6391407251358032,
            "z": -0.009209852665662766
        },
        "3": {
            "x": 0.5433447957038879,
            "y": 0.5833005905151367,
            "z": -0.016487084329128265
        },
        "4": {
            "x": 0.5519261360168457,
            "y": 0.5418234467506409,
            "z": -0.023485662415623665
        },
        "5": {
            "x": 0.553898811340332,
            "y": 0.5929042100906372,
            "z": 0.003464271081611514
        },
        "6": {
            "x": 0.534334659576416,
            "y": 0.5365057587623596,
            "z": -0.010148159228265285
        },
        "7": {
            "x": 0.521369218826294,
            "y": 0.5014613270759583,
            "z": -0.01853005774319172
        },
        "8": {
            "x": 0.5121157765388489,
            "y": 0.470106303691864,
            "z": -0.022606076672673225
        },
        "9": {
            "x": 0.5765725374221802,
            "y": 0.5857589840888977,
            "z": -0.004534990526735783
        },
        "10": {
            "x": 0.552758514881134,
            "y": 0.5197017192840576,
            "z": -0.022967271506786346
        },
        "11": {
            "x": 0.5345829725265503,
            "y": 0.4782959222793579,
            "z": -0.03472552448511124
        },
        "12": {
            "x": 0.5209418535232544,
            "y": 0.4430526793003082,
            "z": -0.038927990943193436
        },
        "13": {
            "x": 0.6034202575683594,
            "y": 0.5876041054725647,
            "z": -0.014270104467868805
        },
        "14": {
            "x": 0.5778049826622009,
            "y": 0.559603214263916,
            "z": -0.041950300335884094
        },
        "15": {
            "x": 0.5704870820045471,
            "y": 0.6089490652084351,
            "z": -0.043203648179769516
        },
        "16": {
            "x": 0.5696229338645935,
            "y": 0.6502715349197388,
            "z": -0.0339309424161911
        },
        "17": {
            "x": 0.6305739879608154,
            "y": 0.5955154895782471,
            "z": -0.024177685379981995
        },
        "18": {
            "x": 0.6044477224349976,
            "y": 0.5650535821914673,
            "z": -0.040109697729349136
        },
        "19": {
            "x": 0.5903575420379639,
            "y": 0.5954468846321106,
            "z": -0.033408455550670624
        },
        "20": {
            "x": 0.582787036895752,
            "y": 0.6281914114952087,
            "z": -0.023125028237700462
        }
    }
}