{
    "Ч": {
        "0": {
            "x": 0.5911431312561035,
            "y": 0.7095735669136047,
            "z": 4.166107885339443e-07
        },
        "1": {
            "x": 0.5538591742515564,
            "y": 0.6817834973335266,
            "z": -0.013272522948682308
        },
        "2": {
            "x": 0.5385804772377014,
            "y": 0.6148740649223328,
            "z": -0.01722603850066662
        },
        "3": {
            "x": 0.5560751557350159,
            "y": 0.5584051012992859,
            "z": -0.022467929869890213
        },
        "4": {
            "x": 0.5746748447418213,
            "y": 0.5201978087425232,
            "z": -0.02677483856678009
        },
        "5": {
            "x": 0.5442178249359131,
            "y": 0.5648475289344788,
            "z": -0.004010647069662809
        },
        "6": {
            "x": 0.5476877689361572,
            "y": 0.5048736333847046,
            "z": -0.015836311504244804
        },
        "7": {
            "x": 0.5523128509521484,
            "y": 0.46687406301498413,
            "z": -0.02355263940989971
        },
        "8": {
            "x": 0.5578034520149231,
            "y": 0.433222234249115,
            "z": -0.027796339243650436
        },
        "9": {
            "x": 0.5711026787757874,
            "y": 0.565644383430481,
            "z": -0.006771075539290905
        },
        "10": {
            "x": 0.5718423128128052,
            "y": 0.4972972571849823,
            "z": -0.022740228101611137
        },
        "11": {
            "x": 0.5742285251617432,
            "y": 0.45187196135520935,
            "z": -0.032719288021326065
        },
        "12": {
            "x": 0.57798832654953,
            "y": 0.41451165080070496,
            "z": -0.03653021901845932
        },
        "13": {
            "x": 0.5984436869621277,
            "y": 0.5768897533416748,
            "z": -0.01168491505086422
        },
        "14": {
            "x": 0.6013220548629761,
            "y": 0.5495450496673584,
            "z": -0.03670065477490425
        },
        "15": {
            "x": 0.5905929207801819,
            "y": 0.5964575409889221,
            "z": -0.037415359169244766
        },
        "16": {
            "x": 0.5813068747520447,
            "y": 0.6333842873573303,
            "z": -0.02884567715227604
        },
        "17": {
            "x": 0.6241346001625061,
            "y": 0.5925227403640747,
            "z": -0.01743798702955246
        },
        "18": {
            "x": 0.6228408217430115,
            "y": 0.5597074031829834,
            "z": -0.03481394797563553
        },
        "19": {
            "x": 0.6150744557380676,
            "y": 0.5884361267089844,
            "z": -0.030090032145380974
        },
        "20": {
            "x": 0.6080490946769714,
            "y": 0.6149790287017822,
            "z": -0.021191643550992012
        }
    }
}