{
    "Ч": {
        "0": {
            "x": 0.36088240146636963,
            "y": 0.8219631910324097,
            "z": 5.151477466824872e-07
        },
        "1": {
            "x": 0.40236616134643555,
            "y": 0.777934730052948,
            "z": -0.015857499092817307
        },
        "2": {
            "x": 0.4228665232658386,
            "y": 0.6977755427360535,
            "z": -0.02212059684097767
        },
        "3": {
            "x": 0.4189450144767761,
            "y": 0.639348030090332,
            "z": -0.030485067516565323
        },
        "4": {
            "x": 0.425169438123703,
            "y": 0.5906704068183899,
            "z": -0.03721461072564125
        },
        "5": {
            "x": 0.403169721364975,
            "y": 0.6135513186454773,
            "z": 0.0025825980119407177
        },
        "6": {
            "x": 0.42281121015548706,
            "y": 0.5671560764312744,
            "z": -0.01864267885684967
        },
        "7": {
            "x": 0.43086305260658264,
            "y": 0.5365002751350403,
            "z": -0.033004019409418106
        },
        "8": {
            "x": 0.4356272220611572,
            "y": 0.5156741142272949,
            "z": -0.039646346122026443
        },
        "9": {
            "x": 0.3607330918312073,
            "y": 0.6048130393028259,
            "z": -0.0006616325117647648
        },
        "10": {
            "x": 0.38120943307876587,
            "y": 0.5668390989303589,
            "z": -0.027010222896933556
        },
        "11": {
            "x": 0.39740002155303955,
            "y": 0.5437685251235962,
            "z": -0.0378335565328598
        },
        "12": {
            "x": 0.41060715913772583,
            "y": 0.5256215929985046,
            "z": -0.03885292634367943
        },
        "13": {
            "x": 0.31474053859710693,
            "y": 0.6144199967384338,
            "z": -0.008229042403399944
        },
        "14": {
            "x": 0.3419983983039856,
            "y": 0.6021616458892822,
            "z": -0.04785890132188797
        },
        "15": {
            "x": 0.3598635792732239,
            "y": 0.6766700744628906,
            "z": -0.048309482634067535
        },
        "16": {
            "x": 0.3725811839103699,
            "y": 0.7320892214775085,
            "z": -0.03548585996031761
        },
        "17": {
            "x": 0.2718490958213806,
            "y": 0.6409406065940857,
            "z": -0.0168022308498621
        },
        "18": {
            "x": 0.30497264862060547,
            "y": 0.6485570073127747,
            "z": -0.04906325042247772
        },
        "19": {
            "x": 0.32853370904922485,
            "y": 0.7067922949790955,
            "z": -0.04888022318482399
        },
        "20": {
            "x": 0.3438608646392822,
            "y": 0.7484365105628967,
            "z": -0.038787927478551865
        }
    }
}