{
    "Ч": {
        "0": {
            "x": 0.32469332218170166,
            "y": 0.8116629123687744,
            "z": 5.27503800640261e-07
        },
        "1": {
            "x": 0.3632606565952301,
            "y": 0.7579320669174194,
            "z": -0.020171642303466797
        },
        "2": {
            "x": 0.3765537142753601,
            "y": 0.6788169145584106,
            "z": -0.027957413345575333
        },
        "3": {
            "x": 0.3658449947834015,
            "y": 0.6209185123443604,
            "z": -0.037506721913814545
        },
        "4": {
            "x": 0.3635796010494232,
            "y": 0.5688576698303223,
            "z": -0.045776136219501495
        },
        "5": {
            "x": 0.35148680210113525,
            "y": 0.6032757759094238,
            "z": 0.004090313334017992
        },
        "6": {
            "x": 0.36191171407699585,
            "y": 0.5582424402236938,
            "z": -0.016753066331148148
        },
        "7": {
            "x": 0.3661620318889618,
            "y": 0.525689423084259,
            "z": -0.03258654475212097
        },
        "8": {
            "x": 0.36895331740379333,
            "y": 0.49464839696884155,
            "z": -0.04199521616101265
        },
        "9": {
            "x": 0.3109373450279236,
            "y": 0.5981458425521851,
            "z": 0.001982147805392742
        },
        "10": {
            "x": 0.3255294859409332,
            "y": 0.5572917461395264,
            "z": -0.026437224820256233
        },
        "11": {
            "x": 0.3353327512741089,
            "y": 0.5359323620796204,
            "z": -0.04057038947939873
        },
        "12": {
            "x": 0.3423835039138794,
            "y": 0.5126750469207764,
            "z": -0.04414866492152214
        },
        "13": {
            "x": 0.2661438286304474,
            "y": 0.6106936931610107,
            "z": -0.004903396591544151
        },
        "14": {
            "x": 0.2845582067966461,
            "y": 0.5875065326690674,
            "z": -0.048666488379240036
        },
        "15": {
            "x": 0.306819885969162,
            "y": 0.6619802713394165,
            "z": -0.05152701959013939
        },
        "16": {
            "x": 0.3229617476463318,
            "y": 0.7167137861251831,
            "z": -0.03969382494688034
        },
        "17": {
            "x": 0.2228323221206665,
            "y": 0.6406932473182678,
            "z": -0.01301045436412096
        },
        "18": {
            "x": 0.25124675035476685,
            "y": 0.6445486545562744,
            "z": -0.05089379847049713
        },
        "19": {
            "x": 0.2809629440307617,
            "y": 0.6974115371704102,
            "z": -0.05392627418041229
        },
        "20": {
            "x": 0.30135196447372437,
            "y": 0.7351493835449219,
            "z": -0.04549134522676468
        }
    }
}