{
    "Ч": {
        "0": {
            "x": 0.2191980630159378,
            "y": 0.7477349638938904,
            "z": 3.288119216904306e-07
        },
        "1": {
            "x": 0.28327757120132446,
            "y": 0.6978086233139038,
            "z": -0.032048843801021576
        },
        "2": {
            "x": 0.320661723613739,
            "y": 0.6005368232727051,
            "z": -0.04055801033973694
        },
        "3": {
            "x": 0.3108760416507721,
            "y": 0.5119550228118896,
            "z": -0.04880555346608162
        },
        "4": {
            "x": 0.29103729128837585,
            "y": 0.44067490100860596,
            "z": -0.05525675788521767
        },
        "5": {
            "x": 0.31455960869789124,
            "y": 0.5033524632453918,
            "z": 0.002656749449670315
        },
        "6": {
            "x": 0.3272632956504822,
            "y": 0.43590402603149414,
            "z": -0.022103896364569664
        },
        "7": {
            "x": 0.3233397305011749,
            "y": 0.38660842180252075,
            "z": -0.03999871015548706
        },
        "8": {
            "x": 0.31496837735176086,
            "y": 0.34605175256729126,
            "z": -0.0501503124833107
        },
        "9": {
            "x": 0.261782705783844,
            "y": 0.48887085914611816,
            "z": 0.0029419357888400555
        },
        "10": {
            "x": 0.27049770951271057,
            "y": 0.4076361358165741,
            "z": -0.03722985461354256
        },
        "11": {
            "x": 0.27057090401649475,
            "y": 0.3883875608444214,
            "z": -0.05706436187028885
        },
        "12": {
            "x": 0.26872488856315613,
            "y": 0.3845663070678711,
            "z": -0.059176236391067505
        },
        "13": {
            "x": 0.2050723135471344,
            "y": 0.49514272809028625,
            "z": -0.002718070987612009
        },
        "14": {
            "x": 0.20971952378749847,
            "y": 0.4487593472003937,
            "z": -0.06188977137207985
        },
        "15": {
            "x": 0.2214871644973755,
            "y": 0.5442129969596863,
            "z": -0.06812130659818649
        },
        "16": {
            "x": 0.2325449138879776,
            "y": 0.6210212111473083,
            "z": -0.05197317153215408
        },
        "17": {
            "x": 0.14737547934055328,
            "y": 0.519180178642273,
            "z": -0.009681337513029575
        },
        "18": {
            "x": 0.15959635376930237,
            "y": 0.5017580986022949,
            "z": -0.059595245867967606
        },
        "19": {
            "x": 0.17914772033691406,
            "y": 0.5744774341583252,
            "z": -0.06210189312696457
        },
        "20": {
            "x": 0.19553786516189575,
            "y": 0.6311815977096558,
            "z": -0.04936184734106064
        }
    }
}