{
    "Ч": {
        "0": {
            "x": 0.23879621922969818,
            "y": 0.5833392143249512,
            "z": -2.949097392956901e-07
        },
        "1": {
            "x": 0.27548500895500183,
            "y": 0.5822063088417053,
            "z": -0.0362306609749794
        },
        "2": {
            "x": 0.29886406660079956,
            "y": 0.5577982068061829,
            "z": -0.05732771009206772
        },
        "3": {
            "x": 0.2646440267562866,
            "y": 0.5229182839393616,
            "z": -0.07225117087364197
        },
        "4": {
            "x": 0.23126055300235748,
            "y": 0.49477240443229675,
            "z": -0.082696832716465
        },
        "5": {
            "x": 0.3189270794391632,
            "y": 0.4359007179737091,
            "z": -0.03884369879961014
        },
        "6": {
            "x": 0.30929431319236755,
            "y": 0.44050925970077515,
            "z": -0.0728907361626625
        },
        "7": {
            "x": 0.2741754949092865,
            "y": 0.4794938564300537,
            "z": -0.09416535496711731
        },
        "8": {
            "x": 0.251069039106369,
            "y": 0.5046963095664978,
            "z": -0.1060638576745987
        },
        "9": {
            "x": 0.2820880115032196,
            "y": 0.40563899278640747,
            "z": -0.03381743282079697
        },
        "10": {
            "x": 0.2626853287220001,
            "y": 0.4238451421260834,
            "z": -0.06470423936843872
        },
        "11": {
            "x": 0.2449818104505539,
            "y": 0.47338777780532837,
            "z": -0.07439839839935303
        },
        "12": {
            "x": 0.24151913821697235,
            "y": 0.498504102230072,
            "z": -0.07598558068275452
        },
        "13": {
            "x": 0.2456667572259903,
            "y": 0.4008373022079468,
            "z": -0.03337126225233078
        },
        "14": {
            "x": 0.22718998789787292,
            "y": 0.43737146258354187,
            "z": -0.05895702540874481
        },
        "15": {
            "x": 0.22473877668380737,
            "y": 0.48179930448532104,
            "z": -0.05617815628647804
        },
        "16": {
            "x": 0.229481503367424,
            "y": 0.49570727348327637,
            "z": -0.05019659176468849
        },
        "17": {
            "x": 0.21321824193000793,
            "y": 0.41326436400413513,
            "z": -0.0366637259721756
        },
        "18": {
            "x": 0.20202010869979858,
            "y": 0.45397326350212097,
            "z": -0.05563049390912056
        },
        "19": {
            "x": 0.20593205094337463,
            "y": 0.4888352155685425,
            "z": -0.05425206944346428
        },
        "20": {
            "x": 0.21296845376491547,
            "y": 0.49626174569129944,
            "z": -0.048662491142749786
        }
    }
}