{
    "Ч": {
        "0": {
            "x": 0.3742130398750305,
            "y": 0.6173348426818848,
            "z": 3.148240068640007e-07
        },
        "1": {
            "x": 0.4221138656139374,
            "y": 0.6083054542541504,
            "z": -0.020777681842446327
        },
        "2": {
            "x": 0.4620453715324402,
            "y": 0.5720356702804565,
            "z": -0.0343860425055027
        },
        "3": {
            "x": 0.4734179973602295,
            "y": 0.5319696068763733,
            "z": -0.048712052404880524
        },
        "4": {
            "x": 0.4914507567882538,
            "y": 0.5004784464836121,
            "z": -0.061266154050827026
        },
        "5": {
            "x": 0.47894537448883057,
            "y": 0.4571772813796997,
            "z": -0.015548307448625565
        },
        "6": {
            "x": 0.49394822120666504,
            "y": 0.45411956310272217,
            "z": -0.050862934440374374
        },
        "7": {
            "x": 0.5013036131858826,
            "y": 0.44639915227890015,
            "z": -0.07590806484222412
        },
        "8": {
            "x": 0.5012102723121643,
            "y": 0.4471500813961029,
            "z": -0.08803800493478775
        },
        "9": {
            "x": 0.44126787781715393,
            "y": 0.4180203378200531,
            "z": -0.019162382930517197
        },
        "10": {
            "x": 0.4518349766731262,
            "y": 0.4363310635089874,
            "z": -0.056685786694288254
        },
        "11": {
            "x": 0.456257700920105,
            "y": 0.43440261483192444,
            "z": -0.07296431809663773
        },
        "12": {
            "x": 0.45698288083076477,
            "y": 0.4329257309436798,
            "z": -0.07515112310647964
        },
        "13": {
            "x": 0.39702287316322327,
            "y": 0.40414902567863464,
            "z": -0.027277665212750435
        },
        "14": {
            "x": 0.4009377956390381,
            "y": 0.4756285548210144,
            "z": -0.06820521503686905
        },
        "15": {
            "x": 0.39674559235572815,
            "y": 0.5437242984771729,
            "z": -0.0711543932557106
        },
        "16": {
            "x": 0.3960772752761841,
            "y": 0.5920600295066833,
            "z": -0.05994797125458717
        },
        "17": {
            "x": 0.35097232460975647,
            "y": 0.41439369320869446,
            "z": -0.03783082589507103
        },
        "18": {
            "x": 0.3596729636192322,
            "y": 0.4880390763282776,
            "z": -0.06687546521425247
        },
        "19": {
            "x": 0.36622241139411926,
            "y": 0.5432521104812622,
            "z": -0.0692952424287796
        },
        "20": {
            "x": 0.3749109208583832,
            "y": 0.5756793022155762,
            "z": -0.061422768980264664
        }
    }
}