{
    "Ч": {
        "0": {
            "x": 0.3293161988258362,
            "y": 0.6664577722549438,
            "z": 1.5253152696459438e-07
        },
        "1": {
            "x": 0.37025293707847595,
            "y": 0.6582944989204407,
            "z": -0.025015192106366158
        },
        "2": {
            "x": 0.40778425335884094,
            "y": 0.6336555480957031,
            "z": -0.04326440393924713
        },
        "3": {
            "x": 0.42867034673690796,
            "y": 0.6080141067504883,
            "z": -0.06097458675503731
        },
        "4": {
            "x": 0.422331839799881,
            "y": 0.575137197971344,
            "z": -0.07537949085235596
        },
        "5": {
            "x": 0.41201069951057434,
            "y": 0.48163625597953796,
            "z": -0.02276386134326458
        },
        "6": {
            "x": 0.4270669221878052,
            "y": 0.4855552911758423,
            "z": -0.06330379843711853
        },
        "7": {
            "x": 0.43803972005844116,
            "y": 0.5179260969161987,
            "z": -0.09036090970039368
        },
        "8": {
            "x": 0.4464679956436157,
            "y": 0.5526442527770996,
            "z": -0.1019296646118164
        },
        "9": {
            "x": 0.37169918417930603,
            "y": 0.4616127014160156,
            "z": -0.025675127282738686
        },
        "10": {
            "x": 0.38326120376586914,
            "y": 0.4851875901222229,
            "z": -0.06706693023443222
        },
        "11": {
            "x": 0.3975375294685364,
            "y": 0.531542181968689,
            "z": -0.08365701138973236
        },
        "12": {
            "x": 0.40967801213264465,
            "y": 0.5728920698165894,
            "z": -0.08422545343637466
        },
        "13": {
            "x": 0.32869765162467957,
            "y": 0.46720218658447266,
            "z": -0.03332135081291199
        },
        "14": {
            "x": 0.3409116864204407,
            "y": 0.55638188123703,
            "z": -0.07069770246744156
        },
        "15": {
            "x": 0.347715824842453,
            "y": 0.6240792870521545,
            "z": -0.0723370760679245
        },
        "16": {
            "x": 0.3548722267150879,
            "y": 0.665664553642273,
            "z": -0.061323899775743484
        },
        "17": {
            "x": 0.29072535037994385,
            "y": 0.4947809875011444,
            "z": -0.04430822283029556
        },
        "18": {
            "x": 0.30416539311408997,
            "y": 0.5723905563354492,
            "z": -0.0660177692770958
        },
        "19": {
            "x": 0.3151223659515381,
            "y": 0.62162846326828,
            "z": -0.06545694172382355
        },
        "20": {
            "x": 0.32502469420433044,
            "y": 0.6433919668197632,
            "z": -0.056700997054576874
        }
    }
}