{
    "Ч": {
        "0": {
            "x": 0.22326239943504333,
            "y": 0.8467522859573364,
            "z": 5.96634208704927e-07
        },
        "1": {
            "x": 0.31331315636634827,
            "y": 0.758727490901947,
            "z": 0.0012049281504005194
        },
        "2": {
            "x": 0.35655295848846436,
            "y": 0.67304927110672,
            "z": -0.0083501897752285
        },
        "3": {
            "x": 0.3947281241416931,
            "y": 0.6069463491439819,
            "z": -0.02612639218568802
        },
        "4": {
            "x": 0.4476400315761566,
            "y": 0.5590488314628601,
            "z": -0.04230701923370361
        },
        "5": {
            "x": 0.2498699426651001,
            "y": 0.53169846534729,
            "z": 0.02241554483771324
        },
        "6": {
            "x": 0.3562948405742645,
            "y": 0.5196563005447388,
            "z": -0.014811156317591667
        },
        "7": {
            "x": 0.4208771586418152,
            "y": 0.5309860110282898,
            "z": -0.046110428869724274
        },
        "8": {
            "x": 0.4715674817562103,
            "y": 0.5428205728530884,
            "z": -0.06452201306819916
        },
        "9": {
            "x": 0.23339390754699707,
            "y": 0.527435302734375,
            "z": 0.00412822887301445
        },
        "10": {
            "x": 0.35940611362457275,
            "y": 0.5368576049804688,
            "z": -0.035309795290231705
        },
        "11": {
            "x": 0.4027772843837738,
            "y": 0.5725426077842712,
            "z": -0.05558032542467117
        },
        "12": {
            "x": 0.42725861072540283,
            "y": 0.5969306826591492,
            "z": -0.06174120306968689
        },
        "13": {
            "x": 0.23110206425189972,
            "y": 0.5481772422790527,
            "z": -0.018367234617471695
        },
        "14": {
            "x": 0.3582844138145447,
            "y": 0.6051526069641113,
            "z": -0.06071371212601662
        },
        "15": {
            "x": 0.3529074490070343,
            "y": 0.6939100623130798,
            "z": -0.06178412586450577
        },
        "16": {
            "x": 0.33546367287635803,
            "y": 0.7439059615135193,
            "z": -0.04917807877063751
        },
        "17": {
            "x": 0.24149774014949799,
            "y": 0.5832884311676025,
            "z": -0.04222944378852844
        },
        "18": {
            "x": 0.33914998173713684,
            "y": 0.6369544863700867,
            "z": -0.06459023803472519
        },
        "19": {
            "x": 0.3378562331199646,
            "y": 0.7020153403282166,
            "z": -0.058107852935791016
        },
        "20": {
            "x": 0.32262706756591797,
            "y": 0.7384088039398193,
            "z": -0.04501883685588837
        }
    }
}