{
    "П": {
        "0": {
            "x": 0.07388134300708771,
            "y": 0.28846198320388794,
            "z": 1.0493022273294628e-06
        },
        "1": {
            "x": 0.17448997497558594,
            "y": 0.32552385330200195,
            "z": -0.012315587140619755
        },
        "2": {
            "x": 0.23913025856018066,
            "y": 0.4474996030330658,
            "z": -0.034778278321027756
        },
        "3": {
            "x": 0.24832846224308014,
            "y": 0.583198606967926,
            "z": -0.05192435905337334
        },
        "4": {
            "x": 0.23265941441059113,
            "y": 0.6824018359184265,
            "z": -0.06607288122177124
        },
        "5": {
            "x": 0.2434954196214676,
            "y": 0.46791836619377136,
            "z": -0.09403946250677109
        },
        "6": {
            "x": 0.2938741445541382,
            "y": 0.6611648797988892,
            "z": -0.13056440651416779
        },
        "7": {
            "x": 0.31096625328063965,
            "y": 0.7737388610839844,
            "z": -0.14732718467712402
        },
        "8": {
            "x": 0.31527870893478394,
            "y": 0.8562995195388794,
            "z": -0.15432196855545044
        },
        "9": {
            "x": 0.1704551726579666,
            "y": 0.4923531711101532,
            "z": -0.09899306297302246
        },
        "10": {
            "x": 0.2155216634273529,
            "y": 0.7116138935089111,
            "z": -0.12643380463123322
        },
        "11": {
            "x": 0.23598328232765198,
            "y": 0.8347412943840027,
            "z": -0.13140520453453064
        },
        "12": {
            "x": 0.2443540245294571,
            "y": 0.9214190244674683,
            "z": -0.13629935681819916
        },
        "13": {
            "x": 0.10324513912200928,
            "y": 0.5181735157966614,
            "z": -0.09888628870248795
        },
        "14": {
            "x": 0.13277393579483032,
            "y": 0.7331916093826294,
            "z": -0.11470964550971985
        },
        "15": {
            "x": 0.15839485824108124,
            "y": 0.7477927803993225,
            "z": -0.09990715980529785
        },
        "16": {
            "x": 0.1718430519104004,
            "y": 0.7202631235122681,
            "z": -0.08825299143791199
        },
        "17": {
            "x": 0.05076304078102112,
            "y": 0.5400092601776123,
            "z": -0.09953312575817108
        },
        "18": {
            "x": 0.06983769685029984,
            "y": 0.7060502171516418,
            "z": -0.10873948037624359
        },
        "19": {
            "x": 0.09140042215585709,
            "y": 0.7381846904754639,
            "z": -0.09723297506570816
        },
        "20": {
            "x": 0.1043676808476448,
            "y": 0.7395888566970825,
            "z": -0.08587928116321564
        }
    }
}