{
    "П": {
        "0": {
            "x": 0.16736462712287903,
            "y": 0.3210309147834778,
            "z": 1.1395136425562669e-06
        },
        "1": {
            "x": 0.27087903022766113,
            "y": 0.35608670115470886,
            "z": -0.020351886749267578
        },
        "2": {
            "x": 0.3390132784843445,
            "y": 0.4855636954307556,
            "z": -0.04720732197165489
        },
        "3": {
            "x": 0.34411537647247314,
            "y": 0.6237142086029053,
            "z": -0.06883108615875244
        },
        "4": {
            "x": 0.32769984006881714,
            "y": 0.7205326557159424,
            "z": -0.08718705177307129
        },
        "5": {
            "x": 0.35102319717407227,
            "y": 0.49957072734832764,
            "z": -0.1008094996213913
        },
        "6": {
            "x": 0.4087439775466919,
            "y": 0.6965336203575134,
            "z": -0.13861222565174103
        },
        "7": {
            "x": 0.434664785861969,
            "y": 0.8114479184150696,
            "z": -0.15675969421863556
        },
        "8": {
            "x": 0.44937729835510254,
            "y": 0.8988766074180603,
            "z": -0.16612747311592102
        },
        "9": {
            "x": 0.27890250086784363,
            "y": 0.5307325124740601,
            "z": -0.10602972656488419
        },
        "10": {
            "x": 0.337154746055603,
            "y": 0.7464073896408081,
            "z": -0.1375465989112854
        },
        "11": {
            "x": 0.37366920709609985,
            "y": 0.8698947429656982,
            "z": -0.1463136374950409
        },
        "12": {
            "x": 0.39646783471107483,
            "y": 0.9644647240638733,
            "z": -0.15425314009189606
        },
        "13": {
            "x": 0.20888802409172058,
            "y": 0.5611273050308228,
            "z": -0.10664624720811844
        },
        "14": {
            "x": 0.24183738231658936,
            "y": 0.7853837013244629,
            "z": -0.12819541990756989
        },
        "15": {
            "x": 0.26924797892570496,
            "y": 0.7730738520622253,
            "z": -0.11403366178274155
        },
        "16": {
            "x": 0.2837027311325073,
            "y": 0.7225786447525024,
            "z": -0.10146464407444
        },
        "17": {
            "x": 0.15267184376716614,
            "y": 0.5883632302284241,
            "z": -0.10890375822782516
        },
        "18": {
            "x": 0.17941828072071075,
            "y": 0.7588672041893005,
            "z": -0.12353282421827316
        },
        "19": {
            "x": 0.2016073763370514,
            "y": 0.7692114114761353,
            "z": -0.11254560947418213
        },
        "20": {
            "x": 0.21377427875995636,
            "y": 0.7478423118591309,
            "z": -0.10074436664581299
        }
    }
}