{
    "П": {
        "0": {
            "x": 0.14611530303955078,
            "y": 0.18210673332214355,
            "z": 1.1341653589624912e-06
        },
        "1": {
            "x": 0.2369387298822403,
            "y": 0.2312656044960022,
            "z": -0.019131222739815712
        },
        "2": {
            "x": 0.2830203175544739,
            "y": 0.3560696840286255,
            "z": -0.04541785642504692
        },
        "3": {
            "x": 0.27334070205688477,
            "y": 0.4821431338787079,
            "z": -0.06371118128299713
        },
        "4": {
            "x": 0.24790789186954498,
            "y": 0.570980966091156,
            "z": -0.08044835925102234
        },
        "5": {
            "x": 0.2742530107498169,
            "y": 0.36717045307159424,
            "z": -0.11246995627880096
        },
        "6": {
            "x": 0.29693442583084106,
            "y": 0.5593942403793335,
            "z": -0.1500777304172516
        },
        "7": {
            "x": 0.30499067902565,
            "y": 0.673078179359436,
            "z": -0.1688026785850525
        },
        "8": {
            "x": 0.3065941035747528,
            "y": 0.7592206001281738,
            "z": -0.17883199453353882
        },
        "9": {
            "x": 0.20091241598129272,
            "y": 0.3782197833061218,
            "z": -0.11385392397642136
        },
        "10": {
            "x": 0.21565988659858704,
            "y": 0.5951948761940002,
            "z": -0.13912056386470795
        },
        "11": {
            "x": 0.22200994193553925,
            "y": 0.7169283032417297,
            "z": -0.14262674748897552
        },
        "12": {
            "x": 0.22229577600955963,
            "y": 0.8069489002227783,
            "z": -0.14803679287433624
        },
        "13": {
            "x": 0.1354220062494278,
            "y": 0.38399097323417664,
            "z": -0.10934651643037796
        },
        "14": {
            "x": 0.13405823707580566,
            "y": 0.5876302719116211,
            "z": -0.12438522279262543
        },
        "15": {
            "x": 0.15271280705928802,
            "y": 0.5933675765991211,
            "z": -0.1088285967707634
        },
        "16": {
            "x": 0.16422921419143677,
            "y": 0.5580201745033264,
            "z": -0.09717457741498947
        },
        "17": {
            "x": 0.08695868402719498,
            "y": 0.3880380690097809,
            "z": -0.10538767278194427
        },
        "18": {
            "x": 0.08916661143302917,
            "y": 0.5404422283172607,
            "z": -0.11750217527151108
        },
        "19": {
            "x": 0.1020752564072609,
            "y": 0.5576292872428894,
            "z": -0.10636066645383835
        },
        "20": {
            "x": 0.11008386313915253,
            "y": 0.5423197150230408,
            "z": -0.09514357894659042
        }
    }
}