{
    "П": {
        "0": {
            "x": 0.1760881543159485,
            "y": 0.2840750515460968,
            "z": 1.120905722018506e-06
        },
        "1": {
            "x": 0.27549058198928833,
            "y": 0.33010220527648926,
            "z": -0.020976481959223747
        },
        "2": {
            "x": 0.3309844136238098,
            "y": 0.46052247285842896,
            "z": -0.0478866882622242
        },
        "3": {
            "x": 0.317036509513855,
            "y": 0.5934065580368042,
            "z": -0.07073790580034256
        },
        "4": {
            "x": 0.28009673953056335,
            "y": 0.6790302991867065,
            "z": -0.09181977063417435
        },
        "5": {
            "x": 0.33728986978530884,
            "y": 0.5004553198814392,
            "z": -0.09773378819227219
        },
        "6": {
            "x": 0.3747871518135071,
            "y": 0.7007548809051514,
            "z": -0.13638824224472046
        },
        "7": {
            "x": 0.38965797424316406,
            "y": 0.814385175704956,
            "z": -0.15645034611225128
        },
        "8": {
            "x": 0.39583495259284973,
            "y": 0.899145781993866,
            "z": -0.1676073670387268
        },
        "9": {
            "x": 0.26068487763404846,
            "y": 0.5222391486167908,
            "z": -0.10466419160366058
        },
        "10": {
            "x": 0.3009883463382721,
            "y": 0.7353638410568237,
            "z": -0.1392921507358551
        },
        "11": {
            "x": 0.3242967426776886,
            "y": 0.8554189205169678,
            "z": -0.15109749138355255
        },
        "12": {
            "x": 0.3396790027618408,
            "y": 0.9490503072738647,
            "z": -0.16064369678497314
        },
        "13": {
            "x": 0.18781113624572754,
            "y": 0.5371220707893372,
            "z": -0.10727346688508987
        },
        "14": {
            "x": 0.2073139101266861,
            "y": 0.7472574710845947,
            "z": -0.13659004867076874
        },
        "15": {
            "x": 0.22155988216400146,
            "y": 0.7169963121414185,
            "z": -0.12472482025623322
        },
        "16": {
            "x": 0.22818751633167267,
            "y": 0.652758002281189,
            "z": -0.11113002151250839
        },
        "17": {
            "x": 0.13144128024578094,
            "y": 0.5474622845649719,
            "z": -0.11125542223453522
        },
        "18": {
            "x": 0.1457855999469757,
            "y": 0.7147389650344849,
            "z": -0.13234734535217285
        },
        "19": {
            "x": 0.15626917779445648,
            "y": 0.7049145102500916,
            "z": -0.12100504338741302
        },
        "20": {
            "x": 0.15807566046714783,
            "y": 0.6609350442886353,
            "z": -0.10727391391992569
        }
    }
}