{
    "П": {
        "0": {
            "x": 0.2094244658946991,
            "y": 0.10639414191246033,
            "z": 1.4471498843704467e-06
        },
        "1": {
            "x": 0.29313144087791443,
            "y": 0.1452680081129074,
            "z": -0.02059730887413025
        },
        "2": {
            "x": 0.33807218074798584,
            "y": 0.2663751244544983,
            "z": -0.05207610875368118
        },
        "3": {
            "x": 0.32346221804618835,
            "y": 0.38790303468704224,
            "z": -0.07630682736635208
        },
        "4": {
            "x": 0.29821786284446716,
            "y": 0.46983465552330017,
            "z": -0.09960036724805832
        },
        "5": {
            "x": 0.35593366622924805,
            "y": 0.24137991666793823,
            "z": -0.1208345964550972
        },
        "6": {
            "x": 0.3725169897079468,
            "y": 0.4356667101383209,
            "z": -0.16089686751365662
        },
        "7": {
            "x": 0.3768549859523773,
            "y": 0.5582317113876343,
            "z": -0.18163622915744781
        },
        "8": {
            "x": 0.3730303645133972,
            "y": 0.6556878089904785,
            "z": -0.19467268884181976
        },
        "9": {
            "x": 0.2817842960357666,
            "y": 0.24603737890720367,
            "z": -0.12718938291072845
        },
        "10": {
            "x": 0.2971351146697998,
            "y": 0.4640592932701111,
            "z": -0.1618967056274414
        },
        "11": {
            "x": 0.30694979429244995,
            "y": 0.5951286554336548,
            "z": -0.17094875872135162
        },
        "12": {
            "x": 0.30765587091445923,
            "y": 0.6922149658203125,
            "z": -0.1812802106142044
        },
        "13": {
            "x": 0.21224649250507355,
            "y": 0.2544613480567932,
            "z": -0.1273764967918396
        },
        "14": {
            "x": 0.21529552340507507,
            "y": 0.47951722145080566,
            "z": -0.15130050480365753
        },
        "15": {
            "x": 0.23895679414272308,
            "y": 0.47268471121788025,
            "z": -0.139327272772789
        },
        "16": {
            "x": 0.2526618540287018,
            "y": 0.422043114900589,
            "z": -0.13063693046569824
        },
        "17": {
            "x": 0.15708985924720764,
            "y": 0.2683935761451721,
            "z": -0.12831757962703705
        },
        "18": {
            "x": 0.16258418560028076,
            "y": 0.43753811717033386,
            "z": -0.1487748622894287
        },
        "19": {
            "x": 0.17794153094291687,
            "y": 0.4339781403541565,
            "z": -0.1412505805492401
        },
        "20": {
            "x": 0.18638405203819275,
            "y": 0.39142727851867676,
            "z": -0.13357588648796082
        }
    }
}