{
    "П": {
        "0": {
            "x": 0.44847506284713745,
            "y": 0.4303452968597412,
            "z": 4.6659346253363765e-07
        },
        "1": {
            "x": 0.4897683262825012,
            "y": 0.4882722496986389,
            "z": -0.0041207741014659405
        },
        "2": {
            "x": 0.48586416244506836,
            "y": 0.5719538331031799,
            "z": -0.015239303931593895
        },
        "3": {
            "x": 0.45218250155448914,
            "y": 0.6416800022125244,
            "z": -0.025079883635044098
        },
        "4": {
            "x": 0.423267662525177,
            "y": 0.6843975782394409,
            "z": -0.0335589163005352
        },
        "5": {
            "x": 0.5063897967338562,
            "y": 0.5651383399963379,
            "z": -0.044792406260967255
        },
        "6": {
            "x": 0.5025660395622253,
            "y": 0.6631492376327515,
            "z": -0.058637671172618866
        },
        "7": {
            "x": 0.5000247955322266,
            "y": 0.7185225486755371,
            "z": -0.06239891052246094
        },
        "8": {
            "x": 0.49926137924194336,
            "y": 0.7626205682754517,
            "z": -0.06423542648553848
        },
        "9": {
            "x": 0.47079476714134216,
            "y": 0.5623951554298401,
            "z": -0.05249737203121185
        },
        "10": {
            "x": 0.47021758556365967,
            "y": 0.6712213754653931,
            "z": -0.06529128551483154
        },
        "11": {
            "x": 0.4711077809333801,
            "y": 0.7365466952323914,
            "z": -0.06661978363990784
        },
        "12": {
            "x": 0.47251641750335693,
            "y": 0.7885611057281494,
            "z": -0.06879303604364395
        },
        "13": {
            "x": 0.4330999255180359,
            "y": 0.5557522773742676,
            "z": -0.057243768125772476
        },
        "14": {
            "x": 0.42286568880081177,
            "y": 0.6607728004455566,
            "z": -0.06785783171653748
        },
        "15": {
            "x": 0.4335376024246216,
            "y": 0.6463451981544495,
            "z": -0.056943561881780624
        },
        "16": {
            "x": 0.44524085521698,
            "y": 0.6175582408905029,
            "z": -0.04710284620523453
        },
        "17": {
            "x": 0.39740926027297974,
            "y": 0.5467637777328491,
            "z": -0.06230511516332626
        },
        "18": {
            "x": 0.3950194716453552,
            "y": 0.6330692768096924,
            "z": -0.06630910187959671
        },
        "19": {
            "x": 0.40752559900283813,
            "y": 0.6284730434417725,
            "z": -0.05485536530613899
        },
        "20": {
            "x": 0.4169495105743408,
            "y": 0.6055123209953308,
            "z": -0.04489203914999962
        }
    }
}