{
    "П": {
        "0": {
            "x": 0.4522779881954193,
            "y": 0.3309531807899475,
            "z": 4.786082854479901e-07
        },
        "1": {
            "x": 0.49340492486953735,
            "y": 0.38807666301727295,
            "z": -0.0032652157824486494
        },
        "2": {
            "x": 0.4885832965373993,
            "y": 0.46798017621040344,
            "z": -0.015408426523208618
        },
        "3": {
            "x": 0.45550259947776794,
            "y": 0.5316271185874939,
            "z": -0.025644570589065552
        },
        "4": {
            "x": 0.42636656761169434,
            "y": 0.5684634447097778,
            "z": -0.035933591425418854
        },
        "5": {
            "x": 0.5096126794815063,
            "y": 0.45251110196113586,
            "z": -0.050435759127140045
        },
        "6": {
            "x": 0.5118078589439392,
            "y": 0.5427212715148926,
            "z": -0.06659716367721558
        },
        "7": {
            "x": 0.5122868418693542,
            "y": 0.5981500148773193,
            "z": -0.07170215994119644
        },
        "8": {
            "x": 0.5108013153076172,
            "y": 0.6422058343887329,
            "z": -0.07366664707660675
        },
        "9": {
            "x": 0.4742547571659088,
            "y": 0.44722113013267517,
            "z": -0.05834566056728363
        },
        "10": {
            "x": 0.47811368107795715,
            "y": 0.5514692664146423,
            "z": -0.07324685901403427
        },
        "11": {
            "x": 0.48249804973602295,
            "y": 0.6158014535903931,
            "z": -0.07559774070978165
        },
        "12": {
            "x": 0.4857034683227539,
            "y": 0.6642460823059082,
            "z": -0.07762852311134338
        },
        "13": {
            "x": 0.4369319677352905,
            "y": 0.43943724036216736,
            "z": -0.0629064068198204
        },
        "14": {
            "x": 0.4259554445743561,
            "y": 0.5497927665710449,
            "z": -0.07620314508676529
        },
        "15": {
            "x": 0.4293500781059265,
            "y": 0.5651748776435852,
            "z": -0.07104826718568802
        },
        "16": {
            "x": 0.4355247914791107,
            "y": 0.5563232898712158,
            "z": -0.0645790547132492
        },
        "17": {
            "x": 0.40174999833106995,
            "y": 0.4297117292881012,
            "z": -0.06686345487833023
        },
        "18": {
            "x": 0.39875978231430054,
            "y": 0.5202998518943787,
            "z": -0.07263313233852386
        },
        "19": {
            "x": 0.40777331590652466,
            "y": 0.5342614054679871,
            "z": -0.06488078087568283
        },
        "20": {
            "x": 0.414904922246933,
            "y": 0.5272247195243835,
            "z": -0.05742517113685608
        }
    }
}