{
    "П": {
        "0": {
            "x": 0.5916818380355835,
            "y": 0.2686111629009247,
            "z": 1.685026376208043e-07
        },
        "1": {
            "x": 0.5480930209159851,
            "y": 0.325090616941452,
            "z": 0.02309110015630722
        },
        "2": {
            "x": 0.5389337539672852,
            "y": 0.4014383852481842,
            "z": 0.01649841107428074
        },
        "3": {
            "x": 0.5711744427680969,
            "y": 0.4679688811302185,
            "z": 0.005638328846544027
        },
        "4": {
            "x": 0.6053990125656128,
            "y": 0.49923694133758545,
            "z": -0.007777447812259197
        },
        "5": {
            "x": 0.5124528408050537,
            "y": 0.43310651183128357,
            "z": -0.036508709192276
        },
        "6": {
            "x": 0.5304726362228394,
            "y": 0.5384561419487,
            "z": -0.05813904106616974
        },
        "7": {
            "x": 0.5385493040084839,
            "y": 0.5972111225128174,
            "z": -0.07219827175140381
        },
        "8": {
            "x": 0.5467306971549988,
            "y": 0.6442841291427612,
            "z": -0.08167706429958344
        },
        "9": {
            "x": 0.5486342310905457,
            "y": 0.41765743494033813,
            "z": -0.05680568143725395
        },
        "10": {
            "x": 0.5629348754882812,
            "y": 0.5502790808677673,
            "z": -0.07818856090307236
        },
        "11": {
            "x": 0.5709116458892822,
            "y": 0.6301083564758301,
            "z": -0.08817967027425766
        },
        "12": {
            "x": 0.5815639495849609,
            "y": 0.6882184147834778,
            "z": -0.09699270874261856
        },
        "13": {
            "x": 0.5893109440803528,
            "y": 0.4024820625782013,
            "z": -0.0701557844877243
        },
        "14": {
            "x": 0.6112642884254456,
            "y": 0.5222640633583069,
            "z": -0.07593204081058502
        },
        "15": {
            "x": 0.6075891852378845,
            "y": 0.4976921081542969,
            "z": -0.05548723042011261
        },
        "16": {
            "x": 0.6020212769508362,
            "y": 0.46636319160461426,
            "z": -0.04109510779380798
        },
        "17": {
            "x": 0.6271940469741821,
            "y": 0.3861025869846344,
            "z": -0.08178754895925522
        },
        "18": {
            "x": 0.6351329684257507,
            "y": 0.4826549291610718,
            "z": -0.07915612310171127
        },
        "19": {
            "x": 0.6268179416656494,
            "y": 0.4692900776863098,
            "z": -0.05784202367067337
        },
        "20": {
            "x": 0.6171877384185791,
            "y": 0.4461170732975006,
            "z": -0.04148101806640625
        }
    }
}