{
    "П": {
        "0": {
            "x": 0.5913078784942627,
            "y": 0.24979537725448608,
            "z": 1.1235957941835295e-07
        },
        "1": {
            "x": 0.5460469722747803,
            "y": 0.3116708993911743,
            "z": 0.023899611085653305
        },
        "2": {
            "x": 0.5399722456932068,
            "y": 0.3909306526184082,
            "z": 0.013665856793522835
        },
        "3": {
            "x": 0.5759050846099854,
            "y": 0.4573274850845337,
            "z": 0.00014987241593189538
        },
        "4": {
            "x": 0.6101667881011963,
            "y": 0.49605658650398254,
            "z": -0.016606654971837997
        },
        "5": {
            "x": 0.5092089176177979,
            "y": 0.41112446784973145,
            "z": -0.04979390650987625
        },
        "6": {
            "x": 0.5237526893615723,
            "y": 0.5054944753646851,
            "z": -0.07478092610836029
        },
        "7": {
            "x": 0.531548023223877,
            "y": 0.560314953327179,
            "z": -0.09204211086034775
        },
        "8": {
            "x": 0.5409347414970398,
            "y": 0.6070438027381897,
            "z": -0.10459569841623306
        },
        "9": {
            "x": 0.5444875955581665,
            "y": 0.39269036054611206,
            "z": -0.06942346692085266
        },
        "10": {
            "x": 0.561269998550415,
            "y": 0.514562726020813,
            "z": -0.09205730259418488
        },
        "11": {
            "x": 0.5695503950119019,
            "y": 0.5875838994979858,
            "z": -0.10105889290571213
        },
        "12": {
            "x": 0.5787250995635986,
            "y": 0.6432297825813293,
            "z": -0.11116600781679153
        },
        "13": {
            "x": 0.5849476456642151,
            "y": 0.37707141041755676,
            "z": -0.0811820775270462
        },
        "14": {
            "x": 0.6066110134124756,
            "y": 0.4972723722457886,
            "z": -0.08327622711658478
        },
        "15": {
            "x": 0.608928382396698,
            "y": 0.48849302530288696,
            "z": -0.0596284419298172
        },
        "16": {
            "x": 0.6069856286048889,
            "y": 0.46671751141548157,
            "z": -0.04612493887543678
        },
        "17": {
            "x": 0.6230228543281555,
            "y": 0.36325404047966003,
            "z": -0.0912552922964096
        },
        "18": {
            "x": 0.6339644193649292,
            "y": 0.4539421498775482,
            "z": -0.08648358285427094
        },
        "19": {
            "x": 0.6287438273429871,
            "y": 0.4617636799812317,
            "z": -0.06682269275188446
        },
        "20": {
            "x": 0.6179065704345703,
            "y": 0.4562714397907257,
            "z": -0.053438182920217514
        }
    }
}