{
    "П": {
        "0": {
            "x": 0.43002021312713623,
            "y": 0.19216471910476685,
            "z": 1.1057254596380517e-06
        },
        "1": {
            "x": 0.5116212964057922,
            "y": 0.22428198158740997,
            "z": -0.014493949711322784
        },
        "2": {
            "x": 0.5607318878173828,
            "y": 0.3498753607273102,
            "z": -0.042250070720911026
        },
        "3": {
            "x": 0.5483382940292358,
            "y": 0.4803343117237091,
            "z": -0.06864804029464722
        },
        "4": {
            "x": 0.5389220118522644,
            "y": 0.5722232460975647,
            "z": -0.09244093298912048
        },
        "5": {
            "x": 0.6188338994979858,
            "y": 0.31439873576164246,
            "z": -0.08427514880895615
        },
        "6": {
            "x": 0.6619346737861633,
            "y": 0.4712735116481781,
            "z": -0.1185893639922142
        },
        "7": {
            "x": 0.6834239959716797,
            "y": 0.5610250234603882,
            "z": -0.13612715899944305
        },
        "8": {
            "x": 0.7000373601913452,
            "y": 0.6352340579032898,
            "z": -0.14788411557674408
        },
        "9": {
            "x": 0.5639733076095581,
            "y": 0.31624123454093933,
            "z": -0.09670069068670273
        },
        "10": {
            "x": 0.5893570184707642,
            "y": 0.4936891794204712,
            "z": -0.13243480026721954
        },
        "11": {
            "x": 0.6038485169410706,
            "y": 0.6098691821098328,
            "z": -0.14363808929920197
        },
        "12": {
            "x": 0.6105586290359497,
            "y": 0.70240318775177,
            "z": -0.15501481294631958
        },
        "13": {
            "x": 0.5060078501701355,
            "y": 0.3294043242931366,
            "z": -0.1061193197965622
        },
        "14": {
            "x": 0.5185282826423645,
            "y": 0.5210776329040527,
            "z": -0.12959015369415283
        },
        "15": {
            "x": 0.5204231142997742,
            "y": 0.49910587072372437,
            "z": -0.11615221202373505
        },
        "16": {
            "x": 0.5201948881149292,
            "y": 0.45028823614120483,
            "z": -0.10686938464641571
        },
        "17": {
            "x": 0.4513019919395447,
            "y": 0.35338759422302246,
            "z": -0.11786368489265442
        },
        "18": {
            "x": 0.477571040391922,
            "y": 0.5002658367156982,
            "z": -0.1314230114221573
        },
        "19": {
            "x": 0.4933529794216156,
            "y": 0.4968944191932678,
            "z": -0.12206199765205383
        },
        "20": {
            "x": 0.5069600939750671,
            "y": 0.46960586309432983,
            "z": -0.1151949092745781
        }
    }
}