{
    "П": {
        "0": {
            "x": 0.6179132461547852,
            "y": 0.2985076308250427,
            "z": 1.5385434437575896e-07
        },
        "1": {
            "x": 0.5732774138450623,
            "y": 0.36277687549591064,
            "z": 0.019853191450238228
        },
        "2": {
            "x": 0.5564843416213989,
            "y": 0.44534963369369507,
            "z": 0.019733851775527
        },
        "3": {
            "x": 0.5592718720436096,
            "y": 0.5174650549888611,
            "z": 0.016134219244122505
        },
        "4": {
            "x": 0.5682644844055176,
            "y": 0.5671730637550354,
            "z": 0.010025006718933582
        },
        "5": {
            "x": 0.5392162799835205,
            "y": 0.4833714962005615,
            "z": -0.0267330389469862
        },
        "6": {
            "x": 0.5528717041015625,
            "y": 0.5910463929176331,
            "z": -0.04511277377605438
        },
        "7": {
            "x": 0.5622034072875977,
            "y": 0.6541031002998352,
            "z": -0.055473919957876205
        },
        "8": {
            "x": 0.5705763697624207,
            "y": 0.7040086984634399,
            "z": -0.06080193817615509
        },
        "9": {
            "x": 0.5735554099082947,
            "y": 0.4706687927246094,
            "z": -0.044064365327358246
        },
        "10": {
            "x": 0.5928430557250977,
            "y": 0.6073988676071167,
            "z": -0.05876728519797325
        },
        "11": {
            "x": 0.6015469431877136,
            "y": 0.6884375810623169,
            "z": -0.06469902396202087
        },
        "12": {
            "x": 0.607441782951355,
            "y": 0.748622477054596,
            "z": -0.06941486150026321
        },
        "13": {
            "x": 0.6130884289741516,
            "y": 0.45018571615219116,
            "z": -0.056116536259651184
        },
        "14": {
            "x": 0.6463720798492432,
            "y": 0.5639487504959106,
            "z": -0.06570572406053543
        },
        "15": {
            "x": 0.6504173278808594,
            "y": 0.550372838973999,
            "z": -0.0525074303150177
        },
        "16": {
            "x": 0.6459299325942993,
            "y": 0.5233522653579712,
            "z": -0.04037284851074219
        },
        "17": {
            "x": 0.6527343988418579,
            "y": 0.42499950528144836,
            "z": -0.0661589726805687
        },
        "18": {
            "x": 0.6705222725868225,
            "y": 0.5174192190170288,
            "z": -0.07027608156204224
        },
        "19": {
            "x": 0.6666417121887207,
            "y": 0.5151883363723755,
            "z": -0.05512576550245285
        },
        "20": {
            "x": 0.6564066410064697,
            "y": 0.5009321570396423,
            "z": -0.04087803512811661
        }
    }
}