{
    "П": {
        "0": {
            "x": 0.5496013164520264,
            "y": 0.17222565412521362,
            "z": 2.1174760433950723e-07
        },
        "1": {
            "x": 0.5102462768554688,
            "y": 0.2305741012096405,
            "z": 0.00947395246475935
        },
        "2": {
            "x": 0.5007809400558472,
            "y": 0.3100088834762573,
            "z": 0.0007843455532565713
        },
        "3": {
            "x": 0.522831916809082,
            "y": 0.3667587637901306,
            "z": -0.010189964435994625
        },
        "4": {
            "x": 0.5534490942955017,
            "y": 0.39655157923698425,
            "z": -0.025093866512179375
        },
        "5": {
            "x": 0.4810008704662323,
            "y": 0.3356606662273407,
            "z": -0.039664484560489655
        },
        "6": {
            "x": 0.4962410032749176,
            "y": 0.43765348196029663,
            "z": -0.05954473465681076
        },
        "7": {
            "x": 0.5051876306533813,
            "y": 0.49803584814071655,
            "z": -0.0706075057387352
        },
        "8": {
            "x": 0.5114337801933289,
            "y": 0.5468804240226746,
            "z": -0.07706233859062195
        },
        "9": {
            "x": 0.5151123404502869,
            "y": 0.31839483976364136,
            "z": -0.055722810328006744
        },
        "10": {
            "x": 0.5375728011131287,
            "y": 0.4379970133304596,
            "z": -0.07419459521770477
        },
        "11": {
            "x": 0.5469546318054199,
            "y": 0.5108634829521179,
            "z": -0.0818730965256691
        },
        "12": {
            "x": 0.5541756749153137,
            "y": 0.5653296709060669,
            "z": -0.08784493058919907
        },
        "13": {
            "x": 0.5536717176437378,
            "y": 0.2983284592628479,
            "z": -0.06734288483858109
        },
        "14": {
            "x": 0.5815677046775818,
            "y": 0.41644740104675293,
            "z": -0.08411010354757309
        },
        "15": {
            "x": 0.5841687917709351,
            "y": 0.41762667894363403,
            "z": -0.07810965925455093
        },
        "16": {
            "x": 0.583257794380188,
            "y": 0.39732125401496887,
            "z": -0.06999521702528
        },
        "17": {
            "x": 0.5927934050559998,
            "y": 0.2773847281932831,
            "z": -0.07708044350147247
        },
        "18": {
            "x": 0.6070853471755981,
            "y": 0.3782196044921875,
            "z": -0.08830403536558151
        },
        "19": {
            "x": 0.6007073521614075,
            "y": 0.38785815238952637,
            "z": -0.07912793010473251
        },
        "20": {
            "x": 0.5919399261474609,
            "y": 0.37412378191947937,
            "z": -0.06893258541822433
        }
    }
}