{
    "П": {
        "0": {
            "x": 0.4894085228443146,
            "y": 0.08434692025184631,
            "z": 5.213144618210208e-07
        },
        "1": {
            "x": 0.5628082752227783,
            "y": 0.194795623421669,
            "z": 0.019753364846110344
        },
        "2": {
            "x": 0.5710206031799316,
            "y": 0.32461172342300415,
            "z": 0.024295875802636147
        },
        "3": {
            "x": 0.539911687374115,
            "y": 0.4100455045700073,
            "z": 0.0290656927973032
        },
        "4": {
            "x": 0.49768078327178955,
            "y": 0.46141740679740906,
            "z": 0.033405039459466934
        },
        "5": {
            "x": 0.5816621780395508,
            "y": 0.38892662525177,
            "z": -0.03343333676457405
        },
        "6": {
            "x": 0.5723060369491577,
            "y": 0.559956967830658,
            "z": -0.03098544105887413
        },
        "7": {
            "x": 0.5628314018249512,
            "y": 0.6492125988006592,
            "z": -0.02386532723903656
        },
        "8": {
            "x": 0.5511550307273865,
            "y": 0.7190267443656921,
            "z": -0.016525207087397575
        },
        "9": {
            "x": 0.5215851664543152,
            "y": 0.3925994634628296,
            "z": -0.03782187029719353
        },
        "10": {
            "x": 0.5197930932044983,
            "y": 0.567328929901123,
            "z": -0.02315039001405239
        },
        "11": {
            "x": 0.5156363248825073,
            "y": 0.6724011898040771,
            "z": -0.012887399643659592
        },
        "12": {
            "x": 0.5077450275421143,
            "y": 0.74596107006073,
            "z": -0.009539362974464893
        },
        "13": {
            "x": 0.45504072308540344,
            "y": 0.38238075375556946,
            "z": -0.0344579853117466
        },
        "14": {
            "x": 0.46193817257881165,
            "y": 0.4787430465221405,
            "z": -0.004792957566678524
        },
        "15": {
            "x": 0.4766593277454376,
            "y": 0.4277019798755646,
            "z": 0.014301524497568607
        },
        "16": {
            "x": 0.4834403097629547,
            "y": 0.3749629855155945,
            "z": 0.022157631814479828
        },
        "17": {
            "x": 0.39729824662208557,
            "y": 0.3677922189235687,
            "z": -0.03008200228214264
        },
        "18": {
            "x": 0.41508400440216064,
            "y": 0.4362207353115082,
            "z": -0.0005992149817757308
        },
        "19": {
            "x": 0.4319096803665161,
            "y": 0.4047020971775055,
            "z": 0.020059652626514435
        },
        "20": {
            "x": 0.43315932154655457,
            "y": 0.365288645029068,
            "z": 0.032800666987895966
        }
    }
}