{
    "П": {
        "0": {
            "x": 0.5249007344245911,
            "y": 0.07289943099021912,
            "z": 5.6199735354312e-07
        },
        "1": {
            "x": 0.6234425902366638,
            "y": 0.19070611894130707,
            "z": 0.06385192275047302
        },
        "2": {
            "x": 0.6396519541740417,
            "y": 0.32491740584373474,
            "z": 0.09076155722141266
        },
        "3": {
            "x": 0.6120728850364685,
            "y": 0.42803362011909485,
            "z": 0.10868415981531143
        },
        "4": {
            "x": 0.5655568838119507,
            "y": 0.48869210481643677,
            "z": 0.12688742578029633
        },
        "5": {
            "x": 0.6622849106788635,
            "y": 0.4278261661529541,
            "z": 0.03742508590221405
        },
        "6": {
            "x": 0.6430164575576782,
            "y": 0.6175327301025391,
            "z": 0.05507218465209007
        },
        "7": {
            "x": 0.632129967212677,
            "y": 0.7107257843017578,
            "z": 0.06465679407119751
        },
        "8": {
            "x": 0.6209165453910828,
            "y": 0.7864913940429688,
            "z": 0.07140742242336273
        },
        "9": {
            "x": 0.5938003063201904,
            "y": 0.43414631485939026,
            "z": 0.01778917759656906
        },
        "10": {
            "x": 0.5804456472396851,
            "y": 0.6245347857475281,
            "z": 0.052099600434303284
        },
        "11": {
            "x": 0.5743256211280823,
            "y": 0.7287493944168091,
            "z": 0.06581839919090271
        },
        "12": {
            "x": 0.5694928169250488,
            "y": 0.8054665327072144,
            "z": 0.06674513220787048
        },
        "13": {
            "x": 0.5203598737716675,
            "y": 0.42274877429008484,
            "z": 0.007376091554760933
        },
        "14": {
            "x": 0.5124875903129578,
            "y": 0.5388907194137573,
            "z": 0.061514124274253845
        },
        "15": {
            "x": 0.5161973834037781,
            "y": 0.48456448316574097,
            "z": 0.09002280235290527
        },
        "16": {
            "x": 0.5185796022415161,
            "y": 0.4269655644893646,
            "z": 0.09799433499574661
        },
        "17": {
            "x": 0.4566015899181366,
            "y": 0.4006989896297455,
            "z": -0.00022881518816575408
        },
        "18": {
            "x": 0.45957300066947937,
            "y": 0.47699135541915894,
            "z": 0.05341220647096634
        },
        "19": {
            "x": 0.46982020139694214,
            "y": 0.43708550930023193,
            "z": 0.08527704328298569
        },
        "20": {
            "x": 0.4678109288215637,
            "y": 0.3916812837123871,
            "z": 0.10212267935276031
        }
    }
}