{
    "П": {
        "0": {
            "x": 0.4412198066711426,
            "y": 0.23712238669395447,
            "z": 9.881169944492285e-07
        },
        "1": {
            "x": 0.5242359042167664,
            "y": 0.28472763299942017,
            "z": -0.0052420045249164104
        },
        "2": {
            "x": 0.5687289237976074,
            "y": 0.406709760427475,
            "z": -0.027553342282772064
        },
        "3": {
            "x": 0.5510636568069458,
            "y": 0.5363826751708984,
            "z": -0.05059600621461868
        },
        "4": {
            "x": 0.5307746529579163,
            "y": 0.626824140548706,
            "z": -0.07199526578187943
        },
        "5": {
            "x": 0.6256148219108582,
            "y": 0.3659456670284271,
            "z": -0.06787562370300293
        },
        "6": {
            "x": 0.6784055829048157,
            "y": 0.5057796239852905,
            "z": -0.10070905834436417
        },
        "7": {
            "x": 0.7095194458961487,
            "y": 0.5896664261817932,
            "z": -0.11875071376562119
        },
        "8": {
            "x": 0.7329374551773071,
            "y": 0.655062735080719,
            "z": -0.12971451878547668
        },
        "9": {
            "x": 0.5773011445999146,
            "y": 0.3685429096221924,
            "z": -0.08639126271009445
        },
        "10": {
            "x": 0.635445237159729,
            "y": 0.5222164988517761,
            "z": -0.1212485209107399
        },
        "11": {
            "x": 0.6668026447296143,
            "y": 0.6176905035972595,
            "z": -0.13525670766830444
        },
        "12": {
            "x": 0.6871769428253174,
            "y": 0.687888503074646,
            "z": -0.1458275020122528
        },
        "13": {
            "x": 0.522464394569397,
            "y": 0.38250789046287537,
            "z": -0.10102804005146027
        },
        "14": {
            "x": 0.5363169312477112,
            "y": 0.5722469091415405,
            "z": -0.12582580745220184
        },
        "15": {
            "x": 0.5284740924835205,
            "y": 0.573905885219574,
            "z": -0.11440955847501755
        },
        "16": {
            "x": 0.5254945158958435,
            "y": 0.5413275957107544,
            "z": -0.10344935208559036
        },
        "17": {
            "x": 0.46987712383270264,
            "y": 0.4003432095050812,
            "z": -0.11670840531587601
        },
        "18": {
            "x": 0.4903907775878906,
            "y": 0.541818380355835,
            "z": -0.12350403517484665
        },
        "19": {
            "x": 0.49354395270347595,
            "y": 0.5334476232528687,
            "z": -0.10606276988983154
        },
        "20": {
            "x": 0.4986007511615753,
            "y": 0.499542236328125,
            "z": -0.09264198690652847
        }
    }
}