{
    "П": {
        "0": {
            "x": 0.3369895815849304,
            "y": 0.09545895457267761,
            "z": 7.844536753509601e-07
        },
        "1": {
            "x": 0.4536128044128418,
            "y": 0.18813671171665192,
            "z": -0.0020993619691580534
        },
        "2": {
            "x": 0.48505493998527527,
            "y": 0.33075785636901855,
            "z": -0.00253548682667315
        },
        "3": {
            "x": 0.4504472613334656,
            "y": 0.45299825072288513,
            "z": -0.0015261437511071563
        },
        "4": {
            "x": 0.40882474184036255,
            "y": 0.521227240562439,
            "z": 0.0004854319558944553
        },
        "5": {
            "x": 0.453646719455719,
            "y": 0.44073283672332764,
            "z": -0.03213243931531906
        },
        "6": {
            "x": 0.4504183530807495,
            "y": 0.6357055902481079,
            "z": -0.03859995678067207
        },
        "7": {
            "x": 0.4352192282676697,
            "y": 0.7374454140663147,
            "z": -0.03644462302327156
        },
        "8": {
            "x": 0.4185410439968109,
            "y": 0.8117299675941467,
            "z": -0.030772089958190918
        },
        "9": {
            "x": 0.37338703870773315,
            "y": 0.45833590626716614,
            "z": -0.029783589765429497
        },
        "10": {
            "x": 0.3848553001880646,
            "y": 0.6487812995910645,
            "z": -0.027536829933524132
        },
        "11": {
            "x": 0.39085590839385986,
            "y": 0.7606255412101746,
            "z": -0.02258511446416378
        },
        "12": {
            "x": 0.38687247037887573,
            "y": 0.8340059518814087,
            "z": -0.018206961452960968
        },
        "13": {
            "x": 0.2997087240219116,
            "y": 0.4492296576499939,
            "z": -0.02380690723657608
        },
        "14": {
            "x": 0.33865055441856384,
            "y": 0.5532432198524475,
            "z": -0.017200889065861702
        },
        "15": {
            "x": 0.3639097213745117,
            "y": 0.5139864087104797,
            "z": -0.006136590614914894
        },
        "16": {
            "x": 0.36581718921661377,
            "y": 0.45383143424987793,
            "z": 0.005259265657514334
        },
        "17": {
            "x": 0.24074004590511322,
            "y": 0.4263078570365906,
            "z": -0.01790110021829605
        },
        "18": {
            "x": 0.2803439795970917,
            "y": 0.5027610063552856,
            "z": -0.00608986197039485
        },
        "19": {
            "x": 0.3056384325027466,
            "y": 0.4752581715583801,
            "z": 0.01138776820152998
        },
        "20": {
            "x": 0.3060074746608734,
            "y": 0.4276333451271057,
            "z": 0.028271229937672615
        }
    }
}