{
    "П": {
        "0": {
            "x": 0.2147894650697708,
            "y": 0.1451246440410614,
            "z": 6.684933850920061e-07
        },
        "1": {
            "x": 0.3101244866847992,
            "y": 0.25373271107673645,
            "z": -0.007322816178202629
        },
        "2": {
            "x": 0.32746419310569763,
            "y": 0.4076002538204193,
            "z": -0.013303346931934357
        },
        "3": {
            "x": 0.2832498550415039,
            "y": 0.5151171088218689,
            "z": -0.0211691465228796
        },
        "4": {
            "x": 0.2251753807067871,
            "y": 0.5663337111473083,
            "z": -0.02760026603937149
        },
        "5": {
            "x": 0.3129091262817383,
            "y": 0.4863431453704834,
            "z": -0.02835322730243206
        },
        "6": {
            "x": 0.3153092563152313,
            "y": 0.6858150362968445,
            "z": -0.04703370854258537
        },
        "7": {
            "x": 0.306222140789032,
            "y": 0.7900965809822083,
            "z": -0.05224969610571861
        },
        "8": {
            "x": 0.2904454171657562,
            "y": 0.8678354024887085,
            "z": -0.050994083285331726
        },
        "9": {
            "x": 0.2390282303094864,
            "y": 0.5009161233901978,
            "z": -0.03337464481592178
        },
        "10": {
            "x": 0.26479852199554443,
            "y": 0.6945604681968689,
            "z": -0.04954575374722481
        },
        "11": {
            "x": 0.2725139558315277,
            "y": 0.8113821744918823,
            "z": -0.05701208487153053
        },
        "12": {
            "x": 0.2681564688682556,
            "y": 0.8956134915351868,
            "z": -0.05779605358839035
        },
        "13": {
            "x": 0.1666039675474167,
            "y": 0.4922860264778137,
            "z": -0.03693794831633568
        },
        "14": {
            "x": 0.2008964568376541,
            "y": 0.5986269116401672,
            "z": -0.057872477918863297
        },
        "15": {
            "x": 0.22295182943344116,
            "y": 0.5475564002990723,
            "z": -0.05699507147073746
        },
        "16": {
            "x": 0.230087012052536,
            "y": 0.4824398458003998,
            "z": -0.04481199383735657
        },
        "17": {
            "x": 0.10473990440368652,
            "y": 0.4741503894329071,
            "z": -0.0403914749622345
        },
        "18": {
            "x": 0.1495722234249115,
            "y": 0.5574876666069031,
            "z": -0.049137670546770096
        },
        "19": {
            "x": 0.17523756623268127,
            "y": 0.5264583826065063,
            "z": -0.037776846438646317
        },
        "20": {
            "x": 0.18136154115200043,
            "y": 0.47794681787490845,
            "z": -0.02139381133019924
        }
    }
}