{
    "П": {
        "0": {
            "x": 0.5450047254562378,
            "y": 0.10433816909790039,
            "z": 8.721971198610845e-07
        },
        "1": {
            "x": 0.6473592519760132,
            "y": 0.24033263325691223,
            "z": 0.054960064589977264
        },
        "2": {
            "x": 0.6620031595230103,
            "y": 0.38890695571899414,
            "z": 0.07964109629392624
        },
        "3": {
            "x": 0.6246651411056519,
            "y": 0.49643659591674805,
            "z": 0.09412580728530884
        },
        "4": {
            "x": 0.5693156719207764,
            "y": 0.5542717576026917,
            "z": 0.10822871327400208
        },
        "5": {
            "x": 0.6789863109588623,
            "y": 0.49539315700531006,
            "z": 0.046123046427965164
        },
        "6": {
            "x": 0.6293377876281738,
            "y": 0.6934510469436646,
            "z": 0.07450903207063675
        },
        "7": {
            "x": 0.6028726696968079,
            "y": 0.7861449122428894,
            "z": 0.0938827395439148
        },
        "8": {
            "x": 0.5822968482971191,
            "y": 0.8603111505508423,
            "z": 0.10679302364587784
        },
        "9": {
            "x": 0.6003751158714294,
            "y": 0.5023541450500488,
            "z": 0.026576438918709755
        },
        "10": {
            "x": 0.5570970177650452,
            "y": 0.6930186152458191,
            "z": 0.06988772004842758
        },
        "11": {
            "x": 0.5379176735877991,
            "y": 0.7973984479904175,
            "z": 0.08662815392017365
        },
        "12": {
            "x": 0.5234404802322388,
            "y": 0.8727259635925293,
            "z": 0.08965510129928589
        },
        "13": {
            "x": 0.5214581489562988,
            "y": 0.4855160713195801,
            "z": 0.014264184981584549
        },
        "14": {
            "x": 0.496243417263031,
            "y": 0.5943517684936523,
            "z": 0.06741058081388474
        },
        "15": {
            "x": 0.5055474042892456,
            "y": 0.5420712828636169,
            "z": 0.08716928958892822
        },
        "16": {
            "x": 0.5144951939582825,
            "y": 0.4843817949295044,
            "z": 0.09017226099967957
        },
        "17": {
            "x": 0.4542214274406433,
            "y": 0.45778346061706543,
            "z": 0.004255675245076418
        },
        "18": {
            "x": 0.44534799456596375,
            "y": 0.5315043330192566,
            "z": 0.05715864151716232
        },
        "19": {
            "x": 0.45749831199645996,
            "y": 0.49123674631118774,
            "z": 0.0853424146771431
        },
        "20": {
            "x": 0.4608451724052429,
            "y": 0.44304022192955017,
            "z": 0.09959357231855392
        }
    }
}