{
    "П": {
        "0": {
            "x": 0.5111013054847717,
            "y": 0.08778172731399536,
            "z": 7.119996325855027e-07
        },
        "1": {
            "x": 0.5849727988243103,
            "y": 0.21951520442962646,
            "z": 0.02963852323591709
        },
        "2": {
            "x": 0.5843983292579651,
            "y": 0.3595459461212158,
            "z": 0.035097863525152206
        },
        "3": {
            "x": 0.5362907648086548,
            "y": 0.45801252126693726,
            "z": 0.03524847701191902
        },
        "4": {
            "x": 0.4820086359977722,
            "y": 0.5028499364852905,
            "z": 0.03448832780122757
        },
        "5": {
            "x": 0.5818361639976501,
            "y": 0.44452327489852905,
            "z": -0.011408500373363495
        },
        "6": {
            "x": 0.5435192584991455,
            "y": 0.6282346844673157,
            "z": -0.010565770789980888
        },
        "7": {
            "x": 0.5147255659103394,
            "y": 0.715391218662262,
            "z": -0.005395297426730394
        },
        "8": {
            "x": 0.4871041476726532,
            "y": 0.7830507755279541,
            "z": 0.0005247934022918344
        },
        "9": {
            "x": 0.508955717086792,
            "y": 0.43834230303764343,
            "z": -0.02514488436281681
        },
        "10": {
            "x": 0.478559672832489,
            "y": 0.6221159100532532,
            "z": -0.009329537861049175
        },
        "11": {
            "x": 0.4587065279483795,
            "y": 0.7227391004562378,
            "z": 0.0015772398328408599
        },
        "12": {
            "x": 0.4378466010093689,
            "y": 0.7940914630889893,
            "z": 0.004958986770361662
        },
        "13": {
            "x": 0.43724867701530457,
            "y": 0.41123202443122864,
            "z": -0.03190365433692932
        },
        "14": {
            "x": 0.4237455427646637,
            "y": 0.5274137258529663,
            "z": -0.0034990019630640745
        },
        "15": {
            "x": 0.4417453110218048,
            "y": 0.48398029804229736,
            "z": 0.019998956471681595
        },
        "16": {
            "x": 0.45252254605293274,
            "y": 0.4286547899246216,
            "z": 0.03173915669322014
        },
        "17": {
            "x": 0.3782106041908264,
            "y": 0.3707132339477539,
            "z": -0.037701938301324844
        },
        "18": {
            "x": 0.376723974943161,
            "y": 0.4582412838935852,
            "z": -0.004184801131486893
        },
        "19": {
            "x": 0.39631617069244385,
            "y": 0.43086329102516174,
            "z": 0.024816064164042473
        },
        "20": {
            "x": 0.4030087888240814,
            "y": 0.3868206739425659,
            "z": 0.04401198402047157
        }
    }
}