{
    "П": {
        "0": {
            "x": 0.5185758471488953,
            "y": 0.09325510263442993,
            "z": 6.247169039852452e-07
        },
        "1": {
            "x": 0.5899121165275574,
            "y": 0.22602398693561554,
            "z": 0.035598624497652054
        },
        "2": {
            "x": 0.5874727368354797,
            "y": 0.3623456656932831,
            "z": 0.04450467973947525
        },
        "3": {
            "x": 0.54123854637146,
            "y": 0.461298406124115,
            "z": 0.048029374331235886
        },
        "4": {
            "x": 0.4875788390636444,
            "y": 0.5084964632987976,
            "z": 0.051080044358968735
        },
        "5": {
            "x": 0.5876371264457703,
            "y": 0.4451247453689575,
            "z": -0.004992802627384663
        },
        "6": {
            "x": 0.5581734776496887,
            "y": 0.6296533346176147,
            "z": -0.0007269409252330661
        },
        "7": {
            "x": 0.5376564264297485,
            "y": 0.7190609574317932,
            "z": 0.005889686290174723
        },
        "8": {
            "x": 0.5152041912078857,
            "y": 0.7908049821853638,
            "z": 0.012472955510020256
        },
        "9": {
            "x": 0.5172938704490662,
            "y": 0.4383225440979004,
            "z": -0.019099513068795204
        },
        "10": {
            "x": 0.49247851967811584,
            "y": 0.62241530418396,
            "z": -0.00044627487659454346
        },
        "11": {
            "x": 0.47905823588371277,
            "y": 0.7262587547302246,
            "z": 0.011221294291317463
        },
        "12": {
            "x": 0.46256932616233826,
            "y": 0.7993283271789551,
            "z": 0.014467709697782993
        },
        "13": {
            "x": 0.44759875535964966,
            "y": 0.41149988770484924,
            "z": -0.025596601888537407
        },
        "14": {
            "x": 0.4354102611541748,
            "y": 0.5233516097068787,
            "z": 0.008392512798309326
        },
        "15": {
            "x": 0.45351511240005493,
            "y": 0.4806760251522064,
            "z": 0.03280485048890114
        },
        "16": {
            "x": 0.4632830321788788,
            "y": 0.4264369606971741,
            "z": 0.04364148527383804
        },
        "17": {
            "x": 0.3895774781703949,
            "y": 0.374411404132843,
            "z": -0.03082670085132122
        },
        "18": {
            "x": 0.38835737109184265,
            "y": 0.4582664966583252,
            "z": 0.008346646092832088
        },
        "19": {
            "x": 0.40814292430877686,
            "y": 0.42881762981414795,
            "z": 0.03816898167133331
        },
        "20": {
            "x": 0.41271352767944336,
            "y": 0.38438719511032104,
            "z": 0.05657367780804634
        }
    }
}