{
    "Э": {
        "0": {
            "x": 0.250418484210968,
            "y": 0.779061496257782,
            "z": -1.7122690820770003e-08
        },
        "1": {
            "x": 0.3317665159702301,
            "y": 0.7707406878471375,
            "z": -0.005920873023569584
        },
        "2": {
            "x": 0.41304633021354675,
            "y": 0.7183406352996826,
            "z": -0.01981442980468273
        },
        "3": {
            "x": 0.47838467359542847,
            "y": 0.6957206130027771,
            "z": -0.04043871909379959
        },
        "4": {
            "x": 0.5329083800315857,
            "y": 0.6896530389785767,
            "z": -0.06120385602116585
        },
        "5": {
            "x": 0.38919493556022644,
            "y": 0.5564836263656616,
            "z": -0.009734103456139565
        },
        "6": {
            "x": 0.43576329946517944,
            "y": 0.4767424762248993,
            "z": -0.03964103013277054
        },
        "7": {
            "x": 0.48001354932785034,
            "y": 0.43569496273994446,
            "z": -0.05948679521679878
        },
        "8": {
            "x": 0.5183990001678467,
            "y": 0.4050750732421875,
            "z": -0.07335085421800613
        },
        "9": {
            "x": 0.35317111015319824,
            "y": 0.5338466763496399,
            "z": -0.025334231555461884
        },
        "10": {
            "x": 0.4169871211051941,
            "y": 0.5911353826522827,
            "z": -0.07073379307985306
        },
        "11": {
            "x": 0.389547199010849,
            "y": 0.6603087782859802,
            "z": -0.08354578167200089
        },
        "12": {
            "x": 0.3538161516189575,
            "y": 0.6703333258628845,
            "z": -0.08396659791469574
        },
        "13": {
            "x": 0.3185158967971802,
            "y": 0.5400295853614807,
            "z": -0.04296117275953293
        },
        "14": {
            "x": 0.3726981282234192,
            "y": 0.6157382726669312,
            "z": -0.08620983362197876
        },
        "15": {
            "x": 0.3457043170928955,
            "y": 0.6765578985214233,
            "z": -0.08014445751905441
        },
        "16": {
            "x": 0.31956610083580017,
            "y": 0.6737036108970642,
            "z": -0.06709635257720947
        },
        "17": {
            "x": 0.28568485379219055,
            "y": 0.5636996626853943,
            "z": -0.061495546251535416
        },
        "18": {
            "x": 0.3357885777950287,
            "y": 0.6247459053993225,
            "z": -0.08618219941854477
        },
        "19": {
            "x": 0.3178297281265259,
            "y": 0.670766294002533,
            "z": -0.07678472250699997
        },
        "20": {
            "x": 0.29262256622314453,
            "y": 0.6671204566955566,
            "z": -0.06392023712396622
        }
    }
}