{
    "Э": {
        "0": {
            "x": 0.23042887449264526,
            "y": 0.7671464681625366,
            "z": -4.967934685851105e-08
        },
        "1": {
            "x": 0.3098115622997284,
            "y": 0.760485827922821,
            "z": -0.008075309917330742
        },
        "2": {
            "x": 0.3924514651298523,
            "y": 0.7068543434143066,
            "z": -0.02203025482594967
        },
        "3": {
            "x": 0.45795702934265137,
            "y": 0.6831003427505493,
            "z": -0.04209749028086662
        },
        "4": {
            "x": 0.5127957463264465,
            "y": 0.6775493621826172,
            "z": -0.06209416687488556
        },
        "5": {
            "x": 0.3683306574821472,
            "y": 0.5474797487258911,
            "z": -0.012425626628100872
        },
        "6": {
            "x": 0.4134838283061981,
            "y": 0.4646013379096985,
            "z": -0.04159564897418022
        },
        "7": {
            "x": 0.4561552405357361,
            "y": 0.4250805974006653,
            "z": -0.059957291930913925
        },
        "8": {
            "x": 0.4938766658306122,
            "y": 0.3959658741950989,
            "z": -0.07275010645389557
        },
        "9": {
            "x": 0.3325400650501251,
            "y": 0.523566722869873,
            "z": -0.02614630199968815
        },
        "10": {
            "x": 0.39144179224967957,
            "y": 0.585310697555542,
            "z": -0.06953164935112
        },
        "11": {
            "x": 0.3646688461303711,
            "y": 0.6539517045021057,
            "z": -0.08068724721670151
        },
        "12": {
            "x": 0.3330332040786743,
            "y": 0.6595577597618103,
            "z": -0.08059132844209671
        },
        "13": {
            "x": 0.2974626421928406,
            "y": 0.528256356716156,
            "z": -0.04191803187131882
        },
        "14": {
            "x": 0.3478919267654419,
            "y": 0.6084817051887512,
            "z": -0.08468154072761536
        },
        "15": {
            "x": 0.31978321075439453,
            "y": 0.668357253074646,
            "z": -0.0786910280585289
        },
        "16": {
            "x": 0.2952319383621216,
            "y": 0.661130428314209,
            "z": -0.06589323282241821
        },
        "17": {
            "x": 0.2641647458076477,
            "y": 0.548224925994873,
            "z": -0.05869067832827568
        },
        "18": {
            "x": 0.30994969606399536,
            "y": 0.6137423515319824,
            "z": -0.08359471708536148
        },
        "19": {
            "x": 0.2912343740463257,
            "y": 0.6588857769966125,
            "z": -0.07478908449411392
        },
        "20": {
            "x": 0.2672574818134308,
            "y": 0.6516865491867065,
            "z": -0.062218405306339264
        }
    }
}