{
    "Э": {
        "0": {
            "x": 0.23649710416793823,
            "y": 0.7215113639831543,
            "z": 5.05147994545041e-08
        },
        "1": {
            "x": 0.315931111574173,
            "y": 0.7149187326431274,
            "z": -0.009804978035390377
        },
        "2": {
            "x": 0.393070787191391,
            "y": 0.668609082698822,
            "z": -0.026690881699323654
        },
        "3": {
            "x": 0.4576336145401001,
            "y": 0.6449072360992432,
            "z": -0.05009299889206886
        },
        "4": {
            "x": 0.5150078535079956,
            "y": 0.6385972499847412,
            "z": -0.07305674254894257
        },
        "5": {
            "x": 0.37087583541870117,
            "y": 0.5070943236351013,
            "z": -0.010653974488377571
        },
        "6": {
            "x": 0.4196108877658844,
            "y": 0.4239375591278076,
            "z": -0.04297788813710213
        },
        "7": {
            "x": 0.4648892283439636,
            "y": 0.38386934995651245,
            "z": -0.06173955276608467
        },
        "8": {
            "x": 0.503385066986084,
            "y": 0.3530614972114563,
            "z": -0.07387448102235794
        },
        "9": {
            "x": 0.3360890746116638,
            "y": 0.4825857877731323,
            "z": -0.025180723518133163
        },
        "10": {
            "x": 0.4041725993156433,
            "y": 0.5255042910575867,
            "z": -0.07377807050943375
        },
        "11": {
            "x": 0.3762282729148865,
            "y": 0.5999264717102051,
            "z": -0.08433903008699417
        },
        "12": {
            "x": 0.3402805030345917,
            "y": 0.6111124753952026,
            "z": -0.08111358433961868
        },
        "13": {
            "x": 0.303101122379303,
            "y": 0.48128366470336914,
            "z": -0.04264688491821289
        },
        "14": {
            "x": 0.3597361743450165,
            "y": 0.5550150871276855,
            "z": -0.08941203355789185
        },
        "15": {
            "x": 0.329289972782135,
            "y": 0.618209719657898,
            "z": -0.08209129422903061
        },
        "16": {
            "x": 0.30078044533729553,
            "y": 0.613170325756073,
            "z": -0.06621115654706955
        },
        "17": {
            "x": 0.271104097366333,
            "y": 0.49575015902519226,
            "z": -0.06131858378648758
        },
        "18": {
            "x": 0.3203248083591461,
            "y": 0.5602572560310364,
            "z": -0.08715789765119553
        },
        "19": {
            "x": 0.30105042457580566,
            "y": 0.6079738140106201,
            "z": -0.07737736403942108
        },
        "20": {
            "x": 0.27481698989868164,
            "y": 0.6016426086425781,
            "z": -0.06329218298196793
        }
    }
}