{
    "Э": {
        "0": {
            "x": 0.16409850120544434,
            "y": 0.508486270904541,
            "z": 1.3361028550207266e-07
        },
        "1": {
            "x": 0.2492416501045227,
            "y": 0.5118368864059448,
            "z": -0.00968549121171236
        },
        "2": {
            "x": 0.33777111768722534,
            "y": 0.4692962169647217,
            "z": -0.02663562446832657
        },
        "3": {
            "x": 0.41336971521377563,
            "y": 0.45211154222488403,
            "z": -0.05130966007709503
        },
        "4": {
            "x": 0.47601306438446045,
            "y": 0.45126834511756897,
            "z": -0.07552763819694519
        },
        "5": {
            "x": 0.32307687401771545,
            "y": 0.2995556592941284,
            "z": 0.0025795672554522753
        },
        "6": {
            "x": 0.3791622221469879,
            "y": 0.22483526170253754,
            "z": -0.027776580303907394
        },
        "7": {
            "x": 0.4273986220359802,
            "y": 0.18469011783599854,
            "z": -0.04333334043622017
        },
        "8": {
            "x": 0.46647533774375916,
            "y": 0.15390004217624664,
            "z": -0.05320220813155174
        },
        "9": {
            "x": 0.2867405414581299,
            "y": 0.26958832144737244,
            "z": -0.013660334050655365
        },
        "10": {
            "x": 0.362673282623291,
            "y": 0.302118718624115,
            "z": -0.06464909762144089
        },
        "11": {
            "x": 0.3255990147590637,
            "y": 0.3913709819316864,
            "z": -0.07230351865291595
        },
        "12": {
            "x": 0.28895583748817444,
            "y": 0.40218377113342285,
            "z": -0.06344332545995712
        },
        "13": {
            "x": 0.25241243839263916,
            "y": 0.25911885499954224,
            "z": -0.034117039293050766
        },
        "14": {
            "x": 0.3135185241699219,
            "y": 0.3239835202693939,
            "z": -0.08672206848859787
        },
        "15": {
            "x": 0.2743765413761139,
            "y": 0.3974541425704956,
            "z": -0.07728463411331177
        },
        "16": {
            "x": 0.24342748522758484,
            "y": 0.3874337077140808,
            "z": -0.056630585342645645
        },
        "17": {
            "x": 0.21761351823806763,
            "y": 0.2626189887523651,
            "z": -0.05534058064222336
        },
        "18": {
            "x": 0.271415114402771,
            "y": 0.3220837414264679,
            "z": -0.08457309752702713
        },
        "19": {
            "x": 0.24564599990844727,
            "y": 0.3771112263202667,
            "z": -0.07270299643278122
        },
        "20": {
            "x": 0.21601811051368713,
            "y": 0.3674625754356384,
            "z": -0.05584712699055672
        }
    }
}