{
    "Э": {
        "0": {
            "x": 0.1715591996908188,
            "y": 0.43613201379776,
            "z": 1.0635159242156078e-07
        },
        "1": {
            "x": 0.2549625635147095,
            "y": 0.44360437989234924,
            "z": -0.019051814451813698
        },
        "2": {
            "x": 0.3468810021877289,
            "y": 0.40520602464675903,
            "z": -0.034728605300188065
        },
        "3": {
            "x": 0.4210999310016632,
            "y": 0.39147746562957764,
            "z": -0.055154960602521896
        },
        "4": {
            "x": 0.4787556231021881,
            "y": 0.3872438073158264,
            "z": -0.07488611340522766
        },
        "5": {
            "x": 0.33880189061164856,
            "y": 0.24836187064647675,
            "z": -0.003180442377924919
        },
        "6": {
            "x": 0.39193010330200195,
            "y": 0.17794999480247498,
            "z": -0.03210102766752243
        },
        "7": {
            "x": 0.43257713317871094,
            "y": 0.13635294139385223,
            "z": -0.04741542413830757
        },
        "8": {
            "x": 0.46767860651016235,
            "y": 0.10176759958267212,
            "z": -0.057499125599861145
        },
        "9": {
            "x": 0.30159321427345276,
            "y": 0.2147606611251831,
            "z": -0.012815962545573711
        },
        "10": {
            "x": 0.3659268915653229,
            "y": 0.23583664000034332,
            "z": -0.06316196173429489
        },
        "11": {
            "x": 0.3259492814540863,
            "y": 0.3199326992034912,
            "z": -0.07197888940572739
        },
        "12": {
            "x": 0.29150262475013733,
            "y": 0.33743393421173096,
            "z": -0.06397342681884766
        },
        "13": {
            "x": 0.26289868354797363,
            "y": 0.19842307269573212,
            "z": -0.027235500514507294
        },
        "14": {
            "x": 0.315762460231781,
            "y": 0.2498404085636139,
            "z": -0.07952389866113663
        },
        "15": {
            "x": 0.27487489581108093,
            "y": 0.3207213878631592,
            "z": -0.07087143510580063
        },
        "16": {
            "x": 0.2463286817073822,
            "y": 0.31756582856178284,
            "z": -0.05054855719208717
        },
        "17": {
            "x": 0.2221842110157013,
            "y": 0.1937914937734604,
            "z": -0.04318949207663536
        },
        "18": {
            "x": 0.27175137400627136,
            "y": 0.24355965852737427,
            "z": -0.0732528418302536
        },
        "19": {
            "x": 0.24547824263572693,
            "y": 0.2970663011074066,
            "z": -0.06271135061979294
        },
        "20": {
            "x": 0.2186289280653,
            "y": 0.2911228537559509,
            "z": -0.04665802791714668
        }
    }
}