{
    "Э": {
        "0": {
            "x": 0.24606634676456451,
            "y": 0.4283124506473541,
            "z": 1.4677104331894952e-07
        },
        "1": {
            "x": 0.32467034459114075,
            "y": 0.43981218338012695,
            "z": -0.019055619835853577
        },
        "2": {
            "x": 0.4142400920391083,
            "y": 0.4081634283065796,
            "z": -0.037195347249507904
        },
        "3": {
            "x": 0.4881649613380432,
            "y": 0.3954339325428009,
            "z": -0.060466066002845764
        },
        "4": {
            "x": 0.5491177439689636,
            "y": 0.38834917545318604,
            "z": -0.08244240283966064
        },
        "5": {
            "x": 0.40896058082580566,
            "y": 0.24093416333198547,
            "z": -0.00246980506926775
        },
        "6": {
            "x": 0.46651315689086914,
            "y": 0.16993750631809235,
            "z": -0.029872186481952667
        },
        "7": {
            "x": 0.5097617506980896,
            "y": 0.12944655120372772,
            "z": -0.042346756905317307
        },
        "8": {
            "x": 0.5454627275466919,
            "y": 0.09778279066085815,
            "z": -0.04983384162187576
        },
        "9": {
            "x": 0.37695062160491943,
            "y": 0.2089095413684845,
            "z": -0.012486066669225693
        },
        "10": {
            "x": 0.4543888568878174,
            "y": 0.23676477372646332,
            "z": -0.060923442244529724
        },
        "11": {
            "x": 0.41269081830978394,
            "y": 0.3209381699562073,
            "z": -0.06707047671079636
        },
        "12": {
            "x": 0.37508508563041687,
            "y": 0.335679829120636,
            "z": -0.0565766915678978
        },
        "13": {
            "x": 0.34433963894844055,
            "y": 0.1936216950416565,
            "z": -0.02734966017305851
        },
        "14": {
            "x": 0.40533700585365295,
            "y": 0.2524155378341675,
            "z": -0.07716571539640427
        },
        "15": {
            "x": 0.3606316149234772,
            "y": 0.3205544352531433,
            "z": -0.0674733892083168
        },
        "16": {
            "x": 0.3284017741680145,
            "y": 0.3149724304676056,
            "z": -0.0465950183570385
        },
        "17": {
            "x": 0.3095429539680481,
            "y": 0.18956837058067322,
            "z": -0.04379576817154884
        },
        "18": {
            "x": 0.3636803925037384,
            "y": 0.24393266439437866,
            "z": -0.07187078893184662
        },
        "19": {
            "x": 0.33485057950019836,
            "y": 0.29444393515586853,
            "z": -0.06091511249542236
        },
        "20": {
            "x": 0.3038369119167328,
            "y": 0.2868938446044922,
            "z": -0.04463542252779007
        }
    }
}