{
    "Э": {
        "0": {
            "x": 0.07968200743198395,
            "y": 0.47016653418540955,
            "z": 8.646148330626602e-08
        },
        "1": {
            "x": 0.1615668386220932,
            "y": 0.47085118293762207,
            "z": -0.02501978725194931
        },
        "2": {
            "x": 0.26027581095695496,
            "y": 0.4154493510723114,
            "z": -0.0439508892595768
        },
        "3": {
            "x": 0.3388058543205261,
            "y": 0.3832859396934509,
            "z": -0.0656827762722969
        },
        "4": {
            "x": 0.40289151668548584,
            "y": 0.3744012713432312,
            "z": -0.08629760146141052
        },
        "5": {
            "x": 0.2520935833454132,
            "y": 0.2502155303955078,
            "z": -0.018752677366137505
        },
        "6": {
            "x": 0.3104602098464966,
            "y": 0.16533109545707703,
            "z": -0.0529128722846508
        },
        "7": {
            "x": 0.3529019355773926,
            "y": 0.12182089686393738,
            "z": -0.06960345059633255
        },
        "8": {
            "x": 0.38902604579925537,
            "y": 0.08266106247901917,
            "z": -0.0808006301522255
        },
        "9": {
            "x": 0.2067386955022812,
            "y": 0.21288369596004486,
            "z": -0.02725132368505001
        },
        "10": {
            "x": 0.2689807116985321,
            "y": 0.22088569402694702,
            "z": -0.08233906328678131
        },
        "11": {
            "x": 0.2303118258714676,
            "y": 0.31512266397476196,
            "z": -0.09058602899312973
        },
        "12": {
            "x": 0.1964600682258606,
            "y": 0.3345283269882202,
            "z": -0.08248618245124817
        },
        "13": {
            "x": 0.15831971168518066,
            "y": 0.19731275737285614,
            "z": -0.040587276220321655
        },
        "14": {
            "x": 0.20601263642311096,
            "y": 0.24735361337661743,
            "z": -0.09692775458097458
        },
        "15": {
            "x": 0.17090614140033722,
            "y": 0.3276873230934143,
            "z": -0.08670191466808319
        },
        "16": {
            "x": 0.1444750428199768,
            "y": 0.3251091241836548,
            "z": -0.06557539850473404
        },
        "17": {
            "x": 0.10816268622875214,
            "y": 0.19641387462615967,
            "z": -0.055872004479169846
        },
        "18": {
            "x": 0.15433651208877563,
            "y": 0.24537751078605652,
            "z": -0.08905103802680969
        },
        "19": {
            "x": 0.13363328576087952,
            "y": 0.30721646547317505,
            "z": -0.07811915874481201
        },
        "20": {
            "x": 0.1069200411438942,
            "y": 0.30186358094215393,
            "z": -0.061721283942461014
        }
    }
}