{
    "Э": {
        "0": {
            "x": 0.36853402853012085,
            "y": 0.8146563768386841,
            "z": 4.97039366109675e-07
        },
        "1": {
            "x": 0.42863595485687256,
            "y": 0.8032350540161133,
            "z": -0.013644153252243996
        },
        "2": {
            "x": 0.48581603169441223,
            "y": 0.743789792060852,
            "z": -0.0161898136138916
        },
        "3": {
            "x": 0.5355371832847595,
            "y": 0.7084587216377258,
            "z": -0.019954103976488113
        },
        "4": {
            "x": 0.5774514079093933,
            "y": 0.7069851756095886,
            "z": -0.02414621412754059
        },
        "5": {
            "x": 0.46293219923973083,
            "y": 0.6565579175949097,
            "z": 0.0031795925460755825
        },
        "6": {
            "x": 0.5103033185005188,
            "y": 0.6283949613571167,
            "z": -0.013354717753827572
        },
        "7": {
            "x": 0.5484305620193481,
            "y": 0.6148623824119568,
            "z": -0.03050190582871437
        },
        "8": {
            "x": 0.5813470482826233,
            "y": 0.6061065793037415,
            "z": -0.04200643673539162
        },
        "9": {
            "x": 0.44327497482299805,
            "y": 0.622124969959259,
            "z": -0.0022738357074558735
        },
        "10": {
            "x": 0.486410915851593,
            "y": 0.5557288527488708,
            "z": -0.013714410364627838
        },
        "11": {
            "x": 0.5199209451675415,
            "y": 0.512515664100647,
            "z": -0.024908220395445824
        },
        "12": {
            "x": 0.5485382080078125,
            "y": 0.47357282042503357,
            "z": -0.03261684253811836
        },
        "13": {
            "x": 0.4156478941440582,
            "y": 0.6049007773399353,
            "z": -0.012255128473043442
        },
        "14": {
            "x": 0.44433751702308655,
            "y": 0.5247160792350769,
            "z": -0.02739879861474037
        },
        "15": {
            "x": 0.46974390745162964,
            "y": 0.4808173179626465,
            "z": -0.03769116476178169
        },
        "16": {
            "x": 0.4934476912021637,
            "y": 0.44461703300476074,
            "z": -0.04326489567756653
        },
        "17": {
            "x": 0.38154661655426025,
            "y": 0.6026141047477722,
            "z": -0.02417491376399994
        },
        "18": {
            "x": 0.39086049795150757,
            "y": 0.5349751710891724,
            "z": -0.03754059597849846
        },
        "19": {
            "x": 0.40291473269462585,
            "y": 0.49074721336364746,
            "z": -0.04198330268263817
        },
        "20": {
            "x": 0.4170200526714325,
            "y": 0.45301249623298645,
            "z": -0.04444725811481476
        }
    }
}