{
    "Э": {
        "0": {
            "x": 0.7862800359725952,
            "y": 0.7602445483207703,
            "z": -3.0453142585429305e-07
        },
        "1": {
            "x": 0.7218057513237,
            "y": 0.732234001159668,
            "z": 0.04342024773359299
        },
        "2": {
            "x": 0.6756731867790222,
            "y": 0.6931641697883606,
            "z": 0.059507958590984344
        },
        "3": {
            "x": 0.6352325677871704,
            "y": 0.6774148941040039,
            "z": 0.06219762936234474
        },
        "4": {
            "x": 0.597775399684906,
            "y": 0.6775843501091003,
            "z": 0.06255655735731125
        },
        "5": {
            "x": 0.7058196663856506,
            "y": 0.5843664407730103,
            "z": 0.067667156457901
        },
        "6": {
            "x": 0.6495046615600586,
            "y": 0.563298225402832,
            "z": 0.059838056564331055
        },
        "7": {
            "x": 0.6069923639297485,
            "y": 0.5671102404594421,
            "z": 0.04360136389732361
        },
        "8": {
            "x": 0.5738086700439453,
            "y": 0.5763487219810486,
            "z": 0.03398648276925087
        },
        "9": {
            "x": 0.7142228484153748,
            "y": 0.5683782696723938,
            "z": 0.0355009064078331
        },
        "10": {
            "x": 0.652992844581604,
            "y": 0.503623902797699,
            "z": 0.039438311010599136
        },
        "11": {
            "x": 0.6110849380493164,
            "y": 0.4687756299972534,
            "z": 0.034352146089076996
        },
        "12": {
            "x": 0.5787244439125061,
            "y": 0.44534507393836975,
            "z": 0.028800126165151596
        },
        "13": {
            "x": 0.7239931225776672,
            "y": 0.5661243796348572,
            "z": 0.0008052115445025265
        },
        "14": {
            "x": 0.6726519465446472,
            "y": 0.48645922541618347,
            "z": 0.0048884195275604725
        },
        "15": {
            "x": 0.6390886306762695,
            "y": 0.4455435276031494,
            "z": 0.005853916052728891
        },
        "16": {
            "x": 0.6135260462760925,
            "y": 0.41291600465774536,
            "z": 0.003990573342889547
        },
        "17": {
            "x": 0.7280189990997314,
            "y": 0.5725164413452148,
            "z": -0.03244863823056221
        },
        "18": {
            "x": 0.69107586145401,
            "y": 0.5077610611915588,
            "z": -0.02952730655670166
        },
        "19": {
            "x": 0.668037474155426,
            "y": 0.46884316205978394,
            "z": -0.02480347640812397
        },
        "20": {
            "x": 0.6456694602966309,
            "y": 0.4325892925262451,
            "z": -0.022643569856882095
        }
    }
}