{
    "Э": {
        "0": {
            "x": 0.8208172917366028,
            "y": 0.7377342581748962,
            "z": -4.2231781094415055e-07
        },
        "1": {
            "x": 0.7644182443618774,
            "y": 0.7159096002578735,
            "z": 0.031103115528821945
        },
        "2": {
            "x": 0.7268884778022766,
            "y": 0.6892269849777222,
            "z": 0.038873303681612015
        },
        "3": {
            "x": 0.6900707483291626,
            "y": 0.6768960356712341,
            "z": 0.03864056244492531
        },
        "4": {
            "x": 0.6563990116119385,
            "y": 0.6689436435699463,
            "z": 0.03689118102192879
        },
        "5": {
            "x": 0.7625718712806702,
            "y": 0.5756130218505859,
            "z": 0.03126554936170578
        },
        "6": {
            "x": 0.6932510137557983,
            "y": 0.5692512392997742,
            "z": 0.019549529999494553
        },
        "7": {
            "x": 0.6509271860122681,
            "y": 0.5828924775123596,
            "z": 0.004039764404296875
        },
        "8": {
            "x": 0.620232343673706,
            "y": 0.5950254201889038,
            "z": -0.004284704569727182
        },
        "9": {
            "x": 0.767492413520813,
            "y": 0.5612900853157043,
            "z": 0.00989365205168724
        },
        "10": {
            "x": 0.6925305128097534,
            "y": 0.5115762948989868,
            "z": 0.009148337878286839
        },
        "11": {
            "x": 0.6505021452903748,
            "y": 0.48587363958358765,
            "z": 0.006511326413601637
        },
        "12": {
            "x": 0.6183046102523804,
            "y": 0.47105664014816284,
            "z": 0.003084857016801834
        },
        "13": {
            "x": 0.7675967216491699,
            "y": 0.5639886260032654,
            "z": -0.011788368225097656
        },
        "14": {
            "x": 0.7031332850456238,
            "y": 0.4978692829608917,
            "z": -0.011373664252460003
        },
        "15": {
            "x": 0.6666603684425354,
            "y": 0.4643554091453552,
            "z": -0.00812387466430664
        },
        "16": {
            "x": 0.639434814453125,
            "y": 0.439398854970932,
            "z": -0.007409591693431139
        },
        "17": {
            "x": 0.7570316195487976,
            "y": 0.5747542977333069,
            "z": -0.03170447424054146
        },
        "18": {
            "x": 0.7165148854255676,
            "y": 0.5203835964202881,
            "z": -0.03436201438307762
        },
        "19": {
            "x": 0.6904710531234741,
            "y": 0.48667001724243164,
            "z": -0.03149772807955742
        },
        "20": {
            "x": 0.6657572388648987,
            "y": 0.4570308327674866,
            "z": -0.028845783323049545
        }
    }
}