{
    "Э": {
        "0": {
            "x": 0.7595580220222473,
            "y": 0.7248588800430298,
            "z": -1.7000150620560817e-08
        },
        "1": {
            "x": 0.7078180313110352,
            "y": 0.7187619209289551,
            "z": -0.00905389804393053
        },
        "2": {
            "x": 0.6550546288490295,
            "y": 0.6747204661369324,
            "z": -0.01100246049463749
        },
        "3": {
            "x": 0.6120175123214722,
            "y": 0.643368124961853,
            "z": -0.014839489944279194
        },
        "4": {
            "x": 0.575480043888092,
            "y": 0.6389303207397461,
            "z": -0.019316306337714195
        },
        "5": {
            "x": 0.676909863948822,
            "y": 0.5945829749107361,
            "z": 0.00622212141752243
        },
        "6": {
            "x": 0.6307929754257202,
            "y": 0.5699041485786438,
            "z": -0.010678271763026714
        },
        "7": {
            "x": 0.5958732962608337,
            "y": 0.5572283864021301,
            "z": -0.026698602363467216
        },
        "8": {
            "x": 0.5691164135932922,
            "y": 0.5488510131835938,
            "z": -0.036659739911556244
        },
        "9": {
            "x": 0.6923679113388062,
            "y": 0.5620153546333313,
            "z": -0.0008132242364808917
        },
        "10": {
            "x": 0.6490824222564697,
            "y": 0.49588584899902344,
            "z": -0.013961387798190117
        },
        "11": {
            "x": 0.6161243319511414,
            "y": 0.45547720789909363,
            "z": -0.025661375373601913
        },
        "12": {
            "x": 0.5904631018638611,
            "y": 0.42351484298706055,
            "z": -0.0330008938908577
        },
        "13": {
            "x": 0.7156071662902832,
            "y": 0.5440289378166199,
            "z": -0.011631877161562443
        },
        "14": {
            "x": 0.6845049262046814,
            "y": 0.4749206304550171,
            "z": -0.026965156197547913
        },
        "15": {
            "x": 0.6580073833465576,
            "y": 0.43704888224601746,
            "z": -0.03669247403740883
        },
        "16": {
            "x": 0.6341419816017151,
            "y": 0.4082140624523163,
            "z": -0.04111003503203392
        },
        "17": {
            "x": 0.7425792217254639,
            "y": 0.5374225974082947,
            "z": -0.02383228950202465
        },
        "18": {
            "x": 0.7254966497421265,
            "y": 0.47468528151512146,
            "z": -0.033372700214385986
        },
        "19": {
            "x": 0.7080031037330627,
            "y": 0.4375852346420288,
            "z": -0.03535083308815956
        },
        "20": {
            "x": 0.6884347796440125,
            "y": 0.41033828258514404,
            "z": -0.035925619304180145
        }
    }
}