{
    "Э": {
        "0": {
            "x": 0.7723919153213501,
            "y": 0.7177647948265076,
            "z": 7.908180066351633e-08
        },
        "1": {
            "x": 0.7156521677970886,
            "y": 0.7008758187294006,
            "z": -0.013277478516101837
        },
        "2": {
            "x": 0.6645560264587402,
            "y": 0.6429798603057861,
            "z": -0.01671610027551651
        },
        "3": {
            "x": 0.625768780708313,
            "y": 0.5952497124671936,
            "z": -0.02120129205286503
        },
        "4": {
            "x": 0.5888657569885254,
            "y": 0.5801478028297424,
            "z": -0.025736015290021896
        },
        "5": {
            "x": 0.6861425638198853,
            "y": 0.5743346810340881,
            "z": 0.002426830120384693
        },
        "6": {
            "x": 0.6449551582336426,
            "y": 0.5372840762138367,
            "z": -0.014710990712046623
        },
        "7": {
            "x": 0.6151882410049438,
            "y": 0.5163085460662842,
            "z": -0.029882701113820076
        },
        "8": {
            "x": 0.5914821028709412,
            "y": 0.4985750913619995,
            "z": -0.039827462285757065
        },
        "9": {
            "x": 0.7081680297851562,
            "y": 0.5423710346221924,
            "z": -0.003372845472767949
        },
        "10": {
            "x": 0.6712314486503601,
            "y": 0.4657711684703827,
            "z": -0.017362430691719055
        },
        "11": {
            "x": 0.6441498398780823,
            "y": 0.41757455468177795,
            "z": -0.02919096127152443
        },
        "12": {
            "x": 0.6234104037284851,
            "y": 0.37736865878105164,
            "z": -0.03662308678030968
        },
        "13": {
            "x": 0.7364834547042847,
            "y": 0.5281796455383301,
            "z": -0.013154574669897556
        },
        "14": {
            "x": 0.7044808268547058,
            "y": 0.45064371824264526,
            "z": -0.03044898994266987
        },
        "15": {
            "x": 0.68105548620224,
            "y": 0.40845757722854614,
            "z": -0.040265005081892014
        },
        "16": {
            "x": 0.6606083512306213,
            "y": 0.3752025067806244,
            "z": -0.044742535799741745
        },
        "17": {
            "x": 0.7697184085845947,
            "y": 0.5269923210144043,
            "z": -0.024597307667136192
        },
        "18": {
            "x": 0.7581765055656433,
            "y": 0.4606790542602539,
            "z": -0.03662896156311035
        },
        "19": {
            "x": 0.7459099888801575,
            "y": 0.41998833417892456,
            "z": -0.03984874114394188
        },
        "20": {
            "x": 0.7311990857124329,
            "y": 0.38834458589553833,
            "z": -0.04115467518568039
        }
    }
}