{
    "Э": {
        "0": {
            "x": 0.23692956566810608,
            "y": 0.46979138255119324,
            "z": 1.6244808875853778e-07
        },
        "1": {
            "x": 0.32227253913879395,
            "y": 0.47037774324417114,
            "z": -0.019323278218507767
        },
        "2": {
            "x": 0.4163360893726349,
            "y": 0.42487064003944397,
            "z": -0.03926347196102142
        },
        "3": {
            "x": 0.49409279227256775,
            "y": 0.40220847725868225,
            "z": -0.06530964374542236
        },
        "4": {
            "x": 0.5598650574684143,
            "y": 0.3929336965084076,
            "z": -0.09018826484680176
        },
        "5": {
            "x": 0.4010723829269409,
            "y": 0.24681544303894043,
            "z": -0.002802707254886627
        },
        "6": {
            "x": 0.4617774784564972,
            "y": 0.17003801465034485,
            "z": -0.03606544807553291
        },
        "7": {
            "x": 0.5095071196556091,
            "y": 0.12602493166923523,
            "z": -0.05277140438556671
        },
        "8": {
            "x": 0.5495551824569702,
            "y": 0.09256221354007721,
            "z": -0.06289970129728317
        },
        "9": {
            "x": 0.3607611358165741,
            "y": 0.21362030506134033,
            "z": -0.0149712348356843
        },
        "10": {
            "x": 0.44163283705711365,
            "y": 0.2376968264579773,
            "z": -0.0718289464712143
        },
        "11": {
            "x": 0.4025734066963196,
            "y": 0.33801913261413574,
            "z": -0.07966101914644241
        },
        "12": {
            "x": 0.36359161138534546,
            "y": 0.3644227385520935,
            "z": -0.06853530555963516
        },
        "13": {
            "x": 0.32185545563697815,
            "y": 0.19992481172084808,
            "z": -0.03249380737543106
        },
        "14": {
            "x": 0.3912510573863983,
            "y": 0.2591831684112549,
            "z": -0.09018648415803909
        },
        "15": {
            "x": 0.3472886383533478,
            "y": 0.34304487705230713,
            "z": -0.0791192278265953
        },
        "16": {
            "x": 0.3110194802284241,
            "y": 0.3458341956138611,
            "z": -0.055117104202508926
        },
        "17": {
            "x": 0.2822343111038208,
            "y": 0.1998375505208969,
            "z": -0.05171128362417221
        },
        "18": {
            "x": 0.3457631468772888,
            "y": 0.2559935450553894,
            "z": -0.08482164144515991
        },
        "19": {
            "x": 0.3173537850379944,
            "y": 0.3155589997768402,
            "z": -0.07321003079414368
        },
        "20": {
            "x": 0.2829270362854004,
            "y": 0.3110952377319336,
            "z": -0.055063068866729736
        }
    }
}