{
    "Э": {
        "0": {
            "x": 0.3789268434047699,
            "y": 0.7671413421630859,
            "z": 5.812921131109761e-07
        },
        "1": {
            "x": 0.4351242780685425,
            "y": 0.7308309078216553,
            "z": -0.016410527750849724
        },
        "2": {
            "x": 0.47902190685272217,
            "y": 0.6869077086448669,
            "z": -0.03587064892053604
        },
        "3": {
            "x": 0.523349940776825,
            "y": 0.6576020121574402,
            "z": -0.05710471048951149
        },
        "4": {
            "x": 0.5660820603370667,
            "y": 0.6335021257400513,
            "z": -0.07839054614305496
        },
        "5": {
            "x": 0.4274352788925171,
            "y": 0.56700199842453,
            "z": -0.026630841195583344
        },
        "6": {
            "x": 0.47782638669013977,
            "y": 0.5144655704498291,
            "z": -0.060289058834314346
        },
        "7": {
            "x": 0.5177940130233765,
            "y": 0.5124325156211853,
            "z": -0.08504495769739151
        },
        "8": {
            "x": 0.5501219630241394,
            "y": 0.5226355791091919,
            "z": -0.09926611185073853
        },
        "9": {
            "x": 0.39979419112205505,
            "y": 0.5452806949615479,
            "z": -0.03713357448577881
        },
        "10": {
            "x": 0.42497745156288147,
            "y": 0.45197921991348267,
            "z": -0.06354940682649612
        },
        "11": {
            "x": 0.46254515647888184,
            "y": 0.403645783662796,
            "z": -0.07837419211864471
        },
        "12": {
            "x": 0.4961460530757904,
            "y": 0.37224501371383667,
            "z": -0.08672565221786499
        },
        "13": {
            "x": 0.3672184646129608,
            "y": 0.5510428547859192,
            "z": -0.051456186920404434
        },
        "14": {
            "x": 0.35727381706237793,
            "y": 0.44921398162841797,
            "z": -0.07818342000246048
        },
        "15": {
            "x": 0.36633244156837463,
            "y": 0.381389319896698,
            "z": -0.09461362659931183
        },
        "16": {
            "x": 0.3802867531776428,
            "y": 0.32602909207344055,
            "z": -0.10353434830904007
        },
        "17": {
            "x": 0.3387174904346466,
            "y": 0.5797067880630493,
            "z": -0.06678149849176407
        },
        "18": {
            "x": 0.307497501373291,
            "y": 0.5121088027954102,
            "z": -0.08937086164951324
        },
        "19": {
            "x": 0.291959285736084,
            "y": 0.4604242742061615,
            "z": -0.09806104004383087
        },
        "20": {
            "x": 0.28281739354133606,
            "y": 0.414063036441803,
            "z": -0.10212016105651855
        }
    }
}