{
    "Э": {
        "0": {
            "x": 0.3051716983318329,
            "y": 0.9161623120307922,
            "z": 3.883945680627221e-07
        },
        "1": {
            "x": 0.3815992474555969,
            "y": 0.8328715562820435,
            "z": 0.02080303058028221
        },
        "2": {
            "x": 0.43050262331962585,
            "y": 0.7512825131416321,
            "z": 0.015272971242666245
        },
        "3": {
            "x": 0.4812925159931183,
            "y": 0.7080560326576233,
            "z": -0.00031982953078113496
        },
        "4": {
            "x": 0.5380665063858032,
            "y": 0.674721360206604,
            "z": -0.016101786866784096
        },
        "5": {
            "x": 0.3523663580417633,
            "y": 0.6421037912368774,
            "z": 0.01722910813987255
        },
        "6": {
            "x": 0.4347132444381714,
            "y": 0.5835184454917908,
            "z": -0.01683337613940239
        },
        "7": {
            "x": 0.4871219992637634,
            "y": 0.5948585271835327,
            "z": -0.043885860592126846
        },
        "8": {
            "x": 0.5276495814323425,
            "y": 0.6240679025650024,
            "z": -0.060588374733924866
        },
        "9": {
            "x": 0.3369690775871277,
            "y": 0.6381423473358154,
            "z": -0.01632247306406498
        },
        "10": {
            "x": 0.39063331484794617,
            "y": 0.51629638671875,
            "z": -0.04622357338666916
        },
        "11": {
            "x": 0.4458605945110321,
            "y": 0.4639998972415924,
            "z": -0.06590288132429123
        },
        "12": {
            "x": 0.49303096532821655,
            "y": 0.4364626109600067,
            "z": -0.07781440764665604
        },
        "13": {
            "x": 0.32796168327331543,
            "y": 0.6646536588668823,
            "z": -0.053166311234235764
        },
        "14": {
            "x": 0.3474712073802948,
            "y": 0.5245769023895264,
            "z": -0.08360300958156586
        },
        "15": {
            "x": 0.3667004406452179,
            "y": 0.4440274238586426,
            "z": -0.10395625233650208
        },
        "16": {
            "x": 0.38530829548835754,
            "y": 0.3795916438102722,
            "z": -0.11725949496030807
        },
        "17": {
            "x": 0.3344830870628357,
            "y": 0.7064386010169983,
            "z": -0.08833601325750351
        },
        "18": {
            "x": 0.34224462509155273,
            "y": 0.6170908212661743,
            "z": -0.11612638831138611
        },
        "19": {
            "x": 0.3442312479019165,
            "y": 0.5512255430221558,
            "z": -0.1305646151304245
        },
        "20": {
            "x": 0.3462579548358917,
            "y": 0.49149906635284424,
            "z": -0.14087671041488647
        }
    }
}