{
    "Э": {
        "0": {
            "x": 0.27525579929351807,
            "y": 0.9229292273521423,
            "z": 3.683935574372299e-07
        },
        "1": {
            "x": 0.36280032992362976,
            "y": 0.8403432369232178,
            "z": 0.028766611590981483
        },
        "2": {
            "x": 0.41612932085990906,
            "y": 0.761554479598999,
            "z": 0.02690131776034832
        },
        "3": {
            "x": 0.46721047163009644,
            "y": 0.7236899733543396,
            "z": 0.013156495057046413
        },
        "4": {
            "x": 0.524919867515564,
            "y": 0.6944103240966797,
            "z": -0.0007888803374953568
        },
        "5": {
            "x": 0.3237624764442444,
            "y": 0.6450791358947754,
            "z": 0.02118305303156376
        },
        "6": {
            "x": 0.41022154688835144,
            "y": 0.5704197287559509,
            "z": -0.003422942478209734
        },
        "7": {
            "x": 0.4628680944442749,
            "y": 0.5711658596992493,
            "z": -0.022245177999138832
        },
        "8": {
            "x": 0.5091760158538818,
            "y": 0.5880228281021118,
            "z": -0.036479219794273376
        },
        "9": {
            "x": 0.3159254491329193,
            "y": 0.6479174494743347,
            "z": -0.01602410525083542
        },
        "10": {
            "x": 0.3839646577835083,
            "y": 0.5233251452445984,
            "z": -0.0421769954264164
        },
        "11": {
            "x": 0.4409136474132538,
            "y": 0.4709891676902771,
            "z": -0.060079582035541534
        },
        "12": {
            "x": 0.4905928671360016,
            "y": 0.44292590022087097,
            "z": -0.0728028416633606
        },
        "13": {
            "x": 0.31967607140541077,
            "y": 0.677396297454834,
            "z": -0.054941415786743164
        },
        "14": {
            "x": 0.36507928371429443,
            "y": 0.5277782678604126,
            "z": -0.08133318275213242
        },
        "15": {
            "x": 0.39821815490722656,
            "y": 0.4518367648124695,
            "z": -0.10138280689716339
        },
        "16": {
            "x": 0.42498311400413513,
            "y": 0.3930789530277252,
            "z": -0.1166967824101448
        },
        "17": {
            "x": 0.34251806139945984,
            "y": 0.7160995006561279,
            "z": -0.09161257743835449
        },
        "18": {
            "x": 0.36773788928985596,
            "y": 0.6279907822608948,
            "z": -0.11847060918807983
        },
        "19": {
            "x": 0.37982797622680664,
            "y": 0.5596499443054199,
            "z": -0.1368604302406311
        },
        "20": {
            "x": 0.39017853140830994,
            "y": 0.4969813823699951,
            "z": -0.151143416762352
        }
    }
}