{
    "Э": {
        "0": {
            "x": 0.351529598236084,
            "y": 0.9581426382064819,
            "z": 3.6795603364225826e-07
        },
        "1": {
            "x": 0.43224895000457764,
            "y": 0.9062768816947937,
            "z": 0.002125511411577463
        },
        "2": {
            "x": 0.49751073122024536,
            "y": 0.8425607681274414,
            "z": -0.008352064527571201
        },
        "3": {
            "x": 0.555115818977356,
            "y": 0.8120902180671692,
            "z": -0.026723232120275497
        },
        "4": {
            "x": 0.6077987551689148,
            "y": 0.78672194480896,
            "z": -0.044081926345825195
        },
        "5": {
            "x": 0.45826074481010437,
            "y": 0.7023911476135254,
            "z": 0.008697202429175377
        },
        "6": {
            "x": 0.5147286653518677,
            "y": 0.639169454574585,
            "z": -0.030367065221071243
        },
        "7": {
            "x": 0.559717059135437,
            "y": 0.6741379499435425,
            "z": -0.06300507485866547
        },
        "8": {
            "x": 0.5939847230911255,
            "y": 0.724332332611084,
            "z": -0.08106232434511185
        },
        "9": {
            "x": 0.443935751914978,
            "y": 0.6953980922698975,
            "z": -0.015897642821073532
        },
        "10": {
            "x": 0.4835359454154968,
            "y": 0.5796806812286377,
            "z": -0.04211847484111786
        },
        "11": {
            "x": 0.5312503576278687,
            "y": 0.5224963426589966,
            "z": -0.0666305422782898
        },
        "12": {
            "x": 0.5716267228126526,
            "y": 0.48181596398353577,
            "z": -0.08436156064271927
        },
        "13": {
            "x": 0.42044374346733093,
            "y": 0.7118422389030457,
            "z": -0.045863375067710876
        },
        "14": {
            "x": 0.44213876128196716,
            "y": 0.5893957614898682,
            "z": -0.07243159413337708
        },
        "15": {
            "x": 0.46433430910110474,
            "y": 0.5137454867362976,
            "z": -0.09336614608764648
        },
        "16": {
            "x": 0.4837398827075958,
            "y": 0.45282456278800964,
            "z": -0.10787955671548843
        },
        "17": {
            "x": 0.39676687121391296,
            "y": 0.7475308179855347,
            "z": -0.07645771652460098
        },
        "18": {
            "x": 0.4047797918319702,
            "y": 0.6625185012817383,
            "z": -0.0990394726395607
        },
        "19": {
            "x": 0.4083200991153717,
            "y": 0.6009466648101807,
            "z": -0.10853365063667297
        },
        "20": {
            "x": 0.41028159856796265,
            "y": 0.544786810874939,
            "z": -0.11511511355638504
        }
    }
}