{
    "ле": {
        "0": {
            "x": 0.3246435225009918,
            "y": 0.7319893836975098,
            "z": 7.29869142901407e-08
        },
        "1": {
            "x": 0.3005127012729645,
            "y": 0.5979654788970947,
            "z": 0.05172466114163399
        },
        "2": {
            "x": 0.331447571516037,
            "y": 0.4925708770751953,
            "z": 0.07571733742952347
        },
        "3": {
            "x": 0.3893822729587555,
            "y": 0.4471045434474945,
            "z": 0.0918211042881012
        },
        "4": {
            "x": 0.43858224153518677,
            "y": 0.42668813467025757,
            "z": 0.10595490038394928
        },
        "5": {
            "x": 0.32051709294319153,
            "y": 0.4348687529563904,
            "z": 0.04566820338368416
        },
        "6": {
            "x": 0.33724647760391235,
            "y": 0.2902247905731201,
            "z": 0.062437742948532104
        },
        "7": {
            "x": 0.3501657545566559,
            "y": 0.21978184580802917,
            "z": 0.0792887881398201
        },
        "8": {
            "x": 0.35902780294418335,
            "y": 0.16371199488639832,
            "z": 0.09167467057704926
        },
        "9": {
            "x": 0.37570539116859436,
            "y": 0.4416893422603607,
            "z": 0.020586464554071426
        },
        "10": {
            "x": 0.3913725018501282,
            "y": 0.2888784408569336,
            "z": 0.02928878180682659
        },
        "11": {
            "x": 0.40293651819229126,
            "y": 0.20570868253707886,
            "z": 0.036103177815675735
        },
        "12": {
            "x": 0.40998169779777527,
            "y": 0.14415812492370605,
            "z": 0.043456465005874634
        },
        "13": {
            "x": 0.4262247085571289,
            "y": 0.46905094385147095,
            "z": 0.00014218030264601111
        },
        "14": {
            "x": 0.4478462040424347,
            "y": 0.33844929933547974,
            "z": 0.0022684757132083178
        },
        "15": {
            "x": 0.4567864239215851,
            "y": 0.2613585591316223,
            "z": -0.003155592828989029
        },
        "16": {
            "x": 0.4604302644729614,
            "y": 0.2056708037853241,
            "z": -0.005466877948492765
        },
        "17": {
            "x": 0.4696900546550751,
            "y": 0.512513279914856,
            "z": -0.013671326451003551
        },
        "18": {
            "x": 0.46687281131744385,
            "y": 0.4257179796695709,
            "z": 0.0025598325300961733
        },
        "19": {
            "x": 0.4486621022224426,
            "y": 0.43779507279396057,
            "z": 0.02056935802102089
        },
        "20": {
            "x": 0.43902161717414856,
            "y": 0.4751046895980835,
            "z": 0.03289680555462837
        }
    }
}