{
    "ле": {
        "0": {
            "x": 0.3332204818725586,
            "y": 0.8401892185211182,
            "z": 1.5770027061989822e-07
        },
        "1": {
            "x": 0.28860294818878174,
            "y": 0.7002091407775879,
            "z": 0.06074555963277817
        },
        "2": {
            "x": 0.30432581901550293,
            "y": 0.580837070941925,
            "z": 0.08235771954059601
        },
        "3": {
            "x": 0.3508249819278717,
            "y": 0.5044732093811035,
            "z": 0.09912192076444626
        },
        "4": {
            "x": 0.3988054096698761,
            "y": 0.4661020338535309,
            "z": 0.11324470490217209
        },
        "5": {
            "x": 0.3111470937728882,
            "y": 0.5296371579170227,
            "z": 0.000960606848821044
        },
        "6": {
            "x": 0.3457856774330139,
            "y": 0.3681020140647888,
            "z": 0.005394345615059137
        },
        "7": {
            "x": 0.3697628080844879,
            "y": 0.29069432616233826,
            "z": 0.01937195658683777
        },
        "8": {
            "x": 0.3871335983276367,
            "y": 0.23294329643249512,
            "z": 0.033917054533958435
        },
        "9": {
            "x": 0.37392863631248474,
            "y": 0.5531033277511597,
            "z": -0.020804388448596
        },
        "10": {
            "x": 0.40684545040130615,
            "y": 0.37043461203575134,
            "z": -0.022358760237693787
        },
        "11": {
            "x": 0.4261370003223419,
            "y": 0.2748214304447174,
            "z": -0.009481978602707386
        },
        "12": {
            "x": 0.43851372599601746,
            "y": 0.2028094232082367,
            "z": 0.004163069184869528
        },
        "13": {
            "x": 0.4357343316078186,
            "y": 0.5922507643699646,
            "z": -0.03216041624546051
        },
        "14": {
            "x": 0.47425776720046997,
            "y": 0.42213183641433716,
            "z": -0.03263765573501587
        },
        "15": {
            "x": 0.48617151379585266,
            "y": 0.33819258213043213,
            "z": -0.02451004460453987
        },
        "16": {
            "x": 0.49553433060646057,
            "y": 0.27697187662124634,
            "z": -0.014653023332357407
        },
        "17": {
            "x": 0.4867921471595764,
            "y": 0.6460641026496887,
            "z": -0.033974021673202515
        },
        "18": {
            "x": 0.5021237134933472,
            "y": 0.5197800397872925,
            "z": -0.00430048443377018
        },
        "19": {
            "x": 0.48368871212005615,
            "y": 0.5051631927490234,
            "z": 0.0304595734924078
        },
        "20": {
            "x": 0.4729207456111908,
            "y": 0.515819787979126,
            "z": 0.05469280481338501
        }
    }
}