{
    "ле": {
        "0": {
            "x": 0.5222618579864502,
            "y": 0.9268074631690979,
            "z": 2.710973774355807e-07
        },
        "1": {
            "x": 0.5528902411460876,
            "y": 0.8894515037536621,
            "z": -0.0251812431961298
        },
        "2": {
            "x": 0.5637474656105042,
            "y": 0.8132895231246948,
            "z": -0.029617739841341972
        },
        "3": {
            "x": 0.5319492220878601,
            "y": 0.7546202540397644,
            "z": -0.030713554471731186
        },
        "4": {
            "x": 0.4923885464668274,
            "y": 0.7221440672874451,
            "z": -0.03100667893886566
        },
        "5": {
            "x": 0.5665398836135864,
            "y": 0.7334011793136597,
            "z": -0.0014972311910241842
        },
        "6": {
            "x": 0.5633825659751892,
            "y": 0.6573938727378845,
            "z": -0.007750245276838541
        },
        "7": {
            "x": 0.5573464035987854,
            "y": 0.6121942400932312,
            "z": -0.015828842297196388
        },
        "8": {
            "x": 0.5491987466812134,
            "y": 0.5735160112380981,
            "z": -0.02295844629406929
        },
        "9": {
            "x": 0.5364829897880554,
            "y": 0.7256590723991394,
            "z": 0.00010260887211188674
        },
        "10": {
            "x": 0.5343707203865051,
            "y": 0.6441770792007446,
            "z": -0.004043203312903643
        },
        "11": {
            "x": 0.5317416191101074,
            "y": 0.5956281423568726,
            "z": -0.012213061563670635
        },
        "12": {
            "x": 0.5287178754806519,
            "y": 0.5531273484230042,
            "z": -0.018062666058540344
        },
        "13": {
            "x": 0.5079898834228516,
            "y": 0.7370529174804688,
            "z": -0.002464910736307502
        },
        "14": {
            "x": 0.5049067735671997,
            "y": 0.6572479009628296,
            "z": -0.01839945837855339
        },
        "15": {
            "x": 0.5060371160507202,
            "y": 0.6129215955734253,
            "z": -0.03248368948698044
        },
        "16": {
            "x": 0.5034862160682678,
            "y": 0.5716543793678284,
            "z": -0.04128247871994972
        },
        "17": {
            "x": 0.4812344014644623,
            "y": 0.7617034912109375,
            "z": -0.0068709515035152435
        },
        "18": {
            "x": 0.486318975687027,
            "y": 0.7146887183189392,
            "z": -0.029650604352355003
        },
        "19": {
            "x": 0.49539488554000854,
            "y": 0.7323510050773621,
            "z": -0.035287193953990936
        },
        "20": {
            "x": 0.498453289270401,
            "y": 0.753362774848938,
            "z": -0.03626597300171852
        }
    }
}