{
    "ле": {
        "0": {
            "x": 0.521601140499115,
            "y": 0.9249097108840942,
            "z": 2.4812072751956293e-07
        },
        "1": {
            "x": 0.5530514121055603,
            "y": 0.8897010684013367,
            "z": -0.023964645341038704
        },
        "2": {
            "x": 0.5622512698173523,
            "y": 0.8123418688774109,
            "z": -0.026379704475402832
        },
        "3": {
            "x": 0.529281497001648,
            "y": 0.7531449794769287,
            "z": -0.025577658787369728
        },
        "4": {
            "x": 0.4906116724014282,
            "y": 0.7219340801239014,
            "z": -0.024018898606300354
        },
        "5": {
            "x": 0.5650611519813538,
            "y": 0.7343934178352356,
            "z": -0.0003412705264054239
        },
        "6": {
            "x": 0.5625592470169067,
            "y": 0.6600965857505798,
            "z": -0.005737463477998972
        },
        "7": {
            "x": 0.557123064994812,
            "y": 0.6139301657676697,
            "z": -0.013080243952572346
        },
        "8": {
            "x": 0.5500401258468628,
            "y": 0.5752016305923462,
            "z": -0.019648248329758644
        },
        "9": {
            "x": 0.5354979634284973,
            "y": 0.7261795401573181,
            "z": 0.0010235762456431985
        },
        "10": {
            "x": 0.5333165526390076,
            "y": 0.6453233361244202,
            "z": -0.0021759795490652323
        },
        "11": {
            "x": 0.5309329628944397,
            "y": 0.5951269865036011,
            "z": -0.009601766243577003
        },
        "12": {
            "x": 0.5287396907806396,
            "y": 0.5519658923149109,
            "z": -0.015116525813937187
        },
        "13": {
            "x": 0.5071519613265991,
            "y": 0.7364292144775391,
            "z": -0.0017471351893618703
        },
        "14": {
            "x": 0.5029999017715454,
            "y": 0.6560119986534119,
            "z": -0.0167132206261158
        },
        "15": {
            "x": 0.5035443305969238,
            "y": 0.6103948950767517,
            "z": -0.030722832307219505
        },
        "16": {
            "x": 0.5007392764091492,
            "y": 0.5694990754127502,
            "z": -0.03956778720021248
        },
        "17": {
            "x": 0.48006343841552734,
            "y": 0.7598083019256592,
            "z": -0.006350218318402767
        },
        "18": {
            "x": 0.48281699419021606,
            "y": 0.7121270298957825,
            "z": -0.027776524424552917
        },
        "19": {
            "x": 0.49182578921318054,
            "y": 0.7290157079696655,
            "z": -0.03331129625439644
        },
        "20": {
            "x": 0.4955189526081085,
            "y": 0.7520025968551636,
            "z": -0.03451785445213318
        }
    }
}