{
    "ле": {
        "0": {
            "x": 0.49902093410491943,
            "y": 0.9155932068824768,
            "z": 2.6143680997847696e-07
        },
        "1": {
            "x": 0.5319374203681946,
            "y": 0.8795696496963501,
            "z": -0.024916695430874825
        },
        "2": {
            "x": 0.5401952862739563,
            "y": 0.805959939956665,
            "z": -0.0281426589936018
        },
        "3": {
            "x": 0.5060104727745056,
            "y": 0.7489582896232605,
            "z": -0.02799719013273716
        },
        "4": {
            "x": 0.46794363856315613,
            "y": 0.7175184488296509,
            "z": -0.026985561475157738
        },
        "5": {
            "x": 0.5458194613456726,
            "y": 0.7250876426696777,
            "z": 0.0010859742760658264
        },
        "6": {
            "x": 0.542710542678833,
            "y": 0.6534069180488586,
            "z": -0.004355352837592363
        },
        "7": {
            "x": 0.5382041335105896,
            "y": 0.6104558706283569,
            "z": -0.01218399964272976
        },
        "8": {
            "x": 0.5326094031333923,
            "y": 0.5728245973587036,
            "z": -0.019452976062893867
        },
        "9": {
            "x": 0.5158464908599854,
            "y": 0.7163020372390747,
            "z": 0.0032379543408751488
        },
        "10": {
            "x": 0.5127513408660889,
            "y": 0.6376432180404663,
            "z": -0.001188756781630218
        },
        "11": {
            "x": 0.5108548402786255,
            "y": 0.5903546214103699,
            "z": -0.010081813670694828
        },
        "12": {
            "x": 0.5100401043891907,
            "y": 0.5486209392547607,
            "z": -0.016424652189016342
        },
        "13": {
            "x": 0.4876430630683899,
            "y": 0.7265467047691345,
            "z": 0.0010144533589482307
        },
        "14": {
            "x": 0.4829399883747101,
            "y": 0.6496862173080444,
            "z": -0.015656130388379097
        },
        "15": {
            "x": 0.4838047921657562,
            "y": 0.6065659523010254,
            "z": -0.031056847423315048
        },
        "16": {
            "x": 0.4831019341945648,
            "y": 0.566180408000946,
            "z": -0.040462955832481384
        },
        "17": {
            "x": 0.46176937222480774,
            "y": 0.7504125237464905,
            "z": -0.0029597124084830284
        },
        "18": {
            "x": 0.46366506814956665,
            "y": 0.7062107920646667,
            "z": -0.025788694620132446
        },
        "19": {
            "x": 0.47263380885124207,
            "y": 0.7248640060424805,
            "z": -0.03241471201181412
        },
        "20": {
            "x": 0.4775621294975281,
            "y": 0.7463329434394836,
            "z": -0.03423052281141281
        }
    }
}