{
    "ле": {
        "0": {
            "x": 0.5723679661750793,
            "y": 0.8804872035980225,
            "z": -6.634974880626032e-08
        },
        "1": {
            "x": 0.5262013673782349,
            "y": 0.7381744980812073,
            "z": 0.05837537720799446
        },
        "2": {
            "x": 0.5449839234352112,
            "y": 0.6043590903282166,
            "z": 0.09506416320800781
        },
        "3": {
            "x": 0.5856319665908813,
            "y": 0.5198878049850464,
            "z": 0.13117706775665283
        },
        "4": {
            "x": 0.6259403824806213,
            "y": 0.46937060356140137,
            "z": 0.16909518837928772
        },
        "5": {
            "x": 0.5671024322509766,
            "y": 0.506646990776062,
            "z": 0.02066618576645851
        },
        "6": {
            "x": 0.5690498948097229,
            "y": 0.3248775899410248,
            "z": 0.03709946945309639
        },
        "7": {
            "x": 0.5698874592781067,
            "y": 0.23159125447273254,
            "z": 0.05917959660291672
        },
        "8": {
            "x": 0.5778544545173645,
            "y": 0.1629580855369568,
            "z": 0.07726319134235382
        },
        "9": {
            "x": 0.63359534740448,
            "y": 0.5190578103065491,
            "z": 0.01000440213829279
        },
        "10": {
            "x": 0.6441224813461304,
            "y": 0.31838715076446533,
            "z": 0.004666739609092474
        },
        "11": {
            "x": 0.6484797596931458,
            "y": 0.21809104084968567,
            "z": 0.008439762517809868
        },
        "12": {
            "x": 0.6557450890541077,
            "y": 0.14068424701690674,
            "z": 0.015804506838321686
        },
        "13": {
            "x": 0.6842719316482544,
            "y": 0.5588141679763794,
            "z": 0.010157407261431217
        },
        "14": {
            "x": 0.7117887139320374,
            "y": 0.39784079790115356,
            "z": 0.013282994739711285
        },
        "15": {
            "x": 0.7145169973373413,
            "y": 0.30616265535354614,
            "z": 0.014362027868628502
        },
        "16": {
            "x": 0.7186673879623413,
            "y": 0.2451719045639038,
            "z": 0.018281377851963043
        },
        "17": {
            "x": 0.7204647064208984,
            "y": 0.6153671741485596,
            "z": 0.019098253920674324
        },
        "18": {
            "x": 0.7327237129211426,
            "y": 0.49880170822143555,
            "z": 0.038473330438137054
        },
        "19": {
            "x": 0.7252879738807678,
            "y": 0.45090270042419434,
            "z": 0.0521848127245903
        },
        "20": {
            "x": 0.7213894724845886,
            "y": 0.4236629903316498,
            "z": 0.06255249679088593
        }
    }
}