{
    "ле": {
        "0": {
            "x": 0.5566917061805725,
            "y": 0.7617449164390564,
            "z": 3.21027613381375e-07
        },
        "1": {
            "x": 0.5860172510147095,
            "y": 0.7263330221176147,
            "z": -0.02845596708357334
        },
        "2": {
            "x": 0.594594419002533,
            "y": 0.6569462418556213,
            "z": -0.03416857123374939
        },
        "3": {
            "x": 0.5675727725028992,
            "y": 0.6016381978988647,
            "z": -0.03550555184483528
        },
        "4": {
            "x": 0.5309768319129944,
            "y": 0.5697237253189087,
            "z": -0.03591112792491913
        },
        "5": {
            "x": 0.6022099256515503,
            "y": 0.5821759104728699,
            "z": -0.007469917647540569
        },
        "6": {
            "x": 0.6023283004760742,
            "y": 0.5105820298194885,
            "z": -0.015027561224997044
        },
        "7": {
            "x": 0.5984076857566833,
            "y": 0.4658396244049072,
            "z": -0.023818152025341988
        },
        "8": {
            "x": 0.5934763550758362,
            "y": 0.4269190728664398,
            "z": -0.03131117671728134
        },
        "9": {
            "x": 0.5743555426597595,
            "y": 0.5736107230186462,
            "z": -0.003327522426843643
        },
        "10": {
            "x": 0.5747678875923157,
            "y": 0.49713507294654846,
            "z": -0.008865929208695889
        },
        "11": {
            "x": 0.5745226144790649,
            "y": 0.44878941774368286,
            "z": -0.018236197531223297
        },
        "12": {
            "x": 0.574986457824707,
            "y": 0.4089827835559845,
            "z": -0.02477024868130684
        },
        "13": {
            "x": 0.5473015308380127,
            "y": 0.5834722518920898,
            "z": -0.003326251870021224
        },
        "14": {
            "x": 0.5437986850738525,
            "y": 0.5076781511306763,
            "z": -0.019014013931155205
        },
        "15": {
            "x": 0.5443118214607239,
            "y": 0.4632869362831116,
            "z": -0.03503743186593056
        },
        "16": {
            "x": 0.5435042381286621,
            "y": 0.4245647192001343,
            "z": -0.04510496184229851
        },
        "17": {
            "x": 0.5235037207603455,
            "y": 0.6055631637573242,
            "z": -0.005391404032707214
        },
        "18": {
            "x": 0.5260352492332458,
            "y": 0.5676625370979309,
            "z": -0.027452781796455383
        },
        "19": {
            "x": 0.53349369764328,
            "y": 0.5802481174468994,
            "z": -0.03566061705350876
        },
        "20": {
            "x": 0.5366456508636475,
            "y": 0.5969495177268982,
            "z": -0.03863786160945892
        }
    }
}