{
    "ле": {
        "0": {
            "x": 0.6262055039405823,
            "y": 0.788550853729248,
            "z": 2.3218464662022598e-07
        },
        "1": {
            "x": 0.5891166925430298,
            "y": 0.7664403915405273,
            "z": -0.010367902927100658
        },
        "2": {
            "x": 0.5652333498001099,
            "y": 0.6991965174674988,
            "z": -0.00780009338632226
        },
        "3": {
            "x": 0.584621787071228,
            "y": 0.6444045901298523,
            "z": -0.005769122391939163
        },
        "4": {
            "x": 0.611423134803772,
            "y": 0.6165434122085571,
            "z": -0.005204841960221529
        },
        "5": {
            "x": 0.5569218397140503,
            "y": 0.6324147582054138,
            "z": 0.008481081575155258
        },
        "6": {
            "x": 0.5444750785827637,
            "y": 0.5657256841659546,
            "z": 0.005586178041994572
        },
        "7": {
            "x": 0.540891706943512,
            "y": 0.5241628885269165,
            "z": -0.0001390142278978601
        },
        "8": {
            "x": 0.5366859436035156,
            "y": 0.4896559715270996,
            "z": -0.00614088773727417
        },
        "9": {
            "x": 0.5811964869499207,
            "y": 0.6219927072525024,
            "z": 0.003219603095203638
        },
        "10": {
            "x": 0.5674958229064941,
            "y": 0.5474041104316711,
            "z": 0.00048170736408792436
        },
        "11": {
            "x": 0.559438169002533,
            "y": 0.5008893013000488,
            "z": -0.00816467683762312
        },
        "12": {
            "x": 0.5515577793121338,
            "y": 0.4626706838607788,
            "z": -0.015052838250994682
        },
        "13": {
            "x": 0.6071507334709167,
            "y": 0.6259720921516418,
            "z": -0.005104220937937498
        },
        "14": {
            "x": 0.5990145206451416,
            "y": 0.5534893274307251,
            "z": -0.017883844673633575
        },
        "15": {
            "x": 0.5877094268798828,
            "y": 0.512075662612915,
            "z": -0.033401746302843094
        },
        "16": {
            "x": 0.5784103274345398,
            "y": 0.47622960805892944,
            "z": -0.044423677027225494
        },
        "17": {
            "x": 0.6341438889503479,
            "y": 0.6419480443000793,
            "z": -0.014228238724172115
        },
        "18": {
            "x": 0.6179332137107849,
            "y": 0.6071795225143433,
            "z": -0.031624775379896164
        },
        "19": {
            "x": 0.6090345978736877,
            "y": 0.6326106786727905,
            "z": -0.03674732521176338
        },
        "20": {
            "x": 0.6069257855415344,
            "y": 0.6600568890571594,
            "z": -0.03970338776707649
        }
    }
}