{
    "ле": {
        "0": {
            "x": 0.677773654460907,
            "y": 0.7191811800003052,
            "z": 2.0673290634931618e-07
        },
        "1": {
            "x": 0.6479638814926147,
            "y": 0.6853646636009216,
            "z": -0.012169728986918926
        },
        "2": {
            "x": 0.6391890645027161,
            "y": 0.6201901435852051,
            "z": -0.012758318334817886
        },
        "3": {
            "x": 0.663408100605011,
            "y": 0.5766730904579163,
            "z": -0.013579650782048702
        },
        "4": {
            "x": 0.6912493705749512,
            "y": 0.5558364987373352,
            "z": -0.016024556010961533
        },
        "5": {
            "x": 0.6394758820533752,
            "y": 0.5426141619682312,
            "z": 0.0030984622426331043
        },
        "6": {
            "x": 0.6418566703796387,
            "y": 0.4741153120994568,
            "z": -0.004573762882500887
        },
        "7": {
            "x": 0.6470310091972351,
            "y": 0.430156409740448,
            "z": -0.014361298643052578
        },
        "8": {
            "x": 0.6512295603752136,
            "y": 0.3920631408691406,
            "z": -0.02321862056851387
        },
        "9": {
            "x": 0.6642244458198547,
            "y": 0.5379658937454224,
            "z": -0.003385458840057254
        },
        "10": {
            "x": 0.6654972434043884,
            "y": 0.46236729621887207,
            "z": -0.010163563303649426
        },
        "11": {
            "x": 0.6683223843574524,
            "y": 0.41253331303596497,
            "z": -0.0221465602517128
        },
        "12": {
            "x": 0.6692418456077576,
            "y": 0.37050166726112366,
            "z": -0.03143080696463585
        },
        "13": {
            "x": 0.6870192885398865,
            "y": 0.5504581928253174,
            "z": -0.013033424504101276
        },
        "14": {
            "x": 0.6925588846206665,
            "y": 0.47701752185821533,
            "z": -0.02954971417784691
        },
        "15": {
            "x": 0.6925030946731567,
            "y": 0.43169665336608887,
            "z": -0.04788634181022644
        },
        "16": {
            "x": 0.6931172013282776,
            "y": 0.393318235874176,
            "z": -0.06073848158121109
        },
        "17": {
            "x": 0.7084832787513733,
            "y": 0.5772019624710083,
            "z": -0.02352185733616352
        },
        "18": {
            "x": 0.6976754069328308,
            "y": 0.5378241539001465,
            "z": -0.04543416202068329
        },
        "19": {
            "x": 0.6837250590324402,
            "y": 0.5564544200897217,
            "z": -0.05386396497488022
        },
        "20": {
            "x": 0.6757296919822693,
            "y": 0.5797677040100098,
            "z": -0.058678038418293
        }
    }
}