{
    "ле": {
        "0": {
            "x": 0.4649433195590973,
            "y": 0.8814082741737366,
            "z": 8.7239743606915e-07
        },
        "1": {
            "x": 0.4270710349082947,
            "y": 0.787345290184021,
            "z": -0.004806241951882839
        },
        "2": {
            "x": 0.42216262221336365,
            "y": 0.675950825214386,
            "z": -0.02499507926404476
        },
        "3": {
            "x": 0.4640114903450012,
            "y": 0.5957712531089783,
            "z": -0.04471028968691826
        },
        "4": {
            "x": 0.4999693036079407,
            "y": 0.5412343144416809,
            "z": -0.06679383665323257
        },
        "5": {
            "x": 0.36085245013237,
            "y": 0.6432385444641113,
            "z": -0.05259975790977478
        },
        "6": {
            "x": 0.39477184414863586,
            "y": 0.5057086944580078,
            "z": -0.08157137781381607
        },
        "7": {
            "x": 0.4297548234462738,
            "y": 0.4307442605495453,
            "z": -0.10027401894330978
        },
        "8": {
            "x": 0.4563461244106293,
            "y": 0.3768756091594696,
            "z": -0.11359299719333649
        },
        "9": {
            "x": 0.3947282135486603,
            "y": 0.6675881147384644,
            "z": -0.07106180489063263
        },
        "10": {
            "x": 0.4482809901237488,
            "y": 0.5144855976104736,
            "z": -0.09904893487691879
        },
        "11": {
            "x": 0.4838716685771942,
            "y": 0.4298853278160095,
            "z": -0.11452598869800568
        },
        "12": {
            "x": 0.5042705535888672,
            "y": 0.3694634735584259,
            "z": -0.12665043771266937
        },
        "13": {
            "x": 0.43935438990592957,
            "y": 0.6988328695297241,
            "z": -0.08815290033817291
        },
        "14": {
            "x": 0.49115991592407227,
            "y": 0.5473677515983582,
            "z": -0.11987423151731491
        },
        "15": {
            "x": 0.5140805244445801,
            "y": 0.46641772985458374,
            "z": -0.137012779712677
        },
        "16": {
            "x": 0.520389199256897,
            "y": 0.40154844522476196,
            "z": -0.15027230978012085
        },
        "17": {
            "x": 0.48979315161705017,
            "y": 0.7292851805686951,
            "z": -0.10330130159854889
        },
        "18": {
            "x": 0.5274350643157959,
            "y": 0.6532517671585083,
            "z": -0.1281285285949707
        },
        "19": {
            "x": 0.5325660705566406,
            "y": 0.677833080291748,
            "z": -0.12925101816654205
        },
        "20": {
            "x": 0.5294177532196045,
            "y": 0.7040729522705078,
            "z": -0.13068008422851562
        }
    }
}