{
    "ле": {
        "0": {
            "x": 0.48726677894592285,
            "y": 0.8680551052093506,
            "z": 8.259597166215826e-07
        },
        "1": {
            "x": 0.4312565326690674,
            "y": 0.7721220254898071,
            "z": 0.0017844566609710455
        },
        "2": {
            "x": 0.402066707611084,
            "y": 0.6716223955154419,
            "z": -0.009021038189530373
        },
        "3": {
            "x": 0.4067760109901428,
            "y": 0.5888926982879639,
            "z": -0.019841235131025314
        },
        "4": {
            "x": 0.42207518219947815,
            "y": 0.5293813943862915,
            "z": -0.03216437250375748
        },
        "5": {
            "x": 0.38136520981788635,
            "y": 0.6391937136650085,
            "z": -0.042093802243471146
        },
        "6": {
            "x": 0.4105868637561798,
            "y": 0.5048473477363586,
            "z": -0.06933565437793732
        },
        "7": {
            "x": 0.4404575228691101,
            "y": 0.4277198910713196,
            "z": -0.08477064222097397
        },
        "8": {
            "x": 0.4641956686973572,
            "y": 0.3742441236972809,
            "z": -0.09396900981664658
        },
        "9": {
            "x": 0.424950510263443,
            "y": 0.6584860682487488,
            "z": -0.059669774025678635
        },
        "10": {
            "x": 0.46659407019615173,
            "y": 0.5073634386062622,
            "z": -0.08517875522375107
        },
        "11": {
            "x": 0.49776995182037354,
            "y": 0.4172555208206177,
            "z": -0.09744860976934433
        },
        "12": {
            "x": 0.5193046927452087,
            "y": 0.3531166911125183,
            "z": -0.10474161058664322
        },
        "13": {
            "x": 0.47623544931411743,
            "y": 0.6891114115715027,
            "z": -0.07534376531839371
        },
        "14": {
            "x": 0.5139862895011902,
            "y": 0.5579639673233032,
            "z": -0.10036929696798325
        },
        "15": {
            "x": 0.5375226140022278,
            "y": 0.4783042073249817,
            "z": -0.11185965687036514
        },
        "16": {
            "x": 0.5514567494392395,
            "y": 0.41268670558929443,
            "z": -0.11931651830673218
        },
        "17": {
            "x": 0.5310669541358948,
            "y": 0.7253190875053406,
            "z": -0.08903764933347702
        },
        "18": {
            "x": 0.5495266914367676,
            "y": 0.6648415923118591,
            "z": -0.10950987786054611
        },
        "19": {
            "x": 0.5453406572341919,
            "y": 0.6578063368797302,
            "z": -0.11107277870178223
        },
        "20": {
            "x": 0.5395065546035767,
            "y": 0.653321385383606,
            "z": -0.11041747033596039
        }
    }
}