{
    "ле": {
        "0": {
            "x": 0.5888164639472961,
            "y": 0.77475506067276,
            "z": 4.3002617644560814e-07
        },
        "1": {
            "x": 0.5428481101989746,
            "y": 0.690711259841919,
            "z": 0.03391285613179207
        },
        "2": {
            "x": 0.5457919836044312,
            "y": 0.6114006042480469,
            "z": 0.043840210884809494
        },
        "3": {
            "x": 0.5813038349151611,
            "y": 0.5697844624519348,
            "z": 0.05346965417265892
        },
        "4": {
            "x": 0.6087686419487,
            "y": 0.5473249554634094,
            "z": 0.059243615716695786
        },
        "5": {
            "x": 0.524732232093811,
            "y": 0.5658257007598877,
            "z": -0.019482918083667755
        },
        "6": {
            "x": 0.5623441934585571,
            "y": 0.450210303068161,
            "z": -0.020896710455417633
        },
        "7": {
            "x": 0.5848053693771362,
            "y": 0.391714483499527,
            "z": -0.017342668026685715
        },
        "8": {
            "x": 0.5993009209632874,
            "y": 0.34746551513671875,
            "z": -0.013893240131437778
        },
        "9": {
            "x": 0.5707799196243286,
            "y": 0.5772676467895508,
            "z": -0.033464740961790085
        },
        "10": {
            "x": 0.6048300862312317,
            "y": 0.45006507635116577,
            "z": -0.03812699019908905
        },
        "11": {
            "x": 0.6253557801246643,
            "y": 0.3813124895095825,
            "z": -0.03867106884717941
        },
        "12": {
            "x": 0.6379863023757935,
            "y": 0.32924309372901917,
            "z": -0.03857839107513428
        },
        "13": {
            "x": 0.6173194646835327,
            "y": 0.5986222624778748,
            "z": -0.03966919705271721
        },
        "14": {
            "x": 0.6440726518630981,
            "y": 0.483259379863739,
            "z": -0.04469035565853119
        },
        "15": {
            "x": 0.6563858389854431,
            "y": 0.4141530394554138,
            "z": -0.05367249250411987
        },
        "16": {
            "x": 0.6698455214500427,
            "y": 0.35950735211372375,
            "z": -0.060960251837968826
        },
        "17": {
            "x": 0.6555864810943604,
            "y": 0.6235477924346924,
            "z": -0.03935113549232483
        },
        "18": {
            "x": 0.6487059593200684,
            "y": 0.5989475846290588,
            "z": -0.030253753066062927
        },
        "19": {
            "x": 0.6253905892372131,
            "y": 0.6236333250999451,
            "z": -0.02065388485789299
        },
        "20": {
            "x": 0.6189060807228088,
            "y": 0.6470697522163391,
            "z": -0.016425995156168938
        }
    }
}