{
    "ле": {
        "0": {
            "x": 0.5871025919914246,
            "y": 0.7711448669433594,
            "z": 4.875142280980072e-07
        },
        "1": {
            "x": 0.5403938889503479,
            "y": 0.6894989609718323,
            "z": 0.025385398417711258
        },
        "2": {
            "x": 0.539574921131134,
            "y": 0.6091510057449341,
            "z": 0.03135828301310539
        },
        "3": {
            "x": 0.5715203881263733,
            "y": 0.5659199357032776,
            "z": 0.036713410168886185
        },
        "4": {
            "x": 0.5992035269737244,
            "y": 0.5493743419647217,
            "z": 0.03791918605566025
        },
        "5": {
            "x": 0.5223352313041687,
            "y": 0.5698038935661316,
            "z": -0.020463639870285988
        },
        "6": {
            "x": 0.5622000694274902,
            "y": 0.45540598034858704,
            "z": -0.024225085973739624
        },
        "7": {
            "x": 0.5863629579544067,
            "y": 0.39578208327293396,
            "z": -0.022709116339683533
        },
        "8": {
            "x": 0.6026098728179932,
            "y": 0.35202568769454956,
            "z": -0.020944787189364433
        },
        "9": {
            "x": 0.5686004757881165,
            "y": 0.5784302353858948,
            "z": -0.034655436873435974
        },
        "10": {
            "x": 0.6061341166496277,
            "y": 0.45515555143356323,
            "z": -0.037970252335071564
        },
        "11": {
            "x": 0.6275626420974731,
            "y": 0.38664382696151733,
            "z": -0.03876696899533272
        },
        "12": {
            "x": 0.6413288712501526,
            "y": 0.3358836770057678,
            "z": -0.039522554725408554
        },
        "13": {
            "x": 0.6153631210327148,
            "y": 0.5989777445793152,
            "z": -0.04294074699282646
        },
        "14": {
            "x": 0.643175482749939,
            "y": 0.4887825846672058,
            "z": -0.04764078930020332
        },
        "15": {
            "x": 0.656208336353302,
            "y": 0.4211409389972687,
            "z": -0.0571301206946373
        },
        "16": {
            "x": 0.6703754663467407,
            "y": 0.36772334575653076,
            "z": -0.06555842608213425
        },
        "17": {
            "x": 0.6547487378120422,
            "y": 0.6238645911216736,
            "z": -0.04629829525947571
        },
        "18": {
            "x": 0.6473371982574463,
            "y": 0.600205659866333,
            "z": -0.041840795427560806
        },
        "19": {
            "x": 0.6260857582092285,
            "y": 0.6223114728927612,
            "z": -0.03564351052045822
        },
        "20": {
            "x": 0.6200802326202393,
            "y": 0.6428197622299194,
            "z": -0.03355998173356056
        }
    }
}