{
    "ле": {
        "0": {
            "x": 0.5893148183822632,
            "y": 0.7734737992286682,
            "z": 4.4796922793466365e-07
        },
        "1": {
            "x": 0.5444182753562927,
            "y": 0.6943248510360718,
            "z": 0.029173213988542557
        },
        "2": {
            "x": 0.5451975464820862,
            "y": 0.617817759513855,
            "z": 0.03736048564314842
        },
        "3": {
            "x": 0.578937828540802,
            "y": 0.5762697458267212,
            "z": 0.044517405331134796
        },
        "4": {
            "x": 0.6077046394348145,
            "y": 0.5569894313812256,
            "z": 0.04754699766635895
        },
        "5": {
            "x": 0.5239658355712891,
            "y": 0.5730953812599182,
            "z": -0.015668882057070732
        },
        "6": {
            "x": 0.5613468289375305,
            "y": 0.4581475853919983,
            "z": -0.01858975738286972
        },
        "7": {
            "x": 0.5840374827384949,
            "y": 0.3983464539051056,
            "z": -0.016582921147346497
        },
        "8": {
            "x": 0.5991902947425842,
            "y": 0.35432755947113037,
            "z": -0.014379489235579967
        },
        "9": {
            "x": 0.568088173866272,
            "y": 0.5806317925453186,
            "z": -0.0310567207634449
        },
        "10": {
            "x": 0.6046527624130249,
            "y": 0.45606616139411926,
            "z": -0.03483095392584801
        },
        "11": {
            "x": 0.6257979273796082,
            "y": 0.38754069805145264,
            "z": -0.03539245203137398
        },
        "12": {
            "x": 0.6390971541404724,
            "y": 0.33697742223739624,
            "z": -0.035471946001052856
        },
        "13": {
            "x": 0.6138604283332825,
            "y": 0.6002396941184998,
            "z": -0.04043528065085411
        },
        "14": {
            "x": 0.642410397529602,
            "y": 0.48551854491233826,
            "z": -0.04606437683105469
        },
        "15": {
            "x": 0.6553136706352234,
            "y": 0.41864287853240967,
            "z": -0.0552433617413044
        },
        "16": {
            "x": 0.6683781743049622,
            "y": 0.365204393863678,
            "z": -0.06287471950054169
        },
        "17": {
            "x": 0.6522949934005737,
            "y": 0.6258240938186646,
            "z": -0.044390950351953506
        },
        "18": {
            "x": 0.64791339635849,
            "y": 0.598267138004303,
            "z": -0.04018079489469528
        },
        "19": {
            "x": 0.6270459890365601,
            "y": 0.6226012706756592,
            "z": -0.033134639263153076
        },
        "20": {
            "x": 0.6201566457748413,
            "y": 0.6454539895057678,
            "z": -0.03015012852847576
        }
    }
}