{
    "ле": {
        "0": {
            "x": 0.5037302374839783,
            "y": 0.7734224796295166,
            "z": 6.890209647281154e-07
        },
        "1": {
            "x": 0.5300106406211853,
            "y": 0.6891719698905945,
            "z": -0.0002235333959106356
        },
        "2": {
            "x": 0.5403022170066833,
            "y": 0.6189902424812317,
            "z": -0.004663784988224506
        },
        "3": {
            "x": 0.5610383749008179,
            "y": 0.5887020230293274,
            "z": -0.0117354616522789
        },
        "4": {
            "x": 0.5807158946990967,
            "y": 0.5886029005050659,
            "z": -0.020036162808537483
        },
        "5": {
            "x": 0.46455782651901245,
            "y": 0.5635166168212891,
            "z": 0.00279329065233469
        },
        "6": {
            "x": 0.49879592657089233,
            "y": 0.4765145480632782,
            "z": -0.006695805583149195
        },
        "7": {
            "x": 0.5197516083717346,
            "y": 0.41996094584465027,
            "z": -0.017021771520376205
        },
        "8": {
            "x": 0.5320425629615784,
            "y": 0.3772825002670288,
            "z": -0.025030799210071564
        },
        "9": {
            "x": 0.46969449520111084,
            "y": 0.5692492127418518,
            "z": -0.009818951599299908
        },
        "10": {
            "x": 0.510413408279419,
            "y": 0.4766240119934082,
            "z": -0.01909487508237362
        },
        "11": {
            "x": 0.5339661240577698,
            "y": 0.41361063718795776,
            "z": -0.029940860345959663
        },
        "12": {
            "x": 0.549543023109436,
            "y": 0.3682120740413666,
            "z": -0.03662730008363724
        },
        "13": {
            "x": 0.4872285723686218,
            "y": 0.5864415764808655,
            "z": -0.023187952116131783
        },
        "14": {
            "x": 0.5268781185150146,
            "y": 0.5030660033226013,
            "z": -0.03513467684388161
        },
        "15": {
            "x": 0.5494782328605652,
            "y": 0.44445693492889404,
            "z": -0.050077568739652634
        },
        "16": {
            "x": 0.5650674104690552,
            "y": 0.3964720070362091,
            "z": -0.060831282287836075
        },
        "17": {
            "x": 0.5141866207122803,
            "y": 0.6125810742378235,
            "z": -0.03664742410182953
        },
        "18": {
            "x": 0.5526474714279175,
            "y": 0.594596266746521,
            "z": -0.04794642701745033
        },
        "19": {
            "x": 0.5701428055763245,
            "y": 0.6217499375343323,
            "z": -0.04944789782166481
        },
        "20": {
            "x": 0.5870152115821838,
            "y": 0.6537073850631714,
            "z": -0.0497073195874691
        }
    }
}