{
    "ле": {
        "0": {
            "x": 0.4982214570045471,
            "y": 0.7412863373756409,
            "z": 4.770635086970287e-07
        },
        "1": {
            "x": 0.4669021964073181,
            "y": 0.6651321649551392,
            "z": 0.0196051187813282
        },
        "2": {
            "x": 0.47369763255119324,
            "y": 0.5959806442260742,
            "z": 0.022169634699821472
        },
        "3": {
            "x": 0.5073100328445435,
            "y": 0.5643941760063171,
            "z": 0.021883202716708183
        },
        "4": {
            "x": 0.5403071641921997,
            "y": 0.54840487241745,
            "z": 0.018201202154159546
        },
        "5": {
            "x": 0.44844040274620056,
            "y": 0.5517936944961548,
            "z": -0.01179249957203865
        },
        "6": {
            "x": 0.48096445202827454,
            "y": 0.4492625594139099,
            "z": -0.01875435933470726
        },
        "7": {
            "x": 0.5006340146064758,
            "y": 0.3917456567287445,
            "z": -0.020210444927215576
        },
        "8": {
            "x": 0.5127968192100525,
            "y": 0.3496050238609314,
            "z": -0.021119387820363045
        },
        "9": {
            "x": 0.48132187128067017,
            "y": 0.55671626329422,
            "z": -0.02958947792649269
        },
        "10": {
            "x": 0.5167980194091797,
            "y": 0.4466712474822998,
            "z": -0.0349603146314621
        },
        "11": {
            "x": 0.5360791087150574,
            "y": 0.3832460641860962,
            "z": -0.03880805894732475
        },
        "12": {
            "x": 0.5476269125938416,
            "y": 0.33550238609313965,
            "z": -0.04171781614422798
        },
        "13": {
            "x": 0.5166680216789246,
            "y": 0.5760146379470825,
            "z": -0.044191427528858185
        },
        "14": {
            "x": 0.5467166304588318,
            "y": 0.4805391728878021,
            "z": -0.05078649893403053
        },
        "15": {
            "x": 0.5627812743186951,
            "y": 0.4211704134941101,
            "z": -0.061629705131053925
        },
        "16": {
            "x": 0.5739195942878723,
            "y": 0.373625248670578,
            "z": -0.0711120143532753
        },
        "17": {
            "x": 0.5511112809181213,
            "y": 0.6052319407463074,
            "z": -0.055622465908527374
        },
        "18": {
            "x": 0.54917973279953,
            "y": 0.5793920755386353,
            "z": -0.05988899990916252
        },
        "19": {
            "x": 0.5346910953521729,
            "y": 0.5873188972473145,
            "z": -0.06012267246842384
        },
        "20": {
            "x": 0.5263051390647888,
            "y": 0.5974303483963013,
            "z": -0.06133512407541275
        }
    }
}