{
    "ле": {
        "0": {
            "x": 0.5182010531425476,
            "y": 0.8037827610969543,
            "z": 2.2338151950407337e-07
        },
        "1": {
            "x": 0.5757988691329956,
            "y": 0.753303050994873,
            "z": 0.05455772578716278
        },
        "2": {
            "x": 0.5993424654006958,
            "y": 0.6917957663536072,
            "z": 0.0858570858836174
        },
        "3": {
            "x": 0.6065742373466492,
            "y": 0.6352863907814026,
            "z": 0.11137905716896057
        },
        "4": {
            "x": 0.6034472584724426,
            "y": 0.60293048620224,
            "z": 0.1358666568994522
        },
        "5": {
            "x": 0.5584041476249695,
            "y": 0.5873007774353027,
            "z": 0.045444853603839874
        },
        "6": {
            "x": 0.5490931868553162,
            "y": 0.4686810374259949,
            "z": 0.07481681555509567
        },
        "7": {
            "x": 0.5435693264007568,
            "y": 0.41318997740745544,
            "z": 0.09866321086883545
        },
        "8": {
            "x": 0.5368617177009583,
            "y": 0.3678305745124817,
            "z": 0.11286358535289764
        },
        "9": {
            "x": 0.5442019701004028,
            "y": 0.5656470656394958,
            "z": 0.029622215777635574
        },
        "10": {
            "x": 0.5641645789146423,
            "y": 0.43076586723327637,
            "z": 0.03960975259542465
        },
        "11": {
            "x": 0.5745654702186584,
            "y": 0.36227673292160034,
            "z": 0.0460832454264164
        },
        "12": {
            "x": 0.5830194354057312,
            "y": 0.31124362349510193,
            "z": 0.05271110683679581
        },
        "13": {
            "x": 0.5280197262763977,
            "y": 0.5702242255210876,
            "z": 0.021527163684368134
        },
        "14": {
            "x": 0.5630151033401489,
            "y": 0.4544025659561157,
            "z": 0.034759942442178726
        },
        "15": {
            "x": 0.5835443139076233,
            "y": 0.39646267890930176,
            "z": 0.035191819071769714
        },
        "16": {
            "x": 0.6029769778251648,
            "y": 0.3522220253944397,
            "z": 0.034078486263751984
        },
        "17": {
            "x": 0.5124303102493286,
            "y": 0.5896628499031067,
            "z": 0.020086154341697693
        },
        "18": {
            "x": 0.5310237407684326,
            "y": 0.5380016565322876,
            "z": 0.041200362145900726
        },
        "19": {
            "x": 0.5406064391136169,
            "y": 0.5426315665245056,
            "z": 0.05334566533565521
        },
        "20": {
            "x": 0.552620530128479,
            "y": 0.5590590834617615,
            "z": 0.060373205691576004
        }
    }
}