{
    "ле": {
        "0": {
            "x": 0.5198922753334045,
            "y": 0.7983273267745972,
            "z": 1.8185956207616982e-07
        },
        "1": {
            "x": 0.5906106233596802,
            "y": 0.7575527429580688,
            "z": 0.024578623473644257
        },
        "2": {
            "x": 0.6192027926445007,
            "y": 0.6991193294525146,
            "z": 0.042315538972616196
        },
        "3": {
            "x": 0.6252447366714478,
            "y": 0.6450697183609009,
            "z": 0.05715586245059967
        },
        "4": {
            "x": 0.6193972826004028,
            "y": 0.6086676120758057,
            "z": 0.07179661095142365
        },
        "5": {
            "x": 0.5919483304023743,
            "y": 0.6014295220375061,
            "z": 0.02571663074195385
        },
        "6": {
            "x": 0.6031191349029541,
            "y": 0.5065016746520996,
            "z": 0.03295533359050751
        },
        "7": {
            "x": 0.602409839630127,
            "y": 0.46011191606521606,
            "z": 0.04016678407788277
        },
        "8": {
            "x": 0.6007542014122009,
            "y": 0.42699435353279114,
            "z": 0.04454772546887398
        },
        "9": {
            "x": 0.5593252778053284,
            "y": 0.5715243220329285,
            "z": 0.013452500104904175
        },
        "10": {
            "x": 0.5831908583641052,
            "y": 0.448213130235672,
            "z": 0.008000440895557404
        },
        "11": {
            "x": 0.5952179431915283,
            "y": 0.37911272048950195,
            "z": 0.005951454397290945
        },
        "12": {
            "x": 0.6037942171096802,
            "y": 0.32479846477508545,
            "z": 0.007262593600898981
        },
        "13": {
            "x": 0.5255482196807861,
            "y": 0.5604714751243591,
            "z": 0.0029073767364025116
        },
        "14": {
            "x": 0.5396307706832886,
            "y": 0.44330310821533203,
            "z": -0.006940688472241163
        },
        "15": {
            "x": 0.5513378977775574,
            "y": 0.38066524267196655,
            "z": -0.016170065850019455
        },
        "16": {
            "x": 0.5615728497505188,
            "y": 0.32777443528175354,
            "z": -0.020281072705984116
        },
        "17": {
            "x": 0.49401506781578064,
            "y": 0.5642979145050049,
            "z": -0.0037898856680840254
        },
        "18": {
            "x": 0.49566787481307983,
            "y": 0.4664496183395386,
            "z": -0.01351014431566
        },
        "19": {
            "x": 0.5007453560829163,
            "y": 0.4115631580352783,
            "z": -0.019401930272579193
        },
        "20": {
            "x": 0.5103706121444702,
            "y": 0.36420804262161255,
            "z": -0.022242162376642227
        }
    }
}