{
    "ле": {
        "0": {
            "x": 0.44533559679985046,
            "y": 0.8589991927146912,
            "z": 4.407039000398072e-07
        },
        "1": {
            "x": 0.4071124196052551,
            "y": 0.760796070098877,
            "z": 0.02878815308213234
        },
        "2": {
            "x": 0.4216820299625397,
            "y": 0.6712896823883057,
            "z": 0.03947371989488602
        },
        "3": {
            "x": 0.47455307841300964,
            "y": 0.6276125907897949,
            "z": 0.049135033041238785
        },
        "4": {
            "x": 0.5182356834411621,
            "y": 0.614823579788208,
            "z": 0.058510638773441315
        },
        "5": {
            "x": 0.3833898901939392,
            "y": 0.6078198552131653,
            "z": -0.002315349644050002
        },
        "6": {
            "x": 0.3847518563270569,
            "y": 0.4786301851272583,
            "z": -0.004846444819122553
        },
        "7": {
            "x": 0.3867620527744293,
            "y": 0.4028230905532837,
            "z": -0.00228293938562274
        },
        "8": {
            "x": 0.3893641233444214,
            "y": 0.3414752781391144,
            "z": -0.0009808953618630767
        },
        "9": {
            "x": 0.4304471015930176,
            "y": 0.6101122498512268,
            "z": -0.020237019285559654
        },
        "10": {
            "x": 0.4472061097621918,
            "y": 0.4626557230949402,
            "z": -0.0324588418006897
        },
        "11": {
            "x": 0.4602743983268738,
            "y": 0.3766726851463318,
            "z": -0.03881707042455673
        },
        "12": {
            "x": 0.47172683477401733,
            "y": 0.3131546676158905,
            "z": -0.041223231703042984
        },
        "13": {
            "x": 0.47955742478370667,
            "y": 0.63283771276474,
            "z": -0.03295233100652695
        },
        "14": {
            "x": 0.5190494060516357,
            "y": 0.5133277177810669,
            "z": -0.047200001776218414
        },
        "15": {
            "x": 0.5385539531707764,
            "y": 0.4421519935131073,
            "z": -0.059065185487270355
        },
        "16": {
            "x": 0.5576767921447754,
            "y": 0.3860512971878052,
            "z": -0.06531501561403275
        },
        "17": {
            "x": 0.5252609848976135,
            "y": 0.6711700558662415,
            "z": -0.0402105487883091
        },
        "18": {
            "x": 0.5265375971794128,
            "y": 0.6263262033462524,
            "z": -0.039521727710962296
        },
        "19": {
            "x": 0.504701554775238,
            "y": 0.655465304851532,
            "z": -0.030166422948241234
        },
        "20": {
            "x": 0.49800556898117065,
            "y": 0.6848133206367493,
            "z": -0.024080460891127586
        }
    }
}