{
    "ле": {
        "0": {
            "x": 0.3389378786087036,
            "y": 0.8914536237716675,
            "z": 1.3384899943957862e-07
        },
        "1": {
            "x": 0.35327354073524475,
            "y": 0.8229889273643494,
            "z": 0.03278687596321106
        },
        "2": {
            "x": 0.3734796345233917,
            "y": 0.7256911993026733,
            "z": 0.05888378620147705
        },
        "3": {
            "x": 0.3995683789253235,
            "y": 0.6587417125701904,
            "z": 0.0877886712551117
        },
        "4": {
            "x": 0.4119406044483185,
            "y": 0.6143113970756531,
            "z": 0.11768244951963425
        },
        "5": {
            "x": 0.3075006604194641,
            "y": 0.6163356900215149,
            "z": 0.005891893524676561
        },
        "6": {
            "x": 0.3009271025657654,
            "y": 0.4792604446411133,
            "z": 0.012822660617530346
        },
        "7": {
            "x": 0.30220675468444824,
            "y": 0.4052942395210266,
            "z": 0.02240745723247528
        },
        "8": {
            "x": 0.3018029034137726,
            "y": 0.34889259934425354,
            "z": 0.029991235584020615
        },
        "9": {
            "x": 0.32882818579673767,
            "y": 0.615226686000824,
            "z": -0.005684416275471449
        },
        "10": {
            "x": 0.3464418649673462,
            "y": 0.4596406817436218,
            "z": -0.005486080888658762
        },
        "11": {
            "x": 0.361652672290802,
            "y": 0.3808886408805847,
            "z": -0.004588460549712181
        },
        "12": {
            "x": 0.3702118694782257,
            "y": 0.31663796305656433,
            "z": -0.001931451726704836
        },
        "13": {
            "x": 0.3550853133201599,
            "y": 0.6310626268386841,
            "z": -0.012124031782150269
        },
        "14": {
            "x": 0.39945077896118164,
            "y": 0.5048463940620422,
            "z": -0.016579175367951393
        },
        "15": {
            "x": 0.42284095287323,
            "y": 0.4348721504211426,
            "z": -0.029695818200707436
        },
        "16": {
            "x": 0.4421244263648987,
            "y": 0.3705978989601135,
            "z": -0.03836393728852272
        },
        "17": {
            "x": 0.38513898849487305,
            "y": 0.6675573587417603,
            "z": -0.012524986639618874
        },
        "18": {
            "x": 0.40602031350135803,
            "y": 0.6190354824066162,
            "z": -0.0035389906261116266
        },
        "19": {
            "x": 0.3998129963874817,
            "y": 0.6424285769462585,
            "z": 0.004636996425688267
        },
        "20": {
            "x": 0.4002436399459839,
            "y": 0.6730883717536926,
            "z": 0.008838329464197159
        }
    }
}