{
    "лю": {
        "0": {
            "x": 0.5640523433685303,
            "y": 0.07998692989349365,
            "z": 9.527219049232372e-07
        },
        "1": {
            "x": 0.6634311676025391,
            "y": 0.1315641552209854,
            "z": 0.010964769870042801
        },
        "2": {
            "x": 0.7287296652793884,
            "y": 0.23282918334007263,
            "z": -0.0027918925043195486
        },
        "3": {
            "x": 0.7481904029846191,
            "y": 0.34132450819015503,
            "z": -0.017894450575113297
        },
        "4": {
            "x": 0.7446736097335815,
            "y": 0.4340400695800781,
            "z": -0.03394654020667076
        },
        "5": {
            "x": 0.765129029750824,
            "y": 0.25175946950912476,
            "z": -0.059719763696193695
        },
        "6": {
            "x": 0.8141688108444214,
            "y": 0.4333052635192871,
            "z": -0.09205519407987595
        },
        "7": {
            "x": 0.8215120434761047,
            "y": 0.537120521068573,
            "z": -0.10533791780471802
        },
        "8": {
            "x": 0.818365216255188,
            "y": 0.6106364130973816,
            "z": -0.10950914770364761
        },
        "9": {
            "x": 0.7111546993255615,
            "y": 0.264764666557312,
            "z": -0.08116934448480606
        },
        "10": {
            "x": 0.7584896087646484,
            "y": 0.4728086590766907,
            "z": -0.1072913184762001
        },
        "11": {
            "x": 0.7747054100036621,
            "y": 0.5917172431945801,
            "z": -0.11286242306232452
        },
        "12": {
            "x": 0.7823473215103149,
            "y": 0.6728605031967163,
            "z": -0.11527279764413834
        },
        "13": {
            "x": 0.6492220163345337,
            "y": 0.2800688147544861,
            "z": -0.09837915748357773
        },
        "14": {
            "x": 0.6833429336547852,
            "y": 0.4752856194972992,
            "z": -0.11462323367595673
        },
        "15": {
            "x": 0.697089672088623,
            "y": 0.5814391374588013,
            "z": -0.11181147396564484
        },
        "16": {
            "x": 0.7075580954551697,
            "y": 0.653687596321106,
            "z": -0.10934949666261673
        },
        "17": {
            "x": 0.5850607752799988,
            "y": 0.2923692464828491,
            "z": -0.11377894878387451
        },
        "18": {
            "x": 0.6174368858337402,
            "y": 0.43612074851989746,
            "z": -0.11793116480112076
        },
        "19": {
            "x": 0.6343123912811279,
            "y": 0.5086172819137573,
            "z": -0.10641724616289139
        },
        "20": {
            "x": 0.6484701633453369,
            "y": 0.5633301734924316,
            "z": -0.09695412218570709
        }
    }
}