{
    "лю": {
        "0": {
            "x": 0.5584097504615784,
            "y": 0.11449775099754333,
            "z": 9.362527180201141e-07
        },
        "1": {
            "x": 0.6641395092010498,
            "y": 0.1661897748708725,
            "z": 0.023981692269444466
        },
        "2": {
            "x": 0.7223777174949646,
            "y": 0.2690487205982208,
            "z": 0.015890711918473244
        },
        "3": {
            "x": 0.7337694764137268,
            "y": 0.38004207611083984,
            "z": 0.004902407992631197
        },
        "4": {
            "x": 0.7243232727050781,
            "y": 0.4720793664455414,
            "z": -0.0070680188946425915
        },
        "5": {
            "x": 0.7683867812156677,
            "y": 0.29290395975112915,
            "z": -0.05093184486031532
        },
        "6": {
            "x": 0.8085497617721558,
            "y": 0.48369574546813965,
            "z": -0.08013823628425598
        },
        "7": {
            "x": 0.80604088306427,
            "y": 0.5882729291915894,
            "z": -0.09076317399740219
        },
        "8": {
            "x": 0.7967264652252197,
            "y": 0.6591471433639526,
            "z": -0.09263303130865097
        },
        "9": {
            "x": 0.7138698697090149,
            "y": 0.3009871542453766,
            "z": -0.07671082019805908
        },
        "10": {
            "x": 0.7505402565002441,
            "y": 0.524512767791748,
            "z": -0.1055837869644165
        },
        "11": {
            "x": 0.7577258348464966,
            "y": 0.6439398527145386,
            "z": -0.10834290087223053
        },
        "12": {
            "x": 0.7607599496841431,
            "y": 0.7220451831817627,
            "z": -0.10654743760824203
        },
        "13": {
            "x": 0.6507394909858704,
            "y": 0.31398478150367737,
            "z": -0.09680493175983429
        },
        "14": {
            "x": 0.6750702857971191,
            "y": 0.5180768966674805,
            "z": -0.11488612741231918
        },
        "15": {
            "x": 0.6853043437004089,
            "y": 0.6217986345291138,
            "z": -0.10724227130413055
        },
        "16": {
            "x": 0.6955108642578125,
            "y": 0.6896257400512695,
            "z": -0.09904807060956955
        },
        "17": {
            "x": 0.5849350690841675,
            "y": 0.3256150782108307,
            "z": -0.11361727118492126
        },
        "18": {
            "x": 0.6152057647705078,
            "y": 0.4793153703212738,
            "z": -0.11115791648626328
        },
        "19": {
            "x": 0.6276405453681946,
            "y": 0.5354965925216675,
            "z": -0.08967380970716476
        },
        "20": {
            "x": 0.6372395753860474,
            "y": 0.5693025588989258,
            "z": -0.07262362539768219
        }
    }
}