{
    "лю": {
        "0": {
            "x": 0.41496989130973816,
            "y": 0.1968785524368286,
            "z": 8.556864372621931e-07
        },
        "1": {
            "x": 0.515393853187561,
            "y": 0.2317914217710495,
            "z": 0.0032385990489274263
        },
        "2": {
            "x": 0.5810796618461609,
            "y": 0.34974679350852966,
            "z": -0.00866944994777441
        },
        "3": {
            "x": 0.5984111428260803,
            "y": 0.4721197187900543,
            "z": -0.01893698424100876
        },
        "4": {
            "x": 0.5963530540466309,
            "y": 0.5711122751235962,
            "z": -0.029098674654960632
        },
        "5": {
            "x": 0.6139363050460815,
            "y": 0.36681002378463745,
            "z": -0.061523765325546265
        },
        "6": {
            "x": 0.6568903923034668,
            "y": 0.5558196306228638,
            "z": -0.0853661373257637
        },
        "7": {
            "x": 0.6687535047531128,
            "y": 0.6602605581283569,
            "z": -0.09125920385122299
        },
        "8": {
            "x": 0.6726927161216736,
            "y": 0.7337172031402588,
            "z": -0.09050744771957397
        },
        "9": {
            "x": 0.5503066182136536,
            "y": 0.3896746039390564,
            "z": -0.07521414756774902
        },
        "10": {
            "x": 0.599211573600769,
            "y": 0.6029013395309448,
            "z": -0.0947893038392067
        },
        "11": {
            "x": 0.6199560761451721,
            "y": 0.724458634853363,
            "z": -0.0969930961728096
        },
        "12": {
            "x": 0.6312462687492371,
            "y": 0.8097372055053711,
            "z": -0.09751564264297485
        },
        "13": {
            "x": 0.4871630370616913,
            "y": 0.41596028208732605,
            "z": -0.08456989377737045
        },
        "14": {
            "x": 0.5316479206085205,
            "y": 0.6127434968948364,
            "z": -0.09688923507928848
        },
        "15": {
            "x": 0.5545269846916199,
            "y": 0.7084418535232544,
            "z": -0.0934254452586174
        },
        "16": {
            "x": 0.5696582198143005,
            "y": 0.7726258039474487,
            "z": -0.09049160033464432
        },
        "17": {
            "x": 0.4324910342693329,
            "y": 0.4398631453514099,
            "z": -0.09237010031938553
        },
        "18": {
            "x": 0.4859465956687927,
            "y": 0.5777802467346191,
            "z": -0.09243068099021912
        },
        "19": {
            "x": 0.5141794085502625,
            "y": 0.6236172318458557,
            "z": -0.0794772058725357
        },
        "20": {
            "x": 0.5338619351387024,
            "y": 0.6548832058906555,
            "z": -0.06952086836099625
        }
    }
}