{
    "лю": {
        "0": {
            "x": 0.2672247588634491,
            "y": 0.11032237112522125,
            "z": 8.979462791103288e-07
        },
        "1": {
            "x": 0.35756799578666687,
            "y": 0.1513265073299408,
            "z": -0.007616810500621796
        },
        "2": {
            "x": 0.41677096486091614,
            "y": 0.26735320687294006,
            "z": -0.024798471480607986
        },
        "3": {
            "x": 0.4294317662715912,
            "y": 0.38471588492393494,
            "z": -0.03876211494207382
        },
        "4": {
            "x": 0.42452526092529297,
            "y": 0.47161799669265747,
            "z": -0.05287871137261391
        },
        "5": {
            "x": 0.43803688883781433,
            "y": 0.2654634714126587,
            "z": -0.0732639729976654
        },
        "6": {
            "x": 0.4884644150733948,
            "y": 0.4339468479156494,
            "z": -0.10385527461767197
        },
        "7": {
            "x": 0.5026455521583557,
            "y": 0.5375726222991943,
            "z": -0.11681243777275085
        },
        "8": {
            "x": 0.5064516663551331,
            "y": 0.6145435571670532,
            "z": -0.12126128375530243
        },
        "9": {
            "x": 0.37723228335380554,
            "y": 0.28017130494117737,
            "z": -0.08424068242311478
        },
        "10": {
            "x": 0.4291301965713501,
            "y": 0.46890413761138916,
            "z": -0.11009109765291214
        },
        "11": {
            "x": 0.4533402919769287,
            "y": 0.5822194814682007,
            "z": -0.1193196177482605
        },
        "12": {
            "x": 0.4671366810798645,
            "y": 0.6622574925422668,
            "z": -0.1250171810388565
        },
        "13": {
            "x": 0.3169184923171997,
            "y": 0.3026408553123474,
            "z": -0.09202346950769424
        },
        "14": {
            "x": 0.3622693717479706,
            "y": 0.486005038022995,
            "z": -0.11119022965431213
        },
        "15": {
            "x": 0.38888323307037354,
            "y": 0.5932182669639587,
            "z": -0.11955912411212921
        },
        "16": {
            "x": 0.40684545040130615,
            "y": 0.6672918796539307,
            "z": -0.12506167590618134
        },
        "17": {
            "x": 0.26642823219299316,
            "y": 0.3272692859172821,
            "z": -0.09874016046524048
        },
        "18": {
            "x": 0.30032938718795776,
            "y": 0.46725958585739136,
            "z": -0.10976789146661758
        },
        "19": {
            "x": 0.3164774179458618,
            "y": 0.5458790063858032,
            "z": -0.109816774725914
        },
        "20": {
            "x": 0.32804855704307556,
            "y": 0.6081721186637878,
            "z": -0.10905719548463821
        }
    }
}