{
    "лю": {
        "0": {
            "x": 0.5124770998954773,
            "y": 0.10518710315227509,
            "z": 9.331827754976985e-07
        },
        "1": {
            "x": 0.6016311049461365,
            "y": 0.14187856018543243,
            "z": -0.0020472693722695112
        },
        "2": {
            "x": 0.6668426394462585,
            "y": 0.24420522153377533,
            "z": -0.017958294600248337
        },
        "3": {
            "x": 0.6880252361297607,
            "y": 0.3555614650249481,
            "z": -0.03151516243815422
        },
        "4": {
            "x": 0.6931025981903076,
            "y": 0.44700896739959717,
            "z": -0.045626863837242126
        },
        "5": {
            "x": 0.6974379420280457,
            "y": 0.2548660635948181,
            "z": -0.07017599791288376
        },
        "6": {
            "x": 0.743911862373352,
            "y": 0.4259646534919739,
            "z": -0.10242293030023575
        },
        "7": {
            "x": 0.7555631399154663,
            "y": 0.5325894355773926,
            "z": -0.11705680191516876
        },
        "8": {
            "x": 0.7574308514595032,
            "y": 0.6122263669967651,
            "z": -0.12319763004779816
        },
        "9": {
            "x": 0.6429995894432068,
            "y": 0.2698095738887787,
            "z": -0.0844525396823883
        },
        "10": {
            "x": 0.6859889626502991,
            "y": 0.4622468948364258,
            "z": -0.11110880225896835
        },
        "11": {
            "x": 0.703080415725708,
            "y": 0.58290696144104,
            "z": -0.12118823081254959
        },
        "12": {
            "x": 0.7116340398788452,
            "y": 0.6698142290115356,
            "z": -0.12825129926204681
        },
        "13": {
            "x": 0.5839541554450989,
            "y": 0.289909690618515,
            "z": -0.09519599378108978
        },
        "14": {
            "x": 0.6177778840065002,
            "y": 0.4693983793258667,
            "z": -0.11576841026544571
        },
        "15": {
            "x": 0.6338724493980408,
            "y": 0.573623538017273,
            "z": -0.12202252447605133
        },
        "16": {
            "x": 0.6445927023887634,
            "y": 0.6466844081878662,
            "z": -0.12641505897045135
        },
        "17": {
            "x": 0.5276398658752441,
            "y": 0.3104712963104248,
            "z": -0.10440170764923096
        },
        "18": {
            "x": 0.568417489528656,
            "y": 0.42690765857696533,
            "z": -0.11484133452177048
        },
        "19": {
            "x": 0.5887815952301025,
            "y": 0.4720456004142761,
            "z": -0.11110973358154297
        },
        "20": {
            "x": 0.6026315093040466,
            "y": 0.5057576298713684,
            "z": -0.10811475664377213
        }
    }
}