{
    "лю": {
        "0": {
            "x": 0.5892704129219055,
            "y": 0.14917492866516113,
            "z": 9.577645414537983e-07
        },
        "1": {
            "x": 0.6922287940979004,
            "y": 0.18789683282375336,
            "z": 0.014748422428965569
        },
        "2": {
            "x": 0.7552982568740845,
            "y": 0.28629496693611145,
            "z": 0.0028471476398408413
        },
        "3": {
            "x": 0.7726796269416809,
            "y": 0.39327484369277954,
            "z": -0.011104032397270203
        },
        "4": {
            "x": 0.768291711807251,
            "y": 0.48063647747039795,
            "z": -0.02651410922408104
        },
        "5": {
            "x": 0.7922651171684265,
            "y": 0.30802884697914124,
            "z": -0.056440941989421844
        },
        "6": {
            "x": 0.8349916338920593,
            "y": 0.4937508702278137,
            "z": -0.0851503536105156
        },
        "7": {
            "x": 0.8398827314376831,
            "y": 0.5968056917190552,
            "z": -0.09636426717042923
        },
        "8": {
            "x": 0.8366400003433228,
            "y": 0.6694013476371765,
            "z": -0.09925796836614609
        },
        "9": {
            "x": 0.7399467825889587,
            "y": 0.31901106238365173,
            "z": -0.07854759693145752
        },
        "10": {
            "x": 0.7852071523666382,
            "y": 0.529760479927063,
            "z": -0.10357958823442459
        },
        "11": {
            "x": 0.8022124171257019,
            "y": 0.647052526473999,
            "z": -0.10722941905260086
        },
        "12": {
            "x": 0.8108521699905396,
            "y": 0.7249665260314941,
            "z": -0.10799700766801834
        },
        "13": {
            "x": 0.6790809631347656,
            "y": 0.3363018333911896,
            "z": -0.09586767107248306
        },
        "14": {
            "x": 0.7150968909263611,
            "y": 0.5348595976829529,
            "z": -0.11154168844223022
        },
        "15": {
            "x": 0.7304098606109619,
            "y": 0.6375597715377808,
            "z": -0.10755055397748947
        },
        "16": {
            "x": 0.7414778470993042,
            "y": 0.7029041051864624,
            "z": -0.10357141494750977
        },
        "17": {
            "x": 0.6162174940109253,
            "y": 0.35436323285102844,
            "z": -0.11095847934484482
        },
        "18": {
            "x": 0.6502187848091125,
            "y": 0.5123404860496521,
            "z": -0.11199695616960526
        },
        "19": {
            "x": 0.6627892851829529,
            "y": 0.5794140100479126,
            "z": -0.09715377539396286
        },
        "20": {
            "x": 0.6726548075675964,
            "y": 0.6219367980957031,
            "z": -0.0855182409286499
        }
    }
}