{
    "лю": {
        "0": {
            "x": 0.4701310992240906,
            "y": 0.48765334486961365,
            "z": 3.829323134141305e-07
        },
        "1": {
            "x": 0.5251981019973755,
            "y": 0.531471312046051,
            "z": 0.0005113848019391298
        },
        "2": {
            "x": 0.5390148758888245,
            "y": 0.5998941659927368,
            "z": -0.006062120199203491
        },
        "3": {
            "x": 0.5258358716964722,
            "y": 0.6631531715393066,
            "z": -0.008412498980760574
        },
        "4": {
            "x": 0.5100646615028381,
            "y": 0.7054439187049866,
            "z": -0.011845739558339119
        },
        "5": {
            "x": 0.5368777513504028,
            "y": 0.6168811917304993,
            "z": -0.050756923854351044
        },
        "6": {
            "x": 0.5640614032745361,
            "y": 0.7032753825187683,
            "z": -0.06626537442207336
        },
        "7": {
            "x": 0.5768029093742371,
            "y": 0.7592840194702148,
            "z": -0.07219145447015762
        },
        "8": {
            "x": 0.5866391062736511,
            "y": 0.8038647174835205,
            "z": -0.07453956454992294
        },
        "9": {
            "x": 0.49237725138664246,
            "y": 0.6260173320770264,
            "z": -0.05472736433148384
        },
        "10": {
            "x": 0.48845046758651733,
            "y": 0.7406935691833496,
            "z": -0.06531806290149689
        },
        "11": {
            "x": 0.48129206895828247,
            "y": 0.8052339553833008,
            "z": -0.06662255525588989
        },
        "12": {
            "x": 0.47684136033058167,
            "y": 0.8494637608528137,
            "z": -0.06748981028795242
        },
        "13": {
            "x": 0.4553999900817871,
            "y": 0.6247587203979492,
            "z": -0.05454769730567932
        },
        "14": {
            "x": 0.4439672529697418,
            "y": 0.7301349639892578,
            "z": -0.06457339972257614
        },
        "15": {
            "x": 0.44184771180152893,
            "y": 0.7873964905738831,
            "z": -0.06757181137800217
        },
        "16": {
            "x": 0.44101718068122864,
            "y": 0.8239153623580933,
            "z": -0.06901010125875473
        },
        "17": {
            "x": 0.4288119673728943,
            "y": 0.6189587712287903,
            "z": -0.051934804767370224
        },
        "18": {
            "x": 0.43404847383499146,
            "y": 0.6847298741340637,
            "z": -0.05444653332233429
        },
        "19": {
            "x": 0.44928377866744995,
            "y": 0.6912815570831299,
            "z": -0.04714664816856384
        },
        "20": {
            "x": 0.4608691930770874,
            "y": 0.6859254240989685,
            "z": -0.0414375402033329
        }
    }
}