{
    "лю": {
        "0": {
            "x": 0.48839354515075684,
            "y": 0.4736712872982025,
            "z": 3.8579446481890045e-07
        },
        "1": {
            "x": 0.5464125871658325,
            "y": 0.5210914611816406,
            "z": -0.002342686289921403
        },
        "2": {
            "x": 0.5618973970413208,
            "y": 0.5943064093589783,
            "z": -0.010942199267446995
        },
        "3": {
            "x": 0.5433818101882935,
            "y": 0.6542944312095642,
            "z": -0.01567637361586094
        },
        "4": {
            "x": 0.5233132839202881,
            "y": 0.6898724436759949,
            "z": -0.02090602181851864
        },
        "5": {
            "x": 0.5615167617797852,
            "y": 0.6091620922088623,
            "z": -0.05002040043473244
        },
        "6": {
            "x": 0.585288405418396,
            "y": 0.695425808429718,
            "z": -0.06871454417705536
        },
        "7": {
            "x": 0.6002983450889587,
            "y": 0.7501726150512695,
            "z": -0.07819566130638123
        },
        "8": {
            "x": 0.6137630939483643,
            "y": 0.7954212427139282,
            "z": -0.08407087624073029
        },
        "9": {
            "x": 0.5175774693489075,
            "y": 0.6115856766700745,
            "z": -0.05469438433647156
        },
        "10": {
            "x": 0.5142828822135925,
            "y": 0.7140728831291199,
            "z": -0.0742173120379448
        },
        "11": {
            "x": 0.5092788338661194,
            "y": 0.7798365354537964,
            "z": -0.08427537977695465
        },
        "12": {
            "x": 0.5061701536178589,
            "y": 0.8324069976806641,
            "z": -0.09152139723300934
        },
        "13": {
            "x": 0.48102477192878723,
            "y": 0.6079685688018799,
            "z": -0.05572083592414856
        },
        "14": {
            "x": 0.47435519099235535,
            "y": 0.7029464840888977,
            "z": -0.07452502101659775
        },
        "15": {
            "x": 0.4701182246208191,
            "y": 0.7662534117698669,
            "z": -0.08429714292287827
        },
        "16": {
            "x": 0.4665655791759491,
            "y": 0.8130584955215454,
            "z": -0.08932635188102722
        },
        "17": {
            "x": 0.454424649477005,
            "y": 0.6061095595359802,
            "z": -0.05441955476999283
        },
        "18": {
            "x": 0.46354955434799194,
            "y": 0.6811670660972595,
            "z": -0.06573367863893509
        },
        "19": {
            "x": 0.47548097372055054,
            "y": 0.7084540724754333,
            "z": -0.0663413405418396
        },
        "20": {
            "x": 0.48383644223213196,
            "y": 0.7282683849334717,
            "z": -0.06591920554637909
        }
    }
}