{
    "лю": {
        "0": {
            "x": 0.4957449436187744,
            "y": 0.47402483224868774,
            "z": 4.089564527021139e-07
        },
        "1": {
            "x": 0.5541236400604248,
            "y": 0.5165306329727173,
            "z": -0.002578874584287405
        },
        "2": {
            "x": 0.5677420496940613,
            "y": 0.591964602470398,
            "z": -0.012048398144543171
        },
        "3": {
            "x": 0.5492390990257263,
            "y": 0.6546048521995544,
            "z": -0.01642637327313423
        },
        "4": {
            "x": 0.5277432203292847,
            "y": 0.6908870339393616,
            "z": -0.021650321781635284
        },
        "5": {
            "x": 0.5650826096534729,
            "y": 0.6097462773323059,
            "z": -0.061850856989622116
        },
        "6": {
            "x": 0.5875825881958008,
            "y": 0.6976149678230286,
            "z": -0.08647286146879196
        },
        "7": {
            "x": 0.6027001738548279,
            "y": 0.7543920278549194,
            "z": -0.10141225159168243
        },
        "8": {
            "x": 0.6155205368995667,
            "y": 0.8001919984817505,
            "z": -0.11130444705486298
        },
        "9": {
            "x": 0.5217916965484619,
            "y": 0.6122729778289795,
            "z": -0.06573408842086792
        },
        "10": {
            "x": 0.5124823451042175,
            "y": 0.712370753288269,
            "z": -0.09093932807445526
        },
        "11": {
            "x": 0.5063615441322327,
            "y": 0.7779013514518738,
            "z": -0.10631522536277771
        },
        "12": {
            "x": 0.5028455853462219,
            "y": 0.8287047147750854,
            "z": -0.11779226362705231
        },
        "13": {
            "x": 0.48417118191719055,
            "y": 0.6093563437461853,
            "z": -0.06486403197050095
        },
        "14": {
            "x": 0.4739256799221039,
            "y": 0.7040585279464722,
            "z": -0.08590594679117203
        },
        "15": {
            "x": 0.46795234084129333,
            "y": 0.7654045820236206,
            "z": -0.09762906283140182
        },
        "16": {
            "x": 0.462094783782959,
            "y": 0.811402440071106,
            "z": -0.10467301309108734
        },
        "17": {
            "x": 0.45264431834220886,
            "y": 0.6087813377380371,
            "z": -0.06123149394989014
        },
        "18": {
            "x": 0.45311567187309265,
            "y": 0.6819825172424316,
            "z": -0.0741792768239975
        },
        "19": {
            "x": 0.46085554361343384,
            "y": 0.7101092338562012,
            "z": -0.07606743276119232
        },
        "20": {
            "x": 0.4678241014480591,
            "y": 0.7332983016967773,
            "z": -0.0767410546541214
        }
    }
}