{
    "лю": {
        "0": {
            "x": 0.48238036036491394,
            "y": 0.45939332246780396,
            "z": 3.6287582361183013e-07
        },
        "1": {
            "x": 0.5399845838546753,
            "y": 0.5001310706138611,
            "z": -0.001865982310846448
        },
        "2": {
            "x": 0.554690420627594,
            "y": 0.5699831247329712,
            "z": -0.010981965810060501
        },
        "3": {
            "x": 0.5372769832611084,
            "y": 0.6277995109558105,
            "z": -0.014926251024007797
        },
        "4": {
            "x": 0.5183950662612915,
            "y": 0.6618427038192749,
            "z": -0.01982426829636097
        },
        "5": {
            "x": 0.5535184741020203,
            "y": 0.5831372737884521,
            "z": -0.06089267507195473
        },
        "6": {
            "x": 0.5753501653671265,
            "y": 0.6634169816970825,
            "z": -0.08281180262565613
        },
        "7": {
            "x": 0.5901835560798645,
            "y": 0.7160702347755432,
            "z": -0.09534407407045364
        },
        "8": {
            "x": 0.6022846102714539,
            "y": 0.7604135870933533,
            "z": -0.10347642004489899
        },
        "9": {
            "x": 0.5124248266220093,
            "y": 0.5872739553451538,
            "z": -0.06380771100521088
        },
        "10": {
            "x": 0.5083626508712769,
            "y": 0.6846069097518921,
            "z": -0.08850055187940598
        },
        "11": {
            "x": 0.5025405883789062,
            "y": 0.7478882670402527,
            "z": -0.10273899883031845
        },
        "12": {
            "x": 0.49900296330451965,
            "y": 0.7963773608207703,
            "z": -0.1131233349442482
        },
        "13": {
            "x": 0.47755590081214905,
            "y": 0.5871620774269104,
            "z": -0.06138961389660835
        },
        "14": {
            "x": 0.46834713220596313,
            "y": 0.6794258952140808,
            "z": -0.08234348148107529
        },
        "15": {
            "x": 0.4636988043785095,
            "y": 0.7406522631645203,
            "z": -0.09425738453865051
        },
        "16": {
            "x": 0.45899084210395813,
            "y": 0.7842012643814087,
            "z": -0.10108301788568497
        },
        "17": {
            "x": 0.45134562253952026,
            "y": 0.5883170962333679,
            "z": -0.055897410959005356
        },
        "18": {
            "x": 0.4580208659172058,
            "y": 0.6599898338317871,
            "z": -0.06786081939935684
        },
        "19": {
            "x": 0.46996501088142395,
            "y": 0.6766747236251831,
            "z": -0.06898830085992813
        },
        "20": {
            "x": 0.47835731506347656,
            "y": 0.6861017346382141,
            "z": -0.06925224512815475
        }
    }
}