{
    "лю": {
        "0": {
            "x": 0.30759891867637634,
            "y": 0.18106874823570251,
            "z": 7.447576422237034e-07
        },
        "1": {
            "x": 0.4100721478462219,
            "y": 0.23809249699115753,
            "z": 0.002012998331338167
        },
        "2": {
            "x": 0.46626484394073486,
            "y": 0.36502522230148315,
            "z": -0.012697326950728893
        },
        "3": {
            "x": 0.4789125919342041,
            "y": 0.49263402819633484,
            "z": -0.023760400712490082
        },
        "4": {
            "x": 0.4777209758758545,
            "y": 0.5904636383056641,
            "z": -0.03401440754532814
        },
        "5": {
            "x": 0.48524045944213867,
            "y": 0.3725578188896179,
            "z": -0.08317945897579193
        },
        "6": {
            "x": 0.5451598763465881,
            "y": 0.5644434094429016,
            "z": -0.11413457989692688
        },
        "7": {
            "x": 0.5637379884719849,
            "y": 0.6700699329376221,
            "z": -0.12139298766851425
        },
        "8": {
            "x": 0.5706499814987183,
            "y": 0.7461236119270325,
            "z": -0.12009239196777344
        },
        "9": {
            "x": 0.4174054265022278,
            "y": 0.39238351583480835,
            "z": -0.09596363455057144
        },
        "10": {
            "x": 0.47776246070861816,
            "y": 0.6093456745147705,
            "z": -0.1262563169002533
        },
        "11": {
            "x": 0.5056124329566956,
            "y": 0.729118824005127,
            "z": -0.12947984039783478
        },
        "12": {
            "x": 0.5231766700744629,
            "y": 0.8144465684890747,
            "z": -0.12826557457447052
        },
        "13": {
            "x": 0.3529987335205078,
            "y": 0.41776159405708313,
            "z": -0.10267341136932373
        },
        "14": {
            "x": 0.40300413966178894,
            "y": 0.6238464117050171,
            "z": -0.12286057323217392
        },
        "15": {
            "x": 0.4334813952445984,
            "y": 0.7243691086769104,
            "z": -0.12120366841554642
        },
        "16": {
            "x": 0.45663687586784363,
            "y": 0.7935619354248047,
            "z": -0.1175299733877182
        },
        "17": {
            "x": 0.29699259996414185,
            "y": 0.4396180212497711,
            "z": -0.10694441944360733
        },
        "18": {
            "x": 0.34322142601013184,
            "y": 0.5873755216598511,
            "z": -0.10979798436164856
        },
        "19": {
            "x": 0.37269502878189087,
            "y": 0.6338708400726318,
            "z": -0.09578373283147812
        },
        "20": {
            "x": 0.39507177472114563,
            "y": 0.6640958786010742,
            "z": -0.08402972668409348
        }
    }
}