{
    "лю": {
        "0": {
            "x": 0.22699099779129028,
            "y": 0.2139994502067566,
            "z": 7.25419738500932e-07
        },
        "1": {
            "x": 0.32975777983665466,
            "y": 0.26789844036102295,
            "z": -0.007291652727872133
        },
        "2": {
            "x": 0.3917372226715088,
            "y": 0.39985352754592896,
            "z": -0.020450102165341377
        },
        "3": {
            "x": 0.4160172939300537,
            "y": 0.5309011936187744,
            "z": -0.029467301443219185
        },
        "4": {
            "x": 0.4221583306789398,
            "y": 0.6280713677406311,
            "z": -0.03777221962809563
        },
        "5": {
            "x": 0.4012441635131836,
            "y": 0.41499418020248413,
            "z": -0.0678483247756958
        },
        "6": {
            "x": 0.4530315101146698,
            "y": 0.5956214666366577,
            "z": -0.09472356736660004
        },
        "7": {
            "x": 0.47271135449409485,
            "y": 0.7050893306732178,
            "z": -0.10280197858810425
        },
        "8": {
            "x": 0.4821852445602417,
            "y": 0.7881113886833191,
            "z": -0.10411065816879272
        },
        "9": {
            "x": 0.33407583832740784,
            "y": 0.43996623158454895,
            "z": -0.07714414596557617
        },
        "10": {
            "x": 0.3827109634876251,
            "y": 0.6452810168266296,
            "z": -0.09920196980237961
        },
        "11": {
            "x": 0.4083426892757416,
            "y": 0.7664846181869507,
            "z": -0.10449639707803726
        },
        "12": {
            "x": 0.4252931773662567,
            "y": 0.8552423119544983,
            "z": -0.10729340463876724
        },
        "13": {
            "x": 0.2707163989543915,
            "y": 0.46180546283721924,
            "z": -0.08311021327972412
        },
        "14": {
            "x": 0.31642159819602966,
            "y": 0.651609480381012,
            "z": -0.10072621703147888
        },
        "15": {
            "x": 0.34429726004600525,
            "y": 0.7511754035949707,
            "z": -0.10558092594146729
        },
        "16": {
            "x": 0.36508190631866455,
            "y": 0.8177245855331421,
            "z": -0.10855945944786072
        },
        "17": {
            "x": 0.21706685423851013,
            "y": 0.4777534604072571,
            "z": -0.08793433010578156
        },
        "18": {
            "x": 0.2637384533882141,
            "y": 0.6040211319923401,
            "z": -0.09776818752288818
        },
        "19": {
            "x": 0.2894706428050995,
            "y": 0.6462173461914062,
            "z": -0.09348630160093307
        },
        "20": {
            "x": 0.3087162673473358,
            "y": 0.6711630821228027,
            "z": -0.08918842673301697
        }
    }
}