{
    "лю": {
        "0": {
            "x": 0.5080770254135132,
            "y": 0.3948652148246765,
            "z": 3.527852641127538e-07
        },
        "1": {
            "x": 0.5577390789985657,
            "y": 0.4426884651184082,
            "z": -0.0049153706058859825
        },
        "2": {
            "x": 0.5731408596038818,
            "y": 0.5179656147956848,
            "z": -0.015472838655114174
        },
        "3": {
            "x": 0.5664622783660889,
            "y": 0.5811887383460999,
            "z": -0.020942768082022667
        },
        "4": {
            "x": 0.5576551556587219,
            "y": 0.6206086874008179,
            "z": -0.026473062112927437
        },
        "5": {
            "x": 0.5780234336853027,
            "y": 0.5147693157196045,
            "z": -0.06123828887939453
        },
        "6": {
            "x": 0.6006802916526794,
            "y": 0.5957690477371216,
            "z": -0.07902489602565765
        },
        "7": {
            "x": 0.6132727861404419,
            "y": 0.6462014317512512,
            "z": -0.08621352910995483
        },
        "8": {
            "x": 0.6260547637939453,
            "y": 0.6880021095275879,
            "z": -0.09072531759738922
        },
        "9": {
            "x": 0.5394151210784912,
            "y": 0.5056259632110596,
            "z": -0.0653449073433876
        },
        "10": {
            "x": 0.5413391590118408,
            "y": 0.6031817197799683,
            "z": -0.08484207838773727
        },
        "11": {
            "x": 0.5374730825424194,
            "y": 0.6634277105331421,
            "z": -0.09058355540037155
        },
        "12": {
            "x": 0.5357754230499268,
            "y": 0.7086862325668335,
            "z": -0.09521766006946564
        },
        "13": {
            "x": 0.5038028359413147,
            "y": 0.4997777044773102,
            "z": -0.06559185683727264
        },
        "14": {
            "x": 0.49028539657592773,
            "y": 0.6014701128005981,
            "z": -0.08351047337055206
        },
        "15": {
            "x": 0.48639845848083496,
            "y": 0.6645009517669678,
            "z": -0.08965689688920975
        },
        "16": {
            "x": 0.48494431376457214,
            "y": 0.7058844566345215,
            "z": -0.09289884567260742
        },
        "17": {
            "x": 0.47388145327568054,
            "y": 0.4996923804283142,
            "z": -0.06391341239213943
        },
        "18": {
            "x": 0.4797937273979187,
            "y": 0.5832788944244385,
            "z": -0.07310864329338074
        },
        "19": {
            "x": 0.49375563859939575,
            "y": 0.6048529148101807,
            "z": -0.07175646722316742
        },
        "20": {
            "x": 0.5049149990081787,
            "y": 0.6150433421134949,
            "z": -0.07088786363601685
        }
    }
}