{
    "лю": {
        "0": {
            "x": 0.5845412611961365,
            "y": 0.38486146926879883,
            "z": 2.861647772078868e-07
        },
        "1": {
            "x": 0.5473290681838989,
            "y": 0.4551372230052948,
            "z": 0.04061532020568848
        },
        "2": {
            "x": 0.5463542342185974,
            "y": 0.528724193572998,
            "z": 0.03710116073489189
        },
        "3": {
            "x": 0.5669779181480408,
            "y": 0.5850009322166443,
            "z": 0.028710585087537766
        },
        "4": {
            "x": 0.5892308950424194,
            "y": 0.6314427256584167,
            "z": 0.017194930464029312
        },
        "5": {
            "x": 0.4993453919887543,
            "y": 0.5363374352455139,
            "z": -0.04800856113433838
        },
        "6": {
            "x": 0.4709574580192566,
            "y": 0.6292508840560913,
            "z": -0.07652530819177628
        },
        "7": {
            "x": 0.456177294254303,
            "y": 0.6897213459014893,
            "z": -0.09262462705373764
        },
        "8": {
            "x": 0.44481033086776733,
            "y": 0.7391335964202881,
            "z": -0.10297878831624985
        },
        "9": {
            "x": 0.525429368019104,
            "y": 0.5257721543312073,
            "z": -0.07422848045825958
        },
        "10": {
            "x": 0.5020538568496704,
            "y": 0.635635495185852,
            "z": -0.11389386653900146
        },
        "11": {
            "x": 0.4921128749847412,
            "y": 0.7086385488510132,
            "z": -0.13116122782230377
        },
        "12": {
            "x": 0.4859389662742615,
            "y": 0.765660285949707,
            "z": -0.14319977164268494
        },
        "13": {
            "x": 0.5587059259414673,
            "y": 0.5144013166427612,
            "z": -0.09009949117898941
        },
        "14": {
            "x": 0.5551013946533203,
            "y": 0.6137500405311584,
            "z": -0.11344324052333832
        },
        "15": {
            "x": 0.5608060956001282,
            "y": 0.6730392575263977,
            "z": -0.11487159878015518
        },
        "16": {
            "x": 0.5653144121170044,
            "y": 0.7136420607566833,
            "z": -0.11529761552810669
        },
        "17": {
            "x": 0.5935194492340088,
            "y": 0.5038081407546997,
            "z": -0.09962471574544907
        },
        "18": {
            "x": 0.5984561443328857,
            "y": 0.5812860131263733,
            "z": -0.11002784967422485
        },
        "19": {
            "x": 0.6047546863555908,
            "y": 0.6130468845367432,
            "z": -0.10566580295562744
        },
        "20": {
            "x": 0.6092982888221741,
            "y": 0.6357486248016357,
            "z": -0.10281798988580704
        }
    }
}