{
    "лю": {
        "0": {
            "x": 0.1555345505475998,
            "y": 0.24875548481941223,
            "z": 7.254605520756741e-07
        },
        "1": {
            "x": 0.26622599363327026,
            "y": 0.30033671855926514,
            "z": -0.004608594812452793
        },
        "2": {
            "x": 0.32702556252479553,
            "y": 0.4304933249950409,
            "z": -0.016399873420596123
        },
        "3": {
            "x": 0.34602153301239014,
            "y": 0.5663018226623535,
            "z": -0.02422555908560753
        },
        "4": {
            "x": 0.3449607789516449,
            "y": 0.6666446328163147,
            "z": -0.03104197047650814
        },
        "5": {
            "x": 0.3268807828426361,
            "y": 0.461661696434021,
            "z": -0.06621837615966797
        },
        "6": {
            "x": 0.3833611309528351,
            "y": 0.6480013132095337,
            "z": -0.09415362030267715
        },
        "7": {
            "x": 0.40576425194740295,
            "y": 0.7575624585151672,
            "z": -0.10164240002632141
        },
        "8": {
            "x": 0.4160695970058441,
            "y": 0.8408459424972534,
            "z": -0.10152643173933029
        },
        "9": {
            "x": 0.25804710388183594,
            "y": 0.4895141124725342,
            "z": -0.07484223693609238
        },
        "10": {
            "x": 0.31219273805618286,
            "y": 0.6969732046127319,
            "z": -0.09958229959011078
        },
        "11": {
            "x": 0.33914297819137573,
            "y": 0.8176836371421814,
            "z": -0.1034342348575592
        },
        "12": {
            "x": 0.3555828630924225,
            "y": 0.9077184200286865,
            "z": -0.10367950797080994
        },
        "13": {
            "x": 0.19525925815105438,
            "y": 0.5115841031074524,
            "z": -0.07983259111642838
        },
        "14": {
            "x": 0.24588054418563843,
            "y": 0.7034198045730591,
            "z": -0.09839342534542084
        },
        "15": {
            "x": 0.2767241597175598,
            "y": 0.8010573387145996,
            "z": -0.09912776201963425
        },
        "16": {
            "x": 0.30006587505340576,
            "y": 0.8667236566543579,
            "z": -0.09733697026968002
        },
        "17": {
            "x": 0.14444899559020996,
            "y": 0.5254087448120117,
            "z": -0.0835685133934021
        },
        "18": {
            "x": 0.1886107176542282,
            "y": 0.6669990420341492,
            "z": -0.09196078777313232
        },
        "19": {
            "x": 0.21411007642745972,
            "y": 0.7253530621528625,
            "z": -0.08461008220911026
        },
        "20": {
            "x": 0.2337476760149002,
            "y": 0.7624231576919556,
            "z": -0.07674034684896469
        }
    }
}