{
    "лю": {
        "0": {
            "x": 0.3070746660232544,
            "y": 0.1785261631011963,
            "z": 7.566904400846397e-07
        },
        "1": {
            "x": 0.4101334810256958,
            "y": 0.23492397367954254,
            "z": 0.001228691078722477
        },
        "2": {
            "x": 0.46808862686157227,
            "y": 0.3597823977470398,
            "z": -0.013621690683066845
        },
        "3": {
            "x": 0.4862481951713562,
            "y": 0.4860367178916931,
            "z": -0.02469850704073906
        },
        "4": {
            "x": 0.48774540424346924,
            "y": 0.582610547542572,
            "z": -0.03472808375954628
        },
        "5": {
            "x": 0.48482653498649597,
            "y": 0.36916470527648926,
            "z": -0.08437681943178177
        },
        "6": {
            "x": 0.5467392206192017,
            "y": 0.5641154050827026,
            "z": -0.11583977192640305
        },
        "7": {
            "x": 0.5657758116722107,
            "y": 0.6692665815353394,
            "z": -0.12168578058481216
        },
        "8": {
            "x": 0.5724174976348877,
            "y": 0.7434264421463013,
            "z": -0.11868470162153244
        },
        "9": {
            "x": 0.4176463782787323,
            "y": 0.39293035864830017,
            "z": -0.09615866094827652
        },
        "10": {
            "x": 0.481791615486145,
            "y": 0.6122885942459106,
            "z": -0.12684449553489685
        },
        "11": {
            "x": 0.5097094774246216,
            "y": 0.7315727472305298,
            "z": -0.12801234424114227
        },
        "12": {
            "x": 0.5259525775909424,
            "y": 0.8149826526641846,
            "z": -0.12443207204341888
        },
        "13": {
            "x": 0.35450148582458496,
            "y": 0.41955459117889404,
            "z": -0.10198286175727844
        },
        "14": {
            "x": 0.4072152078151703,
            "y": 0.6234452128410339,
            "z": -0.12228676676750183
        },
        "15": {
            "x": 0.4368725121021271,
            "y": 0.722425103187561,
            "z": -0.11915570497512817
        },
        "16": {
            "x": 0.45876485109329224,
            "y": 0.7893213033676147,
            "z": -0.11370907723903656
        },
        "17": {
            "x": 0.29961147904396057,
            "y": 0.43996402621269226,
            "z": -0.10544929653406143
        },
        "18": {
            "x": 0.34474411606788635,
            "y": 0.5862343907356262,
            "z": -0.10832271724939346
        },
        "19": {
            "x": 0.37207961082458496,
            "y": 0.6352216005325317,
            "z": -0.09390795230865479
        },
        "20": {
            "x": 0.39242371916770935,
            "y": 0.6660628318786621,
            "z": -0.08118505775928497
        }
    }
}