{
    "лю": {
        "0": {
            "x": 0.14146143198013306,
            "y": 0.2500965893268585,
            "z": 6.79084394050733e-07
        },
        "1": {
            "x": 0.2506744861602783,
            "y": 0.310630202293396,
            "z": -0.005166005343198776
        },
        "2": {
            "x": 0.3092561364173889,
            "y": 0.44156408309936523,
            "z": -0.017620623111724854
        },
        "3": {
            "x": 0.3266088664531708,
            "y": 0.5736481547355652,
            "z": -0.025929993018507957
        },
        "4": {
            "x": 0.32673901319503784,
            "y": 0.6704918146133423,
            "z": -0.033178362995386124
        },
        "5": {
            "x": 0.30294209718704224,
            "y": 0.4695890247821808,
            "z": -0.06734685599803925
        },
        "6": {
            "x": 0.3613463044166565,
            "y": 0.6492422819137573,
            "z": -0.09683690965175629
        },
        "7": {
            "x": 0.3832290470600128,
            "y": 0.7584391832351685,
            "z": -0.10696090757846832
        },
        "8": {
            "x": 0.3940223455429077,
            "y": 0.8436262011528015,
            "z": -0.10883268713951111
        },
        "9": {
            "x": 0.23247474431991577,
            "y": 0.4949186146259308,
            "z": -0.07619278877973557
        },
        "10": {
            "x": 0.2871319651603699,
            "y": 0.6982567310333252,
            "z": -0.10000716149806976
        },
        "11": {
            "x": 0.3131066560745239,
            "y": 0.8199426531791687,
            "z": -0.10492780059576035
        },
        "12": {
            "x": 0.3291517496109009,
            "y": 0.9112508893013,
            "z": -0.10671932995319366
        },
        "13": {
            "x": 0.16965888440608978,
            "y": 0.5139082074165344,
            "z": -0.081599660217762
        },
        "14": {
            "x": 0.21902285516262054,
            "y": 0.7010467052459717,
            "z": -0.09932227432727814
        },
        "15": {
            "x": 0.24872133135795593,
            "y": 0.8019773960113525,
            "z": -0.10157698392868042
        },
        "16": {
            "x": 0.27136802673339844,
            "y": 0.8708838224411011,
            "z": -0.10143902152776718
        },
        "17": {
            "x": 0.1197136789560318,
            "y": 0.5255380272865295,
            "z": -0.08592547476291656
        },
        "18": {
            "x": 0.16018126904964447,
            "y": 0.6703178882598877,
            "z": -0.09504761546850204
        },
        "19": {
            "x": 0.18315483629703522,
            "y": 0.7326627969741821,
            "z": -0.08900421857833862
        },
        "20": {
            "x": 0.20202723145484924,
            "y": 0.7718533277511597,
            "z": -0.0822777971625328
        }
    }
}