{
    "лю": {
        "0": {
            "x": 0.5801798105239868,
            "y": 0.14386537671089172,
            "z": 5.680737444890838e-07
        },
        "1": {
            "x": 0.6728092432022095,
            "y": 0.22733527421951294,
            "z": 0.018544049933552742
        },
        "2": {
            "x": 0.6917257905006409,
            "y": 0.35607579350471497,
            "z": 0.03183283656835556
        },
        "3": {
            "x": 0.6750037670135498,
            "y": 0.45100048184394836,
            "z": 0.04804931953549385
        },
        "4": {
            "x": 0.6449235677719116,
            "y": 0.5163318514823914,
            "z": 0.06391535699367523
        },
        "5": {
            "x": 0.6902851462364197,
            "y": 0.45141908526420593,
            "z": -0.009806550107896328
        },
        "6": {
            "x": 0.6918283700942993,
            "y": 0.630190908908844,
            "z": -0.007111161947250366
        },
        "7": {
            "x": 0.6882633566856384,
            "y": 0.7250325083732605,
            "z": 0.0005611833767034113
        },
        "8": {
            "x": 0.6807562708854675,
            "y": 0.7930223941802979,
            "z": 0.00834567379206419
        },
        "9": {
            "x": 0.6215041279792786,
            "y": 0.46953850984573364,
            "z": -0.013077623210847378
        },
        "10": {
            "x": 0.6070386171340942,
            "y": 0.650532603263855,
            "z": -0.007371001876890659
        },
        "11": {
            "x": 0.5986833572387695,
            "y": 0.7509562969207764,
            "z": -0.006087203975766897
        },
        "12": {
            "x": 0.5936217904090881,
            "y": 0.819304883480072,
            "z": -0.005588098894804716
        },
        "13": {
            "x": 0.5624263882637024,
            "y": 0.4603016972541809,
            "z": -0.011687827296555042
        },
        "14": {
            "x": 0.5286219120025635,
            "y": 0.6047230958938599,
            "z": -0.006271954160183668
        },
        "15": {
            "x": 0.5127661228179932,
            "y": 0.6876769065856934,
            "z": -0.015159842558205128
        },
        "16": {
            "x": 0.5021889209747314,
            "y": 0.738422155380249,
            "z": -0.02272111549973488
        },
        "17": {
            "x": 0.5236600637435913,
            "y": 0.4285217523574829,
            "z": -0.0061990064568817616
        },
        "18": {
            "x": 0.5227880477905273,
            "y": 0.5012958645820618,
            "z": 0.005989677272737026
        },
        "19": {
            "x": 0.5303252935409546,
            "y": 0.5072982907295227,
            "z": 0.012927823700010777
        },
        "20": {
            "x": 0.5349359512329102,
            "y": 0.4971563518047333,
            "z": 0.017379852011799812
        }
    }
}