{
    "З": {
        "0": {
            "x": 0.25988438725471497,
            "y": 0.7378812432289124,
            "z": 3.102304049207305e-07
        },
        "1": {
            "x": 0.3329542875289917,
            "y": 0.6747407913208008,
            "z": -0.03883834555745125
        },
        "2": {
            "x": 0.37950098514556885,
            "y": 0.5612636208534241,
            "z": -0.04484541341662407
        },
        "3": {
            "x": 0.3815017342567444,
            "y": 0.4524851441383362,
            "z": -0.051371194422245026
        },
        "4": {
            "x": 0.3713240623474121,
            "y": 0.3594421446323395,
            "z": -0.05664842948317528
        },
        "5": {
            "x": 0.3618358373641968,
            "y": 0.45068007707595825,
            "z": 0.01731724850833416
        },
        "6": {
            "x": 0.3768383860588074,
            "y": 0.33044642210006714,
            "z": 0.005594633519649506
        },
        "7": {
            "x": 0.374371200799942,
            "y": 0.24796807765960693,
            "z": -0.015266639180481434
        },
        "8": {
            "x": 0.36771857738494873,
            "y": 0.18362683057785034,
            "z": -0.03399283066391945
        },
        "9": {
            "x": 0.3153859078884125,
            "y": 0.43996790051460266,
            "z": 0.020426811650395393
        },
        "10": {
            "x": 0.31966644525527954,
            "y": 0.3100215196609497,
            "z": -0.011355835013091564
        },
        "11": {
            "x": 0.32882797718048096,
            "y": 0.30495113134384155,
            "z": -0.053426336497068405
        },
        "12": {
            "x": 0.3339032232761383,
            "y": 0.34187257289886475,
            "z": -0.0789976567029953
        },
        "13": {
            "x": 0.2695856988430023,
            "y": 0.4442015290260315,
            "z": 0.01763949543237686
        },
        "14": {
            "x": 0.27044370770454407,
            "y": 0.316839337348938,
            "z": -0.013114732690155506
        },
        "15": {
            "x": 0.2897033989429474,
            "y": 0.31043052673339844,
            "z": -0.04968404769897461
        },
        "16": {
            "x": 0.30103200674057007,
            "y": 0.36634188890457153,
            "z": -0.0697162002325058
        },
        "17": {
            "x": 0.22310540080070496,
            "y": 0.4605076014995575,
            "z": 0.011120341718196869
        },
        "18": {
            "x": 0.22794891893863678,
            "y": 0.3589819669723511,
            "z": -0.0157299917191267
        },
        "19": {
            "x": 0.24912606179714203,
            "y": 0.3408791124820709,
            "z": -0.04069586098194122
        },
        "20": {
            "x": 0.2679567039012909,
            "y": 0.3748692274093628,
            "z": -0.05645962059497833
        }
    }
}