{
    "З": {
        "0": {
            "x": 0.5514217019081116,
            "y": 0.7079707384109497,
            "z": 3.925638623059058e-07
        },
        "1": {
            "x": 0.6272773146629333,
            "y": 0.6534790396690369,
            "z": -0.02531662955880165
        },
        "2": {
            "x": 0.6726878881454468,
            "y": 0.5433120727539062,
            "z": -0.03005107305943966
        },
        "3": {
            "x": 0.6892924308776855,
            "y": 0.4414743483066559,
            "z": -0.038194917142391205
        },
        "4": {
            "x": 0.6901915669441223,
            "y": 0.3513623774051666,
            "z": -0.0449182353913784
        },
        "5": {
            "x": 0.641783595085144,
            "y": 0.4261680543422699,
            "z": 0.0179433636367321
        },
        "6": {
            "x": 0.6621878743171692,
            "y": 0.30918174982070923,
            "z": 0.005630659870803356
        },
        "7": {
            "x": 0.6745374798774719,
            "y": 0.22787971794605255,
            "z": -0.008333098143339157
        },
        "8": {
            "x": 0.6816434264183044,
            "y": 0.16031014919281006,
            "z": -0.02057708613574505
        },
        "9": {
            "x": 0.6087037324905396,
            "y": 0.41313114762306213,
            "z": 0.014048904180526733
        },
        "10": {
            "x": 0.6192717552185059,
            "y": 0.29446977376937866,
            "z": -0.02038315124809742
        },
        "11": {
            "x": 0.656248927116394,
            "y": 0.29890668392181396,
            "z": -0.04789038747549057
        },
        "12": {
            "x": 0.6803120970726013,
            "y": 0.34283092617988586,
            "z": -0.058595895767211914
        },
        "13": {
            "x": 0.5737051367759705,
            "y": 0.41722097992897034,
            "z": 0.005141119472682476
        },
        "14": {
            "x": 0.5802682042121887,
            "y": 0.2939048409461975,
            "z": -0.02599470503628254
        },
        "15": {
            "x": 0.6235606074333191,
            "y": 0.30013948678970337,
            "z": -0.041755449026823044
        },
        "16": {
            "x": 0.6538235545158386,
            "y": 0.3515529930591583,
            "z": -0.04403821751475334
        },
        "17": {
            "x": 0.5364018082618713,
            "y": 0.433807909488678,
            "z": -0.0072515276260674
        },
        "18": {
            "x": 0.5470261573791504,
            "y": 0.33262956142425537,
            "z": -0.032382141798734665
        },
        "19": {
            "x": 0.5833375453948975,
            "y": 0.3138298988342285,
            "z": -0.044336382299661636
        },
        "20": {
            "x": 0.6141912937164307,
            "y": 0.3384411931037903,
            "z": -0.047824837267398834
        }
    }
}