{
    "З": {
        "0": {
            "x": 0.2264377474784851,
            "y": 0.7704570889472961,
            "z": 3.1350205631497374e-07
        },
        "1": {
            "x": 0.29263222217559814,
            "y": 0.7199693918228149,
            "z": -0.03766504302620888
        },
        "2": {
            "x": 0.3391399383544922,
            "y": 0.6108042001724243,
            "z": -0.044965654611587524
        },
        "3": {
            "x": 0.3469036817550659,
            "y": 0.506646454334259,
            "z": -0.052485037595033646
        },
        "4": {
            "x": 0.33665892481803894,
            "y": 0.41758349537849426,
            "z": -0.05850536748766899
        },
        "5": {
            "x": 0.32050621509552,
            "y": 0.4948769211769104,
            "z": 0.009358080103993416
        },
        "6": {
            "x": 0.3375089168548584,
            "y": 0.37285566329956055,
            "z": -0.0036850846372544765
        },
        "7": {
            "x": 0.3422810435295105,
            "y": 0.2921585142612457,
            "z": -0.022151723504066467
        },
        "8": {
            "x": 0.34087374806404114,
            "y": 0.2279694676399231,
            "z": -0.03806665912270546
        },
        "9": {
            "x": 0.2780677080154419,
            "y": 0.4830299913883209,
            "z": 0.012177443131804466
        },
        "10": {
            "x": 0.2840406894683838,
            "y": 0.3533661663532257,
            "z": -0.0222664512693882
        },
        "11": {
            "x": 0.2998694181442261,
            "y": 0.3649890124797821,
            "z": -0.05849416181445122
        },
        "12": {
            "x": 0.3066596984863281,
            "y": 0.4172779619693756,
            "z": -0.07720503956079483
        },
        "13": {
            "x": 0.23493511974811554,
            "y": 0.48588377237319946,
            "z": 0.010027452372014523
        },
        "14": {
            "x": 0.23775221407413483,
            "y": 0.3601112961769104,
            "z": -0.021397577598690987
        },
        "15": {
            "x": 0.2604566812515259,
            "y": 0.3687167167663574,
            "z": -0.04879818484187126
        },
        "16": {
            "x": 0.2707415521144867,
            "y": 0.4307931065559387,
            "z": -0.06081892177462578
        },
        "17": {
            "x": 0.1903710663318634,
            "y": 0.5001975893974304,
            "z": 0.004242172930389643
        },
        "18": {
            "x": 0.19800299406051636,
            "y": 0.401368111371994,
            "z": -0.021568236872553825
        },
        "19": {
            "x": 0.22131147980690002,
            "y": 0.39307570457458496,
            "z": -0.03954041004180908
        },
        "20": {
            "x": 0.23729169368743896,
            "y": 0.43235674500465393,
            "z": -0.04874630644917488
        }
    }
}