{
    "З": {
        "0": {
            "x": 0.22860334813594818,
            "y": 0.7772198915481567,
            "z": 2.4373110818487476e-07
        },
        "1": {
            "x": 0.29736948013305664,
            "y": 0.7238969802856445,
            "z": -0.03760877996683121
        },
        "2": {
            "x": 0.34233349561691284,
            "y": 0.6192874312400818,
            "z": -0.045385345816612244
        },
        "3": {
            "x": 0.34951847791671753,
            "y": 0.5169544816017151,
            "z": -0.053415872156620026
        },
        "4": {
            "x": 0.3380960524082184,
            "y": 0.43150007724761963,
            "z": -0.05953936651349068
        },
        "5": {
            "x": 0.3219418227672577,
            "y": 0.4996899366378784,
            "z": 0.010552463121712208
        },
        "6": {
            "x": 0.3375799059867859,
            "y": 0.3768457770347595,
            "z": -0.0035115303471684456
        },
        "7": {
            "x": 0.34082627296447754,
            "y": 0.29818522930145264,
            "z": -0.02161402255296707
        },
        "8": {
            "x": 0.33997464179992676,
            "y": 0.23471349477767944,
            "z": -0.03679503872990608
        },
        "9": {
            "x": 0.2795714735984802,
            "y": 0.4888709783554077,
            "z": 0.013677370734512806
        },
        "10": {
            "x": 0.28559762239456177,
            "y": 0.3605284094810486,
            "z": -0.02376391552388668
        },
        "11": {
            "x": 0.29952412843704224,
            "y": 0.3830154538154602,
            "z": -0.05825722590088844
        },
        "12": {
            "x": 0.30656561255455017,
            "y": 0.440677672624588,
            "z": -0.07381705194711685
        },
        "13": {
            "x": 0.23707041144371033,
            "y": 0.49240392446517944,
            "z": 0.011556735262274742
        },
        "14": {
            "x": 0.24244187772274017,
            "y": 0.36990684270858765,
            "z": -0.023045465350151062
        },
        "15": {
            "x": 0.2632955312728882,
            "y": 0.3868560194969177,
            "z": -0.048359476029872894
        },
        "16": {
            "x": 0.27326449751853943,
            "y": 0.45068860054016113,
            "z": -0.057064238935709
        },
        "17": {
            "x": 0.19387906789779663,
            "y": 0.5064405798912048,
            "z": 0.00583179434761405
        },
        "18": {
            "x": 0.20273515582084656,
            "y": 0.4125373363494873,
            "z": -0.02201157622039318
        },
        "19": {
            "x": 0.2249082624912262,
            "y": 0.4110735058784485,
            "z": -0.039106760174036026
        },
        "20": {
            "x": 0.2405952364206314,
            "y": 0.45232152938842773,
            "z": -0.04633917659521103
        }
    }
}