{
    "З": {
        "0": {
            "x": 0.2456575185060501,
            "y": 0.8015052080154419,
            "z": 2.5104472456405347e-07
        },
        "1": {
            "x": 0.31483250856399536,
            "y": 0.7453620433807373,
            "z": -0.03626009821891785
        },
        "2": {
            "x": 0.36261674761772156,
            "y": 0.6420117616653442,
            "z": -0.046103350818157196
        },
        "3": {
            "x": 0.3681221604347229,
            "y": 0.5395585298538208,
            "z": -0.05696774274110794
        },
        "4": {
            "x": 0.3525369167327881,
            "y": 0.45182254910469055,
            "z": -0.06675995141267776
        },
        "5": {
            "x": 0.33584967255592346,
            "y": 0.5178589820861816,
            "z": 0.012672788463532925
        },
        "6": {
            "x": 0.34477540850639343,
            "y": 0.3966534733772278,
            "z": -0.0024155876599252224
        },
        "7": {
            "x": 0.3486838936805725,
            "y": 0.32278698682785034,
            "z": -0.02304520085453987
        },
        "8": {
            "x": 0.347718209028244,
            "y": 0.26554521918296814,
            "z": -0.04003893584012985
        },
        "9": {
            "x": 0.29353809356689453,
            "y": 0.5095133185386658,
            "z": 0.013979393988847733
        },
        "10": {
            "x": 0.2947543263435364,
            "y": 0.38007330894470215,
            "z": -0.020725738257169724
        },
        "11": {
            "x": 0.31625619530677795,
            "y": 0.39984261989593506,
            "z": -0.05739036947488785
        },
        "12": {
            "x": 0.32771390676498413,
            "y": 0.452239066362381,
            "z": -0.07675278931856155
        },
        "13": {
            "x": 0.25108158588409424,
            "y": 0.5154466032981873,
            "z": 0.00999075174331665
        },
        "14": {
            "x": 0.2513205111026764,
            "y": 0.3867628872394562,
            "z": -0.022249290719628334
        },
        "15": {
            "x": 0.27796730399131775,
            "y": 0.4041365385055542,
            "z": -0.047840334475040436
        },
        "16": {
            "x": 0.2909040153026581,
            "y": 0.4684755206108093,
            "z": -0.05862315371632576
        },
        "17": {
            "x": 0.20698878169059753,
            "y": 0.5338733792304993,
            "z": 0.002375644398853183
        },
        "18": {
            "x": 0.21102942526340485,
            "y": 0.4341253936290741,
            "z": -0.02454744465649128
        },
        "19": {
            "x": 0.236032173037529,
            "y": 0.42986059188842773,
            "z": -0.04150477796792984
        },
        "20": {
            "x": 0.25358226895332336,
            "y": 0.468819260597229,
            "z": -0.04996969923377037
        }
    }
}