{
    "З": {
        "0": {
            "x": 0.3009612262248993,
            "y": 0.833092212677002,
            "z": 2.0051464844073053e-07
        },
        "1": {
            "x": 0.3700450360774994,
            "y": 0.7747641205787659,
            "z": -0.03185691684484482
        },
        "2": {
            "x": 0.41637885570526123,
            "y": 0.6731435656547546,
            "z": -0.04301897808909416
        },
        "3": {
            "x": 0.42336830496788025,
            "y": 0.5728546977043152,
            "z": -0.05519261583685875
        },
        "4": {
            "x": 0.4199793338775635,
            "y": 0.484788715839386,
            "z": -0.06610014289617538
        },
        "5": {
            "x": 0.39479494094848633,
            "y": 0.534988522529602,
            "z": 0.0031147475820034742
        },
        "6": {
            "x": 0.413404256105423,
            "y": 0.41489413380622864,
            "z": -0.014608877710998058
        },
        "7": {
            "x": 0.41927626729011536,
            "y": 0.3380047678947449,
            "z": -0.033038996160030365
        },
        "8": {
            "x": 0.41570281982421875,
            "y": 0.2771759033203125,
            "z": -0.047055698931217194
        },
        "9": {
            "x": 0.3525501787662506,
            "y": 0.5269056558609009,
            "z": 0.001425961498171091
        },
        "10": {
            "x": 0.3597968518733978,
            "y": 0.3891298770904541,
            "z": -0.03325634449720383
        },
        "11": {
            "x": 0.3846750855445862,
            "y": 0.4150935411453247,
            "z": -0.05948994681239128
        },
        "12": {
            "x": 0.3938025236129761,
            "y": 0.47498732805252075,
            "z": -0.06921398639678955
        },
        "13": {
            "x": 0.31123194098472595,
            "y": 0.5363540649414062,
            "z": -0.004712514579296112
        },
        "14": {
            "x": 0.31621748208999634,
            "y": 0.4028332829475403,
            "z": -0.03633609041571617
        },
        "15": {
            "x": 0.3469761610031128,
            "y": 0.4274762272834778,
            "z": -0.04738835245370865
        },
        "16": {
            "x": 0.35900866985321045,
            "y": 0.49039459228515625,
            "z": -0.0465589202940464
        },
        "17": {
            "x": 0.2677486836910248,
            "y": 0.5590901374816895,
            "z": -0.014440321363508701
        },
        "18": {
            "x": 0.2706003785133362,
            "y": 0.45288369059562683,
            "z": -0.04088711738586426
        },
        "19": {
            "x": 0.2986616790294647,
            "y": 0.4530544579029083,
            "z": -0.04773186147212982
        },
        "20": {
            "x": 0.31552520394325256,
            "y": 0.4922877550125122,
            "z": -0.046571437269449234
        }
    }
}