{
    "З": {
        "0": {
            "x": 0.40020760893821716,
            "y": 0.8268383741378784,
            "z": 3.942993203054357e-07
        },
        "1": {
            "x": 0.469682514667511,
            "y": 0.7707593441009521,
            "z": -0.03169044479727745
        },
        "2": {
            "x": 0.5200923085212708,
            "y": 0.6673555374145508,
            "z": -0.04394594579935074
        },
        "3": {
            "x": 0.5353073477745056,
            "y": 0.5705205202102661,
            "z": -0.0594855360686779
        },
        "4": {
            "x": 0.5307794809341431,
            "y": 0.47919437289237976,
            "z": -0.07541408389806747
        },
        "5": {
            "x": 0.49165603518486023,
            "y": 0.5351410508155823,
            "z": 0.01219948660582304
        },
        "6": {
            "x": 0.5119359493255615,
            "y": 0.4135163426399231,
            "z": -0.0017971175257116556
        },
        "7": {
            "x": 0.5233452916145325,
            "y": 0.3340970277786255,
            "z": -0.021847398951649666
        },
        "8": {
            "x": 0.525790274143219,
            "y": 0.27058136463165283,
            "z": -0.03913603350520134
        },
        "9": {
            "x": 0.45231202244758606,
            "y": 0.5283393263816833,
            "z": 0.007722660433501005
        },
        "10": {
            "x": 0.4606184959411621,
            "y": 0.3979852795600891,
            "z": -0.02976486086845398
        },
        "11": {
            "x": 0.48881077766418457,
            "y": 0.4165172576904297,
            "z": -0.06931518763303757
        },
        "12": {
            "x": 0.5025517344474792,
            "y": 0.47355398535728455,
            "z": -0.08928953111171722
        },
        "13": {
            "x": 0.4120672047138214,
            "y": 0.5359632968902588,
            "z": -0.0007696030079387128
        },
        "14": {
            "x": 0.4181634783744812,
            "y": 0.4094271659851074,
            "z": -0.03135187551379204
        },
        "15": {
            "x": 0.45111575722694397,
            "y": 0.42119961977005005,
            "z": -0.056773990392684937
        },
        "16": {
            "x": 0.46706289052963257,
            "y": 0.48377078771591187,
            "z": -0.06744299083948135
        },
        "17": {
            "x": 0.36903494596481323,
            "y": 0.5600001811981201,
            "z": -0.012885707430541515
        },
        "18": {
            "x": 0.372944176197052,
            "y": 0.45684149861335754,
            "z": -0.036234963685274124
        },
        "19": {
            "x": 0.4046136736869812,
            "y": 0.43661415576934814,
            "z": -0.051741935312747955
        },
        "20": {
            "x": 0.4286428689956665,
            "y": 0.46393245458602905,
            "z": -0.05963374674320221
        }
    }
}