{
    "З": {
        "0": {
            "x": 0.5214146375656128,
            "y": 0.6588069200515747,
            "z": 4.3710113573069975e-07
        },
        "1": {
            "x": 0.6011055111885071,
            "y": 0.6140610575675964,
            "z": -0.03170454129576683
        },
        "2": {
            "x": 0.6572321057319641,
            "y": 0.5065044164657593,
            "z": -0.03615139052271843
        },
        "3": {
            "x": 0.6750697493553162,
            "y": 0.39623209834098816,
            "z": -0.042323049157857895
        },
        "4": {
            "x": 0.6687566637992859,
            "y": 0.30705776810646057,
            "z": -0.04707306995987892
        },
        "5": {
            "x": 0.6305493116378784,
            "y": 0.3958505094051361,
            "z": 0.021208228543400764
        },
        "6": {
            "x": 0.6564826965332031,
            "y": 0.2833060026168823,
            "z": 0.01123001892119646
        },
        "7": {
            "x": 0.6702442169189453,
            "y": 0.20491038262844086,
            "z": -0.0036043524742126465
        },
        "8": {
            "x": 0.6797626614570618,
            "y": 0.1389612853527069,
            "z": -0.017441190779209137
        },
        "9": {
            "x": 0.595771312713623,
            "y": 0.37654823064804077,
            "z": 0.02201780304312706
        },
        "10": {
            "x": 0.6099493503570557,
            "y": 0.25785771012306213,
            "z": -0.007079319562762976
        },
        "11": {
            "x": 0.6381145119667053,
            "y": 0.250502347946167,
            "z": -0.037178266793489456
        },
        "12": {
            "x": 0.6554439663887024,
            "y": 0.2835574746131897,
            "z": -0.0530085526406765
        },
        "13": {
            "x": 0.5591071248054504,
            "y": 0.3734592795372009,
            "z": 0.01668361946940422
        },
        "14": {
            "x": 0.5733655095100403,
            "y": 0.2509465217590332,
            "z": -0.012819817289710045
        },
        "15": {
            "x": 0.6077063679695129,
            "y": 0.25323426723480225,
            "z": -0.03688627853989601
        },
        "16": {
            "x": 0.62794429063797,
            "y": 0.3065214157104492,
            "z": -0.04681367054581642
        },
        "17": {
            "x": 0.5189036726951599,
            "y": 0.38030529022216797,
            "z": 0.007578229531645775
        },
        "18": {
            "x": 0.5357769131660461,
            "y": 0.2857314944267273,
            "z": -0.018195949494838715
        },
        "19": {
            "x": 0.5663715600967407,
            "y": 0.2671234607696533,
            "z": -0.03745405375957489
        },
        "20": {
            "x": 0.589927613735199,
            "y": 0.29263776540756226,
            "z": -0.04801672697067261
        }
    }
}