{
    "З": {
        "0": {
            "x": 0.43241527676582336,
            "y": 0.845251739025116,
            "z": 1.1929958532164164e-07
        },
        "1": {
            "x": 0.4853401184082031,
            "y": 0.8289803862571716,
            "z": 0.009129362180829048
        },
        "2": {
            "x": 0.5214739441871643,
            "y": 0.7825172543525696,
            "z": 0.005868015345185995
        },
        "3": {
            "x": 0.5497068762779236,
            "y": 0.744049072265625,
            "z": -0.004685899708420038
        },
        "4": {
            "x": 0.5617979764938354,
            "y": 0.7011632919311523,
            "z": -0.01532862987369299
        },
        "5": {
            "x": 0.4656798243522644,
            "y": 0.6756939888000488,
            "z": 0.02218986488878727
        },
        "6": {
            "x": 0.490728497505188,
            "y": 0.6248943209648132,
            "z": 0.009950969368219376
        },
        "7": {
            "x": 0.516093373298645,
            "y": 0.5844835638999939,
            "z": -0.0003478031139820814
        },
        "8": {
            "x": 0.5331262946128845,
            "y": 0.555332601070404,
            "z": -0.007912256754934788
        },
        "9": {
            "x": 0.4539481997489929,
            "y": 0.6701587438583374,
            "z": 0.004659354221075773
        },
        "10": {
            "x": 0.5246520042419434,
            "y": 0.6484665274620056,
            "z": -0.02008149027824402
        },
        "11": {
            "x": 0.5371912121772766,
            "y": 0.7077324390411377,
            "z": -0.027282321825623512
        },
        "12": {
            "x": 0.5182081460952759,
            "y": 0.7383734583854675,
            "z": -0.025141911581158638
        },
        "13": {
            "x": 0.4495563507080078,
            "y": 0.6748450398445129,
            "z": -0.014474470168352127
        },
        "14": {
            "x": 0.5176494717597961,
            "y": 0.6597083210945129,
            "z": -0.04042275249958038
        },
        "15": {
            "x": 0.5250087380409241,
            "y": 0.718410074710846,
            "z": -0.03429239243268967
        },
        "16": {
            "x": 0.5035080909729004,
            "y": 0.7426270246505737,
            "z": -0.02294469252228737
        },
        "17": {
            "x": 0.4492223262786865,
            "y": 0.6899586915969849,
            "z": -0.03310833126306534
        },
        "18": {
            "x": 0.5073800086975098,
            "y": 0.675122082233429,
            "z": -0.048640020191669464
        },
        "19": {
            "x": 0.5140630006790161,
            "y": 0.7178852558135986,
            "z": -0.040258295834064484
        },
        "20": {
            "x": 0.49619176983833313,
            "y": 0.7410342693328857,
            "z": -0.029777728021144867
        }
    }
}