{
    "З": {
        "0": {
            "x": 0.4297955334186554,
            "y": 0.8320515751838684,
            "z": 1.0229970115460674e-07
        },
        "1": {
            "x": 0.4879158139228821,
            "y": 0.8043548464775085,
            "z": 0.003499411279335618
        },
        "2": {
            "x": 0.5274291634559631,
            "y": 0.7599818706512451,
            "z": 0.0007074724999256432
        },
        "3": {
            "x": 0.5526028871536255,
            "y": 0.7231225371360779,
            "z": -0.0097165172919631
        },
        "4": {
            "x": 0.5608863234519958,
            "y": 0.6758242845535278,
            "z": -0.018947245553135872
        },
        "5": {
            "x": 0.4734773337841034,
            "y": 0.6654496192932129,
            "z": 0.027992671355605125
        },
        "6": {
            "x": 0.4921641945838928,
            "y": 0.6092461943626404,
            "z": 0.015108613297343254
        },
        "7": {
            "x": 0.514272928237915,
            "y": 0.571462094783783,
            "z": 0.005267695058137178
        },
        "8": {
            "x": 0.5302879214286804,
            "y": 0.5410416722297668,
            "z": -0.001321229268796742
        },
        "9": {
            "x": 0.4619254469871521,
            "y": 0.6592125296592712,
            "z": 0.013269809074699879
        },
        "10": {
            "x": 0.5288975834846497,
            "y": 0.6347418427467346,
            "z": -0.017308611422777176
        },
        "11": {
            "x": 0.5356073975563049,
            "y": 0.6931127905845642,
            "z": -0.027173621580004692
        },
        "12": {
            "x": 0.5157997608184814,
            "y": 0.7259472608566284,
            "z": -0.02417369745671749
        },
        "13": {
            "x": 0.45473015308380127,
            "y": 0.6595866680145264,
            "z": -0.0045758988708257675
        },
        "14": {
            "x": 0.5216774940490723,
            "y": 0.6423309445381165,
            "z": -0.03618573397397995
        },
        "15": {
            "x": 0.5204485654830933,
            "y": 0.6997570395469666,
            "z": -0.034116342663764954
        },
        "16": {
            "x": 0.49752292037010193,
            "y": 0.7264717817306519,
            "z": -0.022355131804943085
        },
        "17": {
            "x": 0.45105236768722534,
            "y": 0.6681898832321167,
            "z": -0.02236940711736679
        },
        "18": {
            "x": 0.5103456974029541,
            "y": 0.6538253426551819,
            "z": -0.04174714535474777
        },
        "19": {
            "x": 0.5122919082641602,
            "y": 0.6950305104255676,
            "z": -0.03704613819718361
        },
        "20": {
            "x": 0.4926426410675049,
            "y": 0.718370795249939,
            "z": -0.02752959169447422
        }
    }
}