{
    "З": {
        "0": {
            "x": 0.4407876133918762,
            "y": 0.8136096000671387,
            "z": 1.7674142327450681e-07
        },
        "1": {
            "x": 0.4927733838558197,
            "y": 0.7687177658081055,
            "z": 0.0006050493102520704
        },
        "2": {
            "x": 0.5216612815856934,
            "y": 0.7132794260978699,
            "z": -0.004146399907767773
        },
        "3": {
            "x": 0.5401838421821594,
            "y": 0.6681373119354248,
            "z": -0.016084780916571617
        },
        "4": {
            "x": 0.5384343862533569,
            "y": 0.619835376739502,
            "z": -0.026815740391612053
        },
        "5": {
            "x": 0.44952747225761414,
            "y": 0.637359082698822,
            "z": 0.022117188200354576
        },
        "6": {
            "x": 0.4542505145072937,
            "y": 0.5718711614608765,
            "z": 0.007284959312528372
        },
        "7": {
            "x": 0.4708983600139618,
            "y": 0.5247658491134644,
            "z": -0.0037475908175110817
        },
        "8": {
            "x": 0.48180103302001953,
            "y": 0.4905692934989929,
            "z": -0.010557382367551327
        },
        "9": {
            "x": 0.43764743208885193,
            "y": 0.6359841227531433,
            "z": 0.008759128861129284
        },
        "10": {
            "x": 0.49799415469169617,
            "y": 0.5911104679107666,
            "z": -0.022349555045366287
        },
        "11": {
            "x": 0.5176738500595093,
            "y": 0.6437495946884155,
            "z": -0.032335929572582245
        },
        "12": {
            "x": 0.503624439239502,
            "y": 0.6810322403907776,
            "z": -0.029725810512900352
        },
        "13": {
            "x": 0.4306870698928833,
            "y": 0.6389304399490356,
            "z": -0.007782906759530306
        },
        "14": {
            "x": 0.4931834042072296,
            "y": 0.6000810861587524,
            "z": -0.03985689580440521
        },
        "15": {
            "x": 0.5045530796051025,
            "y": 0.6561670899391174,
            "z": -0.037395987659692764
        },
        "16": {
            "x": 0.48660051822662354,
            "y": 0.6904793381690979,
            "z": -0.025512265041470528
        },
        "17": {
            "x": 0.42751091718673706,
            "y": 0.6481562256813049,
            "z": -0.0244373120367527
        },
        "18": {
            "x": 0.48445701599121094,
            "y": 0.6150556206703186,
            "z": -0.044194113463163376
        },
        "19": {
            "x": 0.4946885406970978,
            "y": 0.6555619835853577,
            "z": -0.03875080123543739
        },
        "20": {
            "x": 0.4791116714477539,
            "y": 0.6860559582710266,
            "z": -0.02872256189584732
        }
    }
}