{
    "З": {
        "0": {
            "x": 0.4043201506137848,
            "y": 0.816864550113678,
            "z": -7.656295508695621e-08
        },
        "1": {
            "x": 0.46585074067115784,
            "y": 0.763298511505127,
            "z": 0.04135476052761078
        },
        "2": {
            "x": 0.4922349750995636,
            "y": 0.7088508605957031,
            "z": 0.04888288676738739
        },
        "3": {
            "x": 0.5187997221946716,
            "y": 0.6703538298606873,
            "z": 0.04100530594587326
        },
        "4": {
            "x": 0.5339941382408142,
            "y": 0.6315330266952515,
            "z": 0.03194543719291687
        },
        "5": {
            "x": 0.4125117361545563,
            "y": 0.619387686252594,
            "z": 0.05774082615971565
        },
        "6": {
            "x": 0.4341126084327698,
            "y": 0.5516571998596191,
            "z": 0.0599835179746151
        },
        "7": {
            "x": 0.45566874742507935,
            "y": 0.5163226127624512,
            "z": 0.054736241698265076
        },
        "8": {
            "x": 0.47476744651794434,
            "y": 0.49017590284347534,
            "z": 0.047921791672706604
        },
        "9": {
            "x": 0.40549370646476746,
            "y": 0.621148407459259,
            "z": 0.026362210512161255
        },
        "10": {
            "x": 0.4828040599822998,
            "y": 0.6041604280471802,
            "z": 0.01378847286105156
        },
        "11": {
            "x": 0.49375757575035095,
            "y": 0.6592748761177063,
            "z": 0.00325330370105803
        },
        "12": {
            "x": 0.47913625836372375,
            "y": 0.6913210153579712,
            "z": -0.0005875971401110291
        },
        "13": {
            "x": 0.4127039313316345,
            "y": 0.631375789642334,
            "z": -0.003420534310862422
        },
        "14": {
            "x": 0.4881446361541748,
            "y": 0.6140549778938293,
            "z": -0.011139750480651855
        },
        "15": {
            "x": 0.4950612783432007,
            "y": 0.6676570773124695,
            "z": -0.008299905806779861
        },
        "16": {
            "x": 0.47929802536964417,
            "y": 0.6940670609474182,
            "z": -0.005202756263315678
        },
        "17": {
            "x": 0.42933958768844604,
            "y": 0.6447567939758301,
            "z": -0.03066512942314148
        },
        "18": {
            "x": 0.4926947355270386,
            "y": 0.631517767906189,
            "z": -0.02799241989850998
        },
        "19": {
            "x": 0.4954485595226288,
            "y": 0.672447681427002,
            "z": -0.018275851383805275
        },
        "20": {
            "x": 0.4804738163948059,
            "y": 0.6955289244651794,
            "z": -0.011344650760293007
        }
    }
}