{
    "З": {
        "0": {
            "x": 0.3931175768375397,
            "y": 0.8050186634063721,
            "z": -3.868945697149684e-08
        },
        "1": {
            "x": 0.4560615122318268,
            "y": 0.7543447017669678,
            "z": 0.025791237130761147
        },
        "2": {
            "x": 0.48396050930023193,
            "y": 0.6975382566452026,
            "z": 0.02925906330347061
        },
        "3": {
            "x": 0.510802149772644,
            "y": 0.6604416370391846,
            "z": 0.020806223154067993
        },
        "4": {
            "x": 0.5239376425743103,
            "y": 0.6219666600227356,
            "z": 0.012875957414507866
        },
        "5": {
            "x": 0.40461012721061707,
            "y": 0.6051071882247925,
            "z": 0.043530914932489395
        },
        "6": {
            "x": 0.4256066679954529,
            "y": 0.5439398288726807,
            "z": 0.04033103957772255
        },
        "7": {
            "x": 0.44692903757095337,
            "y": 0.5075351595878601,
            "z": 0.033198241144418716
        },
        "8": {
            "x": 0.46662503480911255,
            "y": 0.48186516761779785,
            "z": 0.0261810515075922
        },
        "9": {
            "x": 0.3979153335094452,
            "y": 0.6062449216842651,
            "z": 0.019726021215319633
        },
        "10": {
            "x": 0.47241365909576416,
            "y": 0.5901982188224792,
            "z": 0.0020161864813417196
        },
        "11": {
            "x": 0.4830988943576813,
            "y": 0.6398399472236633,
            "z": -0.0081089548766613
        },
        "12": {
            "x": 0.47010377049446106,
            "y": 0.6683503985404968,
            "z": -0.010395145043730736
        },
        "13": {
            "x": 0.4046514332294464,
            "y": 0.6163284778594971,
            "z": -0.004109696950763464
        },
        "14": {
            "x": 0.482043981552124,
            "y": 0.6000324487686157,
            "z": -0.01859208010137081
        },
        "15": {
            "x": 0.48916348814964294,
            "y": 0.6492959856987,
            "z": -0.015856914222240448
        },
        "16": {
            "x": 0.47381919622421265,
            "y": 0.6733790040016174,
            "z": -0.010636663064360619
        },
        "17": {
            "x": 0.42154765129089355,
            "y": 0.632676362991333,
            "z": -0.026668043807148933
        },
        "18": {
            "x": 0.4869404137134552,
            "y": 0.6180470585823059,
            "z": -0.030092593282461166
        },
        "19": {
            "x": 0.4885578155517578,
            "y": 0.6570196151733398,
            "z": -0.02195153757929802
        },
        "20": {
            "x": 0.4720049500465393,
            "y": 0.6786524057388306,
            "z": -0.014627047814428806
        }
    }
}