{
    "З": {
        "0": {
            "x": 0.3974578380584717,
            "y": 0.8044532537460327,
            "z": 2.3302195018004568e-07
        },
        "1": {
            "x": 0.45791059732437134,
            "y": 0.7549207210540771,
            "z": 0.029295016080141068
        },
        "2": {
            "x": 0.4835730195045471,
            "y": 0.7031357884407043,
            "z": 0.03417006880044937
        },
        "3": {
            "x": 0.5088803768157959,
            "y": 0.664230465888977,
            "z": 0.02649005316197872
        },
        "4": {
            "x": 0.5255684852600098,
            "y": 0.6283892393112183,
            "z": 0.01915362849831581
        },
        "5": {
            "x": 0.4072245955467224,
            "y": 0.6140908002853394,
            "z": 0.04057541489601135
        },
        "6": {
            "x": 0.422048419713974,
            "y": 0.547896146774292,
            "z": 0.038066133856773376
        },
        "7": {
            "x": 0.44400542974472046,
            "y": 0.5117541551589966,
            "z": 0.03420548513531685
        },
        "8": {
            "x": 0.4660835862159729,
            "y": 0.48750191926956177,
            "z": 0.03138280287384987
        },
        "9": {
            "x": 0.400631308555603,
            "y": 0.6163312196731567,
            "z": 0.015415063127875328
        },
        "10": {
            "x": 0.43655750155448914,
            "y": 0.5562250018119812,
            "z": 0.011107238009572029
        },
        "11": {
            "x": 0.4565625488758087,
            "y": 0.5444633960723877,
            "z": 0.009069392457604408
        },
        "12": {
            "x": 0.4649988114833832,
            "y": 0.5342167019844055,
            "z": 0.0077361296862363815
        },
        "13": {
            "x": 0.4073794484138489,
            "y": 0.6274340748786926,
            "z": -0.010221084579825401
        },
        "14": {
            "x": 0.4779607951641083,
            "y": 0.5913960933685303,
            "z": -0.01800115592777729
        },
        "15": {
            "x": 0.4915601909160614,
            "y": 0.6342941522598267,
            "z": -0.013419064693152905
        },
        "16": {
            "x": 0.48360195755958557,
            "y": 0.6639160513877869,
            "z": -0.008909163065254688
        },
        "17": {
            "x": 0.42726802825927734,
            "y": 0.6435572504997253,
            "z": -0.034459393471479416
        },
        "18": {
            "x": 0.4912443161010742,
            "y": 0.6184232234954834,
            "z": -0.03411263972520828
        },
        "19": {
            "x": 0.496105432510376,
            "y": 0.6534107327461243,
            "z": -0.02565626986324787
        },
        "20": {
            "x": 0.4835087060928345,
            "y": 0.6805999875068665,
            "z": -0.019543293863534927
        }
    }
}