{
    "З": {
        "0": {
            "x": 0.6605045795440674,
            "y": 0.7342833280563354,
            "z": -2.570674837443221e-07
        },
        "1": {
            "x": 0.5924665331840515,
            "y": 0.6965166330337524,
            "z": 0.040283653885126114
        },
        "2": {
            "x": 0.5551801919937134,
            "y": 0.6508316397666931,
            "z": 0.04662175849080086
        },
        "3": {
            "x": 0.5251355171203613,
            "y": 0.6175448298454285,
            "z": 0.03614069148898125
        },
        "4": {
            "x": 0.5099684000015259,
            "y": 0.5743616819381714,
            "z": 0.024117741733789444
        },
        "5": {
            "x": 0.6139962077140808,
            "y": 0.540865957736969,
            "z": 0.07834173738956451
        },
        "6": {
            "x": 0.5901007652282715,
            "y": 0.48312094807624817,
            "z": 0.08295369148254395
        },
        "7": {
            "x": 0.5621383190155029,
            "y": 0.4549649953842163,
            "z": 0.08320514112710953
        },
        "8": {
            "x": 0.5392056703567505,
            "y": 0.43625015020370483,
            "z": 0.08081982284784317
        },
        "9": {
            "x": 0.6266893744468689,
            "y": 0.5372380018234253,
            "z": 0.04388852417469025
        },
        "10": {
            "x": 0.5540075302124023,
            "y": 0.5163082480430603,
            "z": 0.03469424694776535
        },
        "11": {
            "x": 0.5418956279754639,
            "y": 0.5677056908607483,
            "z": 0.03171348199248314
        },
        "12": {
            "x": 0.553094208240509,
            "y": 0.5975596308708191,
            "z": 0.03476191312074661
        },
        "13": {
            "x": 0.6279642581939697,
            "y": 0.5459793210029602,
            "z": 0.007439061999320984
        },
        "14": {
            "x": 0.5478134751319885,
            "y": 0.5417513251304626,
            "z": -0.005409567151218653
        },
        "15": {
            "x": 0.546705961227417,
            "y": 0.5944022536277771,
            "z": -0.00032017839839681983
        },
        "16": {
            "x": 0.5661070942878723,
            "y": 0.6157176494598389,
            "z": 0.007305539678782225
        },
        "17": {
            "x": 0.6204983592033386,
            "y": 0.55845707654953,
            "z": -0.027086341753602028
        },
        "18": {
            "x": 0.5536471009254456,
            "y": 0.5566540956497192,
            "z": -0.03304804116487503
        },
        "19": {
            "x": 0.5531324148178101,
            "y": 0.595911979675293,
            "z": -0.025728899985551834
        },
        "20": {
            "x": 0.5731354355812073,
            "y": 0.6161609292030334,
            "z": -0.018252717331051826
        }
    }
}