{
    "З": {
        "0": {
            "x": 0.6811514496803284,
            "y": 0.7013789415359497,
            "z": -3.225097486847517e-07
        },
        "1": {
            "x": 0.6303175687789917,
            "y": 0.679465115070343,
            "z": -0.002047274960204959
        },
        "2": {
            "x": 0.5924063920974731,
            "y": 0.6358007788658142,
            "z": -0.008360607549548149
        },
        "3": {
            "x": 0.5628222823143005,
            "y": 0.5970319509506226,
            "z": -0.020934918895363808
        },
        "4": {
            "x": 0.556120753288269,
            "y": 0.5557451844215393,
            "z": -0.03193335607647896
        },
        "5": {
            "x": 0.6445494294166565,
            "y": 0.5274248719215393,
            "z": 0.02168460004031658
        },
        "6": {
            "x": 0.6340774893760681,
            "y": 0.47385174036026,
            "z": 0.008654874749481678
        },
        "7": {
            "x": 0.6087582111358643,
            "y": 0.443620502948761,
            "z": -0.00027530782972462475
        },
        "8": {
            "x": 0.5857022404670715,
            "y": 0.4276362657546997,
            "z": -0.006126487627625465
        },
        "9": {
            "x": 0.6587264537811279,
            "y": 0.5222477912902832,
            "z": 0.010921018198132515
        },
        "10": {
            "x": 0.6016127467155457,
            "y": 0.4987422823905945,
            "z": -0.0152151919901371
        },
        "11": {
            "x": 0.5831806063652039,
            "y": 0.5500373840332031,
            "z": -0.022780785337090492
        },
        "12": {
            "x": 0.5852739214897156,
            "y": 0.590744137763977,
            "z": -0.01936011016368866
        },
        "13": {
            "x": 0.6692107319831848,
            "y": 0.524193286895752,
            "z": -0.003333920845761895
        },
        "14": {
            "x": 0.6052287220954895,
            "y": 0.509425699710846,
            "z": -0.03228864446282387
        },
        "15": {
            "x": 0.5925900936126709,
            "y": 0.5619567632675171,
            "z": -0.029499877244234085
        },
        "16": {
            "x": 0.6010668873786926,
            "y": 0.6026232242584229,
            "z": -0.017329655587673187
        },
        "17": {
            "x": 0.6749995946884155,
            "y": 0.5337474942207336,
            "z": -0.01834116131067276
        },
        "18": {
            "x": 0.6166554689407349,
            "y": 0.5224639773368835,
            "z": -0.03719234839081764
        },
        "19": {
            "x": 0.6025006175041199,
            "y": 0.5572804808616638,
            "z": -0.033830635249614716
        },
        "20": {
            "x": 0.6093778610229492,
            "y": 0.5917759537696838,
            "z": -0.024397289380431175
        }
    }
}