{
    "З": {
        "0": {
            "x": 0.6704463362693787,
            "y": 0.7353522181510925,
            "z": -4.318914363921067e-07
        },
        "1": {
            "x": 0.6159055233001709,
            "y": 0.6848360300064087,
            "z": 0.032226938754320145
        },
        "2": {
            "x": 0.5939159989356995,
            "y": 0.6296975016593933,
            "z": 0.04069017246365547
        },
        "3": {
            "x": 0.5759740471839905,
            "y": 0.5853598117828369,
            "z": 0.034607719630002975
        },
        "4": {
            "x": 0.5689718723297119,
            "y": 0.5413153171539307,
            "z": 0.027599316090345383
        },
        "5": {
            "x": 0.6723017692565918,
            "y": 0.5461884140968323,
            "z": 0.07144889235496521
        },
        "6": {
            "x": 0.6640993356704712,
            "y": 0.4881715178489685,
            "z": 0.07323586940765381
        },
        "7": {
            "x": 0.6398907899856567,
            "y": 0.45626163482666016,
            "z": 0.06995471566915512
        },
        "8": {
            "x": 0.6162031888961792,
            "y": 0.43662217259407043,
            "z": 0.06610418111085892
        },
        "9": {
            "x": 0.6847383975982666,
            "y": 0.5463511347770691,
            "z": 0.043021973222494125
        },
        "10": {
            "x": 0.6193249225616455,
            "y": 0.5147150158882141,
            "z": 0.03096006065607071
        },
        "11": {
            "x": 0.5964422225952148,
            "y": 0.5634677410125732,
            "z": 0.023064834997057915
        },
        "12": {
            "x": 0.6002357006072998,
            "y": 0.6032618284225464,
            "z": 0.023253602907061577
        },
        "13": {
            "x": 0.6871801018714905,
            "y": 0.5515758991241455,
            "z": 0.012345633469522
        },
        "14": {
            "x": 0.6167181134223938,
            "y": 0.5253244042396545,
            "z": -0.0038459142670035362
        },
        "15": {
            "x": 0.6030259728431702,
            "y": 0.5744761824607849,
            "z": -0.0030232162680476904
        },
        "16": {
            "x": 0.6133759617805481,
            "y": 0.6127719283103943,
            "z": 0.0034778311382979155
        },
        "17": {
            "x": 0.6828601956367493,
            "y": 0.5577352046966553,
            "z": -0.016945909708738327
        },
        "18": {
            "x": 0.6215395331382751,
            "y": 0.5305113196372986,
            "z": -0.02621270716190338
        },
        "19": {
            "x": 0.6078976392745972,
            "y": 0.566794216632843,
            "z": -0.021367771551012993
        },
        "20": {
            "x": 0.6175507307052612,
            "y": 0.6028878688812256,
            "z": -0.014090248383581638
        }
    }
}