{
    "З": {
        "0": {
            "x": 0.4654233455657959,
            "y": 0.8596042394638062,
            "z": 7.810910318539754e-08
        },
        "1": {
            "x": 0.5382484793663025,
            "y": 0.798996090888977,
            "z": 0.001524558407254517
        },
        "2": {
            "x": 0.5786885023117065,
            "y": 0.734164834022522,
            "z": -0.01411648839712143
        },
        "3": {
            "x": 0.6097526550292969,
            "y": 0.6911464929580688,
            "z": -0.03854386508464813
        },
        "4": {
            "x": 0.6007261276245117,
            "y": 0.6679437756538391,
            "z": -0.06107925996184349
        },
        "5": {
            "x": 0.4853661358356476,
            "y": 0.5886951684951782,
            "z": 0.0007278661942109466
        },
        "6": {
            "x": 0.47136420011520386,
            "y": 0.5002953410148621,
            "z": -0.02780281752347946
        },
        "7": {
            "x": 0.48953118920326233,
            "y": 0.44117462635040283,
            "z": -0.045344866812229156
        },
        "8": {
            "x": 0.5126086473464966,
            "y": 0.4063189923763275,
            "z": -0.05591539666056633
        },
        "9": {
            "x": 0.45979049801826477,
            "y": 0.5976304411888123,
            "z": -0.020138727501034737
        },
        "10": {
            "x": 0.5582187175750732,
            "y": 0.5825173258781433,
            "z": -0.06639573723077774
        },
        "11": {
            "x": 0.5764604806900024,
            "y": 0.6641812920570374,
            "z": -0.0762747973203659
        },
        "12": {
            "x": 0.5622555613517761,
            "y": 0.7075169682502747,
            "z": -0.0710168406367302
        },
        "13": {
            "x": 0.45020246505737305,
            "y": 0.6221033334732056,
            "z": -0.043012283742427826
        },
        "14": {
            "x": 0.5505889654159546,
            "y": 0.633485734462738,
            "z": -0.08177177608013153
        },
        "15": {
            "x": 0.5550510287284851,
            "y": 0.704742431640625,
            "z": -0.07153766602277756
        },
        "16": {
            "x": 0.5338191390037537,
            "y": 0.7320895791053772,
            "z": -0.05422307178378105
        },
        "17": {
            "x": 0.45128658413887024,
            "y": 0.656954824924469,
            "z": -0.06718191504478455
        },
        "18": {
            "x": 0.5320741534233093,
            "y": 0.6737530827522278,
            "z": -0.08464404940605164
        },
        "19": {
            "x": 0.5320931673049927,
            "y": 0.7238614559173584,
            "z": -0.07221576571464539
        },
        "20": {
            "x": 0.5095056891441345,
            "y": 0.7425175309181213,
            "z": -0.05727570503950119
        }
    }
}