{
    "З": {
        "0": {
            "x": 0.46704840660095215,
            "y": 0.8629053235054016,
            "z": 6.85745575879082e-08
        },
        "1": {
            "x": 0.5408377647399902,
            "y": 0.7982484698295593,
            "z": 0.0065355682745575905
        },
        "2": {
            "x": 0.5799763202667236,
            "y": 0.7286356091499329,
            "z": -0.0074128867127001286
        },
        "3": {
            "x": 0.6107195019721985,
            "y": 0.6820235848426819,
            "z": -0.031530171632766724
        },
        "4": {
            "x": 0.6002658605575562,
            "y": 0.6681047677993774,
            "z": -0.054242998361587524
        },
        "5": {
            "x": 0.4836184084415436,
            "y": 0.5884219408035278,
            "z": 0.005333325359970331
        },
        "6": {
            "x": 0.4672718644142151,
            "y": 0.5009183883666992,
            "z": -0.02356847934424877
        },
        "7": {
            "x": 0.48850157856941223,
            "y": 0.44543468952178955,
            "z": -0.04123665392398834
        },
        "8": {
            "x": 0.5157186985015869,
            "y": 0.41689446568489075,
            "z": -0.051561325788497925
        },
        "9": {
            "x": 0.4579215347766876,
            "y": 0.5993196964263916,
            "z": -0.018444286659359932
        },
        "10": {
            "x": 0.5564883351325989,
            "y": 0.5822716951370239,
            "z": -0.06412523239850998
        },
        "11": {
            "x": 0.5748392343521118,
            "y": 0.6647359728813171,
            "z": -0.07328897714614868
        },
        "12": {
            "x": 0.561516284942627,
            "y": 0.7079290151596069,
            "z": -0.06758629530668259
        },
        "13": {
            "x": 0.4484492242336273,
            "y": 0.6255226731300354,
            "z": -0.04414330795407295
        },
        "14": {
            "x": 0.5496195554733276,
            "y": 0.6368905901908875,
            "z": -0.0825071856379509
        },
        "15": {
            "x": 0.5542502403259277,
            "y": 0.7078757286071777,
            "z": -0.07188434153795242
        },
        "16": {
            "x": 0.5339444875717163,
            "y": 0.7348378896713257,
            "z": -0.054383616894483566
        },
        "17": {
            "x": 0.4500357508659363,
            "y": 0.6620187759399414,
            "z": -0.07082270085811615
        },
        "18": {
            "x": 0.5314031839370728,
            "y": 0.6767535209655762,
            "z": -0.0872187688946724
        },
        "19": {
            "x": 0.5315503478050232,
            "y": 0.7271332740783691,
            "z": -0.07398682087659836
        },
        "20": {
            "x": 0.5099189281463623,
            "y": 0.7464817762374878,
            "z": -0.058775149285793304
        }
    }
}