{
    "З": {
        "0": {
            "x": 0.38628122210502625,
            "y": 0.7023274898529053,
            "z": 2.2283893486019224e-07
        },
        "1": {
            "x": 0.46229231357574463,
            "y": 0.6470915675163269,
            "z": -0.009322906844317913
        },
        "2": {
            "x": 0.5161644220352173,
            "y": 0.5723892450332642,
            "z": -0.03327194228768349
        },
        "3": {
            "x": 0.549644947052002,
            "y": 0.5099100470542908,
            "z": -0.06495722383260727
        },
        "4": {
            "x": 0.519972026348114,
            "y": 0.5044254064559937,
            "z": -0.09557990729808807
        },
        "5": {
            "x": 0.4231777787208557,
            "y": 0.4144303798675537,
            "z": -0.013886995613574982
        },
        "6": {
            "x": 0.41714558005332947,
            "y": 0.3144172430038452,
            "z": -0.050860293209552765
        },
        "7": {
            "x": 0.44611114263534546,
            "y": 0.2511613070964813,
            "z": -0.07141991704702377
        },
        "8": {
            "x": 0.47543787956237793,
            "y": 0.21370559930801392,
            "z": -0.08276422321796417
        },
        "9": {
            "x": 0.38676396012306213,
            "y": 0.42250561714172363,
            "z": -0.033018648624420166
        },
        "10": {
            "x": 0.4819006621837616,
            "y": 0.40166592597961426,
            "z": -0.08638235181570053
        },
        "11": {
            "x": 0.5021020770072937,
            "y": 0.49899616837501526,
            "z": -0.09378863126039505
        },
        "12": {
            "x": 0.484439492225647,
            "y": 0.5409382581710815,
            "z": -0.08482793718576431
        },
        "13": {
            "x": 0.3637240529060364,
            "y": 0.4447944760322571,
            "z": -0.055339913815259933
        },
        "14": {
            "x": 0.46385088562965393,
            "y": 0.45724883675575256,
            "z": -0.10431858152151108
        },
        "15": {
            "x": 0.4719999432563782,
            "y": 0.5423256754875183,
            "z": -0.09171616286039352
        },
        "16": {
            "x": 0.4483087658882141,
            "y": 0.5712117552757263,
            "z": -0.06981022655963898
        },
        "17": {
            "x": 0.34914541244506836,
            "y": 0.4793226420879364,
            "z": -0.07953724265098572
        },
        "18": {
            "x": 0.4344507157802582,
            "y": 0.4935953617095947,
            "z": -0.10370766371488571
        },
        "19": {
            "x": 0.4401977062225342,
            "y": 0.5532300472259521,
            "z": -0.08976327627897263
        },
        "20": {
            "x": 0.41572538018226624,
            "y": 0.5750948190689087,
            "z": -0.07215963304042816
        }
    }
}