{
    "З": {
        "0": {
            "x": 0.12248719483613968,
            "y": 0.6308859586715698,
            "z": 1.9604657097715972e-07
        },
        "1": {
            "x": 0.1918640285730362,
            "y": 0.5729585886001587,
            "z": -0.0019417224684730172
        },
        "2": {
            "x": 0.24160075187683105,
            "y": 0.5083260536193848,
            "z": -0.023254306986927986
        },
        "3": {
            "x": 0.2727149724960327,
            "y": 0.45444878935813904,
            "z": -0.05422140285372734
        },
        "4": {
            "x": 0.2458367645740509,
            "y": 0.43707790970802307,
            "z": -0.08504276722669601
        },
        "5": {
            "x": 0.15129375457763672,
            "y": 0.3579801321029663,
            "z": 0.00015042013546917588
        },
        "6": {
            "x": 0.15326528251171112,
            "y": 0.26732420921325684,
            "z": -0.03220060467720032
        },
        "7": {
            "x": 0.17653125524520874,
            "y": 0.20804497599601746,
            "z": -0.0508999340236187
        },
        "8": {
            "x": 0.2018590271472931,
            "y": 0.17248517274856567,
            "z": -0.06078174337744713
        },
        "9": {
            "x": 0.11633425205945969,
            "y": 0.36885562539100647,
            "z": -0.02123430371284485
        },
        "10": {
            "x": 0.20701980590820312,
            "y": 0.3401312530040741,
            "z": -0.0702815130352974
        },
        "11": {
            "x": 0.22456863522529602,
            "y": 0.42926865816116333,
            "z": -0.07965756952762604
        },
        "12": {
            "x": 0.20900261402130127,
            "y": 0.4700051546096802,
            "z": -0.07204930484294891
        },
        "13": {
            "x": 0.09414426982402802,
            "y": 0.389803409576416,
            "z": -0.045300666242837906
        },
        "14": {
            "x": 0.18709075450897217,
            "y": 0.3895997405052185,
            "z": -0.08908848464488983
        },
        "15": {
            "x": 0.19566906988620758,
            "y": 0.46906256675720215,
            "z": -0.07817836850881577
        },
        "16": {
            "x": 0.174871563911438,
            "y": 0.4992266595363617,
            "z": -0.057885635644197464
        },
        "17": {
            "x": 0.08029500395059586,
            "y": 0.4209054410457611,
            "z": -0.07054896652698517
        },
        "18": {
            "x": 0.15957897901535034,
            "y": 0.4214837849140167,
            "z": -0.09062934666872025
        },
        "19": {
            "x": 0.16892895102500916,
            "y": 0.4775964319705963,
            "z": -0.07581677287817001
        },
        "20": {
            "x": 0.14910957217216492,
            "y": 0.5024477243423462,
            "z": -0.05757388472557068
        }
    }
}