{
    "З": {
        "0": {
            "x": 0.1645793318748474,
            "y": 0.6331785321235657,
            "z": 1.8972997395394486e-07
        },
        "1": {
            "x": 0.23508715629577637,
            "y": 0.579962432384491,
            "z": -0.008108158595860004
        },
        "2": {
            "x": 0.2848394215106964,
            "y": 0.5178102254867554,
            "z": -0.033095087856054306
        },
        "3": {
            "x": 0.31841781735420227,
            "y": 0.4687630534172058,
            "z": -0.0658838078379631
        },
        "4": {
            "x": 0.2977389991283417,
            "y": 0.45169559121131897,
            "z": -0.09728800505399704
        },
        "5": {
            "x": 0.19748547673225403,
            "y": 0.35671335458755493,
            "z": -0.013115281239151955
        },
        "6": {
            "x": 0.20021535456180573,
            "y": 0.26219481229782104,
            "z": -0.04802105575799942
        },
        "7": {
            "x": 0.22953055799007416,
            "y": 0.20597438514232635,
            "z": -0.06763376295566559
        },
        "8": {
            "x": 0.2587035298347473,
            "y": 0.17727263271808624,
            "z": -0.07795650511980057
        },
        "9": {
            "x": 0.16357284784317017,
            "y": 0.36452534794807434,
            "z": -0.03100210800766945
        },
        "10": {
            "x": 0.2591961920261383,
            "y": 0.3503434956073761,
            "z": -0.07809071242809296
        },
        "11": {
            "x": 0.27503567934036255,
            "y": 0.4390355944633484,
            "z": -0.08418836444616318
        },
        "12": {
            "x": 0.2586856484413147,
            "y": 0.4770870506763458,
            "z": -0.07648041844367981
        },
        "13": {
            "x": 0.14278331398963928,
            "y": 0.3871626853942871,
            "z": -0.05187390372157097
        },
        "14": {
            "x": 0.2397771030664444,
            "y": 0.3982028365135193,
            "z": -0.09392307698726654
        },
        "15": {
            "x": 0.24603287875652313,
            "y": 0.4758825898170471,
            "z": -0.08074401319026947
        },
        "16": {
            "x": 0.22568605840206146,
            "y": 0.5039706230163574,
            "z": -0.060872822999954224
        },
        "17": {
            "x": 0.13142091035842896,
            "y": 0.4214012026786804,
            "z": -0.07467371970415115
        },
        "18": {
            "x": 0.21367371082305908,
            "y": 0.43408384919166565,
            "z": -0.09395724534988403
        },
        "19": {
            "x": 0.21952690184116364,
            "y": 0.48788535594940186,
            "z": -0.0788915827870369
        },
        "20": {
            "x": 0.1986367106437683,
            "y": 0.5095651149749756,
            "z": -0.061571698635816574
        }
    }
}