{
    "Х": {
        "0": {
            "x": 0.22451899945735931,
            "y": 0.8650399446487427,
            "z": -9.828680980206173e-09
        },
        "1": {
            "x": 0.3076598644256592,
            "y": 0.7923547029495239,
            "z": -0.010941821150481701
        },
        "2": {
            "x": 0.365179181098938,
            "y": 0.7018359303474426,
            "z": -0.02981714904308319
        },
        "3": {
            "x": 0.39208582043647766,
            "y": 0.6225451231002808,
            "z": -0.05750790983438492
        },
        "4": {
            "x": 0.3595588505268097,
            "y": 0.5993891954421997,
            "z": -0.08351793140172958
        },
        "5": {
            "x": 0.29296907782554626,
            "y": 0.5453405976295471,
            "z": 0.004984656814485788
        },
        "6": {
            "x": 0.32329195737838745,
            "y": 0.44914183020591736,
            "z": -0.03042164258658886
        },
        "7": {
            "x": 0.35053446888923645,
            "y": 0.387819766998291,
            "z": -0.0511479526758194
        },
        "8": {
            "x": 0.37416988611221313,
            "y": 0.33268439769744873,
            "z": -0.06518829613924026
        },
        "9": {
            "x": 0.2476007044315338,
            "y": 0.5389636158943176,
            "z": -0.01307257916778326
        },
        "10": {
            "x": 0.3300590217113495,
            "y": 0.5564104914665222,
            "z": -0.07223591953516006
        },
        "11": {
            "x": 0.32480162382125854,
            "y": 0.6590224504470825,
            "z": -0.08645852655172348
        },
        "12": {
            "x": 0.2951047718524933,
            "y": 0.6841849088668823,
            "z": -0.08200213313102722
        },
        "13": {
            "x": 0.21372215449810028,
            "y": 0.5529588460922241,
            "z": -0.035572830587625504
        },
        "14": {
            "x": 0.29867061972618103,
            "y": 0.593652606010437,
            "z": -0.0941649004817009
        },
        "15": {
            "x": 0.28957265615463257,
            "y": 0.6827673316001892,
            "z": -0.08865514397621155
        },
        "16": {
            "x": 0.2586047053337097,
            "y": 0.6953802704811096,
            "z": -0.06980537623167038
        },
        "17": {
            "x": 0.18583261966705322,
            "y": 0.5805723667144775,
            "z": -0.05975551903247833
        },
        "18": {
            "x": 0.262882798910141,
            "y": 0.6150375604629517,
            "z": -0.09309057891368866
        },
        "19": {
            "x": 0.2581818699836731,
            "y": 0.6776078939437866,
            "z": -0.08596817404031754
        },
        "20": {
            "x": 0.22632676362991333,
            "y": 0.6861305832862854,
            "z": -0.07177627831697464
        }
    }
}