{
    "Х": {
        "0": {
            "x": 0.1545749008655548,
            "y": 0.8357066512107849,
            "z": 1.2012395522731367e-08
        },
        "1": {
            "x": 0.23726853728294373,
            "y": 0.7728964686393738,
            "z": -0.0037206984125077724
        },
        "2": {
            "x": 0.29665249586105347,
            "y": 0.6839454174041748,
            "z": -0.015408449806272984
        },
        "3": {
            "x": 0.32300055027008057,
            "y": 0.5999138951301575,
            "z": -0.036465588957071304
        },
        "4": {
            "x": 0.28336238861083984,
            "y": 0.5799907445907593,
            "z": -0.05701497569680214
        },
        "5": {
            "x": 0.23015068471431732,
            "y": 0.5432288646697998,
            "z": 0.013768563978374004
        },
        "6": {
            "x": 0.2587491571903229,
            "y": 0.43970006704330444,
            "z": -0.014853897504508495
        },
        "7": {
            "x": 0.28943341970443726,
            "y": 0.38406676054000854,
            "z": -0.03140387311577797
        },
        "8": {
            "x": 0.31519198417663574,
            "y": 0.3371344208717346,
            "z": -0.04282243922352791
        },
        "9": {
            "x": 0.18561875820159912,
            "y": 0.5390369296073914,
            "z": -0.005776764824986458
        },
        "10": {
            "x": 0.2609086036682129,
            "y": 0.5337545871734619,
            "z": -0.0586901493370533
        },
        "11": {
            "x": 0.2577080726623535,
            "y": 0.633550226688385,
            "z": -0.07231353223323822
        },
        "12": {
            "x": 0.22846215963363647,
            "y": 0.6596952676773071,
            "z": -0.06823160499334335
        },
        "13": {
            "x": 0.15010344982147217,
            "y": 0.549773097038269,
            "z": -0.028810983523726463
        },
        "14": {
            "x": 0.22392259538173676,
            "y": 0.5643350481987,
            "z": -0.08379431068897247
        },
        "15": {
            "x": 0.21829776465892792,
            "y": 0.6546807885169983,
            "z": -0.07778927683830261
        },
        "16": {
            "x": 0.1882781684398651,
            "y": 0.6678174138069153,
            "z": -0.059146422892808914
        },
        "17": {
            "x": 0.11758679151535034,
            "y": 0.5720033645629883,
            "z": -0.05218161270022392
        },
        "18": {
            "x": 0.18668417632579803,
            "y": 0.5758302211761475,
            "z": -0.08392329514026642
        },
        "19": {
            "x": 0.18543601036071777,
            "y": 0.6400154232978821,
            "z": -0.07327759265899658
        },
        "20": {
            "x": 0.15555202960968018,
            "y": 0.6541574597358704,
            "z": -0.05692381039261818
        }
    }
}