{
    "Х": {
        "0": {
            "x": 0.13927878439426422,
            "y": 0.620833158493042,
            "z": 1.183408073757164e-07
        },
        "1": {
            "x": 0.23142369091510773,
            "y": 0.5691022276878357,
            "z": -0.005675957538187504
        },
        "2": {
            "x": 0.29340696334838867,
            "y": 0.48727869987487793,
            "z": -0.019966889172792435
        },
        "3": {
            "x": 0.32103803753852844,
            "y": 0.40154361724853516,
            "z": -0.04373938962817192
        },
        "4": {
            "x": 0.2799423635005951,
            "y": 0.3688878118991852,
            "z": -0.06522370129823685
        },
        "5": {
            "x": 0.2184004783630371,
            "y": 0.3390377163887024,
            "z": 0.015169447287917137
        },
        "6": {
            "x": 0.2495012730360031,
            "y": 0.24053862690925598,
            "z": -0.019780216738581657
        },
        "7": {
            "x": 0.2864784002304077,
            "y": 0.1903713196516037,
            "z": -0.03615129739046097
        },
        "8": {
            "x": 0.31937795877456665,
            "y": 0.14555668830871582,
            "z": -0.045477766543626785
        },
        "9": {
            "x": 0.17541266977787018,
            "y": 0.33554816246032715,
            "z": -0.0056748040951788425
        },
        "10": {
            "x": 0.25453561544418335,
            "y": 0.32592928409576416,
            "z": -0.06079553812742233
        },
        "11": {
            "x": 0.24669843912124634,
            "y": 0.4357733130455017,
            "z": -0.06617643684148788
        },
        "12": {
            "x": 0.21779783070087433,
            "y": 0.4461197555065155,
            "z": -0.05572710558772087
        },
        "13": {
            "x": 0.14132001996040344,
            "y": 0.3402155041694641,
            "z": -0.03246292844414711
        },
        "14": {
            "x": 0.21999093890190125,
            "y": 0.35010600090026855,
            "z": -0.09239337593317032
        },
        "15": {
            "x": 0.21131528913974762,
            "y": 0.4474620223045349,
            "z": -0.07885825634002686
        },
        "16": {
            "x": 0.17844516038894653,
            "y": 0.45011985301971436,
            "z": -0.054404258728027344
        },
        "17": {
            "x": 0.10848212242126465,
            "y": 0.3535591661930084,
            "z": -0.06019539386034012
        },
        "18": {
            "x": 0.18338090181350708,
            "y": 0.3584657609462738,
            "z": -0.09450928121805191
        },
        "19": {
            "x": 0.17893020808696747,
            "y": 0.4258102774620056,
            "z": -0.08116770535707474
        },
        "20": {
            "x": 0.14484532177448273,
            "y": 0.4343952536582947,
            "z": -0.06283605843782425
        }
    }
}