{
    "Х": {
        "0": {
            "x": 0.19603443145751953,
            "y": 0.5802078247070312,
            "z": 5.3563105950615864e-08
        },
        "1": {
            "x": 0.2902128994464874,
            "y": 0.5274590849876404,
            "z": -0.004004466813057661
        },
        "2": {
            "x": 0.3486481308937073,
            "y": 0.44142186641693115,
            "z": -0.013057448901236057
        },
        "3": {
            "x": 0.37595394253730774,
            "y": 0.3616642355918884,
            "z": -0.032609958201646805
        },
        "4": {
            "x": 0.34535855054855347,
            "y": 0.3169369101524353,
            "z": -0.04861017316579819
        },
        "5": {
            "x": 0.27889883518218994,
            "y": 0.3074149489402771,
            "z": 0.029703738167881966
        },
        "6": {
            "x": 0.3025359511375427,
            "y": 0.20128481090068817,
            "z": -0.0018441888969391584
        },
        "7": {
            "x": 0.33101359009742737,
            "y": 0.14274200797080994,
            "z": -0.01716591604053974
        },
        "8": {
            "x": 0.35793808102607727,
            "y": 0.08861380815505981,
            "z": -0.026058044284582138
        },
        "9": {
            "x": 0.24085849523544312,
            "y": 0.2999838590621948,
            "z": 0.009903660044074059
        },
        "10": {
            "x": 0.3178580403327942,
            "y": 0.28222185373306274,
            "z": -0.04970693960785866
        },
        "11": {
            "x": 0.3102859556674957,
            "y": 0.38397908210754395,
            "z": -0.06064550206065178
        },
        "12": {
            "x": 0.2815043032169342,
            "y": 0.40215301513671875,
            "z": -0.05104689300060272
        },
        "13": {
            "x": 0.20895299315452576,
            "y": 0.2961373031139374,
            "z": -0.01632835529744625
        },
        "14": {
            "x": 0.2944849133491516,
            "y": 0.30052506923675537,
            "z": -0.07943789660930634
        },
        "15": {
            "x": 0.28130170702934265,
            "y": 0.3956071436405182,
            "z": -0.07241135835647583
        },
        "16": {
            "x": 0.24598635733127594,
            "y": 0.4042319655418396,
            "z": -0.04938087612390518
        },
        "17": {
            "x": 0.17719236016273499,
            "y": 0.29829132556915283,
            "z": -0.04336855188012123
        },
        "18": {
            "x": 0.25857624411582947,
            "y": 0.31186729669570923,
            "z": -0.07975587993860245
        },
        "19": {
            "x": 0.2510351240634918,
            "y": 0.37525510787963867,
            "z": -0.07270799577236176
        },
        "20": {
            "x": 0.21696850657463074,
            "y": 0.38063275814056396,
            "z": -0.05722672492265701
        }
    }
}