{
    "Х": {
        "0": {
            "x": 0.3908590078353882,
            "y": 0.8460874557495117,
            "z": -2.2247635911298858e-07
        },
        "1": {
            "x": 0.48313093185424805,
            "y": 0.7727791666984558,
            "z": 0.020762696862220764
        },
        "2": {
            "x": 0.52986079454422,
            "y": 0.6808190941810608,
            "z": 0.01785295642912388
        },
        "3": {
            "x": 0.5573346614837646,
            "y": 0.6224362850189209,
            "z": -0.0003090320387855172
        },
        "4": {
            "x": 0.56928551197052,
            "y": 0.5877370834350586,
            "z": -0.016945648938417435
        },
        "5": {
            "x": 0.4460948705673218,
            "y": 0.5024324059486389,
            "z": 0.03366668149828911
        },
        "6": {
            "x": 0.46844398975372314,
            "y": 0.3904503583908081,
            "z": 0.0009083803743124008
        },
        "7": {
            "x": 0.51230388879776,
            "y": 0.3435059189796448,
            "z": -0.024059535935521126
        },
        "8": {
            "x": 0.5541574358940125,
            "y": 0.31804585456848145,
            "z": -0.03953269124031067
        },
        "9": {
            "x": 0.4180496037006378,
            "y": 0.5082375407218933,
            "z": 0.0023455554619431496
        },
        "10": {
            "x": 0.5328602194786072,
            "y": 0.5452901721000671,
            "z": -0.05248672887682915
        },
        "11": {
            "x": 0.5231759548187256,
            "y": 0.6379830837249756,
            "z": -0.0733700767159462
        },
        "12": {
            "x": 0.4868168532848358,
            "y": 0.6710529327392578,
            "z": -0.07506255805492401
        },
        "13": {
            "x": 0.4034188985824585,
            "y": 0.5339840054512024,
            "z": -0.03118041716516018
        },
        "14": {
            "x": 0.5120770335197449,
            "y": 0.5971861481666565,
            "z": -0.08018961548805237
        },
        "15": {
            "x": 0.49455276131629944,
            "y": 0.6785433292388916,
            "z": -0.07898525148630142
        },
        "16": {
            "x": 0.46055659651756287,
            "y": 0.6927242279052734,
            "z": -0.06543316692113876
        },
        "17": {
            "x": 0.39750969409942627,
            "y": 0.5682995915412903,
            "z": -0.06402542442083359
        },
        "18": {
            "x": 0.4870035648345947,
            "y": 0.6164335608482361,
            "z": -0.0860450267791748
        },
        "19": {
            "x": 0.4728173315525055,
            "y": 0.6724539399147034,
            "z": -0.07664071023464203
        },
        "20": {
            "x": 0.4409037232398987,
            "y": 0.6778700947761536,
            "z": -0.0623694583773613
        }
    }
}