{
    "Х": {
        "0": {
            "x": 0.4793594479560852,
            "y": 0.8436885476112366,
            "z": -1.1653145293166745e-07
        },
        "1": {
            "x": 0.542016327381134,
            "y": 0.7777498960494995,
            "z": 0.013938601128757
        },
        "2": {
            "x": 0.5659946203231812,
            "y": 0.7148274183273315,
            "z": 0.00774111645296216
        },
        "3": {
            "x": 0.5884135961532593,
            "y": 0.6642711758613586,
            "z": -0.008313159458339214
        },
        "4": {
            "x": 0.5870386958122253,
            "y": 0.6177241206169128,
            "z": -0.02164476364850998
        },
        "5": {
            "x": 0.4699729084968567,
            "y": 0.6206095814704895,
            "z": 0.019133351743221283
        },
        "6": {
            "x": 0.4804559350013733,
            "y": 0.5439475178718567,
            "z": 0.0008186862687580287
        },
        "7": {
            "x": 0.5166811943054199,
            "y": 0.5381170511245728,
            "z": -0.010672631673514843
        },
        "8": {
            "x": 0.5432353019714355,
            "y": 0.5694218873977661,
            "z": -0.013845361769199371
        },
        "9": {
            "x": 0.4583519697189331,
            "y": 0.6263261437416077,
            "z": -0.00030667148530483246
        },
        "10": {
            "x": 0.5473158359527588,
            "y": 0.6033748984336853,
            "z": -0.020987194031476974
        },
        "11": {
            "x": 0.5636930465698242,
            "y": 0.6579017043113708,
            "z": -0.02796529233455658
        },
        "12": {
            "x": 0.5468095541000366,
            "y": 0.6856896877288818,
            "z": -0.027395272627472878
        },
        "13": {
            "x": 0.4635894298553467,
            "y": 0.6413941979408264,
            "z": -0.020971087738871574
        },
        "14": {
            "x": 0.5535154342651367,
            "y": 0.6268419623374939,
            "z": -0.0380074605345726
        },
        "15": {
            "x": 0.5619586110115051,
            "y": 0.679556667804718,
            "z": -0.03218928724527359
        },
        "16": {
            "x": 0.5446563959121704,
            "y": 0.704407811164856,
            "z": -0.02414472959935665
        },
        "17": {
            "x": 0.4803168773651123,
            "y": 0.66202312707901,
            "z": -0.04160591959953308
        },
        "18": {
            "x": 0.5527462959289551,
            "y": 0.6463757157325745,
            "z": -0.046793267130851746
        },
        "19": {
            "x": 0.5625221729278564,
            "y": 0.6858065724372864,
            "z": -0.035020627081394196
        },
        "20": {
            "x": 0.5528304576873779,
            "y": 0.7100193500518799,
            "z": -0.023149561136960983
        }
    }
}