{
    "Х": {
        "0": {
            "x": 0.6995691657066345,
            "y": 0.7883370518684387,
            "z": -4.887385784968501e-07
        },
        "1": {
            "x": 0.6256067156791687,
            "y": 0.746292233467102,
            "z": 0.02350827306509018
        },
        "2": {
            "x": 0.5858981609344482,
            "y": 0.6923823356628418,
            "z": 0.02255157008767128
        },
        "3": {
            "x": 0.5556557774543762,
            "y": 0.6509355306625366,
            "z": 0.00921307597309351
        },
        "4": {
            "x": 0.5403687953948975,
            "y": 0.6049681305885315,
            "z": -0.002829201752319932
        },
        "5": {
            "x": 0.6434937715530396,
            "y": 0.5750544667243958,
            "z": 0.04267343506217003
        },
        "6": {
            "x": 0.6300735473632812,
            "y": 0.49865007400512695,
            "z": 0.028979865834116936
        },
        "7": {
            "x": 0.5938699245452881,
            "y": 0.49681127071380615,
            "z": 0.020461779087781906
        },
        "8": {
            "x": 0.5684323310852051,
            "y": 0.5189734697341919,
            "z": 0.016769828274846077
        },
        "9": {
            "x": 0.6604058742523193,
            "y": 0.5732913613319397,
            "z": 0.016689017415046692
        },
        "10": {
            "x": 0.5870724320411682,
            "y": 0.5556324124336243,
            "z": -0.0008725175866857171
        },
        "11": {
            "x": 0.572822630405426,
            "y": 0.6116223931312561,
            "z": -0.0015189411351457238
        },
        "12": {
            "x": 0.5895543098449707,
            "y": 0.642108142375946,
            "z": 0.0022622118704020977
        },
        "13": {
            "x": 0.6649488806724548,
            "y": 0.5858443379402161,
            "z": -0.012669731862843037
        },
        "14": {
            "x": 0.5858985781669617,
            "y": 0.5785638689994812,
            "z": -0.031758327037096024
        },
        "15": {
            "x": 0.5821161270141602,
            "y": 0.6336007118225098,
            "z": -0.021312670782208443
        },
        "16": {
            "x": 0.6029835939407349,
            "y": 0.6608893275260925,
            "z": -0.010103880427777767
        },
        "17": {
            "x": 0.659517765045166,
            "y": 0.6045650243759155,
            "z": -0.041572172194719315
        },
        "18": {
            "x": 0.5929209589958191,
            "y": 0.5943742394447327,
            "z": -0.05281492695212364
        },
        "19": {
            "x": 0.5857746005058289,
            "y": 0.6341261863708496,
            "z": -0.043364401906728745
        },
        "20": {
            "x": 0.6016000509262085,
            "y": 0.6596536636352539,
            "z": -0.033202946186065674
        }
    }
}