{
    "Х": {
        "0": {
            "x": 0.3744239807128906,
            "y": 0.8150120377540588,
            "z": -1.5607787418048247e-07
        },
        "1": {
            "x": 0.4556102454662323,
            "y": 0.7367137670516968,
            "z": 0.043045416474342346
        },
        "2": {
            "x": 0.4837489128112793,
            "y": 0.6607872843742371,
            "z": 0.0422646626830101
        },
        "3": {
            "x": 0.5129722356796265,
            "y": 0.6051931381225586,
            "z": 0.026154644787311554
        },
        "4": {
            "x": 0.5340539813041687,
            "y": 0.5681024789810181,
            "z": 0.00983876921236515
        },
        "5": {
            "x": 0.37236925959587097,
            "y": 0.5352997779846191,
            "z": 0.017043665051460266
        },
        "6": {
            "x": 0.3892820179462433,
            "y": 0.4222225546836853,
            "z": -0.0031129904091358185
        },
        "7": {
            "x": 0.4399060010910034,
            "y": 0.3948533833026886,
            "z": -0.018355485051870346
        },
        "8": {
            "x": 0.4867651164531708,
            "y": 0.39700525999069214,
            "z": -0.027860956266522408
        },
        "9": {
            "x": 0.36713191866874695,
            "y": 0.5608982443809509,
            "z": -0.020518066361546516
        },
        "10": {
            "x": 0.4828393757343292,
            "y": 0.5205404162406921,
            "z": -0.043562762439250946
        },
        "11": {
            "x": 0.4975254237651825,
            "y": 0.5948604941368103,
            "z": -0.04568512737751007
        },
        "12": {
            "x": 0.47624561190605164,
            "y": 0.6261621117591858,
            "z": -0.044766269624233246
        },
        "13": {
            "x": 0.38327279686927795,
            "y": 0.5972651243209839,
            "z": -0.05532172694802284
        },
        "14": {
            "x": 0.5022764205932617,
            "y": 0.5678175687789917,
            "z": -0.06962015479803085
        },
        "15": {
            "x": 0.5041536092758179,
            "y": 0.636695921421051,
            "z": -0.05244710296392441
        },
        "16": {
            "x": 0.47786495089530945,
            "y": 0.6653425693511963,
            "z": -0.04136073589324951
        },
        "17": {
            "x": 0.4096691608428955,
            "y": 0.6305499076843262,
            "z": -0.08778950572013855
        },
        "18": {
            "x": 0.5011316537857056,
            "y": 0.615939199924469,
            "z": -0.08559462428092957
        },
        "19": {
            "x": 0.5025056600570679,
            "y": 0.6675185561180115,
            "z": -0.06321525573730469
        },
        "20": {
            "x": 0.4829663932323456,
            "y": 0.6909522414207458,
            "z": -0.047933828085660934
        }
    }
}