{
    "Х": {
        "0": {
            "x": 0.5065194964408875,
            "y": 0.823236882686615,
            "z": -3.297170962923701e-07
        },
        "1": {
            "x": 0.544930636882782,
            "y": 0.7448801398277283,
            "z": 0.027063176035881042
        },
        "2": {
            "x": 0.5776753425598145,
            "y": 0.6623399257659912,
            "z": 0.028344301506876945
        },
        "3": {
            "x": 0.6099565625190735,
            "y": 0.6200028657913208,
            "z": 0.020113307982683182
        },
        "4": {
            "x": 0.6311377882957458,
            "y": 0.5943890810012817,
            "z": 0.014352831058204174
        },
        "5": {
            "x": 0.5498056411743164,
            "y": 0.5660263895988464,
            "z": 0.006015388760715723
        },
        "6": {
            "x": 0.5965083837509155,
            "y": 0.4808869957923889,
            "z": -0.009354589506983757
        },
        "7": {
            "x": 0.6301897168159485,
            "y": 0.5048664808273315,
            "z": -0.01225259155035019
        },
        "8": {
            "x": 0.6412772536277771,
            "y": 0.5529338717460632,
            "z": -0.009262336418032646
        },
        "9": {
            "x": 0.554157018661499,
            "y": 0.5750213861465454,
            "z": -0.017249776050448418
        },
        "10": {
            "x": 0.6583904027938843,
            "y": 0.6161787509918213,
            "z": -0.02852691523730755
        },
        "11": {
            "x": 0.6504983901977539,
            "y": 0.6738052368164062,
            "z": -0.025976382195949554
        },
        "12": {
            "x": 0.624355137348175,
            "y": 0.6822856664657593,
            "z": -0.022368798032402992
        },
        "13": {
            "x": 0.567964494228363,
            "y": 0.6111618280410767,
            "z": -0.038803644478321075
        },
        "14": {
            "x": 0.6624143719673157,
            "y": 0.674625039100647,
            "z": -0.04320617765188217
        },
        "15": {
            "x": 0.6445627212524414,
            "y": 0.7194095849990845,
            "z": -0.03375198692083359
        },
        "16": {
            "x": 0.6213744878768921,
            "y": 0.7150766849517822,
            "z": -0.028875699266791344
        },
        "17": {
            "x": 0.5854413509368896,
            "y": 0.6566339135169983,
            "z": -0.059155650436878204
        },
        "18": {
            "x": 0.6563787460327148,
            "y": 0.7090461850166321,
            "z": -0.052669353783130646
        },
        "19": {
            "x": 0.6420602202415466,
            "y": 0.7465018033981323,
            "z": -0.0373845249414444
        },
        "20": {
            "x": 0.6218439340591431,
            "y": 0.748030960559845,
            "z": -0.026518726721405983
        }
    }
}