{
    "Х": {
        "0": {
            "x": 0.4523985683917999,
            "y": 0.7082903385162354,
            "z": -3.42388602803112e-07
        },
        "1": {
            "x": 0.5186720490455627,
            "y": 0.649770200252533,
            "z": 0.03200726956129074
        },
        "2": {
            "x": 0.5730993151664734,
            "y": 0.5861472487449646,
            "z": 0.03241380676627159
        },
        "3": {
            "x": 0.6198093891143799,
            "y": 0.5708624124526978,
            "z": 0.02137700840830803
        },
        "4": {
            "x": 0.6528318524360657,
            "y": 0.5677254796028137,
            "z": 0.01271283533424139
        },
        "5": {
            "x": 0.5447325110435486,
            "y": 0.439690500497818,
            "z": 0.010074176825582981
        },
        "6": {
            "x": 0.6070118546485901,
            "y": 0.3587808907032013,
            "z": -0.005597044248133898
        },
        "7": {
            "x": 0.639403223991394,
            "y": 0.39523082971572876,
            "z": -0.01144933421164751
        },
        "8": {
            "x": 0.644605278968811,
            "y": 0.449646532535553,
            "z": -0.010694721713662148
        },
        "9": {
            "x": 0.54883873462677,
            "y": 0.451742023229599,
            "z": -0.016625231131911278
        },
        "10": {
            "x": 0.6470776796340942,
            "y": 0.5189115405082703,
            "z": -0.024700449779629707
        },
        "11": {
            "x": 0.6372818946838379,
            "y": 0.5798923373222351,
            "z": -0.023622434586286545
        },
        "12": {
            "x": 0.6147781610488892,
            "y": 0.5885841250419617,
            "z": -0.02325676940381527
        },
        "13": {
            "x": 0.5575580596923828,
            "y": 0.4945007264614105,
            "z": -0.04117738828063011
        },
        "14": {
            "x": 0.6407795548439026,
            "y": 0.577353835105896,
            "z": -0.04235980287194252
        },
        "15": {
            "x": 0.6164821982383728,
            "y": 0.621123731136322,
            "z": -0.032865382730960846
        },
        "16": {
            "x": 0.5905628204345703,
            "y": 0.6182848215103149,
            "z": -0.029529592022299767
        },
        "17": {
            "x": 0.5689568519592285,
            "y": 0.5445351600646973,
            "z": -0.06428375840187073
        },
        "18": {
            "x": 0.6308286786079407,
            "y": 0.6071996688842773,
            "z": -0.05416667088866234
        },
        "19": {
            "x": 0.6103185415267944,
            "y": 0.6408629417419434,
            "z": -0.036759618669748306
        },
        "20": {
            "x": 0.586460530757904,
            "y": 0.641396701335907,
            "z": -0.02572949044406414
        }
    }
}