{
    "Х": {
        "0": {
            "x": 0.33265647292137146,
            "y": 0.635495126247406,
            "z": -2.3182590780379542e-07
        },
        "1": {
            "x": 0.42653366923332214,
            "y": 0.5911277532577515,
            "z": 0.016817139461636543
        },
        "2": {
            "x": 0.47622641921043396,
            "y": 0.5310114026069641,
            "z": 0.007687339559197426
        },
        "3": {
            "x": 0.5148179531097412,
            "y": 0.4943108856678009,
            "z": -0.012277898378670216
        },
        "4": {
            "x": 0.5349969863891602,
            "y": 0.46141454577445984,
            "z": -0.027369461953639984
        },
        "5": {
            "x": 0.39819058775901794,
            "y": 0.3707943558692932,
            "z": 0.010061142966151237
        },
        "6": {
            "x": 0.44243544340133667,
            "y": 0.2865854501724243,
            "z": -0.01775219477713108
        },
        "7": {
            "x": 0.4807206988334656,
            "y": 0.31088924407958984,
            "z": -0.031939465552568436
        },
        "8": {
            "x": 0.49241527915000916,
            "y": 0.370600163936615,
            "z": -0.03493407741189003
        },
        "9": {
            "x": 0.3838949203491211,
            "y": 0.3725774586200714,
            "z": -0.013869363814592361
        },
        "10": {
            "x": 0.5024561882019043,
            "y": 0.41531580686569214,
            "z": -0.04096950590610504
        },
        "11": {
            "x": 0.49857431650161743,
            "y": 0.49227720499038696,
            "z": -0.04511069506406784
        },
        "12": {
            "x": 0.4691739082336426,
            "y": 0.5114725828170776,
            "z": -0.041891906410455704
        },
        "13": {
            "x": 0.385702520608902,
            "y": 0.3989526331424713,
            "z": -0.03920110687613487
        },
        "14": {
            "x": 0.5007014870643616,
            "y": 0.4601047933101654,
            "z": -0.06018888205289841
        },
        "15": {
            "x": 0.4863773286342621,
            "y": 0.5223151445388794,
            "z": -0.050616610795259476
        },
        "16": {
            "x": 0.45692571997642517,
            "y": 0.5349267721176147,
            "z": -0.040216684341430664
        },
        "17": {
            "x": 0.39864617586135864,
            "y": 0.43729090690612793,
            "z": -0.06473011523485184
        },
        "18": {
            "x": 0.48692286014556885,
            "y": 0.48897337913513184,
            "z": -0.07020898163318634
        },
        "19": {
            "x": 0.4784945845603943,
            "y": 0.5388854146003723,
            "z": -0.056227926164865494
        },
        "20": {
            "x": 0.4564370810985565,
            "y": 0.5519969463348389,
            "z": -0.04317010939121246
        }
    }
}