{
    "Х": {
        "0": {
            "x": 0.17952927947044373,
            "y": 0.9333252906799316,
            "z": -2.6409267661620106e-07
        },
        "1": {
            "x": 0.27673399448394775,
            "y": 0.8555575609207153,
            "z": 0.022904803976416588
        },
        "2": {
            "x": 0.3324858844280243,
            "y": 0.7678085565567017,
            "z": 0.015018709003925323
        },
        "3": {
            "x": 0.3739703893661499,
            "y": 0.7207241654396057,
            "z": -0.004596204496920109
        },
        "4": {
            "x": 0.3925113379955292,
            "y": 0.6871058940887451,
            "z": -0.02020992897450924
        },
        "5": {
            "x": 0.24595236778259277,
            "y": 0.5905517339706421,
            "z": 0.0038252323865890503
        },
        "6": {
            "x": 0.25683969259262085,
            "y": 0.4723491668701172,
            "z": -0.019652752205729485
        },
        "7": {
            "x": 0.30777451395988464,
            "y": 0.4705968499183655,
            "z": -0.029140353202819824
        },
        "8": {
            "x": 0.34157562255859375,
            "y": 0.532065212726593,
            "z": -0.028785374015569687
        },
        "9": {
            "x": 0.22574245929718018,
            "y": 0.6080904006958008,
            "z": -0.02450723759829998
        },
        "10": {
            "x": 0.356120765209198,
            "y": 0.6328251361846924,
            "z": -0.05092336982488632
        },
        "11": {
            "x": 0.3703211545944214,
            "y": 0.7168508172035217,
            "z": -0.05481976643204689
        },
        "12": {
            "x": 0.3492046594619751,
            "y": 0.7594386339187622,
            "z": -0.05168473348021507
        },
        "13": {
            "x": 0.223825603723526,
            "y": 0.6548518538475037,
            "z": -0.05193018913269043
        },
        "14": {
            "x": 0.3515442907810211,
            "y": 0.6970973014831543,
            "z": -0.07127992063760757
        },
        "15": {
            "x": 0.35159286856651306,
            "y": 0.7660821080207825,
            "z": -0.05996694415807724
        },
        "16": {
            "x": 0.32873842120170593,
            "y": 0.7941976189613342,
            "z": -0.048925191164016724
        },
        "17": {
            "x": 0.2345000058412552,
            "y": 0.7130938172340393,
            "z": -0.07857662439346313
        },
        "18": {
            "x": 0.3341934084892273,
            "y": 0.7396203875541687,
            "z": -0.07901051640510559
        },
        "19": {
            "x": 0.33350446820259094,
            "y": 0.7940321564674377,
            "z": -0.05821214243769646
        },
        "20": {
            "x": 0.31398552656173706,
            "y": 0.8210213780403137,
            "z": -0.04060562700033188
        }
    }
}