{
    "Х": {
        "0": {
            "x": 0.3143039643764496,
            "y": 0.9326877593994141,
            "z": -2.8163972842776275e-07
        },
        "1": {
            "x": 0.40712249279022217,
            "y": 0.8662396669387817,
            "z": 0.03218211978673935
        },
        "2": {
            "x": 0.4509328305721283,
            "y": 0.7806201577186584,
            "z": 0.035611022263765335
        },
        "3": {
            "x": 0.4787566065788269,
            "y": 0.7267597317695618,
            "z": 0.026729414239525795
        },
        "4": {
            "x": 0.4956548810005188,
            "y": 0.6890866756439209,
            "z": 0.02047467976808548
        },
        "5": {
            "x": 0.38883328437805176,
            "y": 0.6251253485679626,
            "z": 0.02174360863864422
        },
        "6": {
            "x": 0.4051377773284912,
            "y": 0.5345474481582642,
            "z": 0.006177727598696947
        },
        "7": {
            "x": 0.4404633939266205,
            "y": 0.5325862169265747,
            "z": 0.000922446371987462
        },
        "8": {
            "x": 0.4599626958370209,
            "y": 0.5724382400512695,
            "z": 0.0015544871566817164
        },
        "9": {
            "x": 0.37982454895973206,
            "y": 0.6286886930465698,
            "z": -0.006937595084309578
        },
        "10": {
            "x": 0.5031325817108154,
            "y": 0.6641912460327148,
            "z": -0.02719719149172306
        },
        "11": {
            "x": 0.5017567873001099,
            "y": 0.738644003868103,
            "z": -0.027055509388446808
        },
        "12": {
            "x": 0.4727514386177063,
            "y": 0.7632392048835754,
            "z": -0.02147708088159561
        },
        "13": {
            "x": 0.38313767313957214,
            "y": 0.6605154275894165,
            "z": -0.03479732573032379
        },
        "14": {
            "x": 0.5009095668792725,
            "y": 0.722337007522583,
            "z": -0.049259480088949203
        },
        "15": {
            "x": 0.48623108863830566,
            "y": 0.7845352292060852,
            "z": -0.03998930752277374
        },
        "16": {
            "x": 0.4580637812614441,
            "y": 0.7960320711135864,
            "z": -0.03152964636683464
        },
        "17": {
            "x": 0.3929027020931244,
            "y": 0.7073766589164734,
            "z": -0.06134027615189552
        },
        "18": {
            "x": 0.4846510589122772,
            "y": 0.7583089470863342,
            "z": -0.0627380833029747
        },
        "19": {
            "x": 0.4743537902832031,
            "y": 0.8079670667648315,
            "z": -0.04931064695119858
        },
        "20": {
            "x": 0.4509553909301758,
            "y": 0.8200579285621643,
            "z": -0.037898097187280655
        }
    }
}