{
    "Х": {
        "0": {
            "x": 0.27432170510292053,
            "y": 0.7736245393753052,
            "z": -3.181177135047619e-07
        },
        "1": {
            "x": 0.3898570239543915,
            "y": 0.6907912492752075,
            "z": 0.030367959290742874
        },
        "2": {
            "x": 0.4454611837863922,
            "y": 0.5988091826438904,
            "z": 0.02528013102710247
        },
        "3": {
            "x": 0.48881593346595764,
            "y": 0.5452386736869812,
            "z": 0.005552262533456087
        },
        "4": {
            "x": 0.5135429501533508,
            "y": 0.5011744499206543,
            "z": -0.009374926798045635
        },
        "5": {
            "x": 0.340323269367218,
            "y": 0.3992631435394287,
            "z": 0.01795581728219986
        },
        "6": {
            "x": 0.3777368366718292,
            "y": 0.2780931890010834,
            "z": -0.0067608351819217205
        },
        "7": {
            "x": 0.4280208647251129,
            "y": 0.29648762941360474,
            "z": -0.014177802950143814
        },
        "8": {
            "x": 0.4495331943035126,
            "y": 0.3666776120662689,
            "z": -0.01200568675994873
        },
        "9": {
            "x": 0.33101874589920044,
            "y": 0.3990616202354431,
            "z": -0.014600767754018307
        },
        "10": {
            "x": 0.48218998312950134,
            "y": 0.43345674872398376,
            "z": -0.03976355120539665
        },
        "11": {
            "x": 0.4827325642108917,
            "y": 0.5239895582199097,
            "z": -0.039331190288066864
        },
        "12": {
            "x": 0.4463399052619934,
            "y": 0.5506508350372314,
            "z": -0.032959334552288055
        },
        "13": {
            "x": 0.3400985896587372,
            "y": 0.4349554777145386,
            "z": -0.04727618768811226
        },
        "14": {
            "x": 0.4881042242050171,
            "y": 0.5036405920982361,
            "z": -0.0651123896241188
        },
        "15": {
            "x": 0.471377968788147,
            "y": 0.5783398151397705,
            "z": -0.05389811843633652
        },
        "16": {
            "x": 0.43407902121543884,
            "y": 0.5919044613838196,
            "z": -0.04427114874124527
        },
        "17": {
            "x": 0.36057692766189575,
            "y": 0.48755943775177,
            "z": -0.07925686985254288
        },
        "18": {
            "x": 0.4740556478500366,
            "y": 0.5484232306480408,
            "z": -0.081792913377285
        },
        "19": {
            "x": 0.46267783641815186,
            "y": 0.6090319752693176,
            "z": -0.06605665385723114
        },
        "20": {
            "x": 0.4328497350215912,
            "y": 0.6222103238105774,
            "z": -0.05244672670960426
        }
    }
}