{
    "Х": {
        "0": {
            "x": 0.6261618137359619,
            "y": 0.7372100949287415,
            "z": -4.864437528340204e-07
        },
        "1": {
            "x": 0.6212218999862671,
            "y": 0.6076936721801758,
            "z": 0.05592055991292
        },
        "2": {
            "x": 0.6505769491195679,
            "y": 0.5047472715377808,
            "z": 0.06836988031864166
        },
        "3": {
            "x": 0.6903942227363586,
            "y": 0.4679637551307678,
            "z": 0.06710240989923477
        },
        "4": {
            "x": 0.7339239716529846,
            "y": 0.4604949653148651,
            "z": 0.06540052592754364
        },
        "5": {
            "x": 0.6592200398445129,
            "y": 0.40890252590179443,
            "z": 0.022368162870407104
        },
        "6": {
            "x": 0.7120064496994019,
            "y": 0.2980833649635315,
            "z": 0.02500125765800476
        },
        "7": {
            "x": 0.7512345314025879,
            "y": 0.32136115431785583,
            "z": 0.03632722795009613
        },
        "8": {
            "x": 0.7625055313110352,
            "y": 0.37672004103660583,
            "z": 0.04726073518395424
        },
        "9": {
            "x": 0.7004719376564026,
            "y": 0.41789573431015015,
            "z": -0.011808766983449459
        },
        "10": {
            "x": 0.8046998381614685,
            "y": 0.43535640835762024,
            "z": 0.0005237277364358306
        },
        "11": {
            "x": 0.8088876605033875,
            "y": 0.4989263117313385,
            "z": 0.012516342103481293
        },
        "12": {
            "x": 0.7860271334648132,
            "y": 0.5275188088417053,
            "z": 0.016930729150772095
        },
        "13": {
            "x": 0.7402307987213135,
            "y": 0.46092328429222107,
            "z": -0.040099937468767166
        },
        "14": {
            "x": 0.825289785861969,
            "y": 0.496306836605072,
            "z": -0.020320717245340347
        },
        "15": {
            "x": 0.8150919079780579,
            "y": 0.5486882925033569,
            "z": -0.0034671276807785034
        },
        "16": {
            "x": 0.7877236604690552,
            "y": 0.5654265880584717,
            "z": -0.0011232205433771014
        },
        "17": {
            "x": 0.7727318406105042,
            "y": 0.5149897336959839,
            "z": -0.06493334472179413
        },
        "18": {
            "x": 0.8292670845985413,
            "y": 0.5409160852432251,
            "z": -0.039586812257766724
        },
        "19": {
            "x": 0.8121461868286133,
            "y": 0.5830559730529785,
            "z": -0.015561026521027088
        },
        "20": {
            "x": 0.781639039516449,
            "y": 0.5981325507164001,
            "z": -0.002653516363352537
        }
    }
}