{
    "ะก": {
        "0": {
            "x": 0.4186263680458069,
            "y": 0.5663337111473083,
            "z": 4.075121182722796e-07
        },
        "1": {
            "x": 0.5066961050033569,
            "y": 0.5448665618896484,
            "z": 0.058093756437301636
        },
        "2": {
            "x": 0.5614952445030212,
            "y": 0.4982433021068573,
            "z": 0.07454779744148254
        },
        "3": {
            "x": 0.6128624677658081,
            "y": 0.475361704826355,
            "z": 0.07162944972515106
        },
        "4": {
            "x": 0.6586678624153137,
            "y": 0.4509444534778595,
            "z": 0.066379114985466
        },
        "5": {
            "x": 0.48678186535835266,
            "y": 0.2989349663257599,
            "z": 0.09518919885158539
        },
        "6": {
            "x": 0.5516759157180786,
            "y": 0.20951518416404724,
            "z": 0.10746734589338303
        },
        "7": {
            "x": 0.6112579703330994,
            "y": 0.1944938600063324,
            "z": 0.10517973452806473
        },
        "8": {
            "x": 0.6536471247673035,
            "y": 0.1995236873626709,
            "z": 0.1022663563489914
        },
        "9": {
            "x": 0.4840715229511261,
            "y": 0.29056495428085327,
            "z": 0.05519397556781769
        },
        "10": {
            "x": 0.5581327080726624,
            "y": 0.18403172492980957,
            "z": 0.0699644684791565
        },
        "11": {
            "x": 0.6220222115516663,
            "y": 0.17585022747516632,
            "z": 0.06586217880249023
        },
        "12": {
            "x": 0.6667513251304626,
            "y": 0.1982576549053192,
            "z": 0.060636941343545914
        },
        "13": {
            "x": 0.4967656135559082,
            "y": 0.29784899950027466,
            "z": 0.015589657239615917
        },
        "14": {
            "x": 0.5689128041267395,
            "y": 0.18554073572158813,
            "z": 0.03361479192972183
        },
        "15": {
            "x": 0.6337122321128845,
            "y": 0.17661775648593903,
            "z": 0.039495814591646194
        },
        "16": {
            "x": 0.6762575507164001,
            "y": 0.19659502804279327,
            "z": 0.03895191103219986
        },
        "17": {
            "x": 0.5264347195625305,
            "y": 0.3229527473449707,
            "z": -0.02229502610862255
        },
        "18": {
            "x": 0.5861365795135498,
            "y": 0.2249375283718109,
            "z": -0.00541949225589633
        },
        "19": {
            "x": 0.6358577013015747,
            "y": 0.20026016235351562,
            "z": 0.007870636880397797
        },
        "20": {
            "x": 0.6721838116645813,
            "y": 0.20055530965328217,
            "z": 0.014952024444937706
        }
    }
}