{
    "ะก": {
        "0": {
            "x": 0.5550360083580017,
            "y": 0.5761542320251465,
            "z": 5.027621341469057e-07
        },
        "1": {
            "x": 0.6491557359695435,
            "y": 0.5628049373626709,
            "z": 0.05904322490096092
        },
        "2": {
            "x": 0.7070726752281189,
            "y": 0.5201115608215332,
            "z": 0.08018847554922104
        },
        "3": {
            "x": 0.7588277459144592,
            "y": 0.502195417881012,
            "z": 0.0798981711268425
        },
        "4": {
            "x": 0.8064969778060913,
            "y": 0.4889090061187744,
            "z": 0.0778074860572815
        },
        "5": {
            "x": 0.6376858353614807,
            "y": 0.3215482234954834,
            "z": 0.12449146807193756
        },
        "6": {
            "x": 0.7008127570152283,
            "y": 0.2536123991012573,
            "z": 0.1455407738685608
        },
        "7": {
            "x": 0.7576330304145813,
            "y": 0.23924346268177032,
            "z": 0.144525945186615
        },
        "8": {
            "x": 0.8018463253974915,
            "y": 0.24020804464817047,
            "z": 0.14030006527900696
        },
        "9": {
            "x": 0.6377876996994019,
            "y": 0.303564190864563,
            "z": 0.08444694429636002
        },
        "10": {
            "x": 0.7122988700866699,
            "y": 0.21977423131465912,
            "z": 0.1101437360048294
        },
        "11": {
            "x": 0.7718046307563782,
            "y": 0.21265150606632233,
            "z": 0.10674677044153214
        },
        "12": {
            "x": 0.8191641569137573,
            "y": 0.23199492692947388,
            "z": 0.10065069049596786
        },
        "13": {
            "x": 0.6536605954170227,
            "y": 0.3053995966911316,
            "z": 0.042848728597164154
        },
        "14": {
            "x": 0.7317110300064087,
            "y": 0.21580134332180023,
            "z": 0.07066452503204346
        },
        "15": {
            "x": 0.7925819158554077,
            "y": 0.20694096386432648,
            "z": 0.07969092577695847
        },
        "16": {
            "x": 0.8365762233734131,
            "y": 0.22078852355480194,
            "z": 0.07999742776155472
        },
        "17": {
            "x": 0.6872444152832031,
            "y": 0.3313145935535431,
            "z": 0.0015668811975046992
        },
        "18": {
            "x": 0.7552739977836609,
            "y": 0.2560303211212158,
            "z": 0.0272300336509943
        },
        "19": {
            "x": 0.8056450486183167,
            "y": 0.2330155372619629,
            "z": 0.04436834156513214
        },
        "20": {
            "x": 0.8436923027038574,
            "y": 0.2287084311246872,
            "z": 0.053126074373722076
        }
    }
}