{
    "ะก": {
        "0": {
            "x": 0.13524127006530762,
            "y": 0.8541673421859741,
            "z": 6.105463512540155e-07
        },
        "1": {
            "x": 0.24680545926094055,
            "y": 0.7965214252471924,
            "z": 0.03304561227560043
        },
        "2": {
            "x": 0.3255687355995178,
            "y": 0.7351450324058533,
            "z": 0.03204983100295067
        },
        "3": {
            "x": 0.39254453778266907,
            "y": 0.7037845849990845,
            "z": 0.01364197675138712
        },
        "4": {
            "x": 0.4556761085987091,
            "y": 0.6709426641464233,
            "z": -0.005593067966401577
        },
        "5": {
            "x": 0.24412502348423004,
            "y": 0.5433276295661926,
            "z": 0.06836096197366714
        },
        "6": {
            "x": 0.299862265586853,
            "y": 0.43493565917015076,
            "z": 0.0558827705681324
        },
        "7": {
            "x": 0.36171337962150574,
            "y": 0.40211451053619385,
            "z": 0.03738376125693321
        },
        "8": {
            "x": 0.41152411699295044,
            "y": 0.3937593102455139,
            "z": 0.024909688159823418
        },
        "9": {
            "x": 0.22688895463943481,
            "y": 0.5363221764564514,
            "z": 0.027887072414159775
        },
        "10": {
            "x": 0.30131396651268005,
            "y": 0.40860456228256226,
            "z": 0.015030483715236187
        },
        "11": {
            "x": 0.37141919136047363,
            "y": 0.38398998975753784,
            "z": -0.0036805816926062107
        },
        "12": {
            "x": 0.42281341552734375,
            "y": 0.3979608416557312,
            "z": -0.014741023071110249
        },
        "13": {
            "x": 0.22303763031959534,
            "y": 0.5495622158050537,
            "z": -0.01601829193532467
        },
        "14": {
            "x": 0.30308470129966736,
            "y": 0.42374187707901,
            "z": -0.02615402638912201
        },
        "15": {
            "x": 0.37492385506629944,
            "y": 0.3956353962421417,
            "z": -0.031065626069903374
        },
        "16": {
            "x": 0.4284321665763855,
            "y": 0.4016494154930115,
            "z": -0.032958995550870895
        },
        "17": {
            "x": 0.23593521118164062,
            "y": 0.5842626094818115,
            "z": -0.06021307036280632
        },
        "18": {
            "x": 0.3069612383842468,
            "y": 0.4833635687828064,
            "z": -0.06556688994169235
        },
        "19": {
            "x": 0.3600060045719147,
            "y": 0.43662887811660767,
            "z": -0.06246965005993843
        },
        "20": {
            "x": 0.40373608469963074,
            "y": 0.4154213070869446,
            "z": -0.05903453379869461
        }
    }
}