{
    "ะก": {
        "0": {
            "x": 0.133795365691185,
            "y": 0.7475530505180359,
            "z": 4.6754780669289175e-07
        },
        "1": {
            "x": 0.24645759165287018,
            "y": 0.7082738876342773,
            "z": 0.04682806506752968
        },
        "2": {
            "x": 0.32433080673217773,
            "y": 0.6493848562240601,
            "z": 0.06151990965008736
        },
        "3": {
            "x": 0.38751915097236633,
            "y": 0.6163897514343262,
            "z": 0.057156700640916824
        },
        "4": {
            "x": 0.4440913796424866,
            "y": 0.5827146172523499,
            "z": 0.051739830523729324
        },
        "5": {
            "x": 0.2650201916694641,
            "y": 0.45137453079223633,
            "z": 0.09766238182783127
        },
        "6": {
            "x": 0.314317911863327,
            "y": 0.3573820888996124,
            "z": 0.09701991826295853
        },
        "7": {
            "x": 0.36813080310821533,
            "y": 0.32694756984710693,
            "z": 0.08475615084171295
        },
        "8": {
            "x": 0.4141850769519806,
            "y": 0.31972557306289673,
            "z": 0.07502926886081696
        },
        "9": {
            "x": 0.24473538994789124,
            "y": 0.4376370310783386,
            "z": 0.054139673709869385
        },
        "10": {
            "x": 0.31031423807144165,
            "y": 0.3213883936405182,
            "z": 0.048096492886543274
        },
        "11": {
            "x": 0.3740749657154083,
            "y": 0.2986069917678833,
            "z": 0.03076760284602642
        },
        "12": {
            "x": 0.4223247766494751,
            "y": 0.31545329093933105,
            "z": 0.0206974558532238
        },
        "13": {
            "x": 0.23357006907463074,
            "y": 0.443843811750412,
            "z": 0.007405943237245083
        },
        "14": {
            "x": 0.3053107261657715,
            "y": 0.331981360912323,
            "z": -0.00044670948409475386
        },
        "15": {
            "x": 0.3739008605480194,
            "y": 0.31056350469589233,
            "z": -0.007005613297224045
        },
        "16": {
            "x": 0.4262317419052124,
            "y": 0.3205815851688385,
            "z": -0.009353529661893845
        },
        "17": {
            "x": 0.23517325520515442,
            "y": 0.4747992157936096,
            "z": -0.038328833878040314
        },
        "18": {
            "x": 0.3055787980556488,
            "y": 0.3830735683441162,
            "z": -0.0442017987370491
        },
        "19": {
            "x": 0.35925009846687317,
            "y": 0.3451351523399353,
            "z": -0.04277434200048447
        },
        "20": {
            "x": 0.4055629372596741,
            "y": 0.3307705223560333,
            "z": -0.040030334144830704
        }
    }
}