{
    "ะก": {
        "0": {
            "x": 0.1896899938583374,
            "y": 0.6794989109039307,
            "z": 4.988032742403448e-07
        },
        "1": {
            "x": 0.30199986696243286,
            "y": 0.6506273746490479,
            "z": 0.05955145135521889
        },
        "2": {
            "x": 0.37441733479499817,
            "y": 0.6013032793998718,
            "z": 0.08466347306966782
        },
        "3": {
            "x": 0.4361104369163513,
            "y": 0.5748305320739746,
            "z": 0.08708323538303375
        },
        "4": {
            "x": 0.49157869815826416,
            "y": 0.5437355637550354,
            "z": 0.08745770156383514
        },
        "5": {
            "x": 0.32945525646209717,
            "y": 0.41367068886756897,
            "z": 0.1415356695652008
        },
        "6": {
            "x": 0.37912797927856445,
            "y": 0.3321356177330017,
            "z": 0.1604083776473999
        },
        "7": {
            "x": 0.42716050148010254,
            "y": 0.3017978370189667,
            "z": 0.15438970923423767
        },
        "8": {
            "x": 0.4676205813884735,
            "y": 0.2883916199207306,
            "z": 0.14597409963607788
        },
        "9": {
            "x": 0.31456902623176575,
            "y": 0.3929484784603119,
            "z": 0.09435273706912994
        },
        "10": {
            "x": 0.37699589133262634,
            "y": 0.2921069264411926,
            "z": 0.10913775116205215
        },
        "11": {
            "x": 0.4348454177379608,
            "y": 0.26569390296936035,
            "z": 0.09266316145658493
        },
        "12": {
            "x": 0.4785654544830322,
            "y": 0.27723580598831177,
            "z": 0.07872138917446136
        },
        "13": {
            "x": 0.30513110756874084,
            "y": 0.3880511522293091,
            "z": 0.04336579144001007
        },
        "14": {
            "x": 0.37420186400413513,
            "y": 0.28769373893737793,
            "z": 0.05291517451405525
        },
        "15": {
            "x": 0.43970152735710144,
            "y": 0.2698593735694885,
            "z": 0.04497421905398369
        },
        "16": {
            "x": 0.48958510160446167,
            "y": 0.28013235330581665,
            "z": 0.03689022362232208
        },
        "17": {
            "x": 0.3063085079193115,
            "y": 0.40457406640052795,
            "z": -0.006488325539976358
        },
        "18": {
            "x": 0.3761819899082184,
            "y": 0.32018303871154785,
            "z": -0.00018702136003412306
        },
        "19": {
            "x": 0.43093955516815186,
            "y": 0.29461079835891724,
            "z": 0.0039001251570880413
        },
        "20": {
            "x": 0.476701557636261,
            "y": 0.28959548473358154,
            "z": 0.005314826499670744
        }
    }
}