{
    "ะก": {
        "0": {
            "x": 0.20180143415927887,
            "y": 0.6484689116477966,
            "z": 5.308542085913359e-07
        },
        "1": {
            "x": 0.308777391910553,
            "y": 0.624359667301178,
            "z": 0.04666053503751755
        },
        "2": {
            "x": 0.37770435214042664,
            "y": 0.5813868641853333,
            "z": 0.06474427133798599
        },
        "3": {
            "x": 0.4396888017654419,
            "y": 0.5559682846069336,
            "z": 0.06240764632821083
        },
        "4": {
            "x": 0.4953504800796509,
            "y": 0.5211160182952881,
            "z": 0.05845049023628235
        },
        "5": {
            "x": 0.3401009440422058,
            "y": 0.3924024701118469,
            "z": 0.12598131597042084
        },
        "6": {
            "x": 0.3899126350879669,
            "y": 0.31232744455337524,
            "z": 0.13846004009246826
        },
        "7": {
            "x": 0.4377877712249756,
            "y": 0.2818715274333954,
            "z": 0.12911908328533173
        },
        "8": {
            "x": 0.4777362048625946,
            "y": 0.270097553730011,
            "z": 0.1190701350569725
        },
        "9": {
            "x": 0.3251253366470337,
            "y": 0.3709980249404907,
            "z": 0.0838698148727417
        },
        "10": {
            "x": 0.3866231143474579,
            "y": 0.2690940499305725,
            "z": 0.09167556464672089
        },
        "11": {
            "x": 0.44468003511428833,
            "y": 0.2449950873851776,
            "z": 0.07301077246665955
        },
        "12": {
            "x": 0.4873431921005249,
            "y": 0.25914955139160156,
            "z": 0.05880580097436905
        },
        "13": {
            "x": 0.3148450553417206,
            "y": 0.36447715759277344,
            "z": 0.037015561014413834
        },
        "14": {
            "x": 0.3805077373981476,
            "y": 0.2619872987270355,
            "z": 0.04025116562843323
        },
        "15": {
            "x": 0.44543808698654175,
            "y": 0.2439284324645996,
            "z": 0.03033442050218582
        },
        "16": {
            "x": 0.49387332797050476,
            "y": 0.2547850012779236,
            "z": 0.022382842376828194
        },
        "17": {
            "x": 0.31369781494140625,
            "y": 0.38034379482269287,
            "z": -0.009488235227763653
        },
        "18": {
            "x": 0.3835739195346832,
            "y": 0.297207772731781,
            "z": -0.007506520487368107
        },
        "19": {
            "x": 0.43708765506744385,
            "y": 0.2722206115722656,
            "z": -0.005100111942738295
        },
        "20": {
            "x": 0.4816010296344757,
            "y": 0.2679365277290344,
            "z": -0.004085637629032135
        }
    }
}