{
    "ะก": {
        "0": {
            "x": 0.33162516355514526,
            "y": 0.5238415598869324,
            "z": 5.85217492243828e-07
        },
        "1": {
            "x": 0.43459615111351013,
            "y": 0.5160328149795532,
            "z": 0.05873566493391991
        },
        "2": {
            "x": 0.4985782206058502,
            "y": 0.4814727306365967,
            "z": 0.08239882439374924
        },
        "3": {
            "x": 0.5539429187774658,
            "y": 0.46739113330841064,
            "z": 0.08381413668394089
        },
        "4": {
            "x": 0.6072715520858765,
            "y": 0.4446794390678406,
            "z": 0.08322326838970184
        },
        "5": {
            "x": 0.45343562960624695,
            "y": 0.28821277618408203,
            "z": 0.1382104903459549
        },
        "6": {
            "x": 0.508538544178009,
            "y": 0.21861641108989716,
            "z": 0.16061849892139435
        },
        "7": {
            "x": 0.5614696145057678,
            "y": 0.1969687044620514,
            "z": 0.15865808725357056
        },
        "8": {
            "x": 0.6017535328865051,
            "y": 0.19426438212394714,
            "z": 0.15321645140647888
        },
        "9": {
            "x": 0.4423055052757263,
            "y": 0.26654207706451416,
            "z": 0.09291630983352661
        },
        "10": {
            "x": 0.5085654854774475,
            "y": 0.1806565374135971,
            "z": 0.11111246049404144
        },
        "11": {
            "x": 0.5702515244483948,
            "y": 0.17064331471920013,
            "z": 0.09816131740808487
        },
        "12": {
            "x": 0.6133803725242615,
            "y": 0.19710470736026764,
            "z": 0.08670191466808319
        },
        "13": {
            "x": 0.43888601660728455,
            "y": 0.26036229729652405,
            "z": 0.04433293640613556
        },
        "14": {
            "x": 0.5054326057434082,
            "y": 0.1747705191373825,
            "z": 0.05931653082370758
        },
        "15": {
            "x": 0.5700322389602661,
            "y": 0.16814501583576202,
            "z": 0.05382037162780762
        },
        "16": {
            "x": 0.6141992807388306,
            "y": 0.18998435139656067,
            "z": 0.046138882637023926
        },
        "17": {
            "x": 0.44630610942840576,
            "y": 0.27601832151412964,
            "z": -0.0034862742759287357
        },
        "18": {
            "x": 0.5103853940963745,
            "y": 0.20159730315208435,
            "z": 0.007562081329524517
        },
        "19": {
            "x": 0.5631673336029053,
            "y": 0.1791752427816391,
            "z": 0.012231085449457169
        },
        "20": {
            "x": 0.6041747331619263,
            "y": 0.1795644760131836,
            "z": 0.012976637110114098
        }
    }
}