{
    "ะก": {
        "0": {
            "x": 0.24381189048290253,
            "y": 0.7462524771690369,
            "z": 5.970406391497818e-07
        },
        "1": {
            "x": 0.3523862659931183,
            "y": 0.7271997332572937,
            "z": 0.030894342809915543
        },
        "2": {
            "x": 0.43133974075317383,
            "y": 0.6870689392089844,
            "z": 0.032825615257024765
        },
        "3": {
            "x": 0.49655041098594666,
            "y": 0.6621794700622559,
            "z": 0.018588241189718246
        },
        "4": {
            "x": 0.554485559463501,
            "y": 0.6340058445930481,
            "z": 0.003533625742420554
        },
        "5": {
            "x": 0.38367706537246704,
            "y": 0.4788927435874939,
            "z": 0.07277105748653412
        },
        "6": {
            "x": 0.4389902353286743,
            "y": 0.38663747906684875,
            "z": 0.06410615146160126
        },
        "7": {
            "x": 0.5008952021598816,
            "y": 0.3679671883583069,
            "z": 0.04585018381476402
        },
        "8": {
            "x": 0.5512297749519348,
            "y": 0.37233179807662964,
            "z": 0.03298957645893097
        },
        "9": {
            "x": 0.3691888451576233,
            "y": 0.46834149956703186,
            "z": 0.03587784618139267
        },
        "10": {
            "x": 0.44205227494239807,
            "y": 0.3550209105014801,
            "z": 0.025627197697758675
        },
        "11": {
            "x": 0.5136215686798096,
            "y": 0.34651100635528564,
            "z": 0.005274742376059294
        },
        "12": {
            "x": 0.5628573298454285,
            "y": 0.3780902326107025,
            "z": -0.007347501814365387
        },
        "13": {
            "x": 0.36095350980758667,
            "y": 0.4754577875137329,
            "z": -0.004440391436219215
        },
        "14": {
            "x": 0.43874305486679077,
            "y": 0.3661261796951294,
            "z": -0.01267994660884142
        },
        "15": {
            "x": 0.5126248598098755,
            "y": 0.35408344864845276,
            "z": -0.020511284470558167
        },
        "16": {
            "x": 0.5644317865371704,
            "y": 0.37601977586746216,
            "z": -0.024844851344823837
        },
        "17": {
            "x": 0.36269834637641907,
            "y": 0.5061434507369995,
            "z": -0.04500306770205498
        },
        "18": {
            "x": 0.4366455376148224,
            "y": 0.42175137996673584,
            "z": -0.0497586764395237
        },
        "19": {
            "x": 0.49472445249557495,
            "y": 0.3930840492248535,
            "z": -0.048014864325523376
        },
        "20": {
            "x": 0.541414737701416,
            "y": 0.3893103301525116,
            "z": -0.04564429819583893
        }
    }
}