{
    "ะก": {
        "0": {
            "x": 0.19314338266849518,
            "y": 0.7671099305152893,
            "z": 6.06701632932527e-07
        },
        "1": {
            "x": 0.29195886850357056,
            "y": 0.747110903263092,
            "z": 0.009466908872127533
        },
        "2": {
            "x": 0.3748762011528015,
            "y": 0.7078065276145935,
            "z": 0.0065386975184082985
        },
        "3": {
            "x": 0.43927666544914246,
            "y": 0.6864132881164551,
            "z": -0.008390631526708603
        },
        "4": {
            "x": 0.49283573031425476,
            "y": 0.6458491683006287,
            "z": -0.02235414646565914
        },
        "5": {
            "x": 0.35071203112602234,
            "y": 0.503757119178772,
            "z": 0.0586751326918602
        },
        "6": {
            "x": 0.39680933952331543,
            "y": 0.408838152885437,
            "z": 0.04368507117033005
        },
        "7": {
            "x": 0.4494475722312927,
            "y": 0.3884703516960144,
            "z": 0.021254416555166245
        },
        "8": {
            "x": 0.4951937198638916,
            "y": 0.39189213514328003,
            "z": 0.006084436550736427
        },
        "9": {
            "x": 0.33196499943733215,
            "y": 0.48852843046188354,
            "z": 0.032104287296533585
        },
        "10": {
            "x": 0.38746729493141174,
            "y": 0.37373632192611694,
            "z": 0.01592821069061756
        },
        "11": {
            "x": 0.44880568981170654,
            "y": 0.35909080505371094,
            "z": -0.008292397484183311
        },
        "12": {
            "x": 0.49543288350105286,
            "y": 0.38203173875808716,
            "z": -0.02323308028280735
        },
        "13": {
            "x": 0.31466972827911377,
            "y": 0.4885895252227783,
            "z": -0.00045258254976943135
        },
        "14": {
            "x": 0.37755146622657776,
            "y": 0.37631428241729736,
            "z": -0.016932738944888115
        },
        "15": {
            "x": 0.44664159417152405,
            "y": 0.36201974749565125,
            "z": -0.03035954013466835
        },
        "16": {
            "x": 0.5001381039619446,
            "y": 0.38118237257003784,
            "z": -0.036669112741947174
        },
        "17": {
            "x": 0.3024950623512268,
            "y": 0.510616660118103,
            "z": -0.034808751195669174
        },
        "18": {
            "x": 0.36828652024269104,
            "y": 0.4307512044906616,
            "z": -0.04685699939727783
        },
        "19": {
            "x": 0.42275896668434143,
            "y": 0.40202581882476807,
            "z": -0.0503157377243042
        },
        "20": {
            "x": 0.4680602252483368,
            "y": 0.39802902936935425,
            "z": -0.05064834654331207
        }
    }
}