{
    "ะก": {
        "0": {
            "x": 0.7857924103736877,
            "y": 0.7286776900291443,
            "z": 3.1676439249395116e-08
        },
        "1": {
            "x": 0.727592945098877,
            "y": 0.7407546639442444,
            "z": 0.0068160537630319595
        },
        "2": {
            "x": 0.6718368530273438,
            "y": 0.7243105173110962,
            "z": 0.009733451530337334
        },
        "3": {
            "x": 0.6293627619743347,
            "y": 0.7160216569900513,
            "z": 0.005407845601439476
        },
        "4": {
            "x": 0.5928946733474731,
            "y": 0.7000205516815186,
            "z": 0.000660807709209621
        },
        "5": {
            "x": 0.6886591911315918,
            "y": 0.5916020274162292,
            "z": 0.0422670878469944
        },
        "6": {
            "x": 0.6600275635719299,
            "y": 0.5356086492538452,
            "z": 0.04369637742638588
        },
        "7": {
            "x": 0.6338238716125488,
            "y": 0.5108785629272461,
            "z": 0.036565668880939484
        },
        "8": {
            "x": 0.6075505018234253,
            "y": 0.4997210204601288,
            "z": 0.02937958389520645
        },
        "9": {
            "x": 0.7029555439949036,
            "y": 0.575680673122406,
            "z": 0.02616947703063488
        },
        "10": {
            "x": 0.6680183410644531,
            "y": 0.5121175646781921,
            "z": 0.025999335572123528
        },
        "11": {
            "x": 0.6339604258537292,
            "y": 0.4880291521549225,
            "z": 0.01646701991558075
        },
        "12": {
            "x": 0.6025131940841675,
            "y": 0.4833833575248718,
            "z": 0.0085790129378438
        },
        "13": {
            "x": 0.7191995978355408,
            "y": 0.5659502744674683,
            "z": 0.005974702537059784
        },
        "14": {
            "x": 0.6806505918502808,
            "y": 0.5009760856628418,
            "z": 0.0013751868391409516
        },
        "15": {
            "x": 0.6457566022872925,
            "y": 0.47918254137039185,
            "z": -0.007457825820893049
        },
        "16": {
            "x": 0.6130730509757996,
            "y": 0.47541263699531555,
            "z": -0.013954122550785542
        },
        "17": {
            "x": 0.7350783348083496,
            "y": 0.5617042779922485,
            "z": -0.015341799706220627
        },
        "18": {
            "x": 0.6967016458511353,
            "y": 0.5127886533737183,
            "z": -0.023309361189603806
        },
        "19": {
            "x": 0.6669968962669373,
            "y": 0.49299657344818115,
            "z": -0.029014455154538155
        },
        "20": {
            "x": 0.6383532285690308,
            "y": 0.4850970506668091,
            "z": -0.033122774213552475
        }
    }
}