{
    "ะก": {
        "0": {
            "x": 0.7835018038749695,
            "y": 0.6922817826271057,
            "z": 3.8482461661715206e-08
        },
        "1": {
            "x": 0.7266680002212524,
            "y": 0.7077344059944153,
            "z": 0.0035103412810713053
        },
        "2": {
            "x": 0.670288622379303,
            "y": 0.6934872269630432,
            "z": 0.004983517806977034
        },
        "3": {
            "x": 0.6261447668075562,
            "y": 0.6819132566452026,
            "z": 9.050498920259997e-05
        },
        "4": {
            "x": 0.5895100831985474,
            "y": 0.6611984968185425,
            "z": -0.00489482656121254
        },
        "5": {
            "x": 0.6858483552932739,
            "y": 0.560503363609314,
            "z": 0.03864753618836403
        },
        "6": {
            "x": 0.6573018431663513,
            "y": 0.5080398321151733,
            "z": 0.039953939616680145
        },
        "7": {
            "x": 0.6313745975494385,
            "y": 0.4846718907356262,
            "z": 0.033279869705438614
        },
        "8": {
            "x": 0.6055592894554138,
            "y": 0.47303640842437744,
            "z": 0.026431936770677567
        },
        "9": {
            "x": 0.7008023262023926,
            "y": 0.5439462661743164,
            "z": 0.02497534081339836
        },
        "10": {
            "x": 0.665976345539093,
            "y": 0.4854106307029724,
            "z": 0.02512647584080696
        },
        "11": {
            "x": 0.6325668096542358,
            "y": 0.46272844076156616,
            "z": 0.01697893813252449
        },
        "12": {
            "x": 0.6014707088470459,
            "y": 0.4564903974533081,
            "z": 0.010100354440510273
        },
        "13": {
            "x": 0.7181082963943481,
            "y": 0.5339143872261047,
            "z": 0.0070315091870725155
        },
        "14": {
            "x": 0.6804946064949036,
            "y": 0.4727105498313904,
            "z": 0.0028681661933660507
        },
        "15": {
            "x": 0.6460331082344055,
            "y": 0.4507072865962982,
            "z": -0.00466261338442564
        },
        "16": {
            "x": 0.6132944822311401,
            "y": 0.4450867772102356,
            "z": -0.010145500302314758
        },
        "17": {
            "x": 0.7360662817955017,
            "y": 0.5291228294372559,
            "z": -0.012353151105344296
        },
        "18": {
            "x": 0.6976525783538818,
            "y": 0.48117929697036743,
            "z": -0.020309986546635628
        },
        "19": {
            "x": 0.6671751141548157,
            "y": 0.461193323135376,
            "z": -0.02590729296207428
        },
        "20": {
            "x": 0.6373549699783325,
            "y": 0.452160507440567,
            "z": -0.029649648815393448
        }
    }
}