{
    "ะก": {
        "0": {
            "x": 0.7526613473892212,
            "y": 0.7194303870201111,
            "z": 2.9974305704172366e-08
        },
        "1": {
            "x": 0.6973342895507812,
            "y": 0.7310545444488525,
            "z": 0.00021224019292276353
        },
        "2": {
            "x": 0.6429329514503479,
            "y": 0.7146514654159546,
            "z": 0.0003467474889475852
        },
        "3": {
            "x": 0.5995898842811584,
            "y": 0.7055309414863586,
            "z": -0.004887854214757681
        },
        "4": {
            "x": 0.5629020929336548,
            "y": 0.6926259994506836,
            "z": -0.01046900823712349
        },
        "5": {
            "x": 0.6592394709587097,
            "y": 0.5904939770698547,
            "z": 0.030970342457294464
        },
        "6": {
            "x": 0.6304040551185608,
            "y": 0.5395255088806152,
            "z": 0.02915892004966736
        },
        "7": {
            "x": 0.6042912602424622,
            "y": 0.5154659748077393,
            "z": 0.02063935250043869
        },
        "8": {
            "x": 0.5787970423698425,
            "y": 0.5031033158302307,
            "z": 0.012503872625529766
        },
        "9": {
            "x": 0.6728196740150452,
            "y": 0.5732922554016113,
            "z": 0.01888819970190525
        },
        "10": {
            "x": 0.6395688056945801,
            "y": 0.5152332186698914,
            "z": 0.01581408642232418
        },
        "11": {
            "x": 0.6071539521217346,
            "y": 0.49048125743865967,
            "z": 0.005675184074789286
        },
        "12": {
            "x": 0.5761809349060059,
            "y": 0.48058396577835083,
            "z": -0.0027654494624584913
        },
        "13": {
            "x": 0.690085232257843,
            "y": 0.5628509521484375,
            "z": 0.0026079711969941854
        },
        "14": {
            "x": 0.6535288095474243,
            "y": 0.5040997862815857,
            "z": -0.00438104011118412
        },
        "15": {
            "x": 0.6198667883872986,
            "y": 0.48126134276390076,
            "z": -0.014228633604943752
        },
        "16": {
            "x": 0.5875275135040283,
            "y": 0.47328981757164,
            "z": -0.02143377996981144
        },
        "17": {
            "x": 0.7088134288787842,
            "y": 0.5575999021530151,
            "z": -0.015062675811350346
        },
        "18": {
            "x": 0.674175500869751,
            "y": 0.5106110572814941,
            "z": -0.024833353236317635
        },
        "19": {
            "x": 0.6457641124725342,
            "y": 0.48917052149772644,
            "z": -0.031905464828014374
        },
        "20": {
            "x": 0.6174648404121399,
            "y": 0.4783979654312134,
            "z": -0.037017952650785446
        }
    }
}