{
    "ะก": {
        "0": {
            "x": 0.1759360432624817,
            "y": 0.6462332010269165,
            "z": 5.193695642446983e-07
        },
        "1": {
            "x": 0.2744159996509552,
            "y": 0.6219333410263062,
            "z": 0.031366582959890366
        },
        "2": {
            "x": 0.34826210141181946,
            "y": 0.5727419257164001,
            "z": 0.04433402046561241
        },
        "3": {
            "x": 0.40970587730407715,
            "y": 0.5443674325942993,
            "z": 0.04137672111392021
        },
        "4": {
            "x": 0.46162575483322144,
            "y": 0.5111638903617859,
            "z": 0.03845451399683952
        },
        "5": {
            "x": 0.29170864820480347,
            "y": 0.37210044264793396,
            "z": 0.09881877154111862
        },
        "6": {
            "x": 0.33739420771598816,
            "y": 0.2880747318267822,
            "z": 0.10234857350587845
        },
        "7": {
            "x": 0.3857741355895996,
            "y": 0.2589349150657654,
            "z": 0.09034480899572372
        },
        "8": {
            "x": 0.4271927773952484,
            "y": 0.25138208270072937,
            "z": 0.08020185679197311
        },
        "9": {
            "x": 0.27379024028778076,
            "y": 0.35609835386276245,
            "z": 0.06482144445180893
        },
        "10": {
            "x": 0.33091890811920166,
            "y": 0.25004148483276367,
            "z": 0.06408853083848953
        },
        "11": {
            "x": 0.3894460201263428,
            "y": 0.22749784588813782,
            "z": 0.04621751606464386
        },
        "12": {
            "x": 0.4330785274505615,
            "y": 0.24233447015285492,
            "z": 0.034961774945259094
        },
        "13": {
            "x": 0.26399484276771545,
            "y": 0.3560284972190857,
            "z": 0.025779783725738525
        },
        "14": {
            "x": 0.3259698450565338,
            "y": 0.2478373944759369,
            "z": 0.021054372191429138
        },
        "15": {
            "x": 0.3910781741142273,
            "y": 0.22666245698928833,
            "z": 0.012455902062356472
        },
        "16": {
            "x": 0.4400685429573059,
            "y": 0.23448742926120758,
            "z": 0.008245857432484627
        },
        "17": {
            "x": 0.2653123140335083,
            "y": 0.3768559992313385,
            "z": -0.013801776804029942
        },
        "18": {
            "x": 0.32859039306640625,
            "y": 0.28844591975212097,
            "z": -0.017749283462762833
        },
        "19": {
            "x": 0.3788565397262573,
            "y": 0.2549850344657898,
            "z": -0.016748828813433647
        },
        "20": {
            "x": 0.42224472761154175,
            "y": 0.24241182208061218,
            "z": -0.014697493985295296
        }
    }
}