{
    "ะก": {
        "0": {
            "x": 0.7767950296401978,
            "y": 0.7096812129020691,
            "z": -3.553954464052822e-09
        },
        "1": {
            "x": 0.7229838967323303,
            "y": 0.7222426533699036,
            "z": 0.011604448780417442
        },
        "2": {
            "x": 0.6706283688545227,
            "y": 0.7041074633598328,
            "z": 0.01769144833087921
        },
        "3": {
            "x": 0.6285013556480408,
            "y": 0.696623682975769,
            "z": 0.015548868104815483
        },
        "4": {
            "x": 0.5904035568237305,
            "y": 0.6863768100738525,
            "z": 0.01281782053411007
        },
        "5": {
            "x": 0.6845815181732178,
            "y": 0.586023211479187,
            "z": 0.05128992721438408
        },
        "6": {
            "x": 0.6509795784950256,
            "y": 0.5397550463676453,
            "z": 0.055943962186574936
        },
        "7": {
            "x": 0.6221572160720825,
            "y": 0.519420862197876,
            "z": 0.05143732205033302
        },
        "8": {
            "x": 0.5953112244606018,
            "y": 0.5097931027412415,
            "z": 0.04585805907845497
        },
        "9": {
            "x": 0.6953117847442627,
            "y": 0.5692530870437622,
            "z": 0.034271202981472015
        },
        "10": {
            "x": 0.6573340892791748,
            "y": 0.5157739520072937,
            "z": 0.03838502615690231
        },
        "11": {
            "x": 0.6220818161964417,
            "y": 0.4953670799732208,
            "z": 0.03097112663090229
        },
        "12": {
            "x": 0.5909744501113892,
            "y": 0.4883424639701843,
            "z": 0.023980263620615005
        },
        "13": {
            "x": 0.7085505127906799,
            "y": 0.5584367513656616,
            "z": 0.013283070176839828
        },
        "14": {
            "x": 0.6698532700538635,
            "y": 0.5016801953315735,
            "z": 0.011844657361507416
        },
        "15": {
            "x": 0.633891224861145,
            "y": 0.4827116131782532,
            "z": 0.0045355684123933315
        },
        "16": {
            "x": 0.6013517379760742,
            "y": 0.47849804162979126,
            "z": -0.0012634196318686008
        },
        "17": {
            "x": 0.7213321328163147,
            "y": 0.5517854690551758,
            "z": -0.00849203485995531
        },
        "18": {
            "x": 0.6843606233596802,
            "y": 0.5061891078948975,
            "z": -0.013203253038227558
        },
        "19": {
            "x": 0.654109537601471,
            "y": 0.48966920375823975,
            "z": -0.017064882442355156
        },
        "20": {
            "x": 0.625761866569519,
            "y": 0.48409557342529297,
            "z": -0.020212452858686447
        }
    }
}