{
    "ะก": {
        "0": {
            "x": 0.35900160670280457,
            "y": 0.6906556487083435,
            "z": 3.2717389331082813e-07
        },
        "1": {
            "x": 0.4193737506866455,
            "y": 0.6884458661079407,
            "z": 0.02322973497211933
        },
        "2": {
            "x": 0.4629703760147095,
            "y": 0.6748566627502441,
            "z": 0.028894465416669846
        },
        "3": {
            "x": 0.4988929033279419,
            "y": 0.6718152761459351,
            "z": 0.025130219757556915
        },
        "4": {
            "x": 0.5299676656723022,
            "y": 0.6682832837104797,
            "z": 0.020854448899626732
        },
        "5": {
            "x": 0.4357328712940216,
            "y": 0.5520710349082947,
            "z": 0.046559084206819534
        },
        "6": {
            "x": 0.4736495018005371,
            "y": 0.5016509294509888,
            "z": 0.047887615859508514
        },
        "7": {
            "x": 0.5077662467956543,
            "y": 0.4857028126716614,
            "z": 0.04372019320726395
        },
        "8": {
            "x": 0.5352180600166321,
            "y": 0.4841316044330597,
            "z": 0.0403757281601429
        },
        "9": {
            "x": 0.42677900195121765,
            "y": 0.5414568185806274,
            "z": 0.025251196697354317
        },
        "10": {
            "x": 0.4729890823364258,
            "y": 0.4782411456108093,
            "z": 0.0245991051197052
        },
        "11": {
            "x": 0.5132482647895813,
            "y": 0.4715868830680847,
            "z": 0.0180856641381979
        },
        "12": {
            "x": 0.5418221950531006,
            "y": 0.4860447645187378,
            "z": 0.014007936231791973
        },
        "13": {
            "x": 0.4230838119983673,
            "y": 0.5419304370880127,
            "z": 0.0025550490245223045
        },
        "14": {
            "x": 0.46923163533210754,
            "y": 0.4764312207698822,
            "z": 0.0011379898060113192
        },
        "15": {
            "x": 0.5104084610939026,
            "y": 0.4701816439628601,
            "z": -0.003060301998630166
        },
        "16": {
            "x": 0.5391379594802856,
            "y": 0.48135271668434143,
            "z": -0.0058965557254850864
        },
        "17": {
            "x": 0.42638957500457764,
            "y": 0.5524681210517883,
            "z": -0.019566934555768967
        },
        "18": {
            "x": 0.4634624123573303,
            "y": 0.49855634570121765,
            "z": -0.021030906587839127
        },
        "19": {
            "x": 0.492511510848999,
            "y": 0.48237279057502747,
            "z": -0.02089361846446991
        },
        "20": {
            "x": 0.5152171850204468,
            "y": 0.48016032576560974,
            "z": -0.02060801535844803
        }
    }
}