{
    "ะก": {
        "0": {
            "x": 0.3363158106803894,
            "y": 0.7145282030105591,
            "z": 4.5209122845335514e-07
        },
        "1": {
            "x": 0.4057893753051758,
            "y": 0.726885199546814,
            "z": -0.012768738903105259
        },
        "2": {
            "x": 0.4679049551486969,
            "y": 0.7275818586349487,
            "z": -0.022279050201177597
        },
        "3": {
            "x": 0.5167864561080933,
            "y": 0.7351092100143433,
            "z": -0.034721534699201584
        },
        "4": {
            "x": 0.5596213340759277,
            "y": 0.7339245676994324,
            "z": -0.04684747755527496
        },
        "5": {
            "x": 0.46802687644958496,
            "y": 0.5504056215286255,
            "z": 0.017979281023144722
        },
        "6": {
            "x": 0.49639081954956055,
            "y": 0.4725450575351715,
            "z": 0.007569352630525827
        },
        "7": {
            "x": 0.519658625125885,
            "y": 0.43889158964157104,
            "z": -0.006877294275909662
        },
        "8": {
            "x": 0.5437016487121582,
            "y": 0.41775596141815186,
            "z": -0.01727738045156002
        },
        "9": {
            "x": 0.4471614360809326,
            "y": 0.5305901765823364,
            "z": 0.009299385361373425
        },
        "10": {
            "x": 0.48286834359169006,
            "y": 0.44958311319351196,
            "z": -0.0007177928346209228
        },
        "11": {
            "x": 0.5131902694702148,
            "y": 0.41629552841186523,
            "z": -0.01615319587290287
        },
        "12": {
            "x": 0.5410811305046082,
            "y": 0.4014405310153961,
            "z": -0.026755668222904205
        },
        "13": {
            "x": 0.4231279194355011,
            "y": 0.520656943321228,
            "z": -0.00438618054613471
        },
        "14": {
            "x": 0.4594428539276123,
            "y": 0.4406720995903015,
            "z": -0.0166910532861948
        },
        "15": {
            "x": 0.49282458424568176,
            "y": 0.40701723098754883,
            "z": -0.027529718354344368
        },
        "16": {
            "x": 0.5248714685440063,
            "y": 0.39107972383499146,
            "z": -0.03338013216853142
        },
        "17": {
            "x": 0.39582085609436035,
            "y": 0.5216831564903259,
            "z": -0.020577020943164825
        },
        "18": {
            "x": 0.4317682385444641,
            "y": 0.4572518467903137,
            "z": -0.03042091242969036
        },
        "19": {
            "x": 0.4614540934562683,
            "y": 0.42313045263290405,
            "z": -0.03396100178360939
        },
        "20": {
            "x": 0.49173441529273987,
            "y": 0.4024374485015869,
            "z": -0.035331424325704575
        }
    }
}