{
    "ะก": {
        "0": {
            "x": 0.27562910318374634,
            "y": 0.7170923948287964,
            "z": 4.150547283643391e-07
        },
        "1": {
            "x": 0.33853545784950256,
            "y": 0.709578275680542,
            "z": 0.012232722714543343
        },
        "2": {
            "x": 0.3878113627433777,
            "y": 0.6831710338592529,
            "z": 0.01915213279426098
        },
        "3": {
            "x": 0.4276670217514038,
            "y": 0.6652208566665649,
            "z": 0.01780017465353012
        },
        "4": {
            "x": 0.4561249017715454,
            "y": 0.6400894522666931,
            "z": 0.017948608845472336
        },
        "5": {
            "x": 0.3335171937942505,
            "y": 0.532999575138092,
            "z": 0.059772223234176636
        },
        "6": {
            "x": 0.34960636496543884,
            "y": 0.4667832851409912,
            "z": 0.062136877328157425
        },
        "7": {
            "x": 0.3806835412979126,
            "y": 0.4365520477294922,
            "z": 0.054301243275403976
        },
        "8": {
            "x": 0.41017478704452515,
            "y": 0.4225507080554962,
            "z": 0.04905962198972702
        },
        "9": {
            "x": 0.319527804851532,
            "y": 0.516804575920105,
            "z": 0.04525136202573776
        },
        "10": {
            "x": 0.33732736110687256,
            "y": 0.429137647151947,
            "z": 0.04481174424290657
        },
        "11": {
            "x": 0.37715449929237366,
            "y": 0.40324491262435913,
            "z": 0.0335765965282917
        },
        "12": {
            "x": 0.41342049837112427,
            "y": 0.40383103489875793,
            "z": 0.027438577264547348
        },
        "13": {
            "x": 0.310778945684433,
            "y": 0.5084561109542847,
            "z": 0.02681235410273075
        },
        "14": {
            "x": 0.3313617706298828,
            "y": 0.41735801100730896,
            "z": 0.021157369017601013
        },
        "15": {
            "x": 0.3775346279144287,
            "y": 0.39656761288642883,
            "z": 0.008969180285930634
        },
        "16": {
            "x": 0.4179747998714447,
            "y": 0.4039818048477173,
            "z": 0.003954633604735136
        },
        "17": {
            "x": 0.30954429507255554,
            "y": 0.5058521032333374,
            "z": 0.008079217746853828
        },
        "18": {
            "x": 0.34171897172927856,
            "y": 0.4348181486129761,
            "z": 0.002312609227374196
        },
        "19": {
            "x": 0.3803141117095947,
            "y": 0.4151003956794739,
            "z": -0.0022981867659837008
        },
        "20": {
            "x": 0.4166826009750366,
            "y": 0.41659680008888245,
            "z": -0.002967167878523469
        }
    }
}