{
    "ะก": {
        "0": {
            "x": 0.3670543432235718,
            "y": 0.6460223197937012,
            "z": 4.0085907926368236e-07
        },
        "1": {
            "x": 0.43675848841667175,
            "y": 0.6568305492401123,
            "z": 0.0171339251101017
        },
        "2": {
            "x": 0.47997450828552246,
            "y": 0.646362841129303,
            "z": 0.028151679784059525
        },
        "3": {
            "x": 0.5153641104698181,
            "y": 0.624752938747406,
            "z": 0.0286709014326334
        },
        "4": {
            "x": 0.5400785803794861,
            "y": 0.5855417847633362,
            "z": 0.028474004939198494
        },
        "5": {
            "x": 0.449666291475296,
            "y": 0.5038502812385559,
            "z": 0.0821111649274826
        },
        "6": {
            "x": 0.47765249013900757,
            "y": 0.4542083144187927,
            "z": 0.09407716989517212
        },
        "7": {
            "x": 0.5062971115112305,
            "y": 0.44266629219055176,
            "z": 0.08988907933235168
        },
        "8": {
            "x": 0.5263506174087524,
            "y": 0.4447351396083832,
            "z": 0.08569396287202835
        },
        "9": {
            "x": 0.4376932978630066,
            "y": 0.48188018798828125,
            "z": 0.06537826359272003
        },
        "10": {
            "x": 0.47156065702438354,
            "y": 0.41702982783317566,
            "z": 0.07339231669902802
        },
        "11": {
            "x": 0.5057424306869507,
            "y": 0.41317054629325867,
            "z": 0.05926487594842911
        },
        "12": {
            "x": 0.5298907160758972,
            "y": 0.4333473742008209,
            "z": 0.0497150719165802
        },
        "13": {
            "x": 0.4242371618747711,
            "y": 0.4640510380268097,
            "z": 0.04435707628726959
        },
        "14": {
            "x": 0.45692697167396545,
            "y": 0.3936242461204529,
            "z": 0.04682545363903046
        },
        "15": {
            "x": 0.4971045255661011,
            "y": 0.3974152207374573,
            "z": 0.0348026268184185
        },
        "16": {
            "x": 0.5238358974456787,
            "y": 0.4235018491744995,
            "z": 0.027678746730089188
        },
        "17": {
            "x": 0.4093966484069824,
            "y": 0.4560287296772003,
            "z": 0.022915489971637726
        },
        "18": {
            "x": 0.440154105424881,
            "y": 0.389956533908844,
            "z": 0.02283249795436859
        },
        "19": {
            "x": 0.4750693440437317,
            "y": 0.38652700185775757,
            "z": 0.019616756588220596
        },
        "20": {
            "x": 0.5045849680900574,
            "y": 0.40689653158187866,
            "z": 0.018187690526247025
        }
    }
}