{
    "ะก": {
        "0": {
            "x": 0.3984495997428894,
            "y": 0.6120156049728394,
            "z": -2.015625284457201e-07
        },
        "1": {
            "x": 0.4915989339351654,
            "y": 0.5565416812896729,
            "z": 0.14952580630779266
        },
        "2": {
            "x": 0.5418118238449097,
            "y": 0.4939577877521515,
            "z": 0.21781432628631592
        },
        "3": {
            "x": 0.5860669016838074,
            "y": 0.452774316072464,
            "z": 0.2509426474571228
        },
        "4": {
            "x": 0.6267789602279663,
            "y": 0.40554729104042053,
            "z": 0.28203725814819336
        },
        "5": {
            "x": 0.4708821177482605,
            "y": 0.31075519323349,
            "z": 0.1995275467634201
        },
        "6": {
            "x": 0.5261586308479309,
            "y": 0.20474205911159515,
            "z": 0.22903837263584137
        },
        "7": {
            "x": 0.5873738527297974,
            "y": 0.21382156014442444,
            "z": 0.23691168427467346
        },
        "8": {
            "x": 0.6246433258056641,
            "y": 0.2548293173313141,
            "z": 0.24270512163639069
        },
        "9": {
            "x": 0.4588896632194519,
            "y": 0.305486261844635,
            "z": 0.11874069273471832
        },
        "10": {
            "x": 0.5298231840133667,
            "y": 0.16937178373336792,
            "z": 0.1409922093153
        },
        "11": {
            "x": 0.6029561758041382,
            "y": 0.19369807839393616,
            "z": 0.1452084332704544
        },
        "12": {
            "x": 0.6327847242355347,
            "y": 0.24609163403511047,
            "z": 0.15108777582645416
        },
        "13": {
            "x": 0.46139514446258545,
            "y": 0.3050144612789154,
            "z": 0.041835956275463104
        },
        "14": {
            "x": 0.5276172757148743,
            "y": 0.16304339468479156,
            "z": 0.059577152132987976
        },
        "15": {
            "x": 0.5984749794006348,
            "y": 0.19080570340156555,
            "z": 0.07865949720144272
        },
        "16": {
            "x": 0.6253856420516968,
            "y": 0.24587684869766235,
            "z": 0.09413397312164307
        },
        "17": {
            "x": 0.4813160300254822,
            "y": 0.3082757294178009,
            "z": -0.02554086036980152
        },
        "18": {
            "x": 0.5428102016448975,
            "y": 0.19346901774406433,
            "z": -0.010853889398276806
        },
        "19": {
            "x": 0.594497561454773,
            "y": 0.20393317937850952,
            "z": 0.008608703501522541
        },
        "20": {
            "x": 0.6176292300224304,
            "y": 0.24917931854724884,
            "z": 0.025226980447769165
        }
    }
}