{
    "ะก": {
        "0": {
            "x": 0.38216572999954224,
            "y": 0.5886080265045166,
            "z": -2.5574675532880065e-07
        },
        "1": {
            "x": 0.4689308702945709,
            "y": 0.529222309589386,
            "z": 0.13771705329418182
        },
        "2": {
            "x": 0.5160849094390869,
            "y": 0.4739253520965576,
            "z": 0.1993652731180191
        },
        "3": {
            "x": 0.5544769167900085,
            "y": 0.43446362018585205,
            "z": 0.22658054530620575
        },
        "4": {
            "x": 0.5896804928779602,
            "y": 0.3889959454536438,
            "z": 0.2504044771194458
        },
        "5": {
            "x": 0.44915178418159485,
            "y": 0.29614999890327454,
            "z": 0.18990804255008698
        },
        "6": {
            "x": 0.4986015856266022,
            "y": 0.19420531392097473,
            "z": 0.21370460093021393
        },
        "7": {
            "x": 0.5569058060646057,
            "y": 0.2055443376302719,
            "z": 0.21423795819282532
        },
        "8": {
            "x": 0.592983067035675,
            "y": 0.24551986157894135,
            "z": 0.21413561701774597
        },
        "9": {
            "x": 0.43773671984672546,
            "y": 0.29075416922569275,
            "z": 0.11345192044973373
        },
        "10": {
            "x": 0.4996848702430725,
            "y": 0.1633804887533188,
            "z": 0.1281575709581375
        },
        "11": {
            "x": 0.569761335849762,
            "y": 0.1850966513156891,
            "z": 0.12041538208723068
        },
        "12": {
            "x": 0.602026104927063,
            "y": 0.2401048243045807,
            "z": 0.11732177436351776
        },
        "13": {
            "x": 0.4389285147190094,
            "y": 0.28907936811447144,
            "z": 0.0402788482606411
        },
        "14": {
            "x": 0.4978325366973877,
            "y": 0.15679726004600525,
            "z": 0.05479066073894501
        },
        "15": {
            "x": 0.5671011209487915,
            "y": 0.18011480569839478,
            "z": 0.06061966344714165
        },
        "16": {
            "x": 0.597958505153656,
            "y": 0.23361507058143616,
            "z": 0.06564030796289444
        },
        "17": {
            "x": 0.4555000960826874,
            "y": 0.28995028138160706,
            "z": -0.02419584058225155
        },
        "18": {
            "x": 0.51108318567276,
            "y": 0.18383535742759705,
            "z": -0.012453928589820862
        },
        "19": {
            "x": 0.5625619888305664,
            "y": 0.19353702664375305,
            "z": -0.0015087899519130588
        },
        "20": {
            "x": 0.5911981463432312,
            "y": 0.23897117376327515,
            "z": 0.007567033637315035
        }
    }
}