{
    "ะก": {
        "0": {
            "x": 0.39676424860954285,
            "y": 0.5876367092132568,
            "z": 4.521289724834787e-07
        },
        "1": {
            "x": 0.4598202109336853,
            "y": 0.5881453156471252,
            "z": 0.01601363532245159
        },
        "2": {
            "x": 0.5071964263916016,
            "y": 0.5587968230247498,
            "z": 0.025141028687357903
        },
        "3": {
            "x": 0.543082058429718,
            "y": 0.5313172936439514,
            "z": 0.025120152160525322
        },
        "4": {
            "x": 0.5651227831840515,
            "y": 0.4919155240058899,
            "z": 0.02602340467274189
        },
        "5": {
            "x": 0.4492107629776001,
            "y": 0.4057527482509613,
            "z": 0.06930208206176758
        },
        "6": {
            "x": 0.481327086687088,
            "y": 0.34984567761421204,
            "z": 0.07456701993942261
        },
        "7": {
            "x": 0.5244674682617188,
            "y": 0.3260531723499298,
            "z": 0.06723964214324951
        },
        "8": {
            "x": 0.5583263635635376,
            "y": 0.32247671484947205,
            "z": 0.06257899850606918
        },
        "9": {
            "x": 0.4373568594455719,
            "y": 0.3860761225223541,
            "z": 0.054228294640779495
        },
        "10": {
            "x": 0.46895551681518555,
            "y": 0.302676260471344,
            "z": 0.05959528684616089
        },
        "11": {
            "x": 0.5158730745315552,
            "y": 0.2837049067020416,
            "z": 0.04927840083837509
        },
        "12": {
            "x": 0.5552273392677307,
            "y": 0.2939808964729309,
            "z": 0.04277718812227249
        },
        "13": {
            "x": 0.43230515718460083,
            "y": 0.3770826458930969,
            "z": 0.035474590957164764
        },
        "14": {
            "x": 0.46459344029426575,
            "y": 0.2873142659664154,
            "z": 0.035723209381103516
        },
        "15": {
            "x": 0.5173285007476807,
            "y": 0.2742532789707184,
            "z": 0.026151061058044434
        },
        "16": {
            "x": 0.5588058829307556,
            "y": 0.2899918556213379,
            "z": 0.0213299673050642
        },
        "17": {
            "x": 0.4354417324066162,
            "y": 0.37884777784347534,
            "z": 0.01652603968977928
        },
        "18": {
            "x": 0.47650229930877686,
            "y": 0.3068942427635193,
            "z": 0.01566488854587078
        },
        "19": {
            "x": 0.5206683874130249,
            "y": 0.29247820377349854,
            "z": 0.014168733730912209
        },
        "20": {
            "x": 0.5587452054023743,
            "y": 0.30121877789497375,
            "z": 0.014876001514494419
        }
    }
}