{
    "ะก": {
        "0": {
            "x": 0.321669340133667,
            "y": 0.6134615540504456,
            "z": 4.031034563922731e-07
        },
        "1": {
            "x": 0.4052211046218872,
            "y": 0.6045517921447754,
            "z": 0.027522210031747818
        },
        "2": {
            "x": 0.458710640668869,
            "y": 0.5853266716003418,
            "z": 0.037272073328495026
        },
        "3": {
            "x": 0.5020466446876526,
            "y": 0.5697283744812012,
            "z": 0.03334154188632965
        },
        "4": {
            "x": 0.5345780253410339,
            "y": 0.5362184047698975,
            "z": 0.028216267004609108
        },
        "5": {
            "x": 0.43066510558128357,
            "y": 0.4300796389579773,
            "z": 0.07638583332300186
        },
        "6": {
            "x": 0.4574527442455292,
            "y": 0.3560410737991333,
            "z": 0.07920286059379578
        },
        "7": {
            "x": 0.49213576316833496,
            "y": 0.3448086380958557,
            "z": 0.06966932117938995
        },
        "8": {
            "x": 0.5190438032150269,
            "y": 0.35426056385040283,
            "z": 0.06245485693216324
        },
        "9": {
            "x": 0.4106391668319702,
            "y": 0.41426196694374084,
            "z": 0.04813331365585327
        },
        "10": {
            "x": 0.4370512068271637,
            "y": 0.3182462751865387,
            "z": 0.045079052448272705
        },
        "11": {
            "x": 0.48291540145874023,
            "y": 0.315463125705719,
            "z": 0.02820688672363758
        },
        "12": {
            "x": 0.5118617415428162,
            "y": 0.3502172827720642,
            "z": 0.018069187179207802
        },
        "13": {
            "x": 0.3897086977958679,
            "y": 0.40579289197921753,
            "z": 0.016318121924996376
        },
        "14": {
            "x": 0.41728076338768005,
            "y": 0.30995973944664,
            "z": 0.00816528033465147
        },
        "15": {
            "x": 0.4686937928199768,
            "y": 0.31824058294296265,
            "z": -0.005312308669090271
        },
        "16": {
            "x": 0.5021933913230896,
            "y": 0.356439471244812,
            "z": -0.012004678137600422
        },
        "17": {
            "x": 0.37228912115097046,
            "y": 0.40962255001068115,
            "z": -0.014969722367823124
        },
        "18": {
            "x": 0.4078989028930664,
            "y": 0.3347848653793335,
            "z": -0.026196416467428207
        },
        "19": {
            "x": 0.44914841651916504,
            "y": 0.3381810188293457,
            "z": -0.03276960924267769
        },
        "20": {
            "x": 0.48091328144073486,
            "y": 0.36737972497940063,
            "z": -0.03496471792459488
        }
    }
}