{
    "ะก": {
        "0": {
            "x": 0.1853443682193756,
            "y": 0.5766429305076599,
            "z": 3.668629062758555e-07
        },
        "1": {
            "x": 0.27789804339408875,
            "y": 0.5400000214576721,
            "z": 0.051880013197660446
        },
        "2": {
            "x": 0.3383028209209442,
            "y": 0.4841824769973755,
            "z": 0.06975682079792023
        },
        "3": {
            "x": 0.39249688386917114,
            "y": 0.4561613202095032,
            "z": 0.06862127035856247
        },
        "4": {
            "x": 0.4427492916584015,
            "y": 0.42821699380874634,
            "z": 0.06639540195465088
        },
        "5": {
            "x": 0.25961026549339294,
            "y": 0.2894187271595001,
            "z": 0.10210546851158142
        },
        "6": {
            "x": 0.3015904426574707,
            "y": 0.19783233106136322,
            "z": 0.10908117145299911
        },
        "7": {
            "x": 0.3501969873905182,
            "y": 0.16955311596393585,
            "z": 0.10121145099401474
        },
        "8": {
            "x": 0.3903970718383789,
            "y": 0.16053123772144318,
            "z": 0.0941263809800148
        },
        "9": {
            "x": 0.25056999921798706,
            "y": 0.2804256081581116,
            "z": 0.060817915946245193
        },
        "10": {
            "x": 0.3097856044769287,
            "y": 0.17362602055072784,
            "z": 0.06372129917144775
        },
        "11": {
            "x": 0.37083375453948975,
            "y": 0.15242132544517517,
            "z": 0.051360923796892166
        },
        "12": {
            "x": 0.41596856713294983,
            "y": 0.16957047581672668,
            "z": 0.04355376586318016
        },
        "13": {
            "x": 0.2542972266674042,
            "y": 0.28925612568855286,
            "z": 0.017317093908786774
        },
        "14": {
            "x": 0.32099202275276184,
            "y": 0.18064580857753754,
            "z": 0.018571611493825912
        },
        "15": {
            "x": 0.3850483000278473,
            "y": 0.15684190392494202,
            "z": 0.01392011996358633
        },
        "16": {
            "x": 0.432122141122818,
            "y": 0.1628366857767105,
            "z": 0.010811462998390198
        },
        "17": {
            "x": 0.27417296171188354,
            "y": 0.3177104592323303,
            "z": -0.024713777005672455
        },
        "18": {
            "x": 0.3357234001159668,
            "y": 0.22774197161197662,
            "z": -0.025118086487054825
        },
        "19": {
            "x": 0.38240110874176025,
            "y": 0.18881234526634216,
            "z": -0.02314903773367405
        },
        "20": {
            "x": 0.4224570691585541,
            "y": 0.1711796224117279,
            "z": -0.02123759686946869
        }
    }
}