{
    "Л": {
        "0": {
            "x": 0.2545725703239441,
            "y": 0.319759726524353,
            "z": 8.643074238534609e-07
        },
        "1": {
            "x": 0.3304167091846466,
            "y": 0.3843596875667572,
            "z": -0.011897828429937363
        },
        "2": {
            "x": 0.3589921295642853,
            "y": 0.5215025544166565,
            "z": -0.03280694782733917
        },
        "3": {
            "x": 0.33953240513801575,
            "y": 0.6396080851554871,
            "z": -0.05188797041773796
        },
        "4": {
            "x": 0.324056476354599,
            "y": 0.715728223323822,
            "z": -0.06848029047250748
        },
        "5": {
            "x": 0.39973726868629456,
            "y": 0.5157736539840698,
            "z": -0.07097805291414261
        },
        "6": {
            "x": 0.41723567247390747,
            "y": 0.6757903099060059,
            "z": -0.10045745968818665
        },
        "7": {
            "x": 0.4272896945476532,
            "y": 0.769992470741272,
            "z": -0.11545645445585251
        },
        "8": {
            "x": 0.43237829208374023,
            "y": 0.8441987633705139,
            "z": -0.12386303395032883
        },
        "9": {
            "x": 0.3408128321170807,
            "y": 0.5158501267433167,
            "z": -0.0810132771730423
        },
        "10": {
            "x": 0.36039048433303833,
            "y": 0.6937858462333679,
            "z": -0.10596833378076553
        },
        "11": {
            "x": 0.37298712134361267,
            "y": 0.7952003479003906,
            "z": -0.11340586096048355
        },
        "12": {
            "x": 0.3774939477443695,
            "y": 0.8711244463920593,
            "z": -0.12159285694360733
        },
        "13": {
            "x": 0.27964696288108826,
            "y": 0.5188083648681641,
            "z": -0.08796330541372299
        },
        "14": {
            "x": 0.2845991849899292,
            "y": 0.7140553593635559,
            "z": -0.1073715016245842
        },
        "15": {
            "x": 0.29673242568969727,
            "y": 0.7043534517288208,
            "z": -0.09568128734827042
        },
        "16": {
            "x": 0.3031751811504364,
            "y": 0.6622300148010254,
            "z": -0.08575830608606339
        },
        "17": {
            "x": 0.22457155585289001,
            "y": 0.526482343673706,
            "z": -0.09607198089361191
        },
        "18": {
            "x": 0.23519732058048248,
            "y": 0.6837950944900513,
            "z": -0.10438965260982513
        },
        "19": {
            "x": 0.24863338470458984,
            "y": 0.6829355955123901,
            "z": -0.09118585288524628
        },
        "20": {
            "x": 0.2565353214740753,
            "y": 0.65128493309021,
            "z": -0.0803610160946846
        }
    }
}