{
    "Л": {
        "0": {
            "x": 0.6060130596160889,
            "y": 0.16392743587493896,
            "z": 1.0520511750655714e-06
        },
        "1": {
            "x": 0.6921419501304626,
            "y": 0.2479909360408783,
            "z": 0.0038073488976806402
        },
        "2": {
            "x": 0.738674521446228,
            "y": 0.3819050192832947,
            "z": -0.017666643485426903
        },
        "3": {
            "x": 0.7356615662574768,
            "y": 0.5124961137771606,
            "z": -0.042665429413318634
        },
        "4": {
            "x": 0.7226381301879883,
            "y": 0.6117449998855591,
            "z": -0.0666854977607727
        },
        "5": {
            "x": 0.8021515607833862,
            "y": 0.36827948689460754,
            "z": -0.0673125758767128
        },
        "6": {
            "x": 0.8352401256561279,
            "y": 0.5383498668670654,
            "z": -0.10711748152971268
        },
        "7": {
            "x": 0.8521137833595276,
            "y": 0.637887716293335,
            "z": -0.12758119404315948
        },
        "8": {
            "x": 0.8642801642417908,
            "y": 0.7135467529296875,
            "z": -0.13822168111801147
        },
        "9": {
            "x": 0.7535058856010437,
            "y": 0.35464441776275635,
            "z": -0.09257056564092636
        },
        "10": {
            "x": 0.7896885275840759,
            "y": 0.5447473526000977,
            "z": -0.13024471700191498
        },
        "11": {
            "x": 0.8056749701499939,
            "y": 0.6644845008850098,
            "z": -0.1437811553478241
        },
        "12": {
            "x": 0.8159212470054626,
            "y": 0.7493733167648315,
            "z": -0.15354874730110168
        },
        "13": {
            "x": 0.6909316778182983,
            "y": 0.34824350476264954,
            "z": -0.11405015736818314
        },
        "14": {
            "x": 0.7096236944198608,
            "y": 0.5413569211959839,
            "z": -0.14634133875370026
        },
        "15": {
            "x": 0.6760597229003906,
            "y": 0.5870305299758911,
            "z": -0.13908794522285461
        },
        "16": {
            "x": 0.6468053460121155,
            "y": 0.5874286890029907,
            "z": -0.12865057587623596
        },
        "17": {
            "x": 0.6259974241256714,
            "y": 0.34930849075317383,
            "z": -0.135035902261734
        },
        "18": {
            "x": 0.6427837014198303,
            "y": 0.5075325965881348,
            "z": -0.148350790143013
        },
        "19": {
            "x": 0.6297188997268677,
            "y": 0.5544141530990601,
            "z": -0.1354372799396515
        },
        "20": {
            "x": 0.615530252456665,
            "y": 0.5680156350135803,
            "z": -0.1233457401394844
        }
    }
}