{
    "Л": {
        "0": {
            "x": 0.2502274811267853,
            "y": 0.05907811224460602,
            "z": 9.699165275378618e-07
        },
        "1": {
            "x": 0.3339361548423767,
            "y": 0.11210151016712189,
            "z": -0.00797810684889555
        },
        "2": {
            "x": 0.3777238130569458,
            "y": 0.23372440040111542,
            "z": -0.029972130432724953
        },
        "3": {
            "x": 0.36703240871429443,
            "y": 0.34992724657058716,
            "z": -0.04932955279946327
        },
        "4": {
            "x": 0.3479103446006775,
            "y": 0.43301260471343994,
            "z": -0.0672910138964653
        },
        "5": {
            "x": 0.39895719289779663,
            "y": 0.2254212498664856,
            "z": -0.08279480785131454
        },
        "6": {
            "x": 0.429541677236557,
            "y": 0.38094842433929443,
            "z": -0.11703372746706009
        },
        "7": {
            "x": 0.44344452023506165,
            "y": 0.48278385400772095,
            "z": -0.13422681391239166
        },
        "8": {
            "x": 0.44865119457244873,
            "y": 0.5635249614715576,
            "z": -0.14337308704853058
        },
        "9": {
            "x": 0.33704322576522827,
            "y": 0.23273205757141113,
            "z": -0.09390254318714142
        },
        "10": {
            "x": 0.359179824590683,
            "y": 0.4220980405807495,
            "z": -0.12254156917333603
        },
        "11": {
            "x": 0.3686186373233795,
            "y": 0.5390973687171936,
            "z": -0.1292286217212677
        },
        "12": {
            "x": 0.36961251497268677,
            "y": 0.6259205341339111,
            "z": -0.13547255098819733
        },
        "13": {
            "x": 0.2745317816734314,
            "y": 0.24295493960380554,
            "z": -0.10053779929876328
        },
        "14": {
            "x": 0.29055142402648926,
            "y": 0.44304484128952026,
            "z": -0.1203845888376236
        },
        "15": {
            "x": 0.3089689016342163,
            "y": 0.4574600160121918,
            "z": -0.10892234742641449
        },
        "16": {
            "x": 0.31738027930259705,
            "y": 0.429360568523407,
            "z": -0.09870696067810059
        },
        "17": {
            "x": 0.219526007771492,
            "y": 0.2584209144115448,
            "z": -0.10755959153175354
        },
        "18": {
            "x": 0.2416824847459793,
            "y": 0.4194950759410858,
            "z": -0.11935795843601227
        },
        "19": {
            "x": 0.26556676626205444,
            "y": 0.44551944732666016,
            "z": -0.10943421721458435
        },
        "20": {
            "x": 0.28148412704467773,
            "y": 0.43628501892089844,
            "z": -0.09966805577278137
        }
    }
}