{
    "Л": {
        "0": {
            "x": 0.5356004238128662,
            "y": 0.15537190437316895,
            "z": 1.0834882004928659e-06
        },
        "1": {
            "x": 0.6226771473884583,
            "y": 0.24089035391807556,
            "z": 0.0039335014298558235
        },
        "2": {
            "x": 0.6679552793502808,
            "y": 0.3675236403942108,
            "z": -0.0210696030408144
        },
        "3": {
            "x": 0.6552447080612183,
            "y": 0.48403647541999817,
            "z": -0.049742549657821655
        },
        "4": {
            "x": 0.629105806350708,
            "y": 0.5673098564147949,
            "z": -0.07822468131780624
        },
        "5": {
            "x": 0.7340559959411621,
            "y": 0.35939326882362366,
            "z": -0.07551677525043488
        },
        "6": {
            "x": 0.765282392501831,
            "y": 0.5301803350448608,
            "z": -0.11801125854253769
        },
        "7": {
            "x": 0.7768844962120056,
            "y": 0.6295249462127686,
            "z": -0.1417398303747177
        },
        "8": {
            "x": 0.7841713428497314,
            "y": 0.706427812576294,
            "z": -0.15553821623325348
        },
        "9": {
            "x": 0.6836269497871399,
            "y": 0.34038206934928894,
            "z": -0.10156665742397308
        },
        "10": {
            "x": 0.7102779150009155,
            "y": 0.5301674604415894,
            "z": -0.1426411122083664
        },
        "11": {
            "x": 0.7212451100349426,
            "y": 0.6530627012252808,
            "z": -0.15942910313606262
        },
        "12": {
            "x": 0.7266685962677002,
            "y": 0.7451494932174683,
            "z": -0.17197388410568237
        },
        "13": {
            "x": 0.6194271445274353,
            "y": 0.33158567547798157,
            "z": -0.12303964048624039
        },
        "14": {
            "x": 0.6294446587562561,
            "y": 0.5235045552253723,
            "z": -0.1560257226228714
        },
        "15": {
            "x": 0.6053967475891113,
            "y": 0.5640513896942139,
            "z": -0.15126559138298035
        },
        "16": {
            "x": 0.5848206281661987,
            "y": 0.5657166838645935,
            "z": -0.1434309333562851
        },
        "17": {
            "x": 0.5521948337554932,
            "y": 0.330514132976532,
            "z": -0.14399631321430206
        },
        "18": {
            "x": 0.5637156963348389,
            "y": 0.483462929725647,
            "z": -0.15780821442604065
        },
        "19": {
            "x": 0.5577808618545532,
            "y": 0.5288046598434448,
            "z": -0.14636318385601044
        },
        "20": {
            "x": 0.5503355860710144,
            "y": 0.5472438335418701,
            "z": -0.13583822548389435
        }
    }
}