{
    "Л": {
        "0": {
            "x": 0.4796440303325653,
            "y": 0.1145986020565033,
            "z": 1.0139876849279972e-06
        },
        "1": {
            "x": 0.5621064305305481,
            "y": 0.19291608035564423,
            "z": -0.0009484477341175079
        },
        "2": {
            "x": 0.6011828780174255,
            "y": 0.3191753327846527,
            "z": -0.020859112963080406
        },
        "3": {
            "x": 0.5898628234863281,
            "y": 0.4377948045730591,
            "z": -0.04156576097011566
        },
        "4": {
            "x": 0.5661634802818298,
            "y": 0.5263963341712952,
            "z": -0.06160644441843033
        },
        "5": {
            "x": 0.648343563079834,
            "y": 0.3148764967918396,
            "z": -0.06707882136106491
        },
        "6": {
            "x": 0.678874671459198,
            "y": 0.4791174829006195,
            "z": -0.10245601087808609
        },
        "7": {
            "x": 0.694389820098877,
            "y": 0.5796722173690796,
            "z": -0.11925354599952698
        },
        "8": {
            "x": 0.7039961814880371,
            "y": 0.6585445404052734,
            "z": -0.12713879346847534
        },
        "9": {
            "x": 0.5990248918533325,
            "y": 0.3072265684604645,
            "z": -0.085301473736763
        },
        "10": {
            "x": 0.6277046203613281,
            "y": 0.4885542094707489,
            "z": -0.11742496490478516
        },
        "11": {
            "x": 0.639650821685791,
            "y": 0.6034117341041565,
            "z": -0.12698133289813995
        },
        "12": {
            "x": 0.642536461353302,
            "y": 0.6846790313720703,
            "z": -0.1329488605260849
        },
        "13": {
            "x": 0.5387522578239441,
            "y": 0.3038613498210907,
            "z": -0.10007911920547485
        },
        "14": {
            "x": 0.5474530458450317,
            "y": 0.4835699200630188,
            "z": -0.12434142827987671
        },
        "15": {
            "x": 0.5389293432235718,
            "y": 0.5419737100601196,
            "z": -0.11918050795793533
        },
        "16": {
            "x": 0.5309776663780212,
            "y": 0.5618791580200195,
            "z": -0.11166661232709885
        },
        "17": {
            "x": 0.47824418544769287,
            "y": 0.3028278350830078,
            "z": -0.11462998390197754
        },
        "18": {
            "x": 0.48807644844055176,
            "y": 0.44224122166633606,
            "z": -0.12181651592254639
        },
        "19": {
            "x": 0.48858198523521423,
            "y": 0.49655279517173767,
            "z": -0.1101405993103981
        },
        "20": {
            "x": 0.4874255657196045,
            "y": 0.526075005531311,
            "z": -0.09971736371517181
        }
    }
}