{
    "Л": {
        "0": {
            "x": 0.4470055401325226,
            "y": 0.3795378804206848,
            "z": 7.456898174496018e-07
        },
        "1": {
            "x": 0.48862260580062866,
            "y": 0.4447421431541443,
            "z": -0.0033857550006359816
        },
        "2": {
            "x": 0.49576547741889954,
            "y": 0.5216413736343384,
            "z": -0.02076706476509571
        },
        "3": {
            "x": 0.4750356376171112,
            "y": 0.5798028707504272,
            "z": -0.035417865961790085
        },
        "4": {
            "x": 0.44781091809272766,
            "y": 0.6128568053245544,
            "z": -0.049794018268585205
        },
        "5": {
            "x": 0.49380651116371155,
            "y": 0.5030044317245483,
            "z": -0.07379810512065887
        },
        "6": {
            "x": 0.5124861598014832,
            "y": 0.5902629494667053,
            "z": -0.10150554031133652
        },
        "7": {
            "x": 0.5254288911819458,
            "y": 0.6470049619674683,
            "z": -0.11801785230636597
        },
        "8": {
            "x": 0.5331873893737793,
            "y": 0.6972994208335876,
            "z": -0.13012005388736725
        },
        "9": {
            "x": 0.460224986076355,
            "y": 0.490385502576828,
            "z": -0.08187756687402725
        },
        "10": {
            "x": 0.41966354846954346,
            "y": 0.615871250629425,
            "z": -0.10506156086921692
        },
        "11": {
            "x": 0.39012670516967773,
            "y": 0.6863517165184021,
            "z": -0.11249680072069168
        },
        "12": {
            "x": 0.36580657958984375,
            "y": 0.7381918430328369,
            "z": -0.11987599730491638
        },
        "13": {
            "x": 0.42466142773628235,
            "y": 0.47494930028915405,
            "z": -0.08418980985879898
        },
        "14": {
            "x": 0.39278262853622437,
            "y": 0.6046141386032104,
            "z": -0.09684473276138306
        },
        "15": {
            "x": 0.4025753438472748,
            "y": 0.5879768133163452,
            "z": -0.08050312101840973
        },
        "16": {
            "x": 0.4125826358795166,
            "y": 0.5502650141716003,
            "z": -0.06855522841215134
        },
        "17": {
            "x": 0.3898683190345764,
            "y": 0.4653591811656952,
            "z": -0.08661086857318878
        },
        "18": {
            "x": 0.3714047074317932,
            "y": 0.5631144642829895,
            "z": -0.0947485864162445
        },
        "19": {
            "x": 0.378196656703949,
            "y": 0.5646041631698608,
            "z": -0.08142175525426865
        },
        "20": {
            "x": 0.3829996585845947,
            "y": 0.5454540252685547,
            "z": -0.06980916857719421
        }
    }
}