{
    "Л": {
        "0": {
            "x": 0.5653303265571594,
            "y": 0.3532641530036926,
            "z": 2.543416144362709e-07
        },
        "1": {
            "x": 0.5216327905654907,
            "y": 0.40555456280708313,
            "z": -0.003924935590475798
        },
        "2": {
            "x": 0.5178188681602478,
            "y": 0.4787130355834961,
            "z": -0.020712271332740784
        },
        "3": {
            "x": 0.5519933104515076,
            "y": 0.5377750396728516,
            "z": -0.03556656837463379
        },
        "4": {
            "x": 0.5840153098106384,
            "y": 0.5681709051132202,
            "z": -0.05326436087489128
        },
        "5": {
            "x": 0.48714298009872437,
            "y": 0.46711722016334534,
            "z": -0.06348483264446259
        },
        "6": {
            "x": 0.4776812791824341,
            "y": 0.5657569766044617,
            "z": -0.08863463997840881
        },
        "7": {
            "x": 0.47856539487838745,
            "y": 0.6276305913925171,
            "z": -0.10214103013277054
        },
        "8": {
            "x": 0.4775281548500061,
            "y": 0.6779174208641052,
            "z": -0.11098814755678177
        },
        "9": {
            "x": 0.5252595543861389,
            "y": 0.44713568687438965,
            "z": -0.07162918150424957
        },
        "10": {
            "x": 0.5469846725463867,
            "y": 0.5599582195281982,
            "z": -0.0922369509935379
        },
        "11": {
            "x": 0.5615797638893127,
            "y": 0.6313804388046265,
            "z": -0.10022024065256119
        },
        "12": {
            "x": 0.5705409049987793,
            "y": 0.6811482906341553,
            "z": -0.10868191719055176
        },
        "13": {
            "x": 0.5649846196174622,
            "y": 0.43073299527168274,
            "z": -0.07602217048406601
        },
        "14": {
            "x": 0.5896475315093994,
            "y": 0.5367031097412109,
            "z": -0.09267507493495941
        },
        "15": {
            "x": 0.6003064513206482,
            "y": 0.5669022798538208,
            "z": -0.09120387583971024
        },
        "16": {
            "x": 0.6064590215682983,
            "y": 0.5718716382980347,
            "z": -0.08958947658538818
        },
        "17": {
            "x": 0.6025962829589844,
            "y": 0.4214550852775574,
            "z": -0.07923123240470886
        },
        "18": {
            "x": 0.6182884573936462,
            "y": 0.5040534138679504,
            "z": -0.09378044307231903
        },
        "19": {
            "x": 0.6193076372146606,
            "y": 0.5282204747200012,
            "z": -0.09246070683002472
        },
        "20": {
            "x": 0.6166691184043884,
            "y": 0.5332663059234619,
            "z": -0.08992984145879745
        }
    }
}