{
    "Л": {
        "0": {
            "x": 0.5451679229736328,
            "y": 0.36754918098449707,
            "z": 3.197561397882964e-07
        },
        "1": {
            "x": 0.5088856816291809,
            "y": 0.426594078540802,
            "z": -0.010759211145341396
        },
        "2": {
            "x": 0.5138387084007263,
            "y": 0.5008578896522522,
            "z": -0.03826839104294777
        },
        "3": {
            "x": 0.553214967250824,
            "y": 0.5541502237319946,
            "z": -0.06316900253295898
        },
        "4": {
            "x": 0.588188886642456,
            "y": 0.5819731950759888,
            "z": -0.091571144759655
        },
        "5": {
            "x": 0.4731960594654083,
            "y": 0.4940055012702942,
            "z": -0.08649948239326477
        },
        "6": {
            "x": 0.47368529438972473,
            "y": 0.586826503276825,
            "z": -0.121224544942379
        },
        "7": {
            "x": 0.47758516669273376,
            "y": 0.6498229503631592,
            "z": -0.13893452286720276
        },
        "8": {
            "x": 0.47932446002960205,
            "y": 0.7012808322906494,
            "z": -0.149923175573349
        },
        "9": {
            "x": 0.5034124851226807,
            "y": 0.46560537815093994,
            "z": -0.09668595343828201
        },
        "10": {
            "x": 0.5292598009109497,
            "y": 0.5846576690673828,
            "z": -0.13085956871509552
        },
        "11": {
            "x": 0.5399860739707947,
            "y": 0.662254810333252,
            "z": -0.1398126184940338
        },
        "12": {
            "x": 0.5442428588867188,
            "y": 0.7184883952140808,
            "z": -0.14647436141967773
        },
        "13": {
            "x": 0.5416809916496277,
            "y": 0.44064775109291077,
            "z": -0.102906234562397
        },
        "14": {
            "x": 0.5824886560440063,
            "y": 0.5504196286201477,
            "z": -0.12869803607463837
        },
        "15": {
            "x": 0.5920553803443909,
            "y": 0.570901095867157,
            "z": -0.11895328760147095
        },
        "16": {
            "x": 0.5910008549690247,
            "y": 0.5666801333427429,
            "z": -0.10875254124403
        },
        "17": {
            "x": 0.5800741910934448,
            "y": 0.42372217774391174,
            "z": -0.10884922742843628
        },
        "18": {
            "x": 0.6099003553390503,
            "y": 0.516099214553833,
            "z": -0.12685805559158325
        },
        "19": {
            "x": 0.6127991080284119,
            "y": 0.5515528917312622,
            "z": -0.12015164643526077
        },
        "20": {
            "x": 0.6073524355888367,
            "y": 0.5638211965560913,
            "z": -0.11241788417100906
        }
    }
}