{
    "Л": {
        "0": {
            "x": 0.5650190711021423,
            "y": 0.3504806458950043,
            "z": 9.784695294001722e-07
        },
        "1": {
            "x": 0.644300639629364,
            "y": 0.4211657643318176,
            "z": 0.013194306753575802
        },
        "2": {
            "x": 0.689301609992981,
            "y": 0.5386170744895935,
            "z": -0.0015742339892312884
        },
        "3": {
            "x": 0.695694625377655,
            "y": 0.6369723677635193,
            "z": -0.02194000594317913
        },
        "4": {
            "x": 0.6856890320777893,
            "y": 0.7170169353485107,
            "z": -0.04241940379142761
        },
        "5": {
            "x": 0.7363241910934448,
            "y": 0.5639218688011169,
            "z": -0.05124528333544731
        },
        "6": {
            "x": 0.7675589919090271,
            "y": 0.7300450801849365,
            "z": -0.08710527420043945
        },
        "7": {
            "x": 0.7805820107460022,
            "y": 0.8306125402450562,
            "z": -0.10388383269309998
        },
        "8": {
            "x": 0.7855589389801025,
            "y": 0.9089826345443726,
            "z": -0.11097260564565659
        },
        "9": {
            "x": 0.700641930103302,
            "y": 0.5586850047111511,
            "z": -0.07714250683784485
        },
        "10": {
            "x": 0.7408873438835144,
            "y": 0.7375264763832092,
            "z": -0.11760961264371872
        },
        "11": {
            "x": 0.7590856552124023,
            "y": 0.8517007231712341,
            "z": -0.1332312971353531
        },
        "12": {
            "x": 0.7683016657829285,
            "y": 0.9341093301773071,
            "z": -0.14026647806167603
        },
        "13": {
            "x": 0.6478855013847351,
            "y": 0.555438756942749,
            "z": -0.09801167249679565
        },
        "14": {
            "x": 0.6556960940361023,
            "y": 0.7321040034294128,
            "z": -0.13238973915576935
        },
        "15": {
            "x": 0.6208773851394653,
            "y": 0.7748516201972961,
            "z": -0.12742416560649872
        },
        "16": {
            "x": 0.5903981924057007,
            "y": 0.777441680431366,
            "z": -0.11513331532478333
        },
        "17": {
            "x": 0.5884392857551575,
            "y": 0.5532763600349426,
            "z": -0.11702170968055725
        },
        "18": {
            "x": 0.5950471758842468,
            "y": 0.6968472003936768,
            "z": -0.13111713528633118
        },
        "19": {
            "x": 0.5784934163093567,
            "y": 0.7438135147094727,
            "z": -0.11871799826622009
        },
        "20": {
            "x": 0.5634194612503052,
            "y": 0.7619520425796509,
            "z": -0.10460645705461502
        }
    }
}