{
    "Л": {
        "0": {
            "x": 0.5783153772354126,
            "y": 0.4102444052696228,
            "z": 1.9943353635198946e-08
        },
        "1": {
            "x": 0.5410213470458984,
            "y": 0.4658581018447876,
            "z": -0.0051966034807264805
        },
        "2": {
            "x": 0.535290539264679,
            "y": 0.5312663912773132,
            "z": -0.027216937392950058
        },
        "3": {
            "x": 0.5571996569633484,
            "y": 0.5857722759246826,
            "z": -0.04642757400870323
        },
        "4": {
            "x": 0.5816428065299988,
            "y": 0.6268828511238098,
            "z": -0.06928719580173492
        },
        "5": {
            "x": 0.5058208703994751,
            "y": 0.5376531481742859,
            "z": -0.08311187475919724
        },
        "6": {
            "x": 0.4927120506763458,
            "y": 0.6202354431152344,
            "z": -0.11773838847875595
        },
        "7": {
            "x": 0.4936758279800415,
            "y": 0.6809030771255493,
            "z": -0.1378200501203537
        },
        "8": {
            "x": 0.4989810883998871,
            "y": 0.7328682541847229,
            "z": -0.1508122831583023
        },
        "9": {
            "x": 0.529722273349762,
            "y": 0.5018328428268433,
            "z": -0.09017134457826614
        },
        "10": {
            "x": 0.5697867274284363,
            "y": 0.6116116046905518,
            "z": -0.12000022083520889
        },
        "11": {
            "x": 0.5945336222648621,
            "y": 0.677803099155426,
            "z": -0.12463641911745071
        },
        "12": {
            "x": 0.6145009398460388,
            "y": 0.7228962182998657,
            "z": -0.12932199239730835
        },
        "13": {
            "x": 0.5637453198432922,
            "y": 0.47479623556137085,
            "z": -0.09310907870531082
        },
        "14": {
            "x": 0.6048600077629089,
            "y": 0.5753542184829712,
            "z": -0.11321691423654556
        },
        "15": {
            "x": 0.6162672638893127,
            "y": 0.6079726219177246,
            "z": -0.10140752792358398
        },
        "16": {
            "x": 0.6218224763870239,
            "y": 0.6150058507919312,
            "z": -0.09169100970029831
        },
        "17": {
            "x": 0.5988319516181946,
            "y": 0.4605823755264282,
            "z": -0.09535372257232666
        },
        "18": {
            "x": 0.6295093297958374,
            "y": 0.5463825464248657,
            "z": -0.11326685547828674
        },
        "19": {
            "x": 0.6386207938194275,
            "y": 0.5845088362693787,
            "z": -0.10855086147785187
        },
        "20": {
            "x": 0.639643132686615,
            "y": 0.6023991107940674,
            "z": -0.1015692725777626
        }
    }
}