{
    "Л": {
        "0": {
            "x": 0.6024367213249207,
            "y": 0.3884105682373047,
            "z": 1.0055629218186368e-07
        },
        "1": {
            "x": 0.5677810311317444,
            "y": 0.4451547861099243,
            "z": -0.0033187703229486942
        },
        "2": {
            "x": 0.5610568523406982,
            "y": 0.5155922770500183,
            "z": -0.020181037485599518
        },
        "3": {
            "x": 0.5797654986381531,
            "y": 0.5718949437141418,
            "z": -0.03407204896211624
        },
        "4": {
            "x": 0.6013646125793457,
            "y": 0.6117299795150757,
            "z": -0.05114944651722908
        },
        "5": {
            "x": 0.5428778529167175,
            "y": 0.5238223075866699,
            "z": -0.071238212287426
        },
        "6": {
            "x": 0.5355077385902405,
            "y": 0.601202130317688,
            "z": -0.09877101331949234
        },
        "7": {
            "x": 0.5340288281440735,
            "y": 0.6538971662521362,
            "z": -0.1146763265132904
        },
        "8": {
            "x": 0.5338192582130432,
            "y": 0.6982771158218384,
            "z": -0.12475863844156265
        },
        "9": {
            "x": 0.5693680047988892,
            "y": 0.492918461561203,
            "z": -0.07574068754911423
        },
        "10": {
            "x": 0.6182951927185059,
            "y": 0.5980762839317322,
            "z": -0.09883531928062439
        },
        "11": {
            "x": 0.6467068195343018,
            "y": 0.6615201234817505,
            "z": -0.10323943942785263
        },
        "12": {
            "x": 0.668363630771637,
            "y": 0.705500066280365,
            "z": -0.10839526355266571
        },
        "13": {
            "x": 0.603929340839386,
            "y": 0.46796342730522156,
            "z": -0.07551388442516327
        },
        "14": {
            "x": 0.6448109745979309,
            "y": 0.5689881443977356,
            "z": -0.08929231762886047
        },
        "15": {
            "x": 0.6458422541618347,
            "y": 0.5840995907783508,
            "z": -0.07581592351198196
        },
        "16": {
            "x": 0.6426576972007751,
            "y": 0.5759812593460083,
            "z": -0.06549318879842758
        },
        "17": {
            "x": 0.6377208828926086,
            "y": 0.45332735776901245,
            "z": -0.07447021454572678
        },
        "18": {
            "x": 0.6641072630882263,
            "y": 0.5425249934196472,
            "z": -0.08510882407426834
        },
        "19": {
            "x": 0.6688669919967651,
            "y": 0.5788744688034058,
            "z": -0.07667765021324158
        },
        "20": {
            "x": 0.6661831140518188,
            "y": 0.5985364317893982,
            "z": -0.06807374954223633
        }
    }
}