{
    "Л": {
        "0": {
            "x": 0.6184942126274109,
            "y": 0.39048755168914795,
            "z": 1.8868136919536482e-07
        },
        "1": {
            "x": 0.5838873982429504,
            "y": 0.44398051500320435,
            "z": -0.00407407945021987
        },
        "2": {
            "x": 0.5774524807929993,
            "y": 0.5118014812469482,
            "z": -0.02294781245291233
        },
        "3": {
            "x": 0.5996757745742798,
            "y": 0.5659803748130798,
            "z": -0.03861164301633835
        },
        "4": {
            "x": 0.6243214011192322,
            "y": 0.603708803653717,
            "z": -0.05783607065677643
        },
        "5": {
            "x": 0.5614625215530396,
            "y": 0.5258594751358032,
            "z": -0.0747392326593399
        },
        "6": {
            "x": 0.5520465970039368,
            "y": 0.6026759147644043,
            "z": -0.10214100778102875
        },
        "7": {
            "x": 0.5508636236190796,
            "y": 0.655636727809906,
            "z": -0.11940509080886841
        },
        "8": {
            "x": 0.5523597002029419,
            "y": 0.7009181976318359,
            "z": -0.1312694400548935
        },
        "9": {
            "x": 0.5896453857421875,
            "y": 0.49873876571655273,
            "z": -0.07963749021291733
        },
        "10": {
            "x": 0.6372209191322327,
            "y": 0.6085765957832336,
            "z": -0.10230565071105957
        },
        "11": {
            "x": 0.6653449535369873,
            "y": 0.6727845668792725,
            "z": -0.10840687900781631
        },
        "12": {
            "x": 0.6869735717773438,
            "y": 0.7203454971313477,
            "z": -0.11591159552335739
        },
        "13": {
            "x": 0.6251611113548279,
            "y": 0.4759235978126526,
            "z": -0.07933235168457031
        },
        "14": {
            "x": 0.6616870164871216,
            "y": 0.5837594270706177,
            "z": -0.09065398573875427
        },
        "15": {
            "x": 0.6577354073524475,
            "y": 0.5928177237510681,
            "z": -0.07617780566215515
        },
        "16": {
            "x": 0.6520242691040039,
            "y": 0.5784130692481995,
            "z": -0.06655139476060867
        },
        "17": {
            "x": 0.6590124368667603,
            "y": 0.4633052945137024,
            "z": -0.07850213348865509
        },
        "18": {
            "x": 0.6767221689224243,
            "y": 0.5567211508750916,
            "z": -0.08750952780246735
        },
        "19": {
            "x": 0.6748737096786499,
            "y": 0.5914484858512878,
            "z": -0.07835929095745087
        },
        "20": {
            "x": 0.6686727404594421,
            "y": 0.6090058088302612,
            "z": -0.0703042671084404
        }
    }
}