{
    "Л": {
        "0": {
            "x": 0.6204625368118286,
            "y": 0.3931562900543213,
            "z": 1.310504558205139e-07
        },
        "1": {
            "x": 0.5819567441940308,
            "y": 0.44305115938186646,
            "z": -0.004621314350515604
        },
        "2": {
            "x": 0.575867235660553,
            "y": 0.5175034403800964,
            "z": -0.022161288186907768
        },
        "3": {
            "x": 0.5984774827957153,
            "y": 0.5809129476547241,
            "z": -0.036573342978954315
        },
        "4": {
            "x": 0.6215932965278625,
            "y": 0.6245319843292236,
            "z": -0.053528863936662674
        },
        "5": {
            "x": 0.5538893342018127,
            "y": 0.5191155672073364,
            "z": -0.07141575217247009
        },
        "6": {
            "x": 0.543293833732605,
            "y": 0.6111175417900085,
            "z": -0.0959610715508461
        },
        "7": {
            "x": 0.5420621037483215,
            "y": 0.6665400862693787,
            "z": -0.10879364609718323
        },
        "8": {
            "x": 0.5430676937103271,
            "y": 0.7130855321884155,
            "z": -0.11736657470464706
        },
        "9": {
            "x": 0.584597110748291,
            "y": 0.4958270192146301,
            "z": -0.0763215497136116
        },
        "10": {
            "x": 0.6231378316879272,
            "y": 0.6114547252655029,
            "z": -0.09655636548995972
        },
        "11": {
            "x": 0.6464245915412903,
            "y": 0.675839900970459,
            "z": -0.1006908267736435
        },
        "12": {
            "x": 0.6636853218078613,
            "y": 0.7254658937454224,
            "z": -0.10665164142847061
        },
        "13": {
            "x": 0.6202338933944702,
            "y": 0.4770173132419586,
            "z": -0.07647345960140228
        },
        "14": {
            "x": 0.6500644683837891,
            "y": 0.5872913599014282,
            "z": -0.08913715928792953
        },
        "15": {
            "x": 0.6499993801116943,
            "y": 0.597923755645752,
            "z": -0.07769842445850372
        },
        "16": {
            "x": 0.6476496458053589,
            "y": 0.5889174342155457,
            "z": -0.06979823857545853
        },
        "17": {
            "x": 0.6541689038276672,
            "y": 0.4674210548400879,
            "z": -0.07594537734985352
        },
        "18": {
            "x": 0.6712028384208679,
            "y": 0.5563496947288513,
            "z": -0.08703580498695374
        },
        "19": {
            "x": 0.6724465489387512,
            "y": 0.593800961971283,
            "z": -0.08176474273204803
        },
        "20": {
            "x": 0.6694736480712891,
            "y": 0.616499662399292,
            "z": -0.07657641917467117
        }
    }
}