{
    "Л": {
        "0": {
            "x": 0.6407224535942078,
            "y": 0.32612839341163635,
            "z": 6.863368895437816e-08
        },
        "1": {
            "x": 0.5879558324813843,
            "y": 0.36117327213287354,
            "z": 0.0023886130657047033
        },
        "2": {
            "x": 0.5601350665092468,
            "y": 0.4291832447052002,
            "z": -0.01317443698644638
        },
        "3": {
            "x": 0.5657604932785034,
            "y": 0.4968242347240448,
            "z": -0.025644032284617424
        },
        "4": {
            "x": 0.5765960812568665,
            "y": 0.543285608291626,
            "z": -0.04125737026333809
        },
        "5": {
            "x": 0.5409210920333862,
            "y": 0.4376297891139984,
            "z": -0.07318861037492752
        },
        "6": {
            "x": 0.524635374546051,
            "y": 0.5167361497879028,
            "z": -0.10323765128850937
        },
        "7": {
            "x": 0.5156458616256714,
            "y": 0.5691743493080139,
            "z": -0.1235613152384758
        },
        "8": {
            "x": 0.5093074440956116,
            "y": 0.6155919432640076,
            "z": -0.1378583312034607
        },
        "9": {
            "x": 0.5753110647201538,
            "y": 0.4265519082546234,
            "z": -0.07944023609161377
        },
        "10": {
            "x": 0.5928335189819336,
            "y": 0.5554099082946777,
            "z": -0.10143885761499405
        },
        "11": {
            "x": 0.6016486287117004,
            "y": 0.6277844309806824,
            "z": -0.10620520263910294
        },
        "12": {
            "x": 0.6092903017997742,
            "y": 0.6860309839248657,
            "z": -0.11383220553398132
        },
        "13": {
            "x": 0.614100992679596,
            "y": 0.4210602641105652,
            "z": -0.07991155982017517
        },
        "14": {
            "x": 0.6231870651245117,
            "y": 0.5402637124061584,
            "z": -0.0885324776172638
        },
        "15": {
            "x": 0.6168513298034668,
            "y": 0.5399962663650513,
            "z": -0.07057304680347443
        },
        "16": {
            "x": 0.6140542030334473,
            "y": 0.5210029482841492,
            "z": -0.05963592976331711
        },
        "17": {
            "x": 0.6505423188209534,
            "y": 0.4216293692588806,
            "z": -0.07970564067363739
        },
        "18": {
            "x": 0.647799015045166,
            "y": 0.5157320499420166,
            "z": -0.0868735983967781
        },
        "19": {
            "x": 0.6404852271080017,
            "y": 0.5480797290802002,
            "z": -0.07726696133613586
        },
        "20": {
            "x": 0.6312065720558167,
            "y": 0.5663291215896606,
            "z": -0.06964073330163956
        }
    }
}