{
    "Л": {
        "0": {
            "x": 0.47608211636543274,
            "y": 0.114251047372818,
            "z": 1.210589061884093e-06
        },
        "1": {
            "x": 0.5606902837753296,
            "y": 0.22786842286586761,
            "z": -0.0019698520191013813
        },
        "2": {
            "x": 0.5708131790161133,
            "y": 0.37941378355026245,
            "z": -0.002050330862402916
        },
        "3": {
            "x": 0.5279421806335449,
            "y": 0.5002092123031616,
            "z": 0.002341143786907196
        },
        "4": {
            "x": 0.49071937799453735,
            "y": 0.5840051770210266,
            "z": 0.012181654572486877
        },
        "5": {
            "x": 0.614741325378418,
            "y": 0.42809024453163147,
            "z": -0.03826846182346344
        },
        "6": {
            "x": 0.6364239454269409,
            "y": 0.6510816812515259,
            "z": -0.050254594534635544
        },
        "7": {
            "x": 0.6473771333694458,
            "y": 0.7714500427246094,
            "z": -0.05093579366803169
        },
        "8": {
            "x": 0.6483434438705444,
            "y": 0.8681145906448364,
            "z": -0.04891640320420265
        },
        "9": {
            "x": 0.5406797528266907,
            "y": 0.4341411292552948,
            "z": -0.039131879806518555
        },
        "10": {
            "x": 0.5051723718643188,
            "y": 0.6527402400970459,
            "z": -0.053202807903289795
        },
        "11": {
            "x": 0.4754025936126709,
            "y": 0.7867302894592285,
            "z": -0.05800456926226616
        },
        "12": {
            "x": 0.44591668248176575,
            "y": 0.8864831924438477,
            "z": -0.060982607305049896
        },
        "13": {
            "x": 0.472917765378952,
            "y": 0.424559623003006,
            "z": -0.035982027649879456
        },
        "14": {
            "x": 0.4535685181617737,
            "y": 0.5871250629425049,
            "z": -0.046568602323532104
        },
        "15": {
            "x": 0.47202759981155396,
            "y": 0.5291280746459961,
            "z": -0.03518054261803627
        },
        "16": {
            "x": 0.4871926009654999,
            "y": 0.4683331847190857,
            "z": -0.02227417565882206
        },
        "17": {
            "x": 0.4160459339618683,
            "y": 0.41455700993537903,
            "z": -0.03232084959745407
        },
        "18": {
            "x": 0.4206707775592804,
            "y": 0.5120817422866821,
            "z": -0.033650632947683334
        },
        "19": {
            "x": 0.4442341923713684,
            "y": 0.47118401527404785,
            "z": -0.018203873187303543
        },
        "20": {
            "x": 0.4572511315345764,
            "y": 0.4279138445854187,
            "z": -0.0030468632467091084
        }
    }
}