{
    "Л": {
        "0": {
            "x": 0.6311100125312805,
            "y": 0.0810701847076416,
            "z": 1.0875354519157554e-06
        },
        "1": {
            "x": 0.7026642560958862,
            "y": 0.20000633597373962,
            "z": 0.001016873400658369
        },
        "2": {
            "x": 0.6909072995185852,
            "y": 0.3527803421020508,
            "z": -0.016877397894859314
        },
        "3": {
            "x": 0.6283124685287476,
            "y": 0.46983179450035095,
            "z": -0.0345168374478817
        },
        "4": {
            "x": 0.5732818841934204,
            "y": 0.5419171452522278,
            "z": -0.04937871918082237
        },
        "5": {
            "x": 0.7445417642593384,
            "y": 0.3815174698829651,
            "z": -0.06604548543691635
        },
        "6": {
            "x": 0.7592324018478394,
            "y": 0.5860822200775146,
            "z": -0.09139753878116608
        },
        "7": {
            "x": 0.7688771486282349,
            "y": 0.7032690644264221,
            "z": -0.09752995520830154
        },
        "8": {
            "x": 0.7766836285591125,
            "y": 0.792917013168335,
            "z": -0.09814257174730301
        },
        "9": {
            "x": 0.6751883029937744,
            "y": 0.380312442779541,
            "z": -0.08159038424491882
        },
        "10": {
            "x": 0.6463411450386047,
            "y": 0.5928540825843811,
            "z": -0.10744182020425797
        },
        "11": {
            "x": 0.6270748376846313,
            "y": 0.7186156511306763,
            "z": -0.11116261780261993
        },
        "12": {
            "x": 0.6110485792160034,
            "y": 0.8082551956176758,
            "z": -0.11180578917264938
        },
        "13": {
            "x": 0.6082369089126587,
            "y": 0.368822306394577,
            "z": -0.09117283672094345
        },
        "14": {
            "x": 0.5744940638542175,
            "y": 0.508413553237915,
            "z": -0.10342466086149216
        },
        "15": {
            "x": 0.5866578817367554,
            "y": 0.46796882152557373,
            "z": -0.07753562927246094
        },
        "16": {
            "x": 0.601909875869751,
            "y": 0.4198516607284546,
            "z": -0.055059801787137985
        },
        "17": {
            "x": 0.5505977272987366,
            "y": 0.3503858149051666,
            "z": -0.10138986259698868
        },
        "18": {
            "x": 0.5463892817497253,
            "y": 0.44859516620635986,
            "z": -0.08823703974485397
        },
        "19": {
            "x": 0.5616926550865173,
            "y": 0.4126494526863098,
            "z": -0.051222655922174454
        },
        "20": {
            "x": 0.5694148540496826,
            "y": 0.37069129943847656,
            "z": -0.023079944774508476
        }
    }
}