{
    "Л": {
        "0": {
            "x": 0.6791372299194336,
            "y": 0.12805628776550293,
            "z": 1.121787363445037e-06
        },
        "1": {
            "x": 0.7555986046791077,
            "y": 0.24801486730575562,
            "z": 0.04125276952981949
        },
        "2": {
            "x": 0.7562277317047119,
            "y": 0.3840269446372986,
            "z": 0.0430649109184742
        },
        "3": {
            "x": 0.7009007930755615,
            "y": 0.4963647723197937,
            "z": 0.0383392833173275
        },
        "4": {
            "x": 0.6519538164138794,
            "y": 0.5630238652229309,
            "z": 0.03809935599565506
        },
        "5": {
            "x": 0.8056256771087646,
            "y": 0.45701849460601807,
            "z": -0.014451781287789345
        },
        "6": {
            "x": 0.8106096982955933,
            "y": 0.6585403084754944,
            "z": -0.025981154292821884
        },
        "7": {
            "x": 0.8143876194953918,
            "y": 0.7654083967208862,
            "z": -0.02884529158473015
        },
        "8": {
            "x": 0.8122502565383911,
            "y": 0.8525797128677368,
            "z": -0.03041059710085392
        },
        "9": {
            "x": 0.7430878281593323,
            "y": 0.45031267404556274,
            "z": -0.04295402020215988
        },
        "10": {
            "x": 0.698322594165802,
            "y": 0.6614288091659546,
            "z": -0.062059950083494186
        },
        "11": {
            "x": 0.6712229251861572,
            "y": 0.783808708190918,
            "z": -0.07155653834342957
        },
        "12": {
            "x": 0.6440147757530212,
            "y": 0.8704192638397217,
            "z": -0.08000484108924866
        },
        "13": {
            "x": 0.679291844367981,
            "y": 0.4248993694782257,
            "z": -0.06187606230378151
        },
        "14": {
            "x": 0.6254489421844482,
            "y": 0.5538468360900879,
            "z": -0.05652274563908577
        },
        "15": {
            "x": 0.6403840780258179,
            "y": 0.49520155787467957,
            "z": -0.024761149659752846
        },
        "16": {
            "x": 0.6552450060844421,
            "y": 0.43995213508605957,
            "z": -0.004525804426521063
        },
        "17": {
            "x": 0.6196897625923157,
            "y": 0.39446189999580383,
            "z": -0.07906156033277512
        },
        "18": {
            "x": 0.5939601063728333,
            "y": 0.4793011248111725,
            "z": -0.053005218505859375
        },
        "19": {
            "x": 0.6105118989944458,
            "y": 0.43032872676849365,
            "z": -0.013213180005550385
        },
        "20": {
            "x": 0.6228635907173157,
            "y": 0.3876180648803711,
            "z": 0.013808870688080788
        }
    }
}