{
    "Л": {
        "0": {
            "x": 0.4309050142765045,
            "y": 0.174127995967865,
            "z": 8.972834848464117e-07
        },
        "1": {
            "x": 0.5240647792816162,
            "y": 0.26131975650787354,
            "z": -0.016291851177811623
        },
        "2": {
            "x": 0.5395376682281494,
            "y": 0.40606218576431274,
            "z": -0.005261413287371397
        },
        "3": {
            "x": 0.5143141746520996,
            "y": 0.5024518966674805,
            "z": 0.02358749322593212
        },
        "4": {
            "x": 0.48893195390701294,
            "y": 0.5799527168273926,
            "z": 0.05922869220376015
        },
        "5": {
            "x": 0.5306448340415955,
            "y": 0.486548513174057,
            "z": -0.06432824581861496
        },
        "6": {
            "x": 0.5413333177566528,
            "y": 0.6659793853759766,
            "z": -0.0605631098151207
        },
        "7": {
            "x": 0.5444448590278625,
            "y": 0.7660706043243408,
            "z": -0.061438072472810745
        },
        "8": {
            "x": 0.5410482287406921,
            "y": 0.8449289798736572,
            "z": -0.062323763966560364
        },
        "9": {
            "x": 0.4638737738132477,
            "y": 0.47520357370376587,
            "z": -0.034095097333192825
        },
        "10": {
            "x": 0.4261184632778168,
            "y": 0.644688069820404,
            "z": -0.00798880122601986
        },
        "11": {
            "x": 0.3987942636013031,
            "y": 0.7504693269729614,
            "z": -0.0005202786414884031
        },
        "12": {
            "x": 0.37134116888046265,
            "y": 0.8277841806411743,
            "z": -0.005292591173201799
        },
        "13": {
            "x": 0.415069043636322,
            "y": 0.4560355246067047,
            "z": 0.0013741686707362533
        },
        "14": {
            "x": 0.4231671988964081,
            "y": 0.5409621000289917,
            "z": 0.049626920372247696
        },
        "15": {
            "x": 0.4452008605003357,
            "y": 0.47052887082099915,
            "z": 0.0687202513217926
        },
        "16": {
            "x": 0.4509148597717285,
            "y": 0.4256182909011841,
            "z": 0.06961069256067276
        },
        "17": {
            "x": 0.376630038022995,
            "y": 0.44159024953842163,
            "z": 0.034411098808050156
        },
        "18": {
            "x": 0.3913053572177887,
            "y": 0.4876457750797272,
            "z": 0.07425328344106674
        },
        "19": {
            "x": 0.4096226692199707,
            "y": 0.4374428689479828,
            "z": 0.09017925709486008
        },
        "20": {
            "x": 0.41603633761405945,
            "y": 0.3996746242046356,
            "z": 0.09521332383155823
        }
    }
}