{
    "Л": {
        "0": {
            "x": 0.3011553883552551,
            "y": 0.11891785264015198,
            "z": 8.244174409810512e-07
        },
        "1": {
            "x": 0.3906344473361969,
            "y": 0.19281266629695892,
            "z": -0.0042823008261621
        },
        "2": {
            "x": 0.43726783990859985,
            "y": 0.3188238739967346,
            "z": -0.020465372130274773
        },
        "3": {
            "x": 0.4417457580566406,
            "y": 0.4331490993499756,
            "z": -0.03420068696141243
        },
        "4": {
            "x": 0.43182435631752014,
            "y": 0.5178719758987427,
            "z": -0.04725891351699829
        },
        "5": {
            "x": 0.4604454040527344,
            "y": 0.32685068249702454,
            "z": -0.06770654022693634
        },
        "6": {
            "x": 0.4840835630893707,
            "y": 0.4941375255584717,
            "z": -0.09822894632816315
        },
        "7": {
            "x": 0.4940192699432373,
            "y": 0.5951884388923645,
            "z": -0.11234550178050995
        },
        "8": {
            "x": 0.49850815534591675,
            "y": 0.6746684312820435,
            "z": -0.11859245598316193
        },
        "9": {
            "x": 0.3950749337673187,
            "y": 0.3294917345046997,
            "z": -0.0813453420996666
        },
        "10": {
            "x": 0.41036736965179443,
            "y": 0.5223645567893982,
            "z": -0.1071346178650856
        },
        "11": {
            "x": 0.41733065247535706,
            "y": 0.6341326832771301,
            "z": -0.11522594094276428
        },
        "12": {
            "x": 0.4192129671573639,
            "y": 0.7150478363037109,
            "z": -0.12069523334503174
        },
        "13": {
            "x": 0.33013495802879333,
            "y": 0.33461451530456543,
            "z": -0.09140035510063171
        },
        "14": {
            "x": 0.33048391342163086,
            "y": 0.525132954120636,
            "z": -0.10879097133874893
        },
        "15": {
            "x": 0.3367590010166168,
            "y": 0.6182981133460999,
            "z": -0.10777395218610764
        },
        "16": {
            "x": 0.34406986832618713,
            "y": 0.6781914234161377,
            "z": -0.10655146092176437
        },
        "17": {
            "x": 0.27432963252067566,
            "y": 0.3401884138584137,
            "z": -0.10099206864833832
        },
        "18": {
            "x": 0.2871764898300171,
            "y": 0.4831591248512268,
            "z": -0.10534416884183884
        },
        "19": {
            "x": 0.3010035753250122,
            "y": 0.5373213291168213,
            "z": -0.09474040567874908
        },
        "20": {
            "x": 0.31356799602508545,
            "y": 0.5696158409118652,
            "z": -0.08659185469150543
        }
    }
}