{
    "ะช": {
        "0": {
            "x": 0.2477983832359314,
            "y": 0.6859731674194336,
            "z": 7.784471733884857e-09
        },
        "1": {
            "x": 0.32004109025001526,
            "y": 0.6782162189483643,
            "z": -0.036071911454200745
        },
        "2": {
            "x": 0.39718738198280334,
            "y": 0.631986141204834,
            "z": -0.05606754496693611
        },
        "3": {
            "x": 0.4618377685546875,
            "y": 0.6004085540771484,
            "z": -0.07519090175628662
        },
        "4": {
            "x": 0.5151873826980591,
            "y": 0.5859674215316772,
            "z": -0.0933738574385643
        },
        "5": {
            "x": 0.38099345564842224,
            "y": 0.4914637804031372,
            "z": -0.030212851241230965
        },
        "6": {
            "x": 0.413767546415329,
            "y": 0.38979536294937134,
            "z": -0.057898759841918945
        },
        "7": {
            "x": 0.42836931347846985,
            "y": 0.32461678981781006,
            "z": -0.07175809890031815
        },
        "8": {
            "x": 0.43478429317474365,
            "y": 0.2647515535354614,
            "z": -0.08134941756725311
        },
        "9": {
            "x": 0.3352833092212677,
            "y": 0.4755397439002991,
            "z": -0.028888868167996407
        },
        "10": {
            "x": 0.34448277950286865,
            "y": 0.44564926624298096,
            "z": -0.07108134031295776
        },
        "11": {
            "x": 0.32445937395095825,
            "y": 0.5318328738212585,
            "z": -0.07493195682764053
        },
        "12": {
            "x": 0.31595495343208313,
            "y": 0.5575332045555115,
            "z": -0.06767486780881882
        },
        "13": {
            "x": 0.28637588024139404,
            "y": 0.47309425473213196,
            "z": -0.032394085079431534
        },
        "14": {
            "x": 0.29443293809890747,
            "y": 0.45229092240333557,
            "z": -0.07812298089265823
        },
        "15": {
            "x": 0.2829640507698059,
            "y": 0.535150408744812,
            "z": -0.06359223276376724
        },
        "16": {
            "x": 0.2808630168437958,
            "y": 0.5534607172012329,
            "z": -0.04244391992688179
        },
        "17": {
            "x": 0.23573550581932068,
            "y": 0.47680601477622986,
            "z": -0.03885840252041817
        },
        "18": {
            "x": 0.2445255070924759,
            "y": 0.44483834505081177,
            "z": -0.06811380386352539
        },
        "19": {
            "x": 0.2462342530488968,
            "y": 0.5086974501609802,
            "z": -0.05331844091415405
        },
        "20": {
            "x": 0.24715134501457214,
            "y": 0.5343795418739319,
            "z": -0.034699901938438416
        }
    }
}