{
    "ะช": {
        "0": {
            "x": 0.24923375248908997,
            "y": 0.591492772102356,
            "z": -6.472146374392196e-09
        },
        "1": {
            "x": 0.31605449318885803,
            "y": 0.5708206295967102,
            "z": -0.04381140321493149
        },
        "2": {
            "x": 0.3790512681007385,
            "y": 0.5194604396820068,
            "z": -0.06599386036396027
        },
        "3": {
            "x": 0.4318941533565521,
            "y": 0.47524258494377136,
            "z": -0.08479650318622589
        },
        "4": {
            "x": 0.4751577377319336,
            "y": 0.4404132664203644,
            "z": -0.10029275715351105
        },
        "5": {
            "x": 0.3536713421344757,
            "y": 0.39251381158828735,
            "z": -0.036874402314424515
        },
        "6": {
            "x": 0.3651929497718811,
            "y": 0.29156923294067383,
            "z": -0.0667884573340416
        },
        "7": {
            "x": 0.3662495017051697,
            "y": 0.22571854293346405,
            "z": -0.07748406380414963
        },
        "8": {
            "x": 0.3641376197338104,
            "y": 0.16694453358650208,
            "z": -0.08280745148658752
        },
        "9": {
            "x": 0.3071814775466919,
            "y": 0.3893912732601166,
            "z": -0.0308145210146904
        },
        "10": {
            "x": 0.3007899224758148,
            "y": 0.3556974232196808,
            "z": -0.06948825716972351
        },
        "11": {
            "x": 0.29235485196113586,
            "y": 0.43881601095199585,
            "z": -0.0666683092713356
        },
        "12": {
            "x": 0.29593008756637573,
            "y": 0.4533482491970062,
            "z": -0.054442957043647766
        },
        "13": {
            "x": 0.262037456035614,
            "y": 0.3947037160396576,
            "z": -0.03147505596280098
        },
        "14": {
            "x": 0.25662219524383545,
            "y": 0.3773862421512604,
            "z": -0.07383207976818085
        },
        "15": {
            "x": 0.2582314610481262,
            "y": 0.45102304220199585,
            "z": -0.05804863199591637
        },
        "16": {
            "x": 0.26553305983543396,
            "y": 0.4537339508533478,
            "z": -0.03629360720515251
        },
        "17": {
            "x": 0.21867424249649048,
            "y": 0.404766321182251,
            "z": -0.03629577159881592
        },
        "18": {
            "x": 0.2124558389186859,
            "y": 0.3700166940689087,
            "z": -0.06186746805906296
        },
        "19": {
            "x": 0.21999238431453705,
            "y": 0.41827476024627686,
            "z": -0.048747073858976364
        },
        "20": {
            "x": 0.22421211004257202,
            "y": 0.43240034580230713,
            "z": -0.031755607575178146
        }
    }
}