{
    "ะช": {
        "0": {
            "x": 0.17200706899166107,
            "y": 0.5139576196670532,
            "z": -6.023189058623757e-08
        },
        "1": {
            "x": 0.23620443046092987,
            "y": 0.4975964426994324,
            "z": -0.041151128709316254
        },
        "2": {
            "x": 0.2936120629310608,
            "y": 0.44411414861679077,
            "z": -0.05795050784945488
        },
        "3": {
            "x": 0.3411155343055725,
            "y": 0.3966224491596222,
            "z": -0.06991707533597946
        },
        "4": {
            "x": 0.38044822216033936,
            "y": 0.3639853596687317,
            "z": -0.07680021226406097
        },
        "5": {
            "x": 0.2739240527153015,
            "y": 0.3233388662338257,
            "z": -0.03552356734871864
        },
        "6": {
            "x": 0.28384968638420105,
            "y": 0.22432513535022736,
            "z": -0.06735007464885712
        },
        "7": {
            "x": 0.2803627848625183,
            "y": 0.17044642567634583,
            "z": -0.07908032834529877
        },
        "8": {
            "x": 0.2748168706893921,
            "y": 0.11344033479690552,
            "z": -0.08461756259202957
        },
        "9": {
            "x": 0.2319227159023285,
            "y": 0.3250119686126709,
            "z": -0.029579121619462967
        },
        "10": {
            "x": 0.21938177943229675,
            "y": 0.2900013029575348,
            "z": -0.06438317149877548
        },
        "11": {
            "x": 0.2157975137233734,
            "y": 0.3699285089969635,
            "z": -0.059485677629709244
        },
        "12": {
            "x": 0.2252432256937027,
            "y": 0.37553420662879944,
            "z": -0.04816850274801254
        },
        "13": {
            "x": 0.1912403106689453,
            "y": 0.33122485876083374,
            "z": -0.030810104683041573
        },
        "14": {
            "x": 0.181970477104187,
            "y": 0.30569788813591003,
            "z": -0.07197099179029465
        },
        "15": {
            "x": 0.18511854112148285,
            "y": 0.38297292590141296,
            "z": -0.05428292229771614
        },
        "16": {
            "x": 0.19677037000656128,
            "y": 0.38199523091316223,
            "z": -0.03280005231499672
        },
        "17": {
            "x": 0.15247520804405212,
            "y": 0.3422064483165741,
            "z": -0.036155182868242264
        },
        "18": {
            "x": 0.152340829372406,
            "y": 0.3166990280151367,
            "z": -0.06274037063121796
        },
        "19": {
            "x": 0.1595551073551178,
            "y": 0.3734983205795288,
            "z": -0.05004071444272995
        },
        "20": {
            "x": 0.16498059034347534,
            "y": 0.38682588934898376,
            "z": -0.034103184938430786
        }
    }
}