{
    "ะช": {
        "0": {
            "x": 0.35831427574157715,
            "y": 0.4956367611885071,
            "z": 5.148820747535865e-08
        },
        "1": {
            "x": 0.4280110001564026,
            "y": 0.4823070168495178,
            "z": -0.04145289957523346
        },
        "2": {
            "x": 0.49592292308807373,
            "y": 0.43351393938064575,
            "z": -0.06151934340596199
        },
        "3": {
            "x": 0.5497233867645264,
            "y": 0.39214614033699036,
            "z": -0.07772713899612427
        },
        "4": {
            "x": 0.5934386849403381,
            "y": 0.36468327045440674,
            "z": -0.09105059504508972
        },
        "5": {
            "x": 0.4675149619579315,
            "y": 0.29710081219673157,
            "z": -0.034138716757297516
        },
        "6": {
            "x": 0.4865516126155853,
            "y": 0.203634113073349,
            "z": -0.05916406586766243
        },
        "7": {
            "x": 0.4928761124610901,
            "y": 0.140982523560524,
            "z": -0.06685292720794678
        },
        "8": {
            "x": 0.49515777826309204,
            "y": 0.08513693511486053,
            "z": -0.07080868631601334
        },
        "9": {
            "x": 0.41956421732902527,
            "y": 0.29207563400268555,
            "z": -0.02868354320526123
        },
        "10": {
            "x": 0.4318975806236267,
            "y": 0.2611922025680542,
            "z": -0.06016170233488083
        },
        "11": {
            "x": 0.4196227490901947,
            "y": 0.3449060022830963,
            "z": -0.053815875202417374
        },
        "12": {
            "x": 0.41550010442733765,
            "y": 0.3545277714729309,
            "z": -0.04088086634874344
        },
        "13": {
            "x": 0.3735114634037018,
            "y": 0.29427361488342285,
            "z": -0.02958470582962036
        },
        "14": {
            "x": 0.3862462341785431,
            "y": 0.2759478688240051,
            "z": -0.06967787444591522
        },
        "15": {
            "x": 0.38002151250839233,
            "y": 0.35362350940704346,
            "z": -0.05328597500920296
        },
        "16": {
            "x": 0.37634992599487305,
            "y": 0.3522045314311981,
            "z": -0.03246681019663811
        },
        "17": {
            "x": 0.3278683125972748,
            "y": 0.30180448293685913,
            "z": -0.03407379984855652
        },
        "18": {
            "x": 0.3436098098754883,
            "y": 0.2768189013004303,
            "z": -0.06010179594159126
        },
        "19": {
            "x": 0.34817054867744446,
            "y": 0.3363136053085327,
            "z": -0.04601415619254112
        },
        "20": {
            "x": 0.34182554483413696,
            "y": 0.3496630787849426,
            "z": -0.029236864298582077
        }
    }
}