{
    "лг": {
        "0": {
            "x": 0.3525177240371704,
            "y": 0.7234421372413635,
            "z": 1.8709204141487135e-07
        },
        "1": {
            "x": 0.3912193775177002,
            "y": 0.661324143409729,
            "z": -0.005103117786347866
        },
        "2": {
            "x": 0.41624704003334045,
            "y": 0.5896857976913452,
            "z": -0.01709200069308281
        },
        "3": {
            "x": 0.42509937286376953,
            "y": 0.5271142721176147,
            "z": -0.02955661714076996
        },
        "4": {
            "x": 0.42515137791633606,
            "y": 0.46949970722198486,
            "z": -0.04214832931756973
        },
        "5": {
            "x": 0.3877946436405182,
            "y": 0.5562567114830017,
            "z": -0.032061781734228134
        },
        "6": {
            "x": 0.4083005487918854,
            "y": 0.5233054161071777,
            "z": -0.057814788073301315
        },
        "7": {
            "x": 0.420366495847702,
            "y": 0.4891698360443115,
            "z": -0.0733221024274826
        },
        "8": {
            "x": 0.4239179491996765,
            "y": 0.45824092626571655,
            "z": -0.08411373943090439
        },
        "9": {
            "x": 0.3732610046863556,
            "y": 0.5778540968894958,
            "z": -0.04386623576283455
        },
        "10": {
            "x": 0.4651277959346771,
            "y": 0.5776920914649963,
            "z": -0.07367268204689026
        },
        "11": {
            "x": 0.4747046232223511,
            "y": 0.6156363487243652,
            "z": -0.07644931972026825
        },
        "12": {
            "x": 0.4623073935508728,
            "y": 0.6378934383392334,
            "z": -0.07426004111766815
        },
        "13": {
            "x": 0.3694791793823242,
            "y": 0.6227061748504639,
            "z": -0.05563446134328842
        },
        "14": {
            "x": 0.4567968249320984,
            "y": 0.6460909247398376,
            "z": -0.08159571886062622
        },
        "15": {
            "x": 0.4497756361961365,
            "y": 0.6696803569793701,
            "z": -0.0730213075876236
        },
        "16": {
            "x": 0.4290885925292969,
            "y": 0.673201322555542,
            "z": -0.06345110386610031
        },
        "17": {
            "x": 0.37310341000556946,
            "y": 0.6744002103805542,
            "z": -0.0677393302321434
        },
        "18": {
            "x": 0.44271284341812134,
            "y": 0.6934990882873535,
            "z": -0.08374398201704025
        },
        "19": {
            "x": 0.4405990242958069,
            "y": 0.7075408697128296,
            "z": -0.07673818618059158
        },
        "20": {
            "x": 0.4232020378112793,
            "y": 0.7077028155326843,
            "z": -0.06956431269645691
        }
    }
}