{
    "лг": {
        "0": {
            "x": 0.35117194056510925,
            "y": 0.7747565507888794,
            "z": 9.937509304336345e-08
        },
        "1": {
            "x": 0.37583595514297485,
            "y": 0.712139904499054,
            "z": 0.000811925099696964
        },
        "2": {
            "x": 0.4070657193660736,
            "y": 0.6501095294952393,
            "z": -0.011150025762617588
        },
        "3": {
            "x": 0.4320048689842224,
            "y": 0.6023235321044922,
            "z": -0.024431822821497917
        },
        "4": {
            "x": 0.44329214096069336,
            "y": 0.5665723085403442,
            "z": -0.03813677281141281
        },
        "5": {
            "x": 0.39751896262168884,
            "y": 0.6182693243026733,
            "z": -0.03890801966190338
        },
        "6": {
            "x": 0.420073002576828,
            "y": 0.5826545357704163,
            "z": -0.06759968400001526
        },
        "7": {
            "x": 0.433681845664978,
            "y": 0.5514971017837524,
            "z": -0.08401640504598618
        },
        "8": {
            "x": 0.43912893533706665,
            "y": 0.5210115909576416,
            "z": -0.09397207945585251
        },
        "9": {
            "x": 0.3890531361103058,
            "y": 0.6393543481826782,
            "z": -0.052801478654146194
        },
        "10": {
            "x": 0.4783720374107361,
            "y": 0.6476331949234009,
            "z": -0.08119210600852966
        },
        "11": {
            "x": 0.4827878475189209,
            "y": 0.6781948208808899,
            "z": -0.08106821030378342
        },
        "12": {
            "x": 0.4667589068412781,
            "y": 0.692088782787323,
            "z": -0.07704772055149078
        },
        "13": {
            "x": 0.3880603015422821,
            "y": 0.6826568841934204,
            "z": -0.06570365279912949
        },
        "14": {
            "x": 0.4738349914550781,
            "y": 0.7134528756141663,
            "z": -0.09056192636489868
        },
        "15": {
            "x": 0.4629173278808594,
            "y": 0.7318870425224304,
            "z": -0.08161482959985733
        },
        "16": {
            "x": 0.43983960151672363,
            "y": 0.7292295694351196,
            "z": -0.0715499296784401
        },
        "17": {
            "x": 0.39261090755462646,
            "y": 0.7330493927001953,
            "z": -0.07812774926424026
        },
        "18": {
            "x": 0.45899543166160583,
            "y": 0.756668746471405,
            "z": -0.09065204858779907
        },
        "19": {
            "x": 0.44886088371276855,
            "y": 0.7676413655281067,
            "z": -0.08108917623758316
        },
        "20": {
            "x": 0.4261816143989563,
            "y": 0.7632514238357544,
            "z": -0.0723339319229126
        }
    }
}