{
    "лг": {
        "0": {
            "x": 0.34595823287963867,
            "y": 0.7985857129096985,
            "z": 1.0422556329103827e-07
        },
        "1": {
            "x": 0.3816506266593933,
            "y": 0.7291977405548096,
            "z": -0.0012734709307551384
        },
        "2": {
            "x": 0.41126424074172974,
            "y": 0.6550089716911316,
            "z": -0.011024737730622292
        },
        "3": {
            "x": 0.4285010099411011,
            "y": 0.5905512571334839,
            "z": -0.02251492440700531
        },
        "4": {
            "x": 0.43439218401908875,
            "y": 0.5314404964447021,
            "z": -0.03386678919196129
        },
        "5": {
            "x": 0.3919755518436432,
            "y": 0.6354250311851501,
            "z": -0.02720913663506508
        },
        "6": {
            "x": 0.41364890336990356,
            "y": 0.604999303817749,
            "z": -0.05428273603320122
        },
        "7": {
            "x": 0.42993444204330444,
            "y": 0.5777961611747742,
            "z": -0.06979242712259293
        },
        "8": {
            "x": 0.43841060996055603,
            "y": 0.5527170300483704,
            "z": -0.07894478738307953
        },
        "9": {
            "x": 0.3825642466545105,
            "y": 0.6599023342132568,
            "z": -0.039619673043489456
        },
        "10": {
            "x": 0.47295692563056946,
            "y": 0.6656485199928284,
            "z": -0.06937834620475769
        },
        "11": {
            "x": 0.47937580943107605,
            "y": 0.6966400742530823,
            "z": -0.07172852754592896
        },
        "12": {
            "x": 0.46490591764450073,
            "y": 0.7142434120178223,
            "z": -0.06877817958593369
        },
        "13": {
            "x": 0.3807717263698578,
            "y": 0.7024146318435669,
            "z": -0.052299614995718
        },
        "14": {
            "x": 0.46513935923576355,
            "y": 0.7288991212844849,
            "z": -0.08044366538524628
        },
        "15": {
            "x": 0.4553537964820862,
            "y": 0.7482501864433289,
            "z": -0.07454805821180344
        },
        "16": {
            "x": 0.4341125786304474,
            "y": 0.7486813068389893,
            "z": -0.06505747139453888
        },
        "17": {
            "x": 0.38419729471206665,
            "y": 0.7511245012283325,
            "z": -0.06448584049940109
        },
        "18": {
            "x": 0.4511716961860657,
            "y": 0.7695438861846924,
            "z": -0.07887472957372665
        },
        "19": {
            "x": 0.4450131356716156,
            "y": 0.7811208963394165,
            "z": -0.0718410536646843
        },
        "20": {
            "x": 0.42537471652030945,
            "y": 0.7784897685050964,
            "z": -0.06434598565101624
        }
    }
}