{
    "лг": {
        "0": {
            "x": 0.34714338183403015,
            "y": 0.7181478142738342,
            "z": 8.839901965984609e-08
        },
        "1": {
            "x": 0.38868647813796997,
            "y": 0.6532374620437622,
            "z": -0.0059337858110666275
        },
        "2": {
            "x": 0.4158996343612671,
            "y": 0.5767244696617126,
            "z": -0.016676241531968117
        },
        "3": {
            "x": 0.42707157135009766,
            "y": 0.5094336271286011,
            "z": -0.02819490246474743
        },
        "4": {
            "x": 0.4305785298347473,
            "y": 0.44767525792121887,
            "z": -0.03965919092297554
        },
        "5": {
            "x": 0.3919541835784912,
            "y": 0.5508225560188293,
            "z": -0.029671519994735718
        },
        "6": {
            "x": 0.4184234142303467,
            "y": 0.5192621946334839,
            "z": -0.055342067033052444
        },
        "7": {
            "x": 0.4316233992576599,
            "y": 0.48847949504852295,
            "z": -0.07000820338726044
        },
        "8": {
            "x": 0.43639907240867615,
            "y": 0.4570165276527405,
            "z": -0.08002793788909912
        },
        "9": {
            "x": 0.3783646821975708,
            "y": 0.5740466117858887,
            "z": -0.04053244739770889
        },
        "10": {
            "x": 0.47176939249038696,
            "y": 0.5827218294143677,
            "z": -0.07032798230648041
        },
        "11": {
            "x": 0.4752311706542969,
            "y": 0.6209018230438232,
            "z": -0.07265026122331619
        },
        "12": {
            "x": 0.4574805796146393,
            "y": 0.6387186646461487,
            "z": -0.07062935829162598
        },
        "13": {
            "x": 0.37464389204978943,
            "y": 0.6178357601165771,
            "z": -0.05190195143222809
        },
        "14": {
            "x": 0.4620547592639923,
            "y": 0.6442447304725647,
            "z": -0.07852476835250854
        },
        "15": {
            "x": 0.45447298884391785,
            "y": 0.6676905155181885,
            "z": -0.0704125165939331
        },
        "16": {
            "x": 0.4329688251018524,
            "y": 0.6698582172393799,
            "z": -0.0610201321542263
        },
        "17": {
            "x": 0.37717917561531067,
            "y": 0.6690462231636047,
            "z": -0.06365945935249329
        },
        "18": {
            "x": 0.4458300471305847,
            "y": 0.687522828578949,
            "z": -0.07868540287017822
        },
        "19": {
            "x": 0.44387087225914,
            "y": 0.7022994160652161,
            "z": -0.07194831967353821
        },
        "20": {
            "x": 0.4267958998680115,
            "y": 0.7021265625953674,
            "z": -0.06532926857471466
        }
    }
}