{
    "лг": {
        "0": {
            "x": 0.370671808719635,
            "y": 0.7138347625732422,
            "z": 2.5188694507960463e-07
        },
        "1": {
            "x": 0.4053248465061188,
            "y": 0.664609432220459,
            "z": -0.0066957431845366955
        },
        "2": {
            "x": 0.43035945296287537,
            "y": 0.6134465336799622,
            "z": -0.02367602288722992
        },
        "3": {
            "x": 0.4545029103755951,
            "y": 0.5797613263130188,
            "z": -0.04150916263461113
        },
        "4": {
            "x": 0.46671295166015625,
            "y": 0.5516214966773987,
            "z": -0.059406232088804245
        },
        "5": {
            "x": 0.3781980574131012,
            "y": 0.543032169342041,
            "z": -0.03697821497917175
        },
        "6": {
            "x": 0.39267435669898987,
            "y": 0.5000898838043213,
            "z": -0.0631849393248558
        },
        "7": {
            "x": 0.39949506521224976,
            "y": 0.46319684386253357,
            "z": -0.08054675161838531
        },
        "8": {
            "x": 0.3992248475551605,
            "y": 0.4296245574951172,
            "z": -0.09308476001024246
        },
        "9": {
            "x": 0.3693929612636566,
            "y": 0.56292724609375,
            "z": -0.04991347715258598
        },
        "10": {
            "x": 0.4540417492389679,
            "y": 0.541044294834137,
            "z": -0.0811798945069313
        },
        "11": {
            "x": 0.47013959288597107,
            "y": 0.5768837332725525,
            "z": -0.08673824369907379
        },
        "12": {
            "x": 0.46348991990089417,
            "y": 0.5996465682983398,
            "z": -0.08645778894424438
        },
        "13": {
            "x": 0.37326914072036743,
            "y": 0.6034466028213501,
            "z": -0.06252390891313553
        },
        "14": {
            "x": 0.45880964398384094,
            "y": 0.6058688759803772,
            "z": -0.08715353161096573
        },
        "15": {
            "x": 0.4564673900604248,
            "y": 0.633895218372345,
            "z": -0.07794894278049469
        },
        "16": {
            "x": 0.43655526638031006,
            "y": 0.6412824988365173,
            "z": -0.06852669268846512
        },
        "17": {
            "x": 0.3853815197944641,
            "y": 0.6489062905311584,
            "z": -0.0760929137468338
        },
        "18": {
            "x": 0.4547268748283386,
            "y": 0.6537082195281982,
            "z": -0.08987864851951599
        },
        "19": {
            "x": 0.45326176285743713,
            "y": 0.6726571917533875,
            "z": -0.0809224545955658
        },
        "20": {
            "x": 0.43593066930770874,
            "y": 0.6750185489654541,
            "z": -0.07273736596107483
        }
    }
}