{
    "лг": {
        "0": {
            "x": 0.37003427743911743,
            "y": 0.7139617204666138,
            "z": 1.2650176017814374e-07
        },
        "1": {
            "x": 0.40360262989997864,
            "y": 0.6643800139427185,
            "z": -0.0038827178068459034
        },
        "2": {
            "x": 0.43159574270248413,
            "y": 0.6140515804290771,
            "z": -0.016683300957083702
        },
        "3": {
            "x": 0.4565814733505249,
            "y": 0.5806422829627991,
            "z": -0.030802085995674133
        },
        "4": {
            "x": 0.46868130564689636,
            "y": 0.5507683753967285,
            "z": -0.04533619433641434
        },
        "5": {
            "x": 0.40466269850730896,
            "y": 0.5584490895271301,
            "z": -0.030717967078089714
        },
        "6": {
            "x": 0.42398643493652344,
            "y": 0.5239940285682678,
            "z": -0.0543336495757103
        },
        "7": {
            "x": 0.4372115135192871,
            "y": 0.4931851029396057,
            "z": -0.06881635636091232
        },
        "8": {
            "x": 0.4444250464439392,
            "y": 0.46617209911346436,
            "z": -0.07844802737236023
        },
        "9": {
            "x": 0.39440643787384033,
            "y": 0.5749617218971252,
            "z": -0.042294032871723175
        },
        "10": {
            "x": 0.47491878271102905,
            "y": 0.5783239006996155,
            "z": -0.06812174618244171
        },
        "11": {
            "x": 0.481210857629776,
            "y": 0.6128747463226318,
            "z": -0.07043072581291199
        },
        "12": {
            "x": 0.4687846899032593,
            "y": 0.6283594965934753,
            "z": -0.06839583069086075
        },
        "13": {
            "x": 0.39280062913894653,
            "y": 0.6122082471847534,
            "z": -0.05382533743977547
        },
        "14": {
            "x": 0.4688992500305176,
            "y": 0.633934736251831,
            "z": -0.07583262026309967
        },
        "15": {
            "x": 0.46136918663978577,
            "y": 0.656341016292572,
            "z": -0.06831025332212448
        },
        "16": {
            "x": 0.44201114773750305,
            "y": 0.6575899124145508,
            "z": -0.06003759428858757
        },
        "17": {
            "x": 0.3974023759365082,
            "y": 0.6563109159469604,
            "z": -0.06588076055049896
        },
        "18": {
            "x": 0.45862075686454773,
            "y": 0.6767258644104004,
            "z": -0.07741191238164902
        },
        "19": {
            "x": 0.4555838704109192,
            "y": 0.693246066570282,
            "z": -0.06970883160829544
        },
        "20": {
            "x": 0.440469890832901,
            "y": 0.6939704418182373,
            "z": -0.0624299980700016
        }
    }
}