{
    "лг": {
        "0": {
            "x": 0.7005540728569031,
            "y": 0.7529783248901367,
            "z": -3.4099437584700354e-07
        },
        "1": {
            "x": 0.6589639186859131,
            "y": 0.683359682559967,
            "z": 0.014042060822248459
        },
        "2": {
            "x": 0.6262198686599731,
            "y": 0.6240838766098022,
            "z": 0.008612634614109993
        },
        "3": {
            "x": 0.5946829319000244,
            "y": 0.5884906649589539,
            "z": -0.0025051760021597147
        },
        "4": {
            "x": 0.573643684387207,
            "y": 0.5671389102935791,
            "z": -0.014787507243454456
        },
        "5": {
            "x": 0.6406882405281067,
            "y": 0.5517809391021729,
            "z": -0.01034646574407816
        },
        "6": {
            "x": 0.6054513454437256,
            "y": 0.48891717195510864,
            "z": -0.02998247742652893
        },
        "7": {
            "x": 0.5814878344535828,
            "y": 0.4523746073246002,
            "z": -0.041021015495061874
        },
        "8": {
            "x": 0.5587762594223022,
            "y": 0.4186413288116455,
            "z": -0.050452496856451035
        },
        "9": {
            "x": 0.6555564403533936,
            "y": 0.5714786052703857,
            "z": -0.029658019542694092
        },
        "10": {
            "x": 0.5612564086914062,
            "y": 0.5791929960250854,
            "z": -0.051681384444236755
        },
        "11": {
            "x": 0.5638926029205322,
            "y": 0.6203436255455017,
            "z": -0.04924817383289337
        },
        "12": {
            "x": 0.5825806260108948,
            "y": 0.6356741189956665,
            "z": -0.04741144925355911
        },
        "13": {
            "x": 0.6601817607879639,
            "y": 0.6099591851234436,
            "z": -0.04877123609185219
        },
        "14": {
            "x": 0.5733153820037842,
            "y": 0.6304754614830017,
            "z": -0.06667958199977875
        },
        "15": {
            "x": 0.5836837887763977,
            "y": 0.6651485562324524,
            "z": -0.05209065601229668
        },
        "16": {
            "x": 0.6050204634666443,
            "y": 0.6728029847145081,
            "z": -0.04200541973114014
        },
        "17": {
            "x": 0.6612595915794373,
            "y": 0.6533076763153076,
            "z": -0.0676245167851448
        },
        "18": {
            "x": 0.5929737687110901,
            "y": 0.6684831380844116,
            "z": -0.08218396455049515
        },
        "19": {
            "x": 0.5898345112800598,
            "y": 0.6915283203125,
            "z": -0.07604175060987473
        },
        "20": {
            "x": 0.5985438227653503,
            "y": 0.6973446607589722,
            "z": -0.07019549608230591
        }
    }
}