{
    "лг": {
        "0": {
            "x": 0.6973294615745544,
            "y": 0.7267643213272095,
            "z": -3.249391227200249e-07
        },
        "1": {
            "x": 0.6385011672973633,
            "y": 0.6815928220748901,
            "z": 0.0071396310813724995
        },
        "2": {
            "x": 0.6092984080314636,
            "y": 0.6268128752708435,
            "z": 0.0019890477415174246
        },
        "3": {
            "x": 0.5906426906585693,
            "y": 0.5864102840423584,
            "z": -0.008781706914305687
        },
        "4": {
            "x": 0.572002112865448,
            "y": 0.5536655783653259,
            "z": -0.020921099931001663
        },
        "5": {
            "x": 0.6428746581077576,
            "y": 0.5388938784599304,
            "z": -0.007228531409054995
        },
        "6": {
            "x": 0.6106654405593872,
            "y": 0.4781147241592407,
            "z": -0.02628755010664463
        },
        "7": {
            "x": 0.5918107628822327,
            "y": 0.43629345297813416,
            "z": -0.03914644569158554
        },
        "8": {
            "x": 0.5765169262886047,
            "y": 0.3997650742530823,
            "z": -0.04906720668077469
        },
        "9": {
            "x": 0.6626251339912415,
            "y": 0.5454030632972717,
            "z": -0.023310961201786995
        },
        "10": {
            "x": 0.5815171003341675,
            "y": 0.5486619472503662,
            "z": -0.05026068538427353
        },
        "11": {
            "x": 0.5608628988265991,
            "y": 0.6008259654045105,
            "z": -0.05462762340903282
        },
        "12": {
            "x": 0.5627561211585999,
            "y": 0.6352592706680298,
            "z": -0.05381729453802109
        },
        "13": {
            "x": 0.6733308434486389,
            "y": 0.5707533359527588,
            "z": -0.03995318338274956
        },
        "14": {
            "x": 0.592745304107666,
            "y": 0.5844441056251526,
            "z": -0.0633080005645752
        },
        "15": {
            "x": 0.5797810554504395,
            "y": 0.6266142725944519,
            "z": -0.0555843748152256
        },
        "16": {
            "x": 0.5875726342201233,
            "y": 0.6540701985359192,
            "z": -0.046256694942712784
        },
        "17": {
            "x": 0.6773488521575928,
            "y": 0.6046761870384216,
            "z": -0.056866176426410675
        },
        "18": {
            "x": 0.6153136491775513,
            "y": 0.6097358465194702,
            "z": -0.0740799754858017
        },
        "19": {
            "x": 0.5982983112335205,
            "y": 0.6340682506561279,
            "z": -0.0705583468079567
        },
        "20": {
            "x": 0.6004987955093384,
            "y": 0.654232382774353,
            "z": -0.06422419846057892
        }
    }
}