{
    "лг": {
        "0": {
            "x": 0.46457439661026,
            "y": 0.6100897789001465,
            "z": 1.5902890115881974e-09
        },
        "1": {
            "x": 0.5173273682594299,
            "y": 0.5544154047966003,
            "z": 0.004426599945873022
        },
        "2": {
            "x": 0.5346716046333313,
            "y": 0.48992830514907837,
            "z": -0.0010121974628418684
        },
        "3": {
            "x": 0.5424064993858337,
            "y": 0.44131550192832947,
            "z": -0.011863180436193943
        },
        "4": {
            "x": 0.5481125712394714,
            "y": 0.40817803144454956,
            "z": -0.022424787282943726
        },
        "5": {
            "x": 0.4915257692337036,
            "y": 0.4091361165046692,
            "z": -0.004845246206969023
        },
        "6": {
            "x": 0.5214765667915344,
            "y": 0.3450283408164978,
            "z": -0.02357221394777298
        },
        "7": {
            "x": 0.5447268486022949,
            "y": 0.30351313948631287,
            "z": -0.0341239869594574
        },
        "8": {
            "x": 0.5651555061340332,
            "y": 0.27189457416534424,
            "z": -0.041127029806375504
        },
        "9": {
            "x": 0.48031580448150635,
            "y": 0.41526225209236145,
            "z": -0.01857796683907509
        },
        "10": {
            "x": 0.5674099922180176,
            "y": 0.4240366816520691,
            "z": -0.047655824571847916
        },
        "11": {
            "x": 0.5662157535552979,
            "y": 0.4750765562057495,
            "z": -0.05107555910944939
        },
        "12": {
            "x": 0.5478256344795227,
            "y": 0.4984981119632721,
            "z": -0.047286298125982285
        },
        "13": {
            "x": 0.4815636873245239,
            "y": 0.43791916966438293,
            "z": -0.03294007480144501
        },
        "14": {
            "x": 0.5661609768867493,
            "y": 0.4618070423603058,
            "z": -0.05704880133271217
        },
        "15": {
            "x": 0.5562254190444946,
            "y": 0.506370484828949,
            "z": -0.04990525171160698
        },
        "16": {
            "x": 0.5375667214393616,
            "y": 0.5195597410202026,
            "z": -0.040401849895715714
        },
        "17": {
            "x": 0.48987025022506714,
            "y": 0.4695090353488922,
            "z": -0.047885261476039886
        },
        "18": {
            "x": 0.5534125566482544,
            "y": 0.49321162700653076,
            "z": -0.05967603996396065
        },
        "19": {
            "x": 0.54632568359375,
            "y": 0.5284202694892883,
            "z": -0.053389158099889755
        },
        "20": {
            "x": 0.5302666425704956,
            "y": 0.5388866662979126,
            "z": -0.04623551294207573
        }
    }
}