{
    "лг": {
        "0": {
            "x": 0.455536425113678,
            "y": 0.5962429046630859,
            "z": 1.4555969762852783e-08
        },
        "1": {
            "x": 0.5105586647987366,
            "y": 0.5443899035453796,
            "z": 0.0008176055853255093
        },
        "2": {
            "x": 0.5360924005508423,
            "y": 0.48958155512809753,
            "z": -0.01005420833826065
        },
        "3": {
            "x": 0.5565934777259827,
            "y": 0.4533179700374603,
            "z": -0.026148704811930656
        },
        "4": {
            "x": 0.5671120285987854,
            "y": 0.42040371894836426,
            "z": -0.04105769842863083
        },
        "5": {
            "x": 0.47862106561660767,
            "y": 0.39900892972946167,
            "z": -0.008066925220191479
        },
        "6": {
            "x": 0.505521833896637,
            "y": 0.33608293533325195,
            "z": -0.029049301519989967
        },
        "7": {
            "x": 0.5267441868782043,
            "y": 0.2917928397655487,
            "z": -0.041994743049144745
        },
        "8": {
            "x": 0.545206606388092,
            "y": 0.25777626037597656,
            "z": -0.05072826147079468
        },
        "9": {
            "x": 0.46555063128471375,
            "y": 0.40533772110939026,
            "z": -0.022013813257217407
        },
        "10": {
            "x": 0.5492140054702759,
            "y": 0.4118737578392029,
            "z": -0.05319974571466446
        },
        "11": {
            "x": 0.547542929649353,
            "y": 0.45894789695739746,
            "z": -0.05906073376536369
        },
        "12": {
            "x": 0.5281811952590942,
            "y": 0.47804850339889526,
            "z": -0.05706808716058731
        },
        "13": {
            "x": 0.46591049432754517,
            "y": 0.4267856776714325,
            "z": -0.03678472340106964
        },
        "14": {
            "x": 0.5488196015357971,
            "y": 0.44890737533569336,
            "z": -0.061907630413770676
        },
        "15": {
            "x": 0.5402154326438904,
            "y": 0.4917285740375519,
            "z": -0.054863009601831436
        },
        "16": {
            "x": 0.5210045576095581,
            "y": 0.5029919147491455,
            "z": -0.04560307040810585
        },
        "17": {
            "x": 0.4753160774707794,
            "y": 0.45598548650741577,
            "z": -0.052659206092357635
        },
        "18": {
            "x": 0.5391302704811096,
            "y": 0.4817984402179718,
            "z": -0.06517113000154495
        },
        "19": {
            "x": 0.5320109128952026,
            "y": 0.5162177085876465,
            "z": -0.05917847156524658
        },
        "20": {
            "x": 0.5149916410446167,
            "y": 0.5246529579162598,
            "z": -0.05218394100666046
        }
    }
}