{
    "лг": {
        "0": {
            "x": 0.47145670652389526,
            "y": 0.6670056581497192,
            "z": -5.7159532218520326e-08
        },
        "1": {
            "x": 0.52621990442276,
            "y": 0.6103973388671875,
            "z": 8.429321314906701e-05
        },
        "2": {
            "x": 0.5423395037651062,
            "y": 0.5347943902015686,
            "z": -0.0066338833421468735
        },
        "3": {
            "x": 0.5498917102813721,
            "y": 0.47853854298591614,
            "z": -0.01729651167988777
        },
        "4": {
            "x": 0.5619125366210938,
            "y": 0.4366649389266968,
            "z": -0.02697623521089554
        },
        "5": {
            "x": 0.502750813961029,
            "y": 0.46406662464141846,
            "z": -0.012447548098862171
        },
        "6": {
            "x": 0.5296897888183594,
            "y": 0.39896082878112793,
            "z": -0.0350319966673851
        },
        "7": {
            "x": 0.5504338145256042,
            "y": 0.3553035259246826,
            "z": -0.046732570976018906
        },
        "8": {
            "x": 0.5679180026054382,
            "y": 0.32145097851753235,
            "z": -0.0541481077671051
        },
        "9": {
            "x": 0.4862789511680603,
            "y": 0.47456514835357666,
            "z": -0.024787671864032745
        },
        "10": {
            "x": 0.5721034407615662,
            "y": 0.4849834740161896,
            "z": -0.056718677282333374
        },
        "11": {
            "x": 0.5684319138526917,
            "y": 0.5348157286643982,
            "z": -0.05858701467514038
        },
        "12": {
            "x": 0.548643946647644,
            "y": 0.5543783903121948,
            "z": -0.05376036837697029
        },
        "13": {
            "x": 0.4820515215396881,
            "y": 0.5015005469322205,
            "z": -0.03834311664104462
        },
        "14": {
            "x": 0.5668044686317444,
            "y": 0.526008129119873,
            "z": -0.06754890829324722
        },
        "15": {
            "x": 0.5556680560112,
            "y": 0.5696384906768799,
            "z": -0.0600261390209198
        },
        "16": {
            "x": 0.5359808802604675,
            "y": 0.5776267051696777,
            "z": -0.04959242790937424
        },
        "17": {
            "x": 0.4868243336677551,
            "y": 0.5375064015388489,
            "z": -0.05255759507417679
        },
        "18": {
            "x": 0.5530298948287964,
            "y": 0.5622579455375671,
            "z": -0.06912917643785477
        },
        "19": {
            "x": 0.546522319316864,
            "y": 0.5957990884780884,
            "z": -0.06395837664604187
        },
        "20": {
            "x": 0.5294880270957947,
            "y": 0.6023246645927429,
            "z": -0.057166729122400284
        }
    }
}