{
    "лг": {
        "0": {
            "x": 0.46919429302215576,
            "y": 0.637253999710083,
            "z": 3.91004988387067e-08
        },
        "1": {
            "x": 0.5168197751045227,
            "y": 0.5863932967185974,
            "z": -0.0026767742820084095
        },
        "2": {
            "x": 0.5318739414215088,
            "y": 0.5273073315620422,
            "z": -0.010143679566681385
        },
        "3": {
            "x": 0.5390331149101257,
            "y": 0.48208802938461304,
            "z": -0.02247806079685688
        },
        "4": {
            "x": 0.5461721420288086,
            "y": 0.4429400563240051,
            "z": -0.03371043875813484
        },
        "5": {
            "x": 0.47195273637771606,
            "y": 0.45093679428100586,
            "z": 0.0001830129767768085
        },
        "6": {
            "x": 0.48162829875946045,
            "y": 0.3895730674266815,
            "z": -0.019404441118240356
        },
        "7": {
            "x": 0.4898628890514374,
            "y": 0.34344980120658875,
            "z": -0.031111732125282288
        },
        "8": {
            "x": 0.49745315313339233,
            "y": 0.3051225244998932,
            "z": -0.03881983458995819
        },
        "9": {
            "x": 0.4551900625228882,
            "y": 0.45494306087493896,
            "z": -0.010978548787534237
        },
        "10": {
            "x": 0.5239697694778442,
            "y": 0.43110984563827515,
            "z": -0.04564374312758446
        },
        "11": {
            "x": 0.5414614081382751,
            "y": 0.4876609146595001,
            "z": -0.05139986798167229
        },
        "12": {
            "x": 0.5381723046302795,
            "y": 0.5278862714767456,
            "z": -0.04595734924077988
        },
        "13": {
            "x": 0.4484890401363373,
            "y": 0.46918192505836487,
            "z": -0.024124713614583015
        },
        "14": {
            "x": 0.5219905376434326,
            "y": 0.4603758752346039,
            "z": -0.056089021265506744
        },
        "15": {
            "x": 0.5293753147125244,
            "y": 0.5173268914222717,
            "z": -0.04880516231060028
        },
        "16": {
            "x": 0.5192494988441467,
            "y": 0.5506477355957031,
            "z": -0.03468747064471245
        },
        "17": {
            "x": 0.4494088292121887,
            "y": 0.49031323194503784,
            "z": -0.03817244619131088
        },
        "18": {
            "x": 0.5101490020751953,
            "y": 0.4884048402309418,
            "z": -0.056501224637031555
        },
        "19": {
            "x": 0.5152842998504639,
            "y": 0.5302340984344482,
            "z": -0.05016666278243065
        },
        "20": {
            "x": 0.5033811926841736,
            "y": 0.554660975933075,
            "z": -0.04004000499844551
        }
    }
}