{
    "лг": {
        "0": {
            "x": 0.43735983967781067,
            "y": 0.6486781239509583,
            "z": 1.4168679562942543e-08
        },
        "1": {
            "x": 0.48047879338264465,
            "y": 0.5859309434890747,
            "z": -0.010473708622157574
        },
        "2": {
            "x": 0.4921025335788727,
            "y": 0.5181698799133301,
            "z": -0.021490050479769707
        },
        "3": {
            "x": 0.4925789535045624,
            "y": 0.46443766355514526,
            "z": -0.03527817875146866
        },
        "4": {
            "x": 0.48909854888916016,
            "y": 0.4141474664211273,
            "z": -0.048124391585588455
        },
        "5": {
            "x": 0.42734768986701965,
            "y": 0.4468795657157898,
            "z": -0.01467040367424488
        },
        "6": {
            "x": 0.43899425864219666,
            "y": 0.37784963846206665,
            "z": -0.03773999586701393
        },
        "7": {
            "x": 0.44701695442199707,
            "y": 0.32795339822769165,
            "z": -0.05138285458087921
        },
        "8": {
            "x": 0.45420849323272705,
            "y": 0.2851157784461975,
            "z": -0.05989960581064224
        },
        "9": {
            "x": 0.4032053053379059,
            "y": 0.45784029364585876,
            "z": -0.02202451601624489
        },
        "10": {
            "x": 0.47341737151145935,
            "y": 0.44071221351623535,
            "z": -0.05787550285458565
        },
        "11": {
            "x": 0.4962286949157715,
            "y": 0.4958172142505646,
            "z": -0.06347288191318512
        },
        "12": {
            "x": 0.5002274513244629,
            "y": 0.5374155640602112,
            "z": -0.05901840701699257
        },
        "13": {
            "x": 0.3923330008983612,
            "y": 0.4828343391418457,
            "z": -0.031386930495500565
        },
        "14": {
            "x": 0.4660736918449402,
            "y": 0.4741918444633484,
            "z": -0.06482579559087753
        },
        "15": {
            "x": 0.48028355836868286,
            "y": 0.5292628407478333,
            "z": -0.05657637491822243
        },
        "16": {
            "x": 0.48034781217575073,
            "y": 0.5646827816963196,
            "z": -0.04211895167827606
        },
        "17": {
            "x": 0.3906644582748413,
            "y": 0.5144290328025818,
            "z": -0.04225652664899826
        },
        "18": {
            "x": 0.44724705815315247,
            "y": 0.5064793825149536,
            "z": -0.06307240575551987
        },
        "19": {
            "x": 0.45864197611808777,
            "y": 0.544941782951355,
            "z": -0.05694160982966423
        },
        "20": {
            "x": 0.4553444981575012,
            "y": 0.5702826976776123,
            "z": -0.046359457075595856
        }
    }
}