{
    "Ничего": {
        "0": {
            "x": 0.6904816031455994,
            "y": 0.7506551742553711,
            "z": -1.115342485036308e-07
        },
        "1": {
            "x": 0.7203595638275146,
            "y": 0.6751046776771545,
            "z": 0.046213891357183456
        },
        "2": {
            "x": 0.7269687652587891,
            "y": 0.5984694957733154,
            "z": 0.07380349189043045
        },
        "3": {
            "x": 0.7009068131446838,
            "y": 0.5438138842582703,
            "z": 0.09578626602888107
        },
        "4": {
            "x": 0.6718153357505798,
            "y": 0.5164722800254822,
            "z": 0.1166924387216568
        },
        "5": {
            "x": 0.7774004936218262,
            "y": 0.5585516095161438,
            "z": 0.05107500031590462
        },
        "6": {
            "x": 0.738132894039154,
            "y": 0.4650506377220154,
            "z": 0.0775185376405716
        },
        "7": {
            "x": 0.7084240317344666,
            "y": 0.41746991872787476,
            "z": 0.08780250698328018
        },
        "8": {
            "x": 0.6892618536949158,
            "y": 0.37747934460639954,
            "z": 0.09223607182502747
        },
        "9": {
            "x": 0.7455215454101562,
            "y": 0.5594763159751892,
            "z": 0.03725605085492134
        },
        "10": {
            "x": 0.7171875238418579,
            "y": 0.46388259530067444,
            "z": 0.07849139720201492
        },
        "11": {
            "x": 0.7056678533554077,
            "y": 0.4220372438430786,
            "z": 0.08580583333969116
        },
        "12": {
            "x": 0.7020205855369568,
            "y": 0.3839521110057831,
            "z": 0.08177424222230911
        },
        "13": {
            "x": 0.7095591425895691,
            "y": 0.5656590461730957,
            "z": 0.0275260042399168
        },
        "14": {
            "x": 0.6703550815582275,
            "y": 0.5215952396392822,
            "z": 0.0640360489487648
        },
        "15": {
            "x": 0.6705947518348694,
            "y": 0.5636958479881287,
            "z": 0.05642447620630264
        },
        "16": {
            "x": 0.6836913228034973,
            "y": 0.5912081599235535,
            "z": 0.041673388332128525
        },
        "17": {
            "x": 0.6742342114448547,
            "y": 0.5672509670257568,
            "z": 0.02153085544705391
        },
        "18": {
            "x": 0.6581921577453613,
            "y": 0.5552400946617126,
            "z": 0.047628793865442276
        },
        "19": {
            "x": 0.6606662273406982,
            "y": 0.5894474983215332,
            "z": 0.04690587520599365
        },
        "20": {
            "x": 0.6683719158172607,
            "y": 0.6143278479576111,
            "z": 0.04046953469514847
        }
    }
}