{
    "Ничего": {
        "0": {
            "x": 0.7788437008857727,
            "y": 0.7503196597099304,
            "z": -1.7791049344850762e-07
        },
        "1": {
            "x": 0.8113915920257568,
            "y": 0.6816436052322388,
            "z": 0.015191596932709217
        },
        "2": {
            "x": 0.8192204833030701,
            "y": 0.598706066608429,
            "z": 0.01533567439764738
        },
        "3": {
            "x": 0.7976179122924805,
            "y": 0.5281628966331482,
            "z": 0.011894742958247662
        },
        "4": {
            "x": 0.7727895975112915,
            "y": 0.4934004545211792,
            "z": 0.010740811005234718
        },
        "5": {
            "x": 0.8359101414680481,
            "y": 0.5591962933540344,
            "z": -0.008730009198188782
        },
        "6": {
            "x": 0.7917270660400391,
            "y": 0.468313992023468,
            "z": -0.01709158718585968
        },
        "7": {
            "x": 0.7762906551361084,
            "y": 0.4922969937324524,
            "z": -0.015095476061105728
        },
        "8": {
            "x": 0.7800683379173279,
            "y": 0.5212974548339844,
            "z": -0.011440137401223183
        },
        "9": {
            "x": 0.8072813153266907,
            "y": 0.563762903213501,
            "z": -0.022782720625400543
        },
        "10": {
            "x": 0.754885196685791,
            "y": 0.45795705914497375,
            "z": -0.03377777338027954
        },
        "11": {
            "x": 0.7276514172554016,
            "y": 0.40589767694473267,
            "z": -0.036457035690546036
        },
        "12": {
            "x": 0.7105051279067993,
            "y": 0.3612767457962036,
            "z": -0.03897799924015999
        },
        "13": {
            "x": 0.7748129963874817,
            "y": 0.5796037316322327,
            "z": -0.033690404146909714
        },
        "14": {
            "x": 0.7260371446609497,
            "y": 0.5262401700019836,
            "z": -0.03979349881410599
        },
        "15": {
            "x": 0.7283222079277039,
            "y": 0.5613470673561096,
            "z": -0.028799986466765404
        },
        "16": {
            "x": 0.7409849762916565,
            "y": 0.5846174955368042,
            "z": -0.020430436357855797
        },
        "17": {
            "x": 0.7420033812522888,
            "y": 0.6016069054603577,
            "z": -0.043152619153261185
        },
        "18": {
            "x": 0.7099619507789612,
            "y": 0.5557879209518433,
            "z": -0.04074592515826225
        },
        "19": {
            "x": 0.7119835019111633,
            "y": 0.5855802893638611,
            "z": -0.024942466989159584
        },
        "20": {
            "x": 0.7207190990447998,
            "y": 0.6092664003372192,
            "z": -0.012993300333619118
        }
    }
}