{
    "Ничего": {
        "0": {
            "x": 0.5088019371032715,
            "y": 0.8201482892036438,
            "z": 4.843648184760241e-07
        },
        "1": {
            "x": 0.4822099208831787,
            "y": 0.7366242408752441,
            "z": 0.013208865188062191
        },
        "2": {
            "x": 0.4812468886375427,
            "y": 0.6472587585449219,
            "z": 0.0038652457296848297
        },
        "3": {
            "x": 0.5070118308067322,
            "y": 0.5752001404762268,
            "z": -0.008784807287156582
        },
        "4": {
            "x": 0.5322331190109253,
            "y": 0.5316592454910278,
            "z": -0.016528692096471786
        },
        "5": {
            "x": 0.4648936092853546,
            "y": 0.6056860685348511,
            "z": -0.026060033589601517
        },
        "6": {
            "x": 0.5223385095596313,
            "y": 0.5042922496795654,
            "z": -0.045659393072128296
        },
        "7": {
            "x": 0.5417912006378174,
            "y": 0.5312536954879761,
            "z": -0.050956323742866516
        },
        "8": {
            "x": 0.539794921875,
            "y": 0.5611326694488525,
            "z": -0.05105026811361313
        },
        "9": {
            "x": 0.49500414729118347,
            "y": 0.6244943737983704,
            "z": -0.04450919106602669
        },
        "10": {
            "x": 0.5627621412277222,
            "y": 0.5032126307487488,
            "z": -0.07013236731290817
        },
        "11": {
            "x": 0.5981674790382385,
            "y": 0.4448468089103699,
            "z": -0.07799811661243439
        },
        "12": {
            "x": 0.6222047209739685,
            "y": 0.39621835947036743,
            "z": -0.08099938929080963
        },
        "13": {
            "x": 0.5303575992584229,
            "y": 0.6504966020584106,
            "z": -0.058531951159238815
        },
        "14": {
            "x": 0.5993636250495911,
            "y": 0.5955750942230225,
            "z": -0.07198260724544525
        },
        "15": {
            "x": 0.595895528793335,
            "y": 0.6314810514450073,
            "z": -0.05500750616192818
        },
        "16": {
            "x": 0.5796873569488525,
            "y": 0.6588140726089478,
            "z": -0.03999963775277138
        },
        "17": {
            "x": 0.5692892670631409,
            "y": 0.6821225881576538,
            "z": -0.0717465803027153
        },
        "18": {
            "x": 0.6159389019012451,
            "y": 0.6345090270042419,
            "z": -0.06780276447534561
        },
        "19": {
            "x": 0.6110064387321472,
            "y": 0.6667423844337463,
            "z": -0.04202066361904144
        },
        "20": {
            "x": 0.596113383769989,
            "y": 0.689551055431366,
            "z": -0.021709077060222626
        }
    }
}