{
    "Ничего": {
        "0": {
            "x": 0.38239842653274536,
            "y": 0.8316407799720764,
            "z": -4.0362840536545264e-07
        },
        "1": {
            "x": 0.37469324469566345,
            "y": 0.7337887287139893,
            "z": 0.016885891556739807
        },
        "2": {
            "x": 0.3911764323711395,
            "y": 0.6326013207435608,
            "z": 0.010151690803468227
        },
        "3": {
            "x": 0.422649085521698,
            "y": 0.5488192439079285,
            "z": -0.003292529610916972
        },
        "4": {
            "x": 0.44912412762641907,
            "y": 0.4948174059391022,
            "z": -0.014134146273136139
        },
        "5": {
            "x": 0.3488563597202301,
            "y": 0.5844534635543823,
            "z": -0.012280306778848171
        },
        "6": {
            "x": 0.4085954427719116,
            "y": 0.48761677742004395,
            "z": -0.03147326037287712
        },
        "7": {
            "x": 0.4408283531665802,
            "y": 0.5239198803901672,
            "z": -0.036134012043476105
        },
        "8": {
            "x": 0.44728389382362366,
            "y": 0.5598147511482239,
            "z": -0.036629319190979004
        },
        "9": {
            "x": 0.3616546392440796,
            "y": 0.6057267189025879,
            "z": -0.03337733820080757
        },
        "10": {
            "x": 0.45595675706863403,
            "y": 0.5603138208389282,
            "z": -0.046920862048864365
        },
        "11": {
            "x": 0.46572062373161316,
            "y": 0.6166358590126038,
            "z": -0.042837243527173996
        },
        "12": {
            "x": 0.4467085897922516,
            "y": 0.6454801559448242,
            "z": -0.04051176831126213
        },
        "13": {
            "x": 0.38681238889694214,
            "y": 0.6366488933563232,
            "z": -0.053411684930324554
        },
        "14": {
            "x": 0.4785614013671875,
            "y": 0.6160967946052551,
            "z": -0.06033378839492798
        },
        "15": {
            "x": 0.4769957959651947,
            "y": 0.6682685613632202,
            "z": -0.04602157324552536
        },
        "16": {
            "x": 0.456347793340683,
            "y": 0.6872521042823792,
            "z": -0.03862375393509865
        },
        "17": {
            "x": 0.41753050684928894,
            "y": 0.670158326625824,
            "z": -0.0729566439986229
        },
        "18": {
            "x": 0.4879668653011322,
            "y": 0.6602357029914856,
            "z": -0.06762576103210449
        },
        "19": {
            "x": 0.4837736189365387,
            "y": 0.7021474242210388,
            "z": -0.05183398351073265
        },
        "20": {
            "x": 0.4663575291633606,
            "y": 0.7186776995658875,
            "z": -0.042387936264276505
        }
    }
}