{
    "Ничего": {
        "0": {
            "x": 0.31080546975135803,
            "y": 0.7121955156326294,
            "z": 4.5290170191947254e-07
        },
        "1": {
            "x": 0.365361750125885,
            "y": 0.657654881477356,
            "z": -0.011319014243781567
        },
        "2": {
            "x": 0.4064614772796631,
            "y": 0.5764692425727844,
            "z": -0.021080845966935158
        },
        "3": {
            "x": 0.4393119812011719,
            "y": 0.5165876150131226,
            "z": -0.034291140735149384
        },
        "4": {
            "x": 0.4638582468032837,
            "y": 0.46289584040641785,
            "z": -0.04737669974565506
        },
        "5": {
            "x": 0.3401322364807129,
            "y": 0.49207401275634766,
            "z": 0.0016665073344483972
        },
        "6": {
            "x": 0.3644246459007263,
            "y": 0.42189544439315796,
            "z": -0.02337820641696453
        },
        "7": {
            "x": 0.40322253108024597,
            "y": 0.40523162484169006,
            "z": -0.045311421155929565
        },
        "8": {
            "x": 0.4405897259712219,
            "y": 0.40471214056015015,
            "z": -0.058858804404735565
        },
        "9": {
            "x": 0.3120948374271393,
            "y": 0.4919041693210602,
            "z": -0.007109819911420345
        },
        "10": {
            "x": 0.346587210893631,
            "y": 0.41069290041923523,
            "z": -0.03089752420783043
        },
        "11": {
            "x": 0.39338362216949463,
            "y": 0.403332382440567,
            "z": -0.04948146268725395
        },
        "12": {
            "x": 0.4338371753692627,
            "y": 0.41486984491348267,
            "z": -0.05993395671248436
        },
        "13": {
            "x": 0.28238582611083984,
            "y": 0.5054154992103577,
            "z": -0.01981298066675663
        },
        "14": {
            "x": 0.3258526027202606,
            "y": 0.43066322803497314,
            "z": -0.04624129831790924
        },
        "15": {
            "x": 0.3724275529384613,
            "y": 0.43444758653640747,
            "z": -0.056293729692697525
        },
        "16": {
            "x": 0.40894749760627747,
            "y": 0.45098647475242615,
            "z": -0.0594664067029953
        },
        "17": {
            "x": 0.2541026771068573,
            "y": 0.5333080887794495,
            "z": -0.033884383738040924
        },
        "18": {
            "x": 0.3013386130332947,
            "y": 0.4932839870452881,
            "z": -0.05762731656432152
        },
        "19": {
            "x": 0.3402988910675049,
            "y": 0.5042282938957214,
            "z": -0.06284376233816147
        },
        "20": {
            "x": 0.36954453587532043,
            "y": 0.5227091312408447,
            "z": -0.06257836520671844
        }
    }
}