{
    "Ничего": {
        "0": {
            "x": 0.8449223637580872,
            "y": 0.5065862536430359,
            "z": 8.831859190649993e-07
        },
        "1": {
            "x": 0.8180928230285645,
            "y": 0.677760899066925,
            "z": -0.0688629299402237
        },
        "2": {
            "x": 0.7399080991744995,
            "y": 0.836464524269104,
            "z": -0.12252258509397507
        },
        "3": {
            "x": 0.6528058052062988,
            "y": 0.9294971227645874,
            "z": -0.15583260357379913
        },
        "4": {
            "x": 0.5772265791893005,
            "y": 1.009344458580017,
            "z": -0.18605969846248627
        },
        "5": {
            "x": 0.7876216769218445,
            "y": 0.6943707466125488,
            "z": -0.22332853078842163
        },
        "6": {
            "x": 0.6281582117080688,
            "y": 0.7359921932220459,
            "z": -0.29901933670043945
        },
        "7": {
            "x": 0.5146764516830444,
            "y": 0.7914283871650696,
            "z": -0.32603201270103455
        },
        "8": {
            "x": 0.43561238050460815,
            "y": 0.8324762582778931,
            "z": -0.3348096013069153
        },
        "9": {
            "x": 0.754463255405426,
            "y": 0.5492066740989685,
            "z": -0.21146181225776672
        },
        "10": {
            "x": 0.5567108392715454,
            "y": 0.5993553996086121,
            "z": -0.2842146158218384
        },
        "11": {
            "x": 0.421650230884552,
            "y": 0.680206298828125,
            "z": -0.29781243205070496
        },
        "12": {
            "x": 0.3397979736328125,
            "y": 0.7461041212081909,
            "z": -0.3050154447555542
        },
        "13": {
            "x": 0.710964024066925,
            "y": 0.44602787494659424,
            "z": -0.19536389410495758
        },
        "14": {
            "x": 0.5232006311416626,
            "y": 0.4907070994377136,
            "z": -0.25809091329574585
        },
        "15": {
            "x": 0.4002085030078888,
            "y": 0.5705453157424927,
            "z": -0.27422842383384705
        },
        "16": {
            "x": 0.33220502734184265,
            "y": 0.650320291519165,
            "z": -0.2782396078109741
        },
        "17": {
            "x": 0.6703645586967468,
            "y": 0.38463419675827026,
            "z": -0.17982828617095947
        },
        "18": {
            "x": 0.5126655697822571,
            "y": 0.41953545808792114,
            "z": -0.23058301210403442
        },
        "19": {
            "x": 0.4242607057094574,
            "y": 0.4857713580131531,
            "z": -0.2481057494878769
        },
        "20": {
            "x": 0.3797747790813446,
            "y": 0.5633563995361328,
            "z": -0.25579580664634705
        }
    }
}