{
    "Ничего": {
        "0": {
            "x": 0.29318374395370483,
            "y": 0.46297943592071533,
            "z": 2.0014459778394667e-07
        },
        "1": {
            "x": 0.35671836137771606,
            "y": 0.47421783208847046,
            "z": 0.010035164654254913
        },
        "2": {
            "x": 0.40503448247909546,
            "y": 0.44914501905441284,
            "z": 0.020049842074513435
        },
        "3": {
            "x": 0.4347974956035614,
            "y": 0.413556843996048,
            "z": 0.02847677282989025
        },
        "4": {
            "x": 0.4511663317680359,
            "y": 0.3791436553001404,
            "z": 0.03675908222794533
        },
        "5": {
            "x": 0.4087132215499878,
            "y": 0.44566839933395386,
            "z": 0.02609509602189064
        },
        "6": {
            "x": 0.44828587770462036,
            "y": 0.4077862799167633,
            "z": 0.03690309450030327
        },
        "7": {
            "x": 0.46764636039733887,
            "y": 0.38092198967933655,
            "z": 0.04146852344274521
        },
        "8": {
            "x": 0.48003697395324707,
            "y": 0.3607982099056244,
            "z": 0.044394008815288544
        },
        "9": {
            "x": 0.38932159543037415,
            "y": 0.4117344319820404,
            "z": 0.025402193889021873
        },
        "10": {
            "x": 0.42573288083076477,
            "y": 0.3649982810020447,
            "z": 0.03962323069572449
        },
        "11": {
            "x": 0.4393243193626404,
            "y": 0.3391757607460022,
            "z": 0.04285614937543869
        },
        "12": {
            "x": 0.4441037178039551,
            "y": 0.3260200619697571,
            "z": 0.044124189764261246
        },
        "13": {
            "x": 0.36775651574134827,
            "y": 0.38083577156066895,
            "z": 0.024846501648426056
        },
        "14": {
            "x": 0.40254074335098267,
            "y": 0.3383244574069977,
            "z": 0.04083940014243126
        },
        "15": {
            "x": 0.41489842534065247,
            "y": 0.31994903087615967,
            "z": 0.04508215934038162
        },
        "16": {
            "x": 0.42005980014801025,
            "y": 0.3126218020915985,
            "z": 0.04548653960227966
        },
        "17": {
            "x": 0.34601256251335144,
            "y": 0.3542531728744507,
            "z": 0.024650361388921738
        },
        "18": {
            "x": 0.3721691071987152,
            "y": 0.3232795000076294,
            "z": 0.03986072912812233
        },
        "19": {
            "x": 0.3826376497745514,
            "y": 0.31288743019104004,
            "z": 0.04739807918667793
        },
        "20": {
            "x": 0.38902348279953003,
            "y": 0.3118870258331299,
            "z": 0.05188148468732834
        }
    }
}