{
    "Ничего": {
        "0": {
            "x": 0.7227985262870789,
            "y": 0.5113157629966736,
            "z": -2.0392032240579283e-07
        },
        "1": {
            "x": 0.6626298427581787,
            "y": 0.505276083946228,
            "z": 0.024938704445958138
        },
        "2": {
            "x": 0.6161274909973145,
            "y": 0.47524353861808777,
            "z": 0.03683403879404068
        },
        "3": {
            "x": 0.5899837017059326,
            "y": 0.43464672565460205,
            "z": 0.04367149993777275
        },
        "4": {
            "x": 0.583679735660553,
            "y": 0.3940274119377136,
            "z": 0.054291512817144394
        },
        "5": {
            "x": 0.5876529812812805,
            "y": 0.4796459674835205,
            "z": 0.03794084116816521
        },
        "6": {
            "x": 0.5422754287719727,
            "y": 0.41935181617736816,
            "z": 0.04781133681535721
        },
        "7": {
            "x": 0.5586928725242615,
            "y": 0.4006827473640442,
            "z": 0.054519593715667725
        },
        "8": {
            "x": 0.5775220394134521,
            "y": 0.4075808525085449,
            "z": 0.06064704433083534
        },
        "9": {
            "x": 0.6006077527999878,
            "y": 0.44984671473503113,
            "z": 0.028866438195109367
        },
        "10": {
            "x": 0.5603618025779724,
            "y": 0.3869670033454895,
            "z": 0.04360884055495262
        },
        "11": {
            "x": 0.5810354351997375,
            "y": 0.37916985154151917,
            "z": 0.04902619495987892
        },
        "12": {
            "x": 0.5945364832878113,
            "y": 0.39620253443717957,
            "z": 0.05128635838627815
        },
        "13": {
            "x": 0.6202002763748169,
            "y": 0.42212408781051636,
            "z": 0.02087605558335781
        },
        "14": {
            "x": 0.5868082046508789,
            "y": 0.36606255173683167,
            "z": 0.04035133123397827
        },
        "15": {
            "x": 0.6022118926048279,
            "y": 0.36589178442955017,
            "z": 0.05089036375284195
        },
        "16": {
            "x": 0.6167854070663452,
            "y": 0.3836231529712677,
            "z": 0.05359747260808945
        },
        "17": {
            "x": 0.6455829739570618,
            "y": 0.39437389373779297,
            "z": 0.014157288707792759
        },
        "18": {
            "x": 0.6175294518470764,
            "y": 0.35562679171562195,
            "z": 0.03878200799226761
        },
        "19": {
            "x": 0.6268377900123596,
            "y": 0.3583894670009613,
            "z": 0.0546623170375824
        },
        "20": {
            "x": 0.6379511952400208,
            "y": 0.37247222661972046,
            "z": 0.06240759789943695
        }
    }
}