{
    "Ничего": {
        "0": {
            "x": 0.7136550545692444,
            "y": 0.5206745266914368,
            "z": 2.987082936556362e-08
        },
        "1": {
            "x": 0.6555560827255249,
            "y": 0.5168084502220154,
            "z": -0.011259477585554123
        },
        "2": {
            "x": 0.6038753390312195,
            "y": 0.49624305963516235,
            "z": -0.009415265172719955
        },
        "3": {
            "x": 0.563797652721405,
            "y": 0.4624684453010559,
            "z": -0.00802789069712162
        },
        "4": {
            "x": 0.5373767018318176,
            "y": 0.4290179908275604,
            "z": -0.0023967439774423838
        },
        "5": {
            "x": 0.5699066519737244,
            "y": 0.4808768928050995,
            "z": 0.0344737209379673
        },
        "6": {
            "x": 0.5307595133781433,
            "y": 0.43569257855415344,
            "z": 0.03627048432826996
        },
        "7": {
            "x": 0.5411081314086914,
            "y": 0.4211985170841217,
            "z": 0.03211976960301399
        },
        "8": {
            "x": 0.5577914714813232,
            "y": 0.4275595545768738,
            "z": 0.030759042128920555
        },
        "9": {
            "x": 0.5852177143096924,
            "y": 0.4487575888633728,
            "z": 0.03968220204114914
        },
        "10": {
            "x": 0.5487462282180786,
            "y": 0.3989936411380768,
            "z": 0.046592336148023605
        },
        "11": {
            "x": 0.5637169480323792,
            "y": 0.39407971501350403,
            "z": 0.04116351529955864
        },
        "12": {
            "x": 0.5759800672531128,
            "y": 0.4053460657596588,
            "z": 0.03721736744046211
        },
        "13": {
            "x": 0.6069480180740356,
            "y": 0.4231105148792267,
            "z": 0.040397971868515015
        },
        "14": {
            "x": 0.578209638595581,
            "y": 0.3746785521507263,
            "z": 0.04585200548171997
        },
        "15": {
            "x": 0.5911188721656799,
            "y": 0.379016250371933,
            "z": 0.04565741494297981
        },
        "16": {
            "x": 0.6052259206771851,
            "y": 0.3948291540145874,
            "z": 0.04440714046359062
        },
        "17": {
            "x": 0.6356995701789856,
            "y": 0.3992694318294525,
            "z": 0.0392330139875412
        },
        "18": {
            "x": 0.6140281558036804,
            "y": 0.36851897835731506,
            "z": 0.048110198229551315
        },
        "19": {
            "x": 0.6218169331550598,
            "y": 0.3751465976238251,
            "z": 0.053789667785167694
        },
        "20": {
            "x": 0.6304495334625244,
            "y": 0.3880460560321808,
            "z": 0.056951940059661865
        }
    }
}