{
    "Ничего": {
        "0": {
            "x": 0.34598761796951294,
            "y": 0.7001543045043945,
            "z": 4.165138420830772e-07
        },
        "1": {
            "x": 0.40044736862182617,
            "y": 0.6484570503234863,
            "z": -0.02288871817290783
        },
        "2": {
            "x": 0.44276419281959534,
            "y": 0.5757904052734375,
            "z": -0.029994329437613487
        },
        "3": {
            "x": 0.4705456793308258,
            "y": 0.5147176384925842,
            "z": -0.035917531698942184
        },
        "4": {
            "x": 0.48376989364624023,
            "y": 0.4639793336391449,
            "z": -0.04166385531425476
        },
        "5": {
            "x": 0.3871769309043884,
            "y": 0.4839489459991455,
            "z": -0.008225904777646065
        },
        "6": {
            "x": 0.39064568281173706,
            "y": 0.4055209159851074,
            "z": -0.021192602813243866
        },
        "7": {
            "x": 0.3932214677333832,
            "y": 0.3589961528778076,
            "z": -0.035034600645303726
        },
        "8": {
            "x": 0.39648887515068054,
            "y": 0.31765055656433105,
            "z": -0.04515107721090317
        },
        "9": {
            "x": 0.34803506731987,
            "y": 0.48247936367988586,
            "z": -0.008114089258015156
        },
        "10": {
            "x": 0.34136006236076355,
            "y": 0.3993718922138214,
            "z": -0.017715271562337875
        },
        "11": {
            "x": 0.3387901484966278,
            "y": 0.3479612469673157,
            "z": -0.030865103006362915
        },
        "12": {
            "x": 0.3383149802684784,
            "y": 0.3056068420410156,
            "z": -0.0409550666809082
        },
        "13": {
            "x": 0.31311848759651184,
            "y": 0.49719175696372986,
            "z": -0.011878065764904022
        },
        "14": {
            "x": 0.3037595748901367,
            "y": 0.4171569049358368,
            "z": -0.022692475467920303
        },
        "15": {
            "x": 0.2993404269218445,
            "y": 0.3660396337509155,
            "z": -0.033391013741493225
        },
        "16": {
            "x": 0.2983221411705017,
            "y": 0.3220733106136322,
            "z": -0.04116053134202957
        },
        "17": {
            "x": 0.2811477780342102,
            "y": 0.5255779027938843,
            "z": -0.018309349194169044
        },
        "18": {
            "x": 0.26622432470321655,
            "y": 0.4656723737716675,
            "z": -0.030103448778390884
        },
        "19": {
            "x": 0.2588024139404297,
            "y": 0.42611128091812134,
            "z": -0.03579683229327202
        },
        "20": {
            "x": 0.2555686831474304,
            "y": 0.3881617784500122,
            "z": -0.03896535933017731
        }
    }
}