{
    "Ничего": {
        "0": {
            "x": 0.3451419472694397,
            "y": 0.6941466927528381,
            "z": 4.974756393494317e-07
        },
        "1": {
            "x": 0.39486053586006165,
            "y": 0.6533805131912231,
            "z": -0.02172057144343853
        },
        "2": {
            "x": 0.43692633509635925,
            "y": 0.5899922847747803,
            "z": -0.03251064568758011
        },
        "3": {
            "x": 0.4696451723575592,
            "y": 0.5449386239051819,
            "z": -0.04304514825344086
        },
        "4": {
            "x": 0.5007692575454712,
            "y": 0.5139535069465637,
            "z": -0.053909916430711746
        },
        "5": {
            "x": 0.37136852741241455,
            "y": 0.4818003177642822,
            "z": -0.010493430308997631
        },
        "6": {
            "x": 0.37353837490081787,
            "y": 0.4080714285373688,
            "z": -0.02677641436457634
        },
        "7": {
            "x": 0.3841593861579895,
            "y": 0.37260186672210693,
            "z": -0.04196452349424362
        },
        "8": {
            "x": 0.40130531787872314,
            "y": 0.34595566987991333,
            "z": -0.05183090642094612
        },
        "9": {
            "x": 0.3373981714248657,
            "y": 0.482736736536026,
            "z": -0.011360812932252884
        },
        "10": {
            "x": 0.32956600189208984,
            "y": 0.40570396184921265,
            "z": -0.022212496027350426
        },
        "11": {
            "x": 0.33724474906921387,
            "y": 0.36564046144485474,
            "z": -0.032493915408849716
        },
        "12": {
            "x": 0.35449686646461487,
            "y": 0.33859050273895264,
            "z": -0.039667580276727676
        },
        "13": {
            "x": 0.30656519532203674,
            "y": 0.502019464969635,
            "z": -0.016232216730713844
        },
        "14": {
            "x": 0.2890852093696594,
            "y": 0.43151628971099854,
            "z": -0.030081579461693764
        },
        "15": {
            "x": 0.2964658737182617,
            "y": 0.4008931517601013,
            "z": -0.0376972034573555
        },
        "16": {
            "x": 0.3151645362377167,
            "y": 0.38010144233703613,
            "z": -0.041931264102458954
        },
        "17": {
            "x": 0.2781713604927063,
            "y": 0.5359172224998474,
            "z": -0.023728441447019577
        },
        "18": {
            "x": 0.26115185022354126,
            "y": 0.4948911964893341,
            "z": -0.03688811883330345
        },
        "19": {
            "x": 0.26823216676712036,
            "y": 0.48687252402305603,
            "z": -0.039082448929548264
        },
        "20": {
            "x": 0.2844100296497345,
            "y": 0.48629066348075867,
            "z": -0.03865049034357071
        }
    }
}