{
    "Ничего": {
        "0": {
            "x": 0.7435759902000427,
            "y": 0.6629544496536255,
            "z": 4.064397955971799e-07
        },
        "1": {
            "x": 0.7061534523963928,
            "y": 0.656843900680542,
            "z": -0.035555675625801086
        },
        "2": {
            "x": 0.6711993217468262,
            "y": 0.633127748966217,
            "z": -0.06412316113710403
        },
        "3": {
            "x": 0.6493158936500549,
            "y": 0.6180220246315002,
            "z": -0.09173399209976196
        },
        "4": {
            "x": 0.6462211608886719,
            "y": 0.6007324457168579,
            "z": -0.11556386947631836
        },
        "5": {
            "x": 0.6863002777099609,
            "y": 0.4835708737373352,
            "z": -0.04071526974439621
        },
        "6": {
            "x": 0.6828843951225281,
            "y": 0.39849036931991577,
            "z": -0.08566634356975555
        },
        "7": {
            "x": 0.6724399924278259,
            "y": 0.37414610385894775,
            "z": -0.11333025991916656
        },
        "8": {
            "x": 0.6592933535575867,
            "y": 0.3812102675437927,
            "z": -0.12577073276042938
        },
        "9": {
            "x": 0.7319305539131165,
            "y": 0.4816831052303314,
            "z": -0.04269903525710106
        },
        "10": {
            "x": 0.7549502849578857,
            "y": 0.4111635088920593,
            "z": -0.09196057915687561
        },
        "11": {
            "x": 0.7606570720672607,
            "y": 0.4067383110523224,
            "z": -0.11486432701349258
        },
        "12": {
            "x": 0.7621048092842102,
            "y": 0.40619513392448425,
            "z": -0.12012838572263718
        },
        "13": {
            "x": 0.770455002784729,
            "y": 0.5001838207244873,
            "z": -0.04951874166727066
        },
        "14": {
            "x": 0.7825124263763428,
            "y": 0.5236057043075562,
            "z": -0.08957645297050476
        },
        "15": {
            "x": 0.7620294094085693,
            "y": 0.5718873143196106,
            "z": -0.09017223119735718
        },
        "16": {
            "x": 0.7433260679244995,
            "y": 0.5813460350036621,
            "z": -0.0798640176653862
        },
        "17": {
            "x": 0.8022985458374023,
            "y": 0.529992938041687,
            "z": -0.05997228994965553
        },
        "18": {
            "x": 0.8082758784294128,
            "y": 0.5628179907798767,
            "z": -0.07997429370880127
        },
        "19": {
            "x": 0.7906394600868225,
            "y": 0.5999220609664917,
            "z": -0.07375376671552658
        },
        "20": {
            "x": 0.7736467719078064,
            "y": 0.6028343439102173,
            "z": -0.06304044276475906
        }
    }
}