{
    "Ничего": {
        "0": {
            "x": 0.7314017415046692,
            "y": 0.7212312817573547,
            "z": 1.9179309163064318e-07
        },
        "1": {
            "x": 0.6861900091171265,
            "y": 0.7025599479675293,
            "z": -0.016985885798931122
        },
        "2": {
            "x": 0.6483555436134338,
            "y": 0.6532755494117737,
            "z": -0.031434714794158936
        },
        "3": {
            "x": 0.6479673981666565,
            "y": 0.6068630814552307,
            "z": -0.048667021095752716
        },
        "4": {
            "x": 0.676399827003479,
            "y": 0.5766355395317078,
            "z": -0.06254012882709503
        },
        "5": {
            "x": 0.6647465229034424,
            "y": 0.5283998250961304,
            "z": -0.014207344502210617
        },
        "6": {
            "x": 0.6629956960678101,
            "y": 0.4373248815536499,
            "z": -0.04788800701498985
        },
        "7": {
            "x": 0.643079400062561,
            "y": 0.4048492908477783,
            "z": -0.06732311844825745
        },
        "8": {
            "x": 0.6223146319389343,
            "y": 0.4040220379829407,
            "z": -0.07454335689544678
        },
        "9": {
            "x": 0.7072765827178955,
            "y": 0.5270547866821289,
            "z": -0.02361743152141571
        },
        "10": {
            "x": 0.7242825627326965,
            "y": 0.419482946395874,
            "z": -0.06544320285320282
        },
        "11": {
            "x": 0.6957908868789673,
            "y": 0.40678033232688904,
            "z": -0.08288419246673584
        },
        "12": {
            "x": 0.6697213053703308,
            "y": 0.42914313077926636,
            "z": -0.08189707249403
        },
        "13": {
            "x": 0.7425889372825623,
            "y": 0.5472238063812256,
            "z": -0.03683539107441902
        },
        "14": {
            "x": 0.715985119342804,
            "y": 0.5306336283683777,
            "z": -0.07240331918001175
        },
        "15": {
            "x": 0.6951785683631897,
            "y": 0.5809631943702698,
            "z": -0.07466933876276016
        },
        "16": {
            "x": 0.6915575265884399,
            "y": 0.6182321310043335,
            "z": -0.06259412318468094
        },
        "17": {
            "x": 0.7685293555259705,
            "y": 0.5803449153900146,
            "z": -0.05207519233226776
        },
        "18": {
            "x": 0.7344039678573608,
            "y": 0.5845094919204712,
            "z": -0.07022786140441895
        },
        "19": {
            "x": 0.7125844359397888,
            "y": 0.621821403503418,
            "z": -0.06694269925355911
        },
        "20": {
            "x": 0.7074715495109558,
            "y": 0.6470814943313599,
            "z": -0.05704379454255104
        }
    }
}