{
    "Ничего": {
        "0": {
            "x": 0.7344292402267456,
            "y": 0.7191594839096069,
            "z": 1.67571556630719e-07
        },
        "1": {
            "x": 0.6888010501861572,
            "y": 0.7070146799087524,
            "z": -0.016083555296063423
        },
        "2": {
            "x": 0.6473941802978516,
            "y": 0.6629289984703064,
            "z": -0.031123995780944824
        },
        "3": {
            "x": 0.6378279328346252,
            "y": 0.6180317401885986,
            "z": -0.04945392906665802
        },
        "4": {
            "x": 0.6644014716148376,
            "y": 0.5896006226539612,
            "z": -0.06445346027612686
        },
        "5": {
            "x": 0.6607522368431091,
            "y": 0.532638430595398,
            "z": -0.013044360093772411
        },
        "6": {
            "x": 0.6531654000282288,
            "y": 0.43799152970314026,
            "z": -0.04883522167801857
        },
        "7": {
            "x": 0.6288975477218628,
            "y": 0.409598708152771,
            "z": -0.06943895667791367
        },
        "8": {
            "x": 0.6077012419700623,
            "y": 0.4128562808036804,
            "z": -0.0769406259059906
        },
        "9": {
            "x": 0.7028710842132568,
            "y": 0.5286163687705994,
            "z": -0.02346155233681202
        },
        "10": {
            "x": 0.7098733186721802,
            "y": 0.4163849353790283,
            "z": -0.06751629710197449
        },
        "11": {
            "x": 0.6780886650085449,
            "y": 0.41098225116729736,
            "z": -0.08539866656064987
        },
        "12": {
            "x": 0.6533187627792358,
            "y": 0.4393277168273926,
            "z": -0.08391151577234268
        },
        "13": {
            "x": 0.7379328012466431,
            "y": 0.5460104942321777,
            "z": -0.037777695804834366
        },
        "14": {
            "x": 0.7031332850456238,
            "y": 0.5333389043807983,
            "z": -0.0744907557964325
        },
        "15": {
            "x": 0.6843301653862,
            "y": 0.5866023302078247,
            "z": -0.07513012737035751
        },
        "16": {
            "x": 0.6837512850761414,
            "y": 0.6226212978363037,
            "z": -0.06141907349228859
        },
        "17": {
            "x": 0.7639713883399963,
            "y": 0.5778712034225464,
            "z": -0.054179951548576355
        },
        "18": {
            "x": 0.7236124277114868,
            "y": 0.582728922367096,
            "z": -0.07114598155021667
        },
        "19": {
            "x": 0.7063272595405579,
            "y": 0.6231871843338013,
            "z": -0.06540558487176895
        },
        "20": {
            "x": 0.7062851190567017,
            "y": 0.6482183337211609,
            "z": -0.05380336940288544
        }
    }
}