{
    "Ничего": {
        "0": {
            "x": 0.6462275385856628,
            "y": 0.5245298147201538,
            "z": 7.897345994933858e-07
        },
        "1": {
            "x": 0.7605884671211243,
            "y": 0.5803191661834717,
            "z": -0.021167026832699776
        },
        "2": {
            "x": 0.8629282712936401,
            "y": 0.5845996737480164,
            "z": -0.048837028443813324
        },
        "3": {
            "x": 0.9359728693962097,
            "y": 0.5915378928184509,
            "z": -0.08369981497526169
        },
        "4": {
            "x": 1.0043470859527588,
            "y": 0.5484858155250549,
            "z": -0.12388969957828522
        },
        "5": {
            "x": 0.9222306609153748,
            "y": 0.3338649570941925,
            "z": -0.02917412668466568
        },
        "6": {
            "x": 1.001631259918213,
            "y": 0.2584811747074127,
            "z": -0.0764956846833229
        },
        "7": {
            "x": 1.054803490638733,
            "y": 0.22674518823623657,
            "z": -0.11953592300415039
        },
        "8": {
            "x": 1.0990943908691406,
            "y": 0.22054210305213928,
            "z": -0.15168528258800507
        },
        "9": {
            "x": 0.872663140296936,
            "y": 0.27939701080322266,
            "z": -0.06198625639081001
        },
        "10": {
            "x": 0.9409227967262268,
            "y": 0.1619192510843277,
            "z": -0.10344276577234268
        },
        "11": {
            "x": 0.9955341815948486,
            "y": 0.11854064464569092,
            "z": -0.14872048795223236
        },
        "12": {
            "x": 1.0411964654922485,
            "y": 0.11637860536575317,
            "z": -0.18624179065227509
        },
        "13": {
            "x": 0.8078230619430542,
            "y": 0.2601712644100189,
            "z": -0.10119990259408951
        },
        "14": {
            "x": 0.8628180623054504,
            "y": 0.1322372555732727,
            "z": -0.15042445063591003
        },
        "15": {
            "x": 0.9132944345474243,
            "y": 0.09460559487342834,
            "z": -0.19317954778671265
        },
        "16": {
            "x": 0.9620989561080933,
            "y": 0.0998460054397583,
            "z": -0.22590303421020508
        },
        "17": {
            "x": 0.7354050874710083,
            "y": 0.27022698521614075,
            "z": -0.1422269642353058
        },
        "18": {
            "x": 0.765884280204773,
            "y": 0.16925252974033356,
            "z": -0.1974644511938095
        },
        "19": {
            "x": 0.800098180770874,
            "y": 0.1473943144083023,
            "z": -0.2308375984430313
        },
        "20": {
            "x": 0.8346545696258545,
            "y": 0.16044718027114868,
            "z": -0.25480416417121887
        }
    }
}