{
    "Ничего": {
        "0": {
            "x": 0.20649676024913788,
            "y": 0.8814008235931396,
            "z": 7.081995931912388e-07
        },
        "1": {
            "x": 0.3030427396297455,
            "y": 0.8111740350723267,
            "z": -0.03655249997973442
        },
        "2": {
            "x": 0.3861037492752075,
            "y": 0.7095746994018555,
            "z": -0.0525360181927681
        },
        "3": {
            "x": 0.44966208934783936,
            "y": 0.6022588014602661,
            "z": -0.06700455397367477
        },
        "4": {
            "x": 0.48320454359054565,
            "y": 0.5137593746185303,
            "z": -0.07905799895524979
        },
        "5": {
            "x": 0.2888527512550354,
            "y": 0.5018989443778992,
            "z": 3.466899579507299e-05
        },
        "6": {
            "x": 0.3160049617290497,
            "y": 0.3576008081436157,
            "z": -0.015439655631780624
        },
        "7": {
            "x": 0.32169878482818604,
            "y": 0.30209288001060486,
            "z": -0.03297124058008194
        },
        "8": {
            "x": 0.3206363320350647,
            "y": 0.2740137577056885,
            "z": -0.04228348284959793
        },
        "9": {
            "x": 0.22055937349796295,
            "y": 0.48330965638160706,
            "z": 0.002053151372820139
        },
        "10": {
            "x": 0.23369631171226501,
            "y": 0.30130425095558167,
            "z": -0.0012116251746192575
        },
        "11": {
            "x": 0.22836220264434814,
            "y": 0.2023301124572754,
            "z": -0.014063448645174503
        },
        "12": {
            "x": 0.2199288308620453,
            "y": 0.13229826092720032,
            "z": -0.023191412910819054
        },
        "13": {
            "x": 0.15584008395671844,
            "y": 0.4977685213088989,
            "z": -0.003327080747112632
        },
        "14": {
            "x": 0.16256743669509888,
            "y": 0.3277730345726013,
            "z": -0.011388255283236504
        },
        "15": {
            "x": 0.16280637681484222,
            "y": 0.2291301190853119,
            "z": -0.027498628944158554
        },
        "16": {
            "x": 0.16286268830299377,
            "y": 0.16022637486457825,
            "z": -0.03928861767053604
        },
        "17": {
            "x": 0.09121903777122498,
            "y": 0.5401965379714966,
            "z": -0.012520602904260159
        },
        "18": {
            "x": 0.0705149918794632,
            "y": 0.4247020483016968,
            "z": -0.0236191563308239
        },
        "19": {
            "x": 0.05489736795425415,
            "y": 0.34926700592041016,
            "z": -0.029071548953652382
        },
        "20": {
            "x": 0.0444926917552948,
            "y": 0.28621906042099,
            "z": -0.031106144189834595
        }
    }
}