{
    "Ничего": {
        "0": {
            "x": 0.7902455925941467,
            "y": 0.8130173683166504,
            "z": -7.807326483089128e-07
        },
        "1": {
            "x": 0.743058443069458,
            "y": 0.7408188581466675,
            "z": 0.01973179168999195
        },
        "2": {
            "x": 0.7325658202171326,
            "y": 0.6867837905883789,
            "z": 0.02698134072124958
        },
        "3": {
            "x": 0.7280310392379761,
            "y": 0.6451746821403503,
            "z": 0.02178690955042839
        },
        "4": {
            "x": 0.7226359248161316,
            "y": 0.6134183406829834,
            "z": 0.01626870594918728
        },
        "5": {
            "x": 0.7799302935600281,
            "y": 0.6124399900436401,
            "z": 0.05959692224860191
        },
        "6": {
            "x": 0.7641943097114563,
            "y": 0.5459163784980774,
            "z": 0.04429270327091217
        },
        "7": {
            "x": 0.7418323159217834,
            "y": 0.5910594463348389,
            "z": 0.02810516394674778
        },
        "8": {
            "x": 0.7385855317115784,
            "y": 0.6393870711326599,
            "z": 0.020889952778816223
        },
        "9": {
            "x": 0.7971020340919495,
            "y": 0.611661434173584,
            "z": 0.04078487306833267
        },
        "10": {
            "x": 0.7706039547920227,
            "y": 0.537340521812439,
            "z": 0.018886853009462357
        },
        "11": {
            "x": 0.7470109462738037,
            "y": 0.5983306169509888,
            "z": -8.740965859033167e-05
        },
        "12": {
            "x": 0.7474775314331055,
            "y": 0.6511626839637756,
            "z": -0.004272263962775469
        },
        "13": {
            "x": 0.8214535713195801,
            "y": 0.6151571869850159,
            "z": 0.018689123913645744
        },
        "14": {
            "x": 0.7832943797111511,
            "y": 0.553956925868988,
            "z": -0.003373863874003291
        },
        "15": {
            "x": 0.7637287378311157,
            "y": 0.6202196478843689,
            "z": -0.008988511748611927
        },
        "16": {
            "x": 0.7678416967391968,
            "y": 0.6719326972961426,
            "z": -0.0028914546128362417
        },
        "17": {
            "x": 0.8490332961082458,
            "y": 0.6258835196495056,
            "z": -0.0019574526231735945
        },
        "18": {
            "x": 0.8076467514038086,
            "y": 0.5729997158050537,
            "z": -0.008991950191557407
        },
        "19": {
            "x": 0.7861905097961426,
            "y": 0.6154555082321167,
            "z": -0.0016258553368970752
        },
        "20": {
            "x": 0.7877825498580933,
            "y": 0.656915545463562,
            "z": 0.008897769264876842
        }
    }
}