{
    "Ничего": {
        "0": {
            "x": 0.27619290351867676,
            "y": 0.44997045397758484,
            "z": 7.034458349153283e-07
        },
        "1": {
            "x": 0.3565007746219635,
            "y": 0.4990319013595581,
            "z": -0.018752172589302063
        },
        "2": {
            "x": 0.42782163619995117,
            "y": 0.5990157127380371,
            "z": -0.03709836304187775
        },
        "3": {
            "x": 0.4864240884780884,
            "y": 0.6767463088035583,
            "z": -0.05065673589706421
        },
        "4": {
            "x": 0.542521595954895,
            "y": 0.6973869800567627,
            "z": -0.06655404716730118
        },
        "5": {
            "x": 0.3886832296848297,
            "y": 0.653174638748169,
            "z": -0.07456044107675552
        },
        "6": {
            "x": 0.40539270639419556,
            "y": 0.8036545515060425,
            "z": -0.10310419648885727
        },
        "7": {
            "x": 0.4141530990600586,
            "y": 0.8975800275802612,
            "z": -0.1154506728053093
        },
        "8": {
            "x": 0.4185609817504883,
            "y": 0.9700545072555542,
            "z": -0.12266017496585846
        },
        "9": {
            "x": 0.329703152179718,
            "y": 0.6703824996948242,
            "z": -0.08094415813684464
        },
        "10": {
            "x": 0.32798632979393005,
            "y": 0.8397501111030579,
            "z": -0.10529592633247375
        },
        "11": {
            "x": 0.33179736137390137,
            "y": 0.945300817489624,
            "z": -0.1162048950791359
        },
        "12": {
            "x": 0.33341214060783386,
            "y": 1.025282621383667,
            "z": -0.12490124255418777
        },
        "13": {
            "x": 0.27272143959999084,
            "y": 0.6739020943641663,
            "z": -0.08518888801336288
        },
        "14": {
            "x": 0.2614648938179016,
            "y": 0.8287568092346191,
            "z": -0.10817193239927292
        },
        "15": {
            "x": 0.2575875520706177,
            "y": 0.9275049567222595,
            "z": -0.12119948118925095
        },
        "16": {
            "x": 0.25382423400878906,
            "y": 1.0031222105026245,
            "z": -0.1308213621377945
        },
        "17": {
            "x": 0.22260800004005432,
            "y": 0.6671565771102905,
            "z": -0.0888356938958168
        },
        "18": {
            "x": 0.2005896270275116,
            "y": 0.7799383401870728,
            "z": -0.10971109569072723
        },
        "19": {
            "x": 0.18723201751708984,
            "y": 0.8516793251037598,
            "z": -0.11867613345384598
        },
        "20": {
            "x": 0.1754750907421112,
            "y": 0.9135504364967346,
            "z": -0.12483521550893784
        }
    }
}