{
    "Ничего": {
        "0": {
            "x": 0.819520115852356,
            "y": 0.5695592164993286,
            "z": 4.699054159118532e-07
        },
        "1": {
            "x": 0.8017102479934692,
            "y": 0.6213042140007019,
            "z": -0.040138110518455505
        },
        "2": {
            "x": 0.77593594789505,
            "y": 0.6503092646598816,
            "z": -0.0722355768084526
        },
        "3": {
            "x": 0.7636566162109375,
            "y": 0.657916784286499,
            "z": -0.10057509690523148
        },
        "4": {
            "x": 0.7555635571479797,
            "y": 0.6698391437530518,
            "z": -0.1272720843553543
        },
        "5": {
            "x": 0.6603421568870544,
            "y": 0.5858972668647766,
            "z": -0.05105407536029816
        },
        "6": {
            "x": 0.6067897081375122,
            "y": 0.5746013522148132,
            "z": -0.08504714071750641
        },
        "7": {
            "x": 0.6067401170730591,
            "y": 0.5680809020996094,
            "z": -0.111300528049469
        },
        "8": {
            "x": 0.6173118948936462,
            "y": 0.564882218837738,
            "z": -0.12577946484088898
        },
        "9": {
            "x": 0.6551744341850281,
            "y": 0.5321468114852905,
            "z": -0.04860690236091614
        },
        "10": {
            "x": 0.5800747275352478,
            "y": 0.5052993297576904,
            "z": -0.06991125643253326
        },
        "11": {
            "x": 0.5336852669715881,
            "y": 0.4837166368961334,
            "z": -0.08829200267791748
        },
        "12": {
            "x": 0.4957791566848755,
            "y": 0.46304312348365784,
            "z": -0.10235580801963806
        },
        "13": {
            "x": 0.6675857305526733,
            "y": 0.4874509572982788,
            "z": -0.0509972907602787
        },
        "14": {
            "x": 0.5959820747375488,
            "y": 0.45815926790237427,
            "z": -0.07099578529596329
        },
        "15": {
            "x": 0.5521785616874695,
            "y": 0.4352050721645355,
            "z": -0.08914309740066528
        },
        "16": {
            "x": 0.5170953273773193,
            "y": 0.41608524322509766,
            "z": -0.10181260854005814
        },
        "17": {
            "x": 0.6938132047653198,
            "y": 0.447555810213089,
            "z": -0.05668391287326813
        },
        "18": {
            "x": 0.6443902850151062,
            "y": 0.40361717343330383,
            "z": -0.07146071642637253
        },
        "19": {
            "x": 0.6134913563728333,
            "y": 0.374043345451355,
            "z": -0.07946010679006577
        },
        "20": {
            "x": 0.5862816572189331,
            "y": 0.3494265079498291,
            "z": -0.08505851030349731
        }
    }
}