{
    "Ничего": {
        "0": {
            "x": 0.8876879811286926,
            "y": 0.9850045442581177,
            "z": -8.174496315405122e-07
        },
        "1": {
            "x": 0.8229486346244812,
            "y": 0.9799948334693909,
            "z": -0.021870538592338562
        },
        "2": {
            "x": 0.7572726607322693,
            "y": 0.9438174366950989,
            "z": -0.04015819728374481
        },
        "3": {
            "x": 0.7171804904937744,
            "y": 0.917656421661377,
            "z": -0.05992164462804794
        },
        "4": {
            "x": 0.7011922597885132,
            "y": 0.8880249857902527,
            "z": -0.07632669061422348
        },
        "5": {
            "x": 0.7568106055259705,
            "y": 0.7827721238136292,
            "z": -0.01766986772418022
        },
        "6": {
            "x": 0.7254074811935425,
            "y": 0.7606229186058044,
            "z": -0.061320338398218155
        },
        "7": {
            "x": 0.7222088575363159,
            "y": 0.8401793837547302,
            "z": -0.09037259966135025
        },
        "8": {
            "x": 0.7307264804840088,
            "y": 0.8932738304138184,
            "z": -0.10444317013025284
        },
        "9": {
            "x": 0.8037711977958679,
            "y": 0.7660196423530579,
            "z": -0.027837010100483894
        },
        "10": {
            "x": 0.7747865319252014,
            "y": 0.74791020154953,
            "z": -0.07269033789634705
        },
        "11": {
            "x": 0.7707529067993164,
            "y": 0.8403140306472778,
            "z": -0.0878622904419899
        },
        "12": {
            "x": 0.7799450755119324,
            "y": 0.8936461210250854,
            "z": -0.0876472219824791
        },
        "13": {
            "x": 0.8523480892181396,
            "y": 0.7713948488235474,
            "z": -0.04343701899051666
        },
        "14": {
            "x": 0.8315951228141785,
            "y": 0.7674452662467957,
            "z": -0.0842776820063591
        },
        "15": {
            "x": 0.8279485702514648,
            "y": 0.8549763560295105,
            "z": -0.07924587279558182
        },
        "16": {
            "x": 0.8349147439002991,
            "y": 0.904793381690979,
            "z": -0.06537959724664688
        },
        "17": {
            "x": 0.9013831615447998,
            "y": 0.7924901247024536,
            "z": -0.06124090403318405
        },
        "18": {
            "x": 0.8810580372810364,
            "y": 0.803272008895874,
            "z": -0.08662571758031845
        },
        "19": {
            "x": 0.8747473359107971,
            "y": 0.8693843483924866,
            "z": -0.0780562087893486
        },
        "20": {
            "x": 0.8786020278930664,
            "y": 0.9041287899017334,
            "z": -0.06424716860055923
        }
    }
}