{
    "Ничего": {
        "0": {
            "x": 0.40611732006073,
            "y": 0.6446594595909119,
            "z": 5.29882640876167e-07
        },
        "1": {
            "x": 0.4784241318702698,
            "y": 0.6204137802124023,
            "z": -0.03522487357258797
        },
        "2": {
            "x": 0.5469052195549011,
            "y": 0.5538727641105652,
            "z": -0.05541384592652321
        },
        "3": {
            "x": 0.589812695980072,
            "y": 0.4925680160522461,
            "z": -0.07548952847719193
        },
        "4": {
            "x": 0.599895715713501,
            "y": 0.41773998737335205,
            "z": -0.09511324018239975
        },
        "5": {
            "x": 0.528290331363678,
            "y": 0.3465484380722046,
            "z": -0.020133377984166145
        },
        "6": {
            "x": 0.5551680326461792,
            "y": 0.24110758304595947,
            "z": -0.05515355244278908
        },
        "7": {
            "x": 0.5840659141540527,
            "y": 0.20125514268875122,
            "z": -0.0872281938791275
        },
        "8": {
            "x": 0.616618275642395,
            "y": 0.1844048798084259,
            "z": -0.10734307020902634
        },
        "9": {
            "x": 0.4799010157585144,
            "y": 0.3234403729438782,
            "z": -0.023221133276820183
        },
        "10": {
            "x": 0.50216144323349,
            "y": 0.2106061577796936,
            "z": -0.05264466628432274
        },
        "11": {
            "x": 0.5344207286834717,
            "y": 0.17564792931079865,
            "z": -0.07987170666456223
        },
        "12": {
            "x": 0.572651743888855,
            "y": 0.17299585044384003,
            "z": -0.0972016379237175
        },
        "13": {
            "x": 0.42774784564971924,
            "y": 0.3323902487754822,
            "z": -0.032620493322610855
        },
        "14": {
            "x": 0.4396589994430542,
            "y": 0.21662132441997528,
            "z": -0.0606863871216774
        },
        "15": {
            "x": 0.47068607807159424,
            "y": 0.18008382618427277,
            "z": -0.07800594717264175
        },
        "16": {
            "x": 0.5100199580192566,
            "y": 0.1703311949968338,
            "z": -0.08790555596351624
        },
        "17": {
            "x": 0.37393918633461,
            "y": 0.3691428005695343,
            "z": -0.04588920623064041
        },
        "18": {
            "x": 0.3816649317741394,
            "y": 0.28432556986808777,
            "z": -0.07167977839708328
        },
        "19": {
            "x": 0.4047805070877075,
            "y": 0.24499337375164032,
            "z": -0.08125470578670502
        },
        "20": {
            "x": 0.4347430467605591,
            "y": 0.22740943729877472,
            "z": -0.08501116186380386
        }
    }
}