{
    "Ничего": {
        "0": {
            "x": 0.5107056498527527,
            "y": 0.6652764081954956,
            "z": 7.274809945556626e-07
        },
        "1": {
            "x": 0.5921460390090942,
            "y": 0.6661909222602844,
            "z": -0.027386758476495743
        },
        "2": {
            "x": 0.6700160503387451,
            "y": 0.6322206258773804,
            "z": -0.05318162962794304
        },
        "3": {
            "x": 0.715603768825531,
            "y": 0.6151875257492065,
            "z": -0.08294373750686646
        },
        "4": {
            "x": 0.7509809732437134,
            "y": 0.5986966490745544,
            "z": -0.11420931667089462
        },
        "5": {
            "x": 0.6851869821548462,
            "y": 0.3922637104988098,
            "z": -0.02479107305407524
        },
        "6": {
            "x": 0.7342687845230103,
            "y": 0.2796145975589752,
            "z": -0.06535494327545166
        },
        "7": {
            "x": 0.7889418601989746,
            "y": 0.25084543228149414,
            "z": -0.10180246084928513
        },
        "8": {
            "x": 0.8371827006340027,
            "y": 0.25195223093032837,
            "z": -0.12414023280143738
        },
        "9": {
            "x": 0.6509027481079102,
            "y": 0.36836835741996765,
            "z": -0.03600485995411873
        },
        "10": {
            "x": 0.699688732624054,
            "y": 0.24083510041236877,
            "z": -0.0737864077091217
        },
        "11": {
            "x": 0.7608070373535156,
            "y": 0.2336556613445282,
            "z": -0.10667631775140762
        },
        "12": {
            "x": 0.8081169128417969,
            "y": 0.2721422016620636,
            "z": -0.1259043961763382
        },
        "13": {
            "x": 0.6104031801223755,
            "y": 0.36737287044525146,
            "z": -0.05171927064657211
        },
        "14": {
            "x": 0.6448443531990051,
            "y": 0.22326348721981049,
            "z": -0.08291051536798477
        },
        "15": {
            "x": 0.6993212103843689,
            "y": 0.2181001603603363,
            "z": -0.10273686796426773
        },
        "16": {
            "x": 0.7453831434249878,
            "y": 0.2568875551223755,
            "z": -0.11253334581851959
        },
        "17": {
            "x": 0.5604318380355835,
            "y": 0.38753125071525574,
            "z": -0.07089677453041077
        },
        "18": {
            "x": 0.5845872163772583,
            "y": 0.2783149480819702,
            "z": -0.0964173823595047
        },
        "19": {
            "x": 0.6257034540176392,
            "y": 0.26160839200019836,
            "z": -0.10488864034414291
        },
        "20": {
            "x": 0.6618530750274658,
            "y": 0.2848418951034546,
            "z": -0.10692431032657623
        }
    }
}