{
    "Ничего": {
        "0": {
            "x": 0.5276023149490356,
            "y": 0.628379225730896,
            "z": 7.226813067973126e-07
        },
        "1": {
            "x": 0.6081825494766235,
            "y": 0.6148030161857605,
            "z": -0.02533746510744095
        },
        "2": {
            "x": 0.6916732788085938,
            "y": 0.5594581961631775,
            "z": -0.04581760615110397
        },
        "3": {
            "x": 0.7495269179344177,
            "y": 0.5215482711791992,
            "z": -0.06795067340135574
        },
        "4": {
            "x": 0.7959412336349487,
            "y": 0.4863552749156952,
            "z": -0.09003543853759766
        },
        "5": {
            "x": 0.6565213203430176,
            "y": 0.3966757357120514,
            "z": -0.028894321992993355
        },
        "6": {
            "x": 0.7047189474105835,
            "y": 0.3219301104545593,
            "z": -0.0616176538169384
        },
        "7": {
            "x": 0.7456048130989075,
            "y": 0.28954780101776123,
            "z": -0.08607154339551926
        },
        "8": {
            "x": 0.7838021516799927,
            "y": 0.274353563785553,
            "z": -0.10165596008300781
        },
        "9": {
            "x": 0.6102052330970764,
            "y": 0.37981662154197693,
            "z": -0.03724101558327675
        },
        "10": {
            "x": 0.6497040390968323,
            "y": 0.2833755612373352,
            "z": -0.07047578692436218
        },
        "11": {
            "x": 0.698143482208252,
            "y": 0.27470940351486206,
            "z": -0.09062499552965164
        },
        "12": {
            "x": 0.7371036410331726,
            "y": 0.29079192876815796,
            "z": -0.10179749131202698
        },
        "13": {
            "x": 0.5622230768203735,
            "y": 0.38836538791656494,
            "z": -0.0491383820772171
        },
        "14": {
            "x": 0.6144013404846191,
            "y": 0.3221853971481323,
            "z": -0.09018272906541824
        },
        "15": {
            "x": 0.6580424308776855,
            "y": 0.3695477843284607,
            "z": -0.10115422308444977
        },
        "16": {
            "x": 0.6838767528533936,
            "y": 0.42185860872268677,
            "z": -0.10220877081155777
        },
        "17": {
            "x": 0.5196056962013245,
            "y": 0.4205324947834015,
            "z": -0.06276213377714157
        },
        "18": {
            "x": 0.5799259543418884,
            "y": 0.4015340507030487,
            "z": -0.09956041723489761
        },
        "19": {
            "x": 0.6159823536872864,
            "y": 0.44578006863594055,
            "z": -0.10681146383285522
        },
        "20": {
            "x": 0.6342791318893433,
            "y": 0.49143245816230774,
            "z": -0.10600657761096954
        }
    }
}