{
    "Ничего": {
        "0": {
            "x": 0.4542357623577118,
            "y": 0.4621325731277466,
            "z": 6.360115207826311e-07
        },
        "1": {
            "x": 0.531806230545044,
            "y": 0.48323994874954224,
            "z": -0.030541246756911278
        },
        "2": {
            "x": 0.6033255457878113,
            "y": 0.47978997230529785,
            "z": -0.05704446882009506
        },
        "3": {
            "x": 0.659501850605011,
            "y": 0.4769481420516968,
            "z": -0.08375095576047897
        },
        "4": {
            "x": 0.7101266384124756,
            "y": 0.4731631875038147,
            "z": -0.11177626252174377
        },
        "5": {
            "x": 0.6143425703048706,
            "y": 0.3125120997428894,
            "z": -0.05017658695578575
        },
        "6": {
            "x": 0.6760114431381226,
            "y": 0.25502893328666687,
            "z": -0.09756750613451004
        },
        "7": {
            "x": 0.7088005542755127,
            "y": 0.26262593269348145,
            "z": -0.1310233324766159
        },
        "8": {
            "x": 0.7366880774497986,
            "y": 0.2879534959793091,
            "z": -0.1511157602071762
        },
        "9": {
            "x": 0.5804680585861206,
            "y": 0.27063578367233276,
            "z": -0.06169635429978371
        },
        "10": {
            "x": 0.6375355124473572,
            "y": 0.1742495596408844,
            "z": -0.10345613211393356
        },
        "11": {
            "x": 0.6832883954048157,
            "y": 0.1317116618156433,
            "z": -0.131352037191391
        },
        "12": {
            "x": 0.7263516187667847,
            "y": 0.10472780466079712,
            "z": -0.14980629086494446
        },
        "13": {
            "x": 0.534869372844696,
            "y": 0.2547459304332733,
            "z": -0.07785262167453766
        },
        "14": {
            "x": 0.5805819630622864,
            "y": 0.1568954885005951,
            "z": -0.11805647611618042
        },
        "15": {
            "x": 0.6214904189109802,
            "y": 0.10595069825649261,
            "z": -0.1404765099287033
        },
        "16": {
            "x": 0.6649771332740784,
            "y": 0.069705531001091,
            "z": -0.15393178164958954
        },
        "17": {
            "x": 0.4836207330226898,
            "y": 0.25972387194633484,
            "z": -0.09602233022451401
        },
        "18": {
            "x": 0.4988943934440613,
            "y": 0.17940792441368103,
            "z": -0.1297452598810196
        },
        "19": {
            "x": 0.5230912566184998,
            "y": 0.133742094039917,
            "z": -0.14272187650203705
        },
        "20": {
            "x": 0.5542799830436707,
            "y": 0.10045450925827026,
            "z": -0.1499813199043274
        }
    }
}