{
    "Ничего": {
        "0": {
            "x": 0.4111672043800354,
            "y": 0.5970187783241272,
            "z": 5.589034799413639e-07
        },
        "1": {
            "x": 0.5003975033760071,
            "y": 0.5992307066917419,
            "z": -0.026521770283579826
        },
        "2": {
            "x": 0.5789378881454468,
            "y": 0.55729079246521,
            "z": -0.041932668536901474
        },
        "3": {
            "x": 0.6410000324249268,
            "y": 0.5215350389480591,
            "z": -0.05782507359981537
        },
        "4": {
            "x": 0.6920724511146545,
            "y": 0.49855485558509827,
            "z": -0.07517901808023453
        },
        "5": {
            "x": 0.5810888409614563,
            "y": 0.38920140266418457,
            "z": -0.025250377133488655
        },
        "6": {
            "x": 0.6432424783706665,
            "y": 0.3025524914264679,
            "z": -0.05556996911764145
        },
        "7": {
            "x": 0.682891845703125,
            "y": 0.2478765845298767,
            "z": -0.0812588781118393
        },
        "8": {
            "x": 0.7158310413360596,
            "y": 0.19993746280670166,
            "z": -0.09874696284532547
        },
        "9": {
            "x": 0.5454601049423218,
            "y": 0.34739866852760315,
            "z": -0.033599644899368286
        },
        "10": {
            "x": 0.6087688207626343,
            "y": 0.23696675896644592,
            "z": -0.060275085270404816
        },
        "11": {
            "x": 0.6535542011260986,
            "y": 0.16673840582370758,
            "z": -0.08385460078716278
        },
        "12": {
            "x": 0.6905986666679382,
            "y": 0.10912615060806274,
            "z": -0.10045001655817032
        },
        "13": {
            "x": 0.5031419992446899,
            "y": 0.3286576569080353,
            "z": -0.04626813158392906
        },
        "14": {
            "x": 0.5561225414276123,
            "y": 0.22251839935779572,
            "z": -0.07266920059919357
        },
        "15": {
            "x": 0.6003447771072388,
            "y": 0.1590581089258194,
            "z": -0.09181440621614456
        },
        "16": {
            "x": 0.6395777463912964,
            "y": 0.1108371913433075,
            "z": -0.10402827709913254
        },
        "17": {
            "x": 0.453575074672699,
            "y": 0.326854407787323,
            "z": -0.061649564653635025
        },
        "18": {
            "x": 0.4823245406150818,
            "y": 0.23295199871063232,
            "z": -0.08514740318059921
        },
        "19": {
            "x": 0.5140747427940369,
            "y": 0.17753542959690094,
            "z": -0.09548425674438477
        },
        "20": {
            "x": 0.5477564930915833,
            "y": 0.13476324081420898,
            "z": -0.10154701769351959
        }
    }
}