{
    "Ничего": {
        "0": {
            "x": 0.42963072657585144,
            "y": 0.7268330454826355,
            "z": 3.925695750695013e-07
        },
        "1": {
            "x": 0.4861171543598175,
            "y": 0.6562432646751404,
            "z": -0.014422757551074028
        },
        "2": {
            "x": 0.5209843516349792,
            "y": 0.5648357272148132,
            "z": -0.022313477471470833
        },
        "3": {
            "x": 0.550186038017273,
            "y": 0.49612686038017273,
            "z": -0.03201741352677345
        },
        "4": {
            "x": 0.5694161057472229,
            "y": 0.4331272840499878,
            "z": -0.04199187830090523
        },
        "5": {
            "x": 0.4541882574558258,
            "y": 0.45747947692871094,
            "z": -0.0015802555717527866
        },
        "6": {
            "x": 0.4538891017436981,
            "y": 0.36619633436203003,
            "z": -0.021250909194350243
        },
        "7": {
            "x": 0.4612990617752075,
            "y": 0.31034231185913086,
            "z": -0.03919803723692894
        },
        "8": {
            "x": 0.4719100296497345,
            "y": 0.26221704483032227,
            "z": -0.052116759121418
        },
        "9": {
            "x": 0.422256737947464,
            "y": 0.4589490592479706,
            "z": -0.011436830274760723
        },
        "10": {
            "x": 0.4098135828971863,
            "y": 0.35251855850219727,
            "z": -0.029252665117383003
        },
        "11": {
            "x": 0.42149364948272705,
            "y": 0.28711140155792236,
            "z": -0.044759176671504974
        },
        "12": {
            "x": 0.43868035078048706,
            "y": 0.23403626680374146,
            "z": -0.05634324252605438
        },
        "13": {
            "x": 0.3949393630027771,
            "y": 0.4810379445552826,
            "z": -0.02582521364092827
        },
        "14": {
            "x": 0.378673791885376,
            "y": 0.3766210675239563,
            "z": -0.04706631600856781
        },
        "15": {
            "x": 0.39505600929260254,
            "y": 0.3147770166397095,
            "z": -0.060445453971624374
        },
        "16": {
            "x": 0.4180052876472473,
            "y": 0.26749205589294434,
            "z": -0.06928151100873947
        },
        "17": {
            "x": 0.3712604343891144,
            "y": 0.51750648021698,
            "z": -0.04217272996902466
        },
        "18": {
            "x": 0.3568781316280365,
            "y": 0.4427986145019531,
            "z": -0.06324641406536102
        },
        "19": {
            "x": 0.3731585741043091,
            "y": 0.39707863330841064,
            "z": -0.07240715622901917
        },
        "20": {
            "x": 0.39765405654907227,
            "y": 0.36151057481765747,
            "z": -0.07809723913669586
        }
    }
}