{
    "Ничего": {
        "0": {
            "x": 0.3668498992919922,
            "y": 0.7108703851699829,
            "z": 5.564210141528747e-07
        },
        "1": {
            "x": 0.43749964237213135,
            "y": 0.6809060573577881,
            "z": -0.030806586146354675
        },
        "2": {
            "x": 0.4966026842594147,
            "y": 0.6351577043533325,
            "z": -0.055009953677654266
        },
        "3": {
            "x": 0.549936830997467,
            "y": 0.6042211055755615,
            "z": -0.07868046313524246
        },
        "4": {
            "x": 0.5939899682998657,
            "y": 0.584040641784668,
            "z": -0.10443282872438431
        },
        "5": {
            "x": 0.46193206310272217,
            "y": 0.47313109040260315,
            "z": -0.053365953266620636
        },
        "6": {
            "x": 0.49071282148361206,
            "y": 0.3653287887573242,
            "z": -0.08562533557415009
        },
        "7": {
            "x": 0.498293399810791,
            "y": 0.29152438044548035,
            "z": -0.10721787810325623
        },
        "8": {
            "x": 0.49994155764579773,
            "y": 0.22928035259246826,
            "z": -0.12320469319820404
        },
        "9": {
            "x": 0.4139208197593689,
            "y": 0.458578497171402,
            "z": -0.06275923550128937
        },
        "10": {
            "x": 0.413643479347229,
            "y": 0.3245728015899658,
            "z": -0.09451515972614288
        },
        "11": {
            "x": 0.40868404507637024,
            "y": 0.23853078484535217,
            "z": -0.11773832142353058
        },
        "12": {
            "x": 0.3992003798484802,
            "y": 0.16989067196846008,
            "z": -0.1338927149772644
        },
        "13": {
            "x": 0.36826902627944946,
            "y": 0.47745662927627563,
            "z": -0.07428646087646484
        },
        "14": {
            "x": 0.34486275911331177,
            "y": 0.354564905166626,
            "z": -0.10701844841241837
        },
        "15": {
            "x": 0.32555586099624634,
            "y": 0.2743070721626282,
            "z": -0.13111457228660583
        },
        "16": {
            "x": 0.30991363525390625,
            "y": 0.20765277743339539,
            "z": -0.14697130024433136
        },
        "17": {
            "x": 0.32755786180496216,
            "y": 0.5224508047103882,
            "z": -0.08759500831365585
        },
        "18": {
            "x": 0.27550336718559265,
            "y": 0.45020022988319397,
            "z": -0.12113384157419205
        },
        "19": {
            "x": 0.24252896010875702,
            "y": 0.40046772360801697,
            "z": -0.1386384814977646
        },
        "20": {
            "x": 0.21761739253997803,
            "y": 0.35322442650794983,
            "z": -0.1485280841588974
        }
    }
}