{
    "Ничего": {
        "0": {
            "x": 0.3727213740348816,
            "y": 0.7363166213035583,
            "z": 7.024785304565739e-07
        },
        "1": {
            "x": 0.44757312536239624,
            "y": 0.7013530731201172,
            "z": -0.03905678540468216
        },
        "2": {
            "x": 0.5091687440872192,
            "y": 0.6390237212181091,
            "z": -0.06297463923692703
        },
        "3": {
            "x": 0.5652258992195129,
            "y": 0.5926790237426758,
            "z": -0.08449514210224152
        },
        "4": {
            "x": 0.6126776933670044,
            "y": 0.5529475808143616,
            "z": -0.10813293606042862
        },
        "5": {
            "x": 0.4662776589393616,
            "y": 0.4897840619087219,
            "z": -0.05216698721051216
        },
        "6": {
            "x": 0.5012620091438293,
            "y": 0.39030027389526367,
            "z": -0.09018099308013916
        },
        "7": {
            "x": 0.5227444171905518,
            "y": 0.3234109878540039,
            "z": -0.11927948892116547
        },
        "8": {
            "x": 0.5405516028404236,
            "y": 0.2621941864490509,
            "z": -0.14014363288879395
        },
        "9": {
            "x": 0.42023766040802,
            "y": 0.4743700921535492,
            "z": -0.05918446183204651
        },
        "10": {
            "x": 0.43541714549064636,
            "y": 0.34673136472702026,
            "z": -0.09359511733055115
        },
        "11": {
            "x": 0.4487321674823761,
            "y": 0.26579463481903076,
            "z": -0.12144138664007187
        },
        "12": {
            "x": 0.46076929569244385,
            "y": 0.19552645087242126,
            "z": -0.1412210762500763
        },
        "13": {
            "x": 0.3744796812534332,
            "y": 0.4952542185783386,
            "z": -0.0702010989189148
        },
        "14": {
            "x": 0.38093459606170654,
            "y": 0.38641396164894104,
            "z": -0.10642124712467194
        },
        "15": {
            "x": 0.39342448115348816,
            "y": 0.3119279742240906,
            "z": -0.13086086511611938
        },
        "16": {
            "x": 0.40844428539276123,
            "y": 0.24211379885673523,
            "z": -0.14700941741466522
        },
        "17": {
            "x": 0.3291943669319153,
            "y": 0.5395711660385132,
            "z": -0.08406306058168411
        },
        "18": {
            "x": 0.3212975859642029,
            "y": 0.46823516488075256,
            "z": -0.11956923454999924
        },
        "19": {
            "x": 0.32482796907424927,
            "y": 0.41841620206832886,
            "z": -0.13537293672561646
        },
        "20": {
            "x": 0.3341703414916992,
            "y": 0.36741286516189575,
            "z": -0.14490163326263428
        }
    }
}