{
    "Ничего": {
        "0": {
            "x": 0.42483872175216675,
            "y": 0.6611263155937195,
            "z": 6.868278319416277e-07
        },
        "1": {
            "x": 0.5034208297729492,
            "y": 0.6098242998123169,
            "z": -0.0184090007096529
        },
        "2": {
            "x": 0.5428661108016968,
            "y": 0.530066192150116,
            "z": -0.039542440325021744
        },
        "3": {
            "x": 0.569023609161377,
            "y": 0.4746973216533661,
            "z": -0.061494726687669754
        },
        "4": {
            "x": 0.5836495757102966,
            "y": 0.4191158413887024,
            "z": -0.08966604620218277
        },
        "5": {
            "x": 0.48983994126319885,
            "y": 0.41494834423065186,
            "z": -0.07387959212064743
        },
        "6": {
            "x": 0.5192167162895203,
            "y": 0.31643545627593994,
            "z": -0.12131533026695251
        },
        "7": {
            "x": 0.5393723249435425,
            "y": 0.245023712515831,
            "z": -0.15561814606189728
        },
        "8": {
            "x": 0.5595730543136597,
            "y": 0.1849381923675537,
            "z": -0.18265178799629211
        },
        "9": {
            "x": 0.45223402976989746,
            "y": 0.4284418225288391,
            "z": -0.09789693355560303
        },
        "10": {
            "x": 0.4586257338523865,
            "y": 0.31426292657852173,
            "z": -0.15104664862155914
        },
        "11": {
            "x": 0.4754609763622284,
            "y": 0.23946769535541534,
            "z": -0.19486528635025024
        },
        "12": {
            "x": 0.49348142743110657,
            "y": 0.17220667004585266,
            "z": -0.22857144474983215
        },
        "13": {
            "x": 0.41825294494628906,
            "y": 0.4741434156894684,
            "z": -0.12146051228046417
        },
        "14": {
            "x": 0.4092084765434265,
            "y": 0.3650251030921936,
            "z": -0.1778094619512558
        },
        "15": {
            "x": 0.40645965933799744,
            "y": 0.28792092204093933,
            "z": -0.22210675477981567
        },
        "16": {
            "x": 0.4064653217792511,
            "y": 0.21747882664203644,
            "z": -0.25440141558647156
        },
        "17": {
            "x": 0.3891330063343048,
            "y": 0.5393105149269104,
            "z": -0.14357814192771912
        },
        "18": {
            "x": 0.37332645058631897,
            "y": 0.483551025390625,
            "z": -0.20245295763015747
        },
        "19": {
            "x": 0.3684656322002411,
            "y": 0.4386351406574249,
            "z": -0.23758219182491302
        },
        "20": {
            "x": 0.36763131618499756,
            "y": 0.39115580916404724,
            "z": -0.2629055976867676
        }
    }
}