{
    "Ничего": {
        "0": {
            "x": 0.5145899057388306,
            "y": 0.8459616303443909,
            "z": 3.694222812100634e-07
        },
        "1": {
            "x": 0.4576535224914551,
            "y": 0.7590335011482239,
            "z": 0.03253007307648659
        },
        "2": {
            "x": 0.44169557094573975,
            "y": 0.6723242998123169,
            "z": 0.036643579602241516
        },
        "3": {
            "x": 0.45443016290664673,
            "y": 0.6053137183189392,
            "z": 0.03734637796878815
        },
        "4": {
            "x": 0.4831729829311371,
            "y": 0.5634962916374207,
            "z": 0.03816591948270798
        },
        "5": {
            "x": 0.4477767050266266,
            "y": 0.6220816969871521,
            "z": -0.02923591248691082
        },
        "6": {
            "x": 0.42166367173194885,
            "y": 0.4811623692512512,
            "z": -0.046972472220659256
        },
        "7": {
            "x": 0.4314998388290405,
            "y": 0.41086962819099426,
            "z": -0.04571981728076935
        },
        "8": {
            "x": 0.4487927258014679,
            "y": 0.3715202510356903,
            "z": -0.03832435607910156
        },
        "9": {
            "x": 0.4944745898246765,
            "y": 0.6254238486289978,
            "z": -0.048784997314214706
        },
        "10": {
            "x": 0.4960499107837677,
            "y": 0.46545493602752686,
            "z": -0.06736043840646744
        },
        "11": {
            "x": 0.5124750733375549,
            "y": 0.39697539806365967,
            "z": -0.058135632425546646
        },
        "12": {
            "x": 0.527990996837616,
            "y": 0.3741089701652527,
            "z": -0.043368108570575714
        },
        "13": {
            "x": 0.5451851487159729,
            "y": 0.6446195840835571,
            "z": -0.0626809224486351
        },
        "14": {
            "x": 0.5658248066902161,
            "y": 0.49490994215011597,
            "z": -0.07538320869207382
        },
        "15": {
            "x": 0.5795201659202576,
            "y": 0.439779669046402,
            "z": -0.059496890753507614
        },
        "16": {
            "x": 0.5859282612800598,
            "y": 0.4198159873485565,
            "z": -0.04106520116329193
        },
        "17": {
            "x": 0.5966468453407288,
            "y": 0.6807342767715454,
            "z": -0.07224948704242706
        },
        "18": {
            "x": 0.633350133895874,
            "y": 0.5744953155517578,
            "z": -0.07132063060998917
        },
        "19": {
            "x": 0.6422525644302368,
            "y": 0.5354781746864319,
            "z": -0.05258956551551819
        },
        "20": {
            "x": 0.6422454118728638,
            "y": 0.5166917443275452,
            "z": -0.03299790993332863
        }
    }
}