{
    "Ничего": {
        "0": {
            "x": 0.48802614212036133,
            "y": 0.8265689611434937,
            "z": 4.921406002722506e-07
        },
        "1": {
            "x": 0.4320787191390991,
            "y": 0.75761878490448,
            "z": -0.006593796890228987
        },
        "2": {
            "x": 0.39254865050315857,
            "y": 0.6686015129089355,
            "z": -0.01659144088625908
        },
        "3": {
            "x": 0.35697680711746216,
            "y": 0.599981963634491,
            "z": -0.026786815375089645
        },
        "4": {
            "x": 0.3166697323322296,
            "y": 0.5647056102752686,
            "z": -0.0394761748611927
        },
        "5": {
            "x": 0.4537820816040039,
            "y": 0.5846879482269287,
            "z": -0.03522590175271034
        },
        "6": {
            "x": 0.439730167388916,
            "y": 0.4569277763366699,
            "z": -0.055135246366262436
        },
        "7": {
            "x": 0.43484777212142944,
            "y": 0.3794099986553192,
            "z": -0.06500600278377533
        },
        "8": {
            "x": 0.4319026470184326,
            "y": 0.3198450207710266,
            "z": -0.07139485329389572
        },
        "9": {
            "x": 0.49898749589920044,
            "y": 0.5846443772315979,
            "z": -0.0474054291844368
        },
        "10": {
            "x": 0.5115299820899963,
            "y": 0.44125813245773315,
            "z": -0.06558161228895187
        },
        "11": {
            "x": 0.5159333944320679,
            "y": 0.35102224349975586,
            "z": -0.0772743746638298
        },
        "12": {
            "x": 0.5174841284751892,
            "y": 0.28454411029815674,
            "z": -0.08503526449203491
        },
        "13": {
            "x": 0.5427225828170776,
            "y": 0.6065949201583862,
            "z": -0.05940105393528938
        },
        "14": {
            "x": 0.5711685419082642,
            "y": 0.4795830547809601,
            "z": -0.08319904655218124
        },
        "15": {
            "x": 0.5857653021812439,
            "y": 0.3946104049682617,
            "z": -0.1027403175830841
        },
        "16": {
            "x": 0.5951743721961975,
            "y": 0.32606709003448486,
            "z": -0.11541984230279922
        },
        "17": {
            "x": 0.5824218988418579,
            "y": 0.6450815796852112,
            "z": -0.07005693018436432
        },
        "18": {
            "x": 0.6359869241714478,
            "y": 0.5746967196464539,
            "z": -0.09449320286512375
        },
        "19": {
            "x": 0.6695888638496399,
            "y": 0.5272977948188782,
            "z": -0.10771209001541138
        },
        "20": {
            "x": 0.6959922313690186,
            "y": 0.4843094050884247,
            "z": -0.11556638032197952
        }
    }
}