{
    "Ничего": {
        "0": {
            "x": 0.584884524345398,
            "y": 0.8301784992218018,
            "z": 6.276421800066601e-07
        },
        "1": {
            "x": 0.6425618529319763,
            "y": 0.7597908973693848,
            "z": -0.03128192201256752
        },
        "2": {
            "x": 0.68527752161026,
            "y": 0.6797026991844177,
            "z": -0.05425568297505379
        },
        "3": {
            "x": 0.7295578122138977,
            "y": 0.6225998997688293,
            "z": -0.0780850201845169
        },
        "4": {
            "x": 0.771327018737793,
            "y": 0.5754767656326294,
            "z": -0.10236591100692749
        },
        "5": {
            "x": 0.5907803177833557,
            "y": 0.5496163368225098,
            "z": -0.02675604820251465
        },
        "6": {
            "x": 0.5908661484718323,
            "y": 0.4447284936904907,
            "z": -0.05393010005354881
        },
        "7": {
            "x": 0.5919719338417053,
            "y": 0.3818303048610687,
            "z": -0.07698721438646317
        },
        "8": {
            "x": 0.5925055742263794,
            "y": 0.32567206025123596,
            "z": -0.09395930171012878
        },
        "9": {
            "x": 0.5479157567024231,
            "y": 0.5563110709190369,
            "z": -0.03433254361152649
        },
        "10": {
            "x": 0.5193997025489807,
            "y": 0.4423810541629791,
            "z": -0.05741095542907715
        },
        "11": {
            "x": 0.505884051322937,
            "y": 0.37002941966056824,
            "z": -0.07773129642009735
        },
        "12": {
            "x": 0.49394285678863525,
            "y": 0.31167465448379517,
            "z": -0.09274546056985855
        },
        "13": {
            "x": 0.5159159302711487,
            "y": 0.5886541604995728,
            "z": -0.04680966958403587
        },
        "14": {
            "x": 0.47438764572143555,
            "y": 0.49163326621055603,
            "z": -0.07060249894857407
        },
        "15": {
            "x": 0.4484802186489105,
            "y": 0.42632246017456055,
            "z": -0.08913600444793701
        },
        "16": {
            "x": 0.42786896228790283,
            "y": 0.36616313457489014,
            "z": -0.10175440460443497
        },
        "17": {
            "x": 0.49467140436172485,
            "y": 0.6421170234680176,
            "z": -0.06266770511865616
        },
        "18": {
            "x": 0.44616129994392395,
            "y": 0.585641086101532,
            "z": -0.08643800765275955
        },
        "19": {
            "x": 0.4136761426925659,
            "y": 0.5428669452667236,
            "z": -0.09840155392885208
        },
        "20": {
            "x": 0.38532060384750366,
            "y": 0.4987013638019562,
            "z": -0.10570384562015533
        }
    }
}