{
    "Ничего": {
        "0": {
            "x": 0.5060510635375977,
            "y": 0.8255326747894287,
            "z": 4.1791815874603344e-07
        },
        "1": {
            "x": 0.43685367703437805,
            "y": 0.7720044851303101,
            "z": -0.01140841469168663
        },
        "2": {
            "x": 0.38438352942466736,
            "y": 0.7047301530838013,
            "z": -0.025038449093699455
        },
        "3": {
            "x": 0.3496427536010742,
            "y": 0.6457226276397705,
            "z": -0.03756976127624512
        },
        "4": {
            "x": 0.3329973518848419,
            "y": 0.5874478816986084,
            "z": -0.05098660662770271
        },
        "5": {
            "x": 0.4549872577190399,
            "y": 0.5936069488525391,
            "z": -0.04276740550994873
        },
        "6": {
            "x": 0.4285610616207123,
            "y": 0.4621896743774414,
            "z": -0.06555821746587753
        },
        "7": {
            "x": 0.4164541959762573,
            "y": 0.38649654388427734,
            "z": -0.0771467313170433
        },
        "8": {
            "x": 0.41017261147499084,
            "y": 0.3273458480834961,
            "z": -0.08377798646688461
        },
        "9": {
            "x": 0.5018400549888611,
            "y": 0.5874864459037781,
            "z": -0.052110880613327026
        },
        "10": {
            "x": 0.494436115026474,
            "y": 0.4415314495563507,
            "z": -0.07394372671842575
        },
        "11": {
            "x": 0.48975178599357605,
            "y": 0.3519784212112427,
            "z": -0.08706159889698029
        },
        "12": {
            "x": 0.48662588000297546,
            "y": 0.28490498661994934,
            "z": -0.09533306211233139
        },
        "13": {
            "x": 0.5480023622512817,
            "y": 0.6013001203536987,
            "z": -0.061609458178281784
        },
        "14": {
            "x": 0.5630849003791809,
            "y": 0.4686254560947418,
            "z": -0.08795317262411118
        },
        "15": {
            "x": 0.5718923807144165,
            "y": 0.3830150365829468,
            "z": -0.10637593269348145
        },
        "16": {
            "x": 0.5778197050094604,
            "y": 0.316480427980423,
            "z": -0.11685392260551453
        },
        "17": {
            "x": 0.5904243588447571,
            "y": 0.6317211985588074,
            "z": -0.07007220387458801
        },
        "18": {
            "x": 0.6340477466583252,
            "y": 0.5403059720993042,
            "z": -0.09520275890827179
        },
        "19": {
            "x": 0.6608493328094482,
            "y": 0.4818957448005676,
            "z": -0.10708422213792801
        },
        "20": {
            "x": 0.6821937561035156,
            "y": 0.4305310845375061,
            "z": -0.11276586353778839
        }
    }
}