{
    "Ничего": {
        "0": {
            "x": 0.509033203125,
            "y": 0.8258506059646606,
            "z": 4.087725073986803e-07
        },
        "1": {
            "x": 0.4404837191104889,
            "y": 0.7731639742851257,
            "z": -0.01253843680024147
        },
        "2": {
            "x": 0.3882881700992584,
            "y": 0.7049654722213745,
            "z": -0.027056174352765083
        },
        "3": {
            "x": 0.3525097370147705,
            "y": 0.6431251764297485,
            "z": -0.04026845097541809
        },
        "4": {
            "x": 0.3292995095252991,
            "y": 0.5852480530738831,
            "z": -0.054363202303647995
        },
        "5": {
            "x": 0.458438515663147,
            "y": 0.5931822657585144,
            "z": -0.04389281943440437
        },
        "6": {
            "x": 0.43188002705574036,
            "y": 0.4625738263130188,
            "z": -0.06671687960624695
        },
        "7": {
            "x": 0.41892603039741516,
            "y": 0.38784438371658325,
            "z": -0.07889610528945923
        },
        "8": {
            "x": 0.41096174716949463,
            "y": 0.3288883864879608,
            "z": -0.08629860728979111
        },
        "9": {
            "x": 0.5040935277938843,
            "y": 0.5877206325531006,
            "z": -0.05283508077263832
        },
        "10": {
            "x": 0.49589067697525024,
            "y": 0.4422360062599182,
            "z": -0.07445036619901657
        },
        "11": {
            "x": 0.4892030954360962,
            "y": 0.35410982370376587,
            "z": -0.08789587765932083
        },
        "12": {
            "x": 0.48342522978782654,
            "y": 0.28772851824760437,
            "z": -0.09698617458343506
        },
        "13": {
            "x": 0.5488689541816711,
            "y": 0.601646363735199,
            "z": -0.061942920088768005
        },
        "14": {
            "x": 0.5659975409507751,
            "y": 0.4656863510608673,
            "z": -0.08835340291261673
        },
        "15": {
            "x": 0.5754104852676392,
            "y": 0.3807564377784729,
            "z": -0.10690803825855255
        },
        "16": {
            "x": 0.5817177295684814,
            "y": 0.31463760137557983,
            "z": -0.11806041747331619
        },
        "17": {
            "x": 0.5905516147613525,
            "y": 0.6314663887023926,
            "z": -0.07008211314678192
        },
        "18": {
            "x": 0.6358515024185181,
            "y": 0.539814293384552,
            "z": -0.09602191299200058
        },
        "19": {
            "x": 0.6634136438369751,
            "y": 0.48154348134994507,
            "z": -0.10867233574390411
        },
        "20": {
            "x": 0.6849761605262756,
            "y": 0.42932379245758057,
            "z": -0.1152685284614563
        }
    }
}