{
    "Ничего": {
        "0": {
            "x": 0.5557510256767273,
            "y": 0.8825765252113342,
            "z": 6.824342904110381e-07
        },
        "1": {
            "x": 0.608345627784729,
            "y": 0.7655661702156067,
            "z": 0.010570155456662178
        },
        "2": {
            "x": 0.6123199462890625,
            "y": 0.6634884476661682,
            "z": 0.01055593229830265
        },
        "3": {
            "x": 0.6123208403587341,
            "y": 0.5921539664268494,
            "z": 0.004098956007510424
        },
        "4": {
            "x": 0.6103089451789856,
            "y": 0.5318787097930908,
            "z": -0.0020720341708511114
        },
        "5": {
            "x": 0.5276103615760803,
            "y": 0.5947141647338867,
            "z": 0.01013029832392931
        },
        "6": {
            "x": 0.5617519021034241,
            "y": 0.48648232221603394,
            "z": -0.010554059408605099
        },
        "7": {
            "x": 0.5892651081085205,
            "y": 0.4086097776889801,
            "z": -0.02964787185192108
        },
        "8": {
            "x": 0.6105004549026489,
            "y": 0.3489949405193329,
            "z": -0.04272253066301346
        },
        "9": {
            "x": 0.5172831416130066,
            "y": 0.6053433418273926,
            "z": -0.010269800201058388
        },
        "10": {
            "x": 0.5583235621452332,
            "y": 0.4758143424987793,
            "z": -0.02684396505355835
        },
        "11": {
            "x": 0.58858323097229,
            "y": 0.3926352560520172,
            "z": -0.04138834774494171
        },
        "12": {
            "x": 0.6129615902900696,
            "y": 0.3270350396633148,
            "z": -0.05099117010831833
        },
        "13": {
            "x": 0.524944007396698,
            "y": 0.6324747800827026,
            "z": -0.03192627802491188
        },
        "14": {
            "x": 0.5685110688209534,
            "y": 0.5086909532546997,
            "z": -0.04896515607833862
        },
        "15": {
            "x": 0.5968425869941711,
            "y": 0.43217208981513977,
            "z": -0.059597164392471313
        },
        "16": {
            "x": 0.618798017501831,
            "y": 0.3746141791343689,
            "z": -0.06668651849031448
        },
        "17": {
            "x": 0.5502068400382996,
            "y": 0.6730223298072815,
            "z": -0.05349838733673096
        },
        "18": {
            "x": 0.5956143140792847,
            "y": 0.6049529314041138,
            "z": -0.06659579277038574
        },
        "19": {
            "x": 0.6188085079193115,
            "y": 0.561238706111908,
            "z": -0.06916232407093048
        },
        "20": {
            "x": 0.6370033025741577,
            "y": 0.5285815596580505,
            "z": -0.07004765421152115
        }
    }
}