{
    "Ничего": {
        "0": {
            "x": 0.5752592086791992,
            "y": 0.8539484739303589,
            "z": 5.587833129538922e-07
        },
        "1": {
            "x": 0.6227436065673828,
            "y": 0.7813168168067932,
            "z": -0.025531472638249397
        },
        "2": {
            "x": 0.6552019119262695,
            "y": 0.7069242596626282,
            "z": -0.04974022135138512
        },
        "3": {
            "x": 0.6916704177856445,
            "y": 0.6521884799003601,
            "z": -0.07702042162418365
        },
        "4": {
            "x": 0.7179526090621948,
            "y": 0.6033555269241333,
            "z": -0.10197791457176208
        },
        "5": {
            "x": 0.5688095092773438,
            "y": 0.6063200235366821,
            "z": -0.01860910840332508
        },
        "6": {
            "x": 0.6067459583282471,
            "y": 0.5508573055267334,
            "z": -0.07058762013912201
        },
        "7": {
            "x": 0.6506240367889404,
            "y": 0.5741952657699585,
            "z": -0.11227856576442719
        },
        "8": {
            "x": 0.6847966909408569,
            "y": 0.6055488586425781,
            "z": -0.13261239230632782
        },
        "9": {
            "x": 0.5271694660186768,
            "y": 0.5990686416625977,
            "z": -0.029915031045675278
        },
        "10": {
            "x": 0.5231576561927795,
            "y": 0.4835822284221649,
            "z": -0.06268293410539627
        },
        "11": {
            "x": 0.5391473770141602,
            "y": 0.41456472873687744,
            "z": -0.08568550646305084
        },
        "12": {
            "x": 0.5626316070556641,
            "y": 0.35840722918510437,
            "z": -0.09956329315900803
        },
        "13": {
            "x": 0.48839548230171204,
            "y": 0.6229171752929688,
            "z": -0.04895952716469765
        },
        "14": {
            "x": 0.45462706685066223,
            "y": 0.5252696871757507,
            "z": -0.07950978726148605
        },
        "15": {
            "x": 0.45374178886413574,
            "y": 0.46334803104400635,
            "z": -0.09731312096118927
        },
        "16": {
            "x": 0.46873939037323,
            "y": 0.4097190499305725,
            "z": -0.10571300983428955
        },
        "17": {
            "x": 0.4572433829307556,
            "y": 0.6721664071083069,
            "z": -0.07118315249681473
        },
        "18": {
            "x": 0.41611260175704956,
            "y": 0.6050781011581421,
            "z": -0.08907251060009003
        },
        "19": {
            "x": 0.4097496271133423,
            "y": 0.5570513010025024,
            "z": -0.0919194221496582
        },
        "20": {
            "x": 0.42134374380111694,
            "y": 0.5141786932945251,
            "z": -0.09218393266201019
        }
    }
}