{
    "Ничего": {
        "0": {
            "x": 0.5796180963516235,
            "y": 0.848261833190918,
            "z": 6.279398121478152e-07
        },
        "1": {
            "x": 0.637175977230072,
            "y": 0.7658029198646545,
            "z": -0.038227371871471405
        },
        "2": {
            "x": 0.6688483953475952,
            "y": 0.6691492199897766,
            "z": -0.060878533869981766
        },
        "3": {
            "x": 0.6959220170974731,
            "y": 0.5868884325027466,
            "z": -0.0812978520989418
        },
        "4": {
            "x": 0.7221041917800903,
            "y": 0.5169389843940735,
            "z": -0.10301818698644638
        },
        "5": {
            "x": 0.5612958073616028,
            "y": 0.5739302039146423,
            "z": -0.045033689588308334
        },
        "6": {
            "x": 0.5429606437683105,
            "y": 0.45935750007629395,
            "z": -0.07643307745456696
        },
        "7": {
            "x": 0.5271614789962769,
            "y": 0.39036819338798523,
            "z": -0.09933117777109146
        },
        "8": {
            "x": 0.5122411251068115,
            "y": 0.3315984904766083,
            "z": -0.11607280373573303
        },
        "9": {
            "x": 0.5184911489486694,
            "y": 0.5980256199836731,
            "z": -0.04908720776438713
        },
        "10": {
            "x": 0.47384965419769287,
            "y": 0.4826269745826721,
            "z": -0.07944779098033905
        },
        "11": {
            "x": 0.44479691982269287,
            "y": 0.40846043825149536,
            "z": -0.1046147495508194
        },
        "12": {
            "x": 0.42059218883514404,
            "y": 0.34824755787849426,
            "z": -0.12230278551578522
        },
        "13": {
            "x": 0.4924670457839966,
            "y": 0.6459522843360901,
            "z": -0.056830231100320816
        },
        "14": {
            "x": 0.44506773352622986,
            "y": 0.5523349046707153,
            "z": -0.08802010118961334
        },
        "15": {
            "x": 0.4185173809528351,
            "y": 0.4888104796409607,
            "z": -0.10999724268913269
        },
        "16": {
            "x": 0.3978714346885681,
            "y": 0.4305045008659363,
            "z": -0.12459412217140198
        },
        "17": {
            "x": 0.47819405794143677,
            "y": 0.7092100977897644,
            "z": -0.06757260859012604
        },
        "18": {
            "x": 0.44339698553085327,
            "y": 0.6588802337646484,
            "z": -0.09933830052614212
        },
        "19": {
            "x": 0.4243965744972229,
            "y": 0.6156100630760193,
            "z": -0.11554673314094543
        },
        "20": {
            "x": 0.4090145528316498,
            "y": 0.5689029693603516,
            "z": -0.12519998848438263
        }
    }
}