{
    "Ничего": {
        "0": {
            "x": 0.5852845311164856,
            "y": 0.8543466329574585,
            "z": 8.163584652720601e-07
        },
        "1": {
            "x": 0.6423705220222473,
            "y": 0.7961533665657043,
            "z": -0.04389401525259018
        },
        "2": {
            "x": 0.6905001997947693,
            "y": 0.7228353023529053,
            "z": -0.07616021484136581
        },
        "3": {
            "x": 0.7425155639648438,
            "y": 0.6633743643760681,
            "z": -0.10664539784193039
        },
        "4": {
            "x": 0.7921746373176575,
            "y": 0.618848979473114,
            "z": -0.13716810941696167
        },
        "5": {
            "x": 0.6020618677139282,
            "y": 0.5988603234291077,
            "z": -0.050843495875597
        },
        "6": {
            "x": 0.6314221024513245,
            "y": 0.5140522718429565,
            "z": -0.0879349559545517
        },
        "7": {
            "x": 0.6518421173095703,
            "y": 0.45800068974494934,
            "z": -0.1159721314907074
        },
        "8": {
            "x": 0.6640854477882385,
            "y": 0.4102628231048584,
            "z": -0.13502052426338196
        },
        "9": {
            "x": 0.5495620369911194,
            "y": 0.5911597013473511,
            "z": -0.055380284786224365
        },
        "10": {
            "x": 0.5359261631965637,
            "y": 0.46240347623825073,
            "z": -0.08625050634145737
        },
        "11": {
            "x": 0.525790810585022,
            "y": 0.3819102346897125,
            "z": -0.1078248843550682
        },
        "12": {
            "x": 0.5092726945877075,
            "y": 0.31463858485221863,
            "z": -0.12294192612171173
        },
        "13": {
            "x": 0.5066143870353699,
            "y": 0.6207789182662964,
            "z": -0.06539851427078247
        },
        "14": {
            "x": 0.46131932735443115,
            "y": 0.5229781866073608,
            "z": -0.09931685775518417
        },
        "15": {
            "x": 0.4329245090484619,
            "y": 0.4597439169883728,
            "z": -0.1228175163269043
        },
        "16": {
            "x": 0.40768325328826904,
            "y": 0.4017243981361389,
            "z": -0.13707230985164642
        },
        "17": {
            "x": 0.47429874539375305,
            "y": 0.6778140068054199,
            "z": -0.07891948521137238
        },
        "18": {
            "x": 0.4150601923465729,
            "y": 0.6227335929870605,
            "z": -0.10913675278425217
        },
        "19": {
            "x": 0.3767056167125702,
            "y": 0.5890918970108032,
            "z": -0.12243614345788956
        },
        "20": {
            "x": 0.34281766414642334,
            "y": 0.5534489154815674,
            "z": -0.13035129010677338
        }
    }
}