{
    "Ничего": {
        "0": {
            "x": 0.5860521197319031,
            "y": 0.843174934387207,
            "z": 7.358908078458626e-07
        },
        "1": {
            "x": 0.6349626779556274,
            "y": 0.772067129611969,
            "z": -0.029881704598665237
        },
        "2": {
            "x": 0.6673913598060608,
            "y": 0.6922207474708557,
            "z": -0.05014106258749962
        },
        "3": {
            "x": 0.6895483732223511,
            "y": 0.6263702511787415,
            "z": -0.07016508281230927
        },
        "4": {
            "x": 0.7022783756256104,
            "y": 0.5625994801521301,
            "z": -0.09088192880153656
        },
        "5": {
            "x": 0.5708102583885193,
            "y": 0.5802772641181946,
            "z": -0.028443720191717148
        },
        "6": {
            "x": 0.5888490080833435,
            "y": 0.4807816743850708,
            "z": -0.056928567588329315
        },
        "7": {
            "x": 0.6033782362937927,
            "y": 0.4176567792892456,
            "z": -0.08086023479700089
        },
        "8": {
            "x": 0.6186328530311584,
            "y": 0.3650585114955902,
            "z": -0.0970890000462532
        },
        "9": {
            "x": 0.5261799097061157,
            "y": 0.5886436104774475,
            "z": -0.033814866095781326
        },
        "10": {
            "x": 0.498153418302536,
            "y": 0.48325228691101074,
            "z": -0.05794798955321312
        },
        "11": {
            "x": 0.505132257938385,
            "y": 0.41514623165130615,
            "z": -0.07691749185323715
        },
        "12": {
            "x": 0.5223391056060791,
            "y": 0.3642491400241852,
            "z": -0.09068275988101959
        },
        "13": {
            "x": 0.49554991722106934,
            "y": 0.6264351010322571,
            "z": -0.04369104653596878
        },
        "14": {
            "x": 0.4539249837398529,
            "y": 0.5295682549476624,
            "z": -0.07347317785024643
        },
        "15": {
            "x": 0.4673835337162018,
            "y": 0.4716867208480835,
            "z": -0.09093300998210907
        },
        "16": {
            "x": 0.49263501167297363,
            "y": 0.4314272403717041,
            "z": -0.10116776823997498
        },
        "17": {
            "x": 0.4758809804916382,
            "y": 0.6841857433319092,
            "z": -0.0559711791574955
        },
        "18": {
            "x": 0.4447513222694397,
            "y": 0.6189286112785339,
            "z": -0.08597850799560547
        },
        "19": {
            "x": 0.4644824266433716,
            "y": 0.5837494730949402,
            "z": -0.09632232040166855
        },
        "20": {
            "x": 0.4980449676513672,
            "y": 0.567712664604187,
            "z": -0.10067735612392426
        }
    }
}