{
    "Ничего": {
        "0": {
            "x": 0.6008049845695496,
            "y": 0.845971405506134,
            "z": 6.821364877396263e-07
        },
        "1": {
            "x": 0.6599184274673462,
            "y": 0.778104305267334,
            "z": -0.0411551333963871
        },
        "2": {
            "x": 0.7045578360557556,
            "y": 0.6968039870262146,
            "z": -0.07024088501930237
        },
        "3": {
            "x": 0.748822808265686,
            "y": 0.6312469840049744,
            "z": -0.09737040847539902
        },
        "4": {
            "x": 0.7899719476699829,
            "y": 0.5779261589050293,
            "z": -0.12505504488945007
        },
        "5": {
            "x": 0.607903242111206,
            "y": 0.5738606452941895,
            "z": -0.05258311703801155
        },
        "6": {
            "x": 0.6104854941368103,
            "y": 0.45815494656562805,
            "z": -0.08457726240158081
        },
        "7": {
            "x": 0.6048176288604736,
            "y": 0.39035236835479736,
            "z": -0.10730943083763123
        },
        "8": {
            "x": 0.5950173735618591,
            "y": 0.33307382464408875,
            "z": -0.12382257729768753
        },
        "9": {
            "x": 0.5568357706069946,
            "y": 0.5860718488693237,
            "z": -0.05694343149662018
        },
        "10": {
            "x": 0.5298781991004944,
            "y": 0.463238000869751,
            "z": -0.0858997106552124
        },
        "11": {
            "x": 0.510185182094574,
            "y": 0.38928288221359253,
            "z": -0.10677433013916016
        },
        "12": {
            "x": 0.4889729619026184,
            "y": 0.3311738967895508,
            "z": -0.12178067117929459
        },
        "13": {
            "x": 0.5173449516296387,
            "y": 0.6266377568244934,
            "z": -0.06552297621965408
        },
        "14": {
            "x": 0.46868693828582764,
            "y": 0.5289298892021179,
            "z": -0.09459099173545837
        },
        "15": {
            "x": 0.4360543489456177,
            "y": 0.46438735723495483,
            "z": -0.11554250121116638
        },
        "16": {
            "x": 0.40821850299835205,
            "y": 0.40604299306869507,
            "z": -0.1296890676021576
        },
        "17": {
            "x": 0.4903072118759155,
            "y": 0.6877616047859192,
            "z": -0.07751912623643875
        },
        "18": {
            "x": 0.42773929238319397,
            "y": 0.6388869881629944,
            "z": -0.1064237654209137
        },
        "19": {
            "x": 0.38617613911628723,
            "y": 0.6064867973327637,
            "z": -0.1207587867975235
        },
        "20": {
            "x": 0.3498392403125763,
            "y": 0.5708698630332947,
            "z": -0.1292835772037506
        }
    }
}