{
    "Ничего": {
        "0": {
            "x": 0.6075186133384705,
            "y": 0.8438157439231873,
            "z": 6.05940385867143e-07
        },
        "1": {
            "x": 0.6643301844596863,
            "y": 0.8078736066818237,
            "z": -0.04745655506849289
        },
        "2": {
            "x": 0.7096035480499268,
            "y": 0.7587364315986633,
            "z": -0.08275572955608368
        },
        "3": {
            "x": 0.7633138298988342,
            "y": 0.7292808294296265,
            "z": -0.11556479334831238
        },
        "4": {
            "x": 0.8161747455596924,
            "y": 0.7037720680236816,
            "z": -0.15201878547668457
        },
        "5": {
            "x": 0.6266404390335083,
            "y": 0.6645562648773193,
            "z": -0.08063703030347824
        },
        "6": {
            "x": 0.6288856863975525,
            "y": 0.5632065534591675,
            "z": -0.11662236601114273
        },
        "7": {
            "x": 0.6296657919883728,
            "y": 0.49804896116256714,
            "z": -0.1421349048614502
        },
        "8": {
            "x": 0.6261983513832092,
            "y": 0.436361163854599,
            "z": -0.1622045934200287
        },
        "9": {
            "x": 0.5762224197387695,
            "y": 0.6842536330223083,
            "z": -0.08291293680667877
        },
        "10": {
            "x": 0.5519750714302063,
            "y": 0.5993155241012573,
            "z": -0.1154780238866806
        },
        "11": {
            "x": 0.5366560220718384,
            "y": 0.5419400334358215,
            "z": -0.13707789778709412
        },
        "12": {
            "x": 0.5176439881324768,
            "y": 0.4881872832775116,
            "z": -0.15591055154800415
        },
        "13": {
            "x": 0.5353579521179199,
            "y": 0.7286971211433411,
            "z": -0.08803418278694153
        },
        "14": {
            "x": 0.4871012568473816,
            "y": 0.6568838357925415,
            "z": -0.12069758027791977
        },
        "15": {
            "x": 0.45334917306900024,
            "y": 0.6093577742576599,
            "z": -0.14025865495204926
        },
        "16": {
            "x": 0.42223280668258667,
            "y": 0.5590018630027771,
            "z": -0.15600687265396118
        },
        "17": {
            "x": 0.5066782236099243,
            "y": 0.7888268232345581,
            "z": -0.0970272421836853
        },
        "18": {
            "x": 0.44627344608306885,
            "y": 0.7589095234870911,
            "z": -0.12956051528453827
        },
        "19": {
            "x": 0.4071628451347351,
            "y": 0.7434431314468384,
            "z": -0.14406447112560272
        },
        "20": {
            "x": 0.3715044856071472,
            "y": 0.7211827635765076,
            "z": -0.1548212766647339
        }
    }
}