{
    "Ничего": {
        "0": {
            "x": 0.5882081389427185,
            "y": 0.8196556568145752,
            "z": 7.949930704853614e-07
        },
        "1": {
            "x": 0.650135338306427,
            "y": 0.7688915729522705,
            "z": -0.04117552191019058
        },
        "2": {
            "x": 0.6977831125259399,
            "y": 0.7094544172286987,
            "z": -0.07444759458303452
        },
        "3": {
            "x": 0.7522897124290466,
            "y": 0.6704860925674438,
            "z": -0.10603685677051544
        },
        "4": {
            "x": 0.8044143915176392,
            "y": 0.6389890909194946,
            "z": -0.14068521559238434
        },
        "5": {
            "x": 0.6114433407783508,
            "y": 0.5671886205673218,
            "z": -0.0603642463684082
        },
        "6": {
            "x": 0.6138501763343811,
            "y": 0.4568687081336975,
            "z": -0.09855204075574875
        },
        "7": {
            "x": 0.6100648045539856,
            "y": 0.39206835627555847,
            "z": -0.12547200918197632
        },
        "8": {
            "x": 0.6045571565628052,
            "y": 0.33730027079582214,
            "z": -0.14479316771030426
        },
        "9": {
            "x": 0.5729033946990967,
            "y": 0.5791781544685364,
            "z": -0.0675647035241127
        },
        "10": {
            "x": 0.5573557615280151,
            "y": 0.4565933346748352,
            "z": -0.10320193320512772
        },
        "11": {
            "x": 0.5471718311309814,
            "y": 0.3803437352180481,
            "z": -0.1314253807067871
        },
        "12": {
            "x": 0.5369786620140076,
            "y": 0.3189299702644348,
            "z": -0.1514173001050949
        },
        "13": {
            "x": 0.5420020222663879,
            "y": 0.6213500499725342,
            "z": -0.07830898463726044
        },
        "14": {
            "x": 0.5122944712638855,
            "y": 0.5148617625236511,
            "z": -0.11425376683473587
        },
        "15": {
            "x": 0.49664005637168884,
            "y": 0.4473429024219513,
            "z": -0.1412014365196228
        },
        "16": {
            "x": 0.4843696653842926,
            "y": 0.38536494970321655,
            "z": -0.1595899909734726
        },
        "17": {
            "x": 0.5180909633636475,
            "y": 0.6837265491485596,
            "z": -0.09156100451946259
        },
        "18": {
            "x": 0.49586448073387146,
            "y": 0.6292612552642822,
            "z": -0.12649622559547424
        },
        "19": {
            "x": 0.48572826385498047,
            "y": 0.5869030356407166,
            "z": -0.14473797380924225
        },
        "20": {
            "x": 0.47792336344718933,
            "y": 0.5421556234359741,
            "z": -0.15644530951976776
        }
    }
}