{
    "Ничего": {
        "0": {
            "x": 0.5388951301574707,
            "y": 0.8338542580604553,
            "z": 7.316195933526615e-07
        },
        "1": {
            "x": 0.4660608172416687,
            "y": 0.7800993323326111,
            "z": -0.026431793347001076
        },
        "2": {
            "x": 0.4143046736717224,
            "y": 0.7028030157089233,
            "z": -0.054122112691402435
        },
        "3": {
            "x": 0.3674192726612091,
            "y": 0.6390702724456787,
            "z": -0.07396665960550308
        },
        "4": {
            "x": 0.32232213020324707,
            "y": 0.6032975316047668,
            "z": -0.09403771907091141
        },
        "5": {
            "x": 0.4740474224090576,
            "y": 0.6248961687088013,
            "z": -0.08239328861236572
        },
        "6": {
            "x": 0.48230865597724915,
            "y": 0.481651246547699,
            "z": -0.11086281388998032
        },
        "7": {
            "x": 0.4896540939807892,
            "y": 0.39951348304748535,
            "z": -0.12368234246969223
        },
        "8": {
            "x": 0.49912208318710327,
            "y": 0.3391197919845581,
            "z": -0.12716521322727203
        },
        "9": {
            "x": 0.5310326814651489,
            "y": 0.620517909526825,
            "z": -0.07305636256933212
        },
        "10": {
            "x": 0.5470167398452759,
            "y": 0.46255505084991455,
            "z": -0.09318552166223526
        },
        "11": {
            "x": 0.552720844745636,
            "y": 0.37127214670181274,
            "z": -0.09709880501031876
        },
        "12": {
            "x": 0.5553357005119324,
            "y": 0.30515673756599426,
            "z": -0.09728355705738068
        },
        "13": {
            "x": 0.5750448107719421,
            "y": 0.6262195110321045,
            "z": -0.06013841927051544
        },
        "14": {
            "x": 0.5684822797775269,
            "y": 0.502508282661438,
            "z": -0.06994154304265976
        },
        "15": {
            "x": 0.5554345846176147,
            "y": 0.4335210919380188,
            "z": -0.06621531397104263
        },
        "16": {
            "x": 0.5431154370307922,
            "y": 0.39066994190216064,
            "z": -0.061651360243558884
        },
        "17": {
            "x": 0.6021530032157898,
            "y": 0.6359897255897522,
            "z": -0.04766983538866043
        },
        "18": {
            "x": 0.5800092220306396,
            "y": 0.5499275922775269,
            "z": -0.049290597438812256
        },
        "19": {
            "x": 0.5612077713012695,
            "y": 0.5103337168693542,
            "z": -0.038820572197437286
        },
        "20": {
            "x": 0.5471550226211548,
            "y": 0.48144614696502686,
            "z": -0.02865198254585266
        }
    }
}