{
    "Ничего": {
        "0": {
            "x": 0.7451288104057312,
            "y": 0.3758280873298645,
            "z": 1.0897671245402307e-06
        },
        "1": {
            "x": 0.8400662541389465,
            "y": 0.4416149854660034,
            "z": 0.014389906078577042
        },
        "2": {
            "x": 0.907080888748169,
            "y": 0.5493993163108826,
            "z": -0.008522739633917809
        },
        "3": {
            "x": 0.9281506538391113,
            "y": 0.6589378118515015,
            "z": -0.036912210285663605
        },
        "4": {
            "x": 0.9264163970947266,
            "y": 0.7531662583351135,
            "z": -0.06785248219966888
        },
        "5": {
            "x": 0.9728951454162598,
            "y": 0.5546901226043701,
            "z": -0.07337096333503723
        },
        "6": {
            "x": 0.9962643384933472,
            "y": 0.7453289031982422,
            "z": -0.11980177462100983
        },
        "7": {
            "x": 0.9770159721374512,
            "y": 0.8529635667800903,
            "z": -0.14279311895370483
        },
        "8": {
            "x": 0.9563764333724976,
            "y": 0.9230283498764038,
            "z": -0.154082790017128
        },
        "9": {
            "x": 0.9297869205474854,
            "y": 0.5269799828529358,
            "z": -0.1056046113371849
        },
        "10": {
            "x": 0.9644131064414978,
            "y": 0.7535566091537476,
            "z": -0.14958694577217102
        },
        "11": {
            "x": 0.944524347782135,
            "y": 0.8762056231498718,
            "z": -0.16113373637199402
        },
        "12": {
            "x": 0.9203600883483887,
            "y": 0.9526171684265137,
            "z": -0.1663413643836975
        },
        "13": {
            "x": 0.8663952350616455,
            "y": 0.5175707936286926,
            "z": -0.13347479701042175
        },
        "14": {
            "x": 0.897704005241394,
            "y": 0.7415611743927002,
            "z": -0.16939151287078857
        },
        "15": {
            "x": 0.8766764998435974,
            "y": 0.8685626983642578,
            "z": -0.16995656490325928
        },
        "16": {
            "x": 0.8578387498855591,
            "y": 0.9434386491775513,
            "z": -0.16669607162475586
        },
        "17": {
            "x": 0.7978520393371582,
            "y": 0.5238467454910278,
            "z": -0.15884527564048767
        },
        "18": {
            "x": 0.8137456178665161,
            "y": 0.7091803550720215,
            "z": -0.17663471400737762
        },
        "19": {
            "x": 0.8035818934440613,
            "y": 0.8081061840057373,
            "z": -0.16875454783439636
        },
        "20": {
            "x": 0.7947567105293274,
            "y": 0.8689932823181152,
            "z": -0.16108141839504242
        }
    }
}