{
    "Ничего": {
        "0": {
            "x": 0.3643708825111389,
            "y": 0.4624326229095459,
            "z": 5.208123639022233e-07
        },
        "1": {
            "x": 0.4380953907966614,
            "y": 0.4944498538970947,
            "z": -0.02193676121532917
        },
        "2": {
            "x": 0.5096527934074402,
            "y": 0.49602198600769043,
            "z": -0.0517662949860096
        },
        "3": {
            "x": 0.5597551465034485,
            "y": 0.4992613196372986,
            "z": -0.08514323830604553
        },
        "4": {
            "x": 0.6055335998535156,
            "y": 0.5087454915046692,
            "z": -0.12106349319219589
        },
        "5": {
            "x": 0.5403451919555664,
            "y": 0.3457914888858795,
            "z": -0.060841888189315796
        },
        "6": {
            "x": 0.6155202984809875,
            "y": 0.2975001931190491,
            "z": -0.11851216107606888
        },
        "7": {
            "x": 0.6574562788009644,
            "y": 0.3388168215751648,
            "z": -0.1599162071943283
        },
        "8": {
            "x": 0.6824392080307007,
            "y": 0.39604490995407104,
            "z": -0.18488988280296326
        },
        "9": {
            "x": 0.5055477023124695,
            "y": 0.3174446225166321,
            "z": -0.08041322231292725
        },
        "10": {
            "x": 0.5849643349647522,
            "y": 0.2513306438922882,
            "z": -0.1368100792169571
        },
        "11": {
            "x": 0.6276394724845886,
            "y": 0.3131400942802429,
            "z": -0.17226503789424896
        },
        "12": {
            "x": 0.6475726962089539,
            "y": 0.3801514506340027,
            "z": -0.19290761649608612
        },
        "13": {
            "x": 0.4612884819507599,
            "y": 0.31308963894844055,
            "z": -0.10180230438709259
        },
        "14": {
            "x": 0.5235699415206909,
            "y": 0.27863770723342896,
            "z": -0.15842494368553162
        },
        "15": {
            "x": 0.5600006580352783,
            "y": 0.3632771074771881,
            "z": -0.1795627474784851
        },
        "16": {
            "x": 0.5777856111526489,
            "y": 0.43686163425445557,
            "z": -0.18713706731796265
        },
        "17": {
            "x": 0.41359633207321167,
            "y": 0.3319741189479828,
            "z": -0.1240662932395935
        },
        "18": {
            "x": 0.4590405225753784,
            "y": 0.33797186613082886,
            "z": -0.17130973935127258
        },
        "19": {
            "x": 0.48719891905784607,
            "y": 0.40192610025405884,
            "z": -0.18438109755516052
        },
        "20": {
            "x": 0.5024318099021912,
            "y": 0.45975783467292786,
            "z": -0.18831589818000793
        }
    }
}