{
    "Ничего": {
        "0": {
            "x": 0.2917465567588806,
            "y": 0.7003094553947449,
            "z": 9.75821649262798e-07
        },
        "1": {
            "x": 0.37857866287231445,
            "y": 0.619037389755249,
            "z": 0.015473897568881512
        },
        "2": {
            "x": 0.4770563244819641,
            "y": 0.5924090147018433,
            "z": -0.0038267895579338074
        },
        "3": {
            "x": 0.5557845830917358,
            "y": 0.6132201552391052,
            "z": -0.028757698833942413
        },
        "4": {
            "x": 0.615067720413208,
            "y": 0.6547783017158508,
            "z": -0.05381086468696594
        },
        "5": {
            "x": 0.5073121786117554,
            "y": 0.5477139353752136,
            "z": -0.06596574932336807
        },
        "6": {
            "x": 0.6494331359863281,
            "y": 0.5502987504005432,
            "z": -0.11358843743801117
        },
        "7": {
            "x": 0.7175130844116211,
            "y": 0.6068143844604492,
            "z": -0.1354834884405136
        },
        "8": {
            "x": 0.7499812841415405,
            "y": 0.6655991077423096,
            "z": -0.14331601560115814
        },
        "9": {
            "x": 0.4833351969718933,
            "y": 0.5919910669326782,
            "z": -0.09594997763633728
        },
        "10": {
            "x": 0.6472710967063904,
            "y": 0.6181187033653259,
            "z": -0.141311377286911
        },
        "11": {
            "x": 0.7198412418365479,
            "y": 0.6920020580291748,
            "z": -0.15141838788986206
        },
        "12": {
            "x": 0.750573992729187,
            "y": 0.7566601037979126,
            "z": -0.15219126641750336
        },
        "13": {
            "x": 0.45535987615585327,
            "y": 0.659054160118103,
            "z": -0.12199689447879791
        },
        "14": {
            "x": 0.6110399961471558,
            "y": 0.699565052986145,
            "z": -0.15528076887130737
        },
        "15": {
            "x": 0.6753481030464172,
            "y": 0.7774059176445007,
            "z": -0.14982467889785767
        },
        "16": {
            "x": 0.7021960020065308,
            "y": 0.8384770154953003,
            "z": -0.14080089330673218
        },
        "17": {
            "x": 0.4293478727340698,
            "y": 0.7408312559127808,
            "z": -0.1461978703737259
        },
        "18": {
            "x": 0.5466269850730896,
            "y": 0.8003758192062378,
            "z": -0.16608180105686188
        },
        "19": {
            "x": 0.5996479392051697,
            "y": 0.8550765514373779,
            "z": -0.15859343111515045
        },
        "20": {
            "x": 0.630527675151825,
            "y": 0.8957524299621582,
            "z": -0.14808611571788788
        }
    }
}