{
    "Ничего": {
        "0": {
            "x": 0.37237828969955444,
            "y": 0.7307989001274109,
            "z": 5.97234929955448e-07
        },
        "1": {
            "x": 0.4667103886604309,
            "y": 0.7229271531105042,
            "z": -0.02061524987220764
        },
        "2": {
            "x": 0.5339610576629639,
            "y": 0.7138044238090515,
            "z": -0.06225183606147766
        },
        "3": {
            "x": 0.5806953310966492,
            "y": 0.7243178486824036,
            "z": -0.10834947228431702
        },
        "4": {
            "x": 0.6147637367248535,
            "y": 0.7349417209625244,
            "z": -0.15816853940486908
        },
        "5": {
            "x": 0.5089995861053467,
            "y": 0.5441197156906128,
            "z": -0.09874194860458374
        },
        "6": {
            "x": 0.5635391473770142,
            "y": 0.49209100008010864,
            "z": -0.1763063371181488
        },
        "7": {
            "x": 0.6041777729988098,
            "y": 0.5523192882537842,
            "z": -0.2268284559249878
        },
        "8": {
            "x": 0.6296309232711792,
            "y": 0.6197177767753601,
            "z": -0.25581854581832886
        },
        "9": {
            "x": 0.44715559482574463,
            "y": 0.5490344166755676,
            "z": -0.12663941085338593
        },
        "10": {
            "x": 0.4918958246707916,
            "y": 0.5223941802978516,
            "z": -0.20948995649814606
        },
        "11": {
            "x": 0.5432494878768921,
            "y": 0.6086443662643433,
            "z": -0.24716107547283173
        },
        "12": {
            "x": 0.5719026327133179,
            "y": 0.6817693114280701,
            "z": -0.26693668961524963
        },
        "13": {
            "x": 0.39171189069747925,
            "y": 0.5897167921066284,
            "z": -0.15567222237586975
        },
        "14": {
            "x": 0.4257095754146576,
            "y": 0.5948648452758789,
            "z": -0.22942082583904266
        },
        "15": {
            "x": 0.48081129789352417,
            "y": 0.6756999492645264,
            "z": -0.2503427565097809
        },
        "16": {
            "x": 0.5123963952064514,
            "y": 0.7406694889068604,
            "z": -0.25659477710723877
        },
        "17": {
            "x": 0.34654396772384644,
            "y": 0.6544114351272583,
            "z": -0.18519042432308197
        },
        "18": {
            "x": 0.3772110939025879,
            "y": 0.6865732073783875,
            "z": -0.23840241134166718
        },
        "19": {
            "x": 0.41925668716430664,
            "y": 0.7441594004631042,
            "z": -0.25172358751296997
        },
        "20": {
            "x": 0.44706079363822937,
            "y": 0.7898543477058411,
            "z": -0.2567562460899353
        }
    }
}