{
    "Ничего": {
        "0": {
            "x": 0.5852016806602478,
            "y": 0.48825323581695557,
            "z": 7.876867016420874e-07
        },
        "1": {
            "x": 0.6624424457550049,
            "y": 0.5921384692192078,
            "z": -0.007307460531592369
        },
        "2": {
            "x": 0.7341330051422119,
            "y": 0.6684983372688293,
            "z": -0.04152793437242508
        },
        "3": {
            "x": 0.7797017097473145,
            "y": 0.7351945042610168,
            "z": -0.08265179395675659
        },
        "4": {
            "x": 0.8220258951187134,
            "y": 0.790795087814331,
            "z": -0.12885251641273499
        },
        "5": {
            "x": 0.8395005464553833,
            "y": 0.5243321657180786,
            "z": -0.07922587543725967
        },
        "6": {
            "x": 0.9344028830528259,
            "y": 0.5682961344718933,
            "z": -0.14954133331775665
        },
        "7": {
            "x": 0.962022066116333,
            "y": 0.6459271907806396,
            "z": -0.19883260130882263
        },
        "8": {
            "x": 0.9677664041519165,
            "y": 0.715255856513977,
            "z": -0.22987283766269684
        },
        "9": {
            "x": 0.8076562881469727,
            "y": 0.46259021759033203,
            "z": -0.1152593344449997
        },
        "10": {
            "x": 0.9001479744911194,
            "y": 0.544112503528595,
            "z": -0.19456516206264496
        },
        "11": {
            "x": 0.8929242491722107,
            "y": 0.6611379384994507,
            "z": -0.23872430622577667
        },
        "12": {
            "x": 0.8645763993263245,
            "y": 0.7394433617591858,
            "z": -0.2627609968185425
        },
        "13": {
            "x": 0.7506197094917297,
            "y": 0.4275081753730774,
            "z": -0.15067622065544128
        },
        "14": {
            "x": 0.8220885396003723,
            "y": 0.5112188458442688,
            "z": -0.2259337455034256
        },
        "15": {
            "x": 0.815965473651886,
            "y": 0.634337306022644,
            "z": -0.25598475337028503
        },
        "16": {
            "x": 0.7955331802368164,
            "y": 0.7178080081939697,
            "z": -0.26809263229370117
        },
        "17": {
            "x": 0.6781852841377258,
            "y": 0.414032518863678,
            "z": -0.18429990112781525
        },
        "18": {
            "x": 0.7092363834381104,
            "y": 0.5060471296310425,
            "z": -0.24235336482524872
        },
        "19": {
            "x": 0.7045164704322815,
            "y": 0.6021909713745117,
            "z": -0.2606538236141205
        },
        "20": {
            "x": 0.6900917291641235,
            "y": 0.6733629107475281,
            "z": -0.26840758323669434
        }
    }
}