{
    "Ничего": {
        "0": {
            "x": 0.28935253620147705,
            "y": 0.3263918459415436,
            "z": 2.1832298102708592e-07
        },
        "1": {
            "x": 0.34409651160240173,
            "y": 0.3609279990196228,
            "z": -0.034012310206890106
        },
        "2": {
            "x": 0.39817333221435547,
            "y": 0.37805038690567017,
            "z": -0.06617762893438339
        },
        "3": {
            "x": 0.42725759744644165,
            "y": 0.4143778085708618,
            "z": -0.10178816318511963
        },
        "4": {
            "x": 0.4399605691432953,
            "y": 0.4515880346298218,
            "z": -0.13961873948574066
        },
        "5": {
            "x": 0.42699843645095825,
            "y": 0.2588967978954315,
            "z": -0.05827533081173897
        },
        "6": {
            "x": 0.4731905460357666,
            "y": 0.2123943418264389,
            "z": -0.11823349446058273
        },
        "7": {
            "x": 0.4794841408729553,
            "y": 0.24856090545654297,
            "z": -0.15740735828876495
        },
        "8": {
            "x": 0.47178637981414795,
            "y": 0.3084832429885864,
            "z": -0.176549032330513
        },
        "9": {
            "x": 0.3762297034263611,
            "y": 0.20667384564876556,
            "z": -0.06755390018224716
        },
        "10": {
            "x": 0.3935081660747528,
            "y": 0.19744297862052917,
            "z": -0.13226985931396484
        },
        "11": {
            "x": 0.3728525936603546,
            "y": 0.2868068516254425,
            "z": -0.15426665544509888
        },
        "12": {
            "x": 0.3497668504714966,
            "y": 0.3672836124897003,
            "z": -0.1571207195520401
        },
        "13": {
            "x": 0.3152329623699188,
            "y": 0.18038707971572876,
            "z": -0.08151963353157043
        },
        "14": {
            "x": 0.3067781925201416,
            "y": 0.20490019023418427,
            "z": -0.13837021589279175
        },
        "15": {
            "x": 0.284734845161438,
            "y": 0.299618124961853,
            "z": -0.13695503771305084
        },
        "16": {
            "x": 0.2667554020881653,
            "y": 0.3693530857563019,
            "z": -0.12278106063604355
        },
        "17": {
            "x": 0.25325196981430054,
            "y": 0.17516492307186127,
            "z": -0.09877955168485641
        },
        "18": {
            "x": 0.22921548783779144,
            "y": 0.2167232483625412,
            "z": -0.13615761697292328
        },
        "19": {
            "x": 0.21862609684467316,
            "y": 0.2906833291053772,
            "z": -0.13125459849834442
        },
        "20": {
            "x": 0.21438054740428925,
            "y": 0.3443009853363037,
            "z": -0.11859986186027527
        }
    }
}