{
    "Ничего": {
        "0": {
            "x": 0.4463454782962799,
            "y": 0.45484405755996704,
            "z": 4.384225462672475e-07
        },
        "1": {
            "x": 0.5286436676979065,
            "y": 0.5259137153625488,
            "z": -0.01771218702197075
        },
        "2": {
            "x": 0.6034466028213501,
            "y": 0.5686275959014893,
            "z": -0.053490813821554184
        },
        "3": {
            "x": 0.649921178817749,
            "y": 0.6080105304718018,
            "z": -0.09504730999469757
        },
        "4": {
            "x": 0.685935378074646,
            "y": 0.6485605239868164,
            "z": -0.13883750140666962
        },
        "5": {
            "x": 0.6641225218772888,
            "y": 0.41738876700401306,
            "z": -0.07531262934207916
        },
        "6": {
            "x": 0.7571950554847717,
            "y": 0.41305413842201233,
            "z": -0.14229106903076172
        },
        "7": {
            "x": 0.7694772481918335,
            "y": 0.4977474808692932,
            "z": -0.18872810900211334
        },
        "8": {
            "x": 0.7559658288955688,
            "y": 0.5637111663818359,
            "z": -0.21696694195270538
        },
        "9": {
            "x": 0.617858350276947,
            "y": 0.37288063764572144,
            "z": -0.10402494668960571
        },
        "10": {
            "x": 0.6987513303756714,
            "y": 0.3848024308681488,
            "z": -0.17352032661437988
        },
        "11": {
            "x": 0.6947084665298462,
            "y": 0.493873655796051,
            "z": -0.21049916744232178
        },
        "12": {
            "x": 0.6733010411262512,
            "y": 0.5498415231704712,
            "z": -0.23241883516311646
        },
        "13": {
            "x": 0.5558155179023743,
            "y": 0.35431012511253357,
            "z": -0.13415588438510895
        },
        "14": {
            "x": 0.6060293316841125,
            "y": 0.3812422752380371,
            "z": -0.1946953535079956
        },
        "15": {
            "x": 0.6060773730278015,
            "y": 0.4891809821128845,
            "z": -0.21058981120586395
        },
        "16": {
            "x": 0.592654824256897,
            "y": 0.5421203374862671,
            "z": -0.21746717393398285
        },
        "17": {
            "x": 0.48759859800338745,
            "y": 0.3617117404937744,
            "z": -0.16527125239372253
        },
        "18": {
            "x": 0.508543848991394,
            "y": 0.41402533650398254,
            "z": -0.20575444400310516
        },
        "19": {
            "x": 0.5124707221984863,
            "y": 0.4855174720287323,
            "z": -0.21186397969722748
        },
        "20": {
            "x": 0.5054227113723755,
            "y": 0.5184157490730286,
            "z": -0.2152373343706131
        }
    }
}