{
    "Ничего": {
        "0": {
            "x": 0.37391966581344604,
            "y": 0.5244227647781372,
            "z": 5.462111971610284e-07
        },
        "1": {
            "x": 0.43030285835266113,
            "y": 0.5746554136276245,
            "z": -0.031825337558984756
        },
        "2": {
            "x": 0.4899434447288513,
            "y": 0.6136058568954468,
            "z": -0.06464637815952301
        },
        "3": {
            "x": 0.5260555148124695,
            "y": 0.6505447626113892,
            "z": -0.10065186768770218
        },
        "4": {
            "x": 0.5414966940879822,
            "y": 0.6644881963729858,
            "z": -0.13725748658180237
        },
        "5": {
            "x": 0.5537564158439636,
            "y": 0.4573129713535309,
            "z": -0.061013154685497284
        },
        "6": {
            "x": 0.63899165391922,
            "y": 0.3919484615325928,
            "z": -0.12077691406011581
        },
        "7": {
            "x": 0.6579695343971252,
            "y": 0.44113463163375854,
            "z": -0.1594759225845337
        },
        "8": {
            "x": 0.6511105895042419,
            "y": 0.5108575820922852,
            "z": -0.1783803254365921
        },
        "9": {
            "x": 0.5019977688789368,
            "y": 0.4067816734313965,
            "z": -0.07549167424440384
        },
        "10": {
            "x": 0.5557149052619934,
            "y": 0.32866737246513367,
            "z": -0.13587483763694763
        },
        "11": {
            "x": 0.5592599511146545,
            "y": 0.4067245125770569,
            "z": -0.1620485931634903
        },
        "12": {
            "x": 0.546593427658081,
            "y": 0.4847581386566162,
            "z": -0.17063623666763306
        },
        "13": {
            "x": 0.43506962060928345,
            "y": 0.3850290775299072,
            "z": -0.09421321004629135
        },
        "14": {
            "x": 0.4636877775192261,
            "y": 0.3541026711463928,
            "z": -0.1510045975446701
        },
        "15": {
            "x": 0.4614684581756592,
            "y": 0.4477726221084595,
            "z": -0.16050922870635986
        },
        "16": {
            "x": 0.45145148038864136,
            "y": 0.5225973725318909,
            "z": -0.156416654586792
        },
        "17": {
            "x": 0.3656435012817383,
            "y": 0.39172011613845825,
            "z": -0.11527407914400101
        },
        "18": {
            "x": 0.3660348057746887,
            "y": 0.41126662492752075,
            "z": -0.15939898788928986
        },
        "19": {
            "x": 0.3655378222465515,
            "y": 0.4878368377685547,
            "z": -0.16372428834438324
        },
        "20": {
            "x": 0.3614991009235382,
            "y": 0.5449084639549255,
            "z": -0.15836764872074127
        }
    }
}