{
    "Ничего": {
        "0": {
            "x": 0.3934818506240845,
            "y": 0.8376216292381287,
            "z": -4.7579938211583794e-08
        },
        "1": {
            "x": 0.48748207092285156,
            "y": 0.8729256391525269,
            "z": -0.02339150756597519
        },
        "2": {
            "x": 0.5748665928840637,
            "y": 0.9031379222869873,
            "z": -0.05834702402353287
        },
        "3": {
            "x": 0.6333561539649963,
            "y": 0.9430963397026062,
            "z": -0.09939097613096237
        },
        "4": {
            "x": 0.667678713798523,
            "y": 0.9862937927246094,
            "z": -0.1410602331161499
        },
        "5": {
            "x": 0.6253963708877563,
            "y": 0.7359046936035156,
            "z": -0.06186266988515854
        },
        "6": {
            "x": 0.7175261378288269,
            "y": 0.7713046669960022,
            "z": -0.13268722593784332
        },
        "7": {
            "x": 0.7235366702079773,
            "y": 0.8780267238616943,
            "z": -0.17396587133407593
        },
        "8": {
            "x": 0.7048307657241821,
            "y": 0.9809210300445557,
            "z": -0.19038398563861847
        },
        "9": {
            "x": 0.5688037872314453,
            "y": 0.6849519610404968,
            "z": -0.0832001194357872
        },
        "10": {
            "x": 0.651140570640564,
            "y": 0.7130711078643799,
            "z": -0.15693773329257965
        },
        "11": {
            "x": 0.6432419419288635,
            "y": 0.8494573831558228,
            "z": -0.1817297339439392
        },
        "12": {
            "x": 0.6149188280105591,
            "y": 0.9646602869033813,
            "z": -0.18329539895057678
        },
        "13": {
            "x": 0.4977223873138428,
            "y": 0.6689253449440002,
            "z": -0.10802951455116272
        },
        "14": {
            "x": 0.5437294244766235,
            "y": 0.7381174564361572,
            "z": -0.1809753179550171
        },
        "15": {
            "x": 0.5324989557266235,
            "y": 0.8888389468193054,
            "z": -0.18626126646995544
        },
        "16": {
            "x": 0.5143510699272156,
            "y": 0.9945331811904907,
            "z": -0.17032751441001892
        },
        "17": {
            "x": 0.42316508293151855,
            "y": 0.6854615211486816,
            "z": -0.13367857038974762
        },
        "18": {
            "x": 0.4467996656894684,
            "y": 0.7655724287033081,
            "z": -0.180879145860672
        },
        "19": {
            "x": 0.44253602623939514,
            "y": 0.8708367347717285,
            "z": -0.17468930780887604
        },
        "20": {
            "x": 0.43017861247062683,
            "y": 0.9525038003921509,
            "z": -0.15759724378585815
        }
    }
}