{
    "Ничего": {
        "0": {
            "x": 0.4347270429134369,
            "y": 0.6898014545440674,
            "z": -1.1342126526869833e-06
        },
        "1": {
            "x": 0.3682619631290436,
            "y": 0.6775745153427124,
            "z": -0.026234999299049377
        },
        "2": {
            "x": 0.3082979619503021,
            "y": 0.6676451563835144,
            "z": -0.061598025262355804
        },
        "3": {
            "x": 0.269387423992157,
            "y": 0.6871028542518616,
            "z": -0.09756439924240112
        },
        "4": {
            "x": 0.2412421703338623,
            "y": 0.7116477489471436,
            "z": -0.13775940239429474
        },
        "5": {
            "x": 0.3554355204105377,
            "y": 0.5404893755912781,
            "z": -0.08015164732933044
        },
        "6": {
            "x": 0.2902330160140991,
            "y": 0.5840675830841064,
            "z": -0.13313065469264984
        },
        "7": {
            "x": 0.2508377432823181,
            "y": 0.6739987134933472,
            "z": -0.1721113920211792
        },
        "8": {
            "x": 0.226465106010437,
            "y": 0.7528833150863647,
            "z": -0.1936451941728592
        },
        "9": {
            "x": 0.41143500804901123,
            "y": 0.5616303086280823,
            "z": -0.09390496462583542
        },
        "10": {
            "x": 0.3455969989299774,
            "y": 0.6224183440208435,
            "z": -0.1390475183725357
        },
        "11": {
            "x": 0.29086554050445557,
            "y": 0.7260066866874695,
            "z": -0.15890800952911377
        },
        "12": {
            "x": 0.25686395168304443,
            "y": 0.8073725700378418,
            "z": -0.16998429596424103
        },
        "13": {
            "x": 0.46433407068252563,
            "y": 0.6083335876464844,
            "z": -0.10804067552089691
        },
        "14": {
            "x": 0.41462844610214233,
            "y": 0.6562570333480835,
            "z": -0.1539156436920166
        },
        "15": {
            "x": 0.3650127351284027,
            "y": 0.7473632097244263,
            "z": -0.15738868713378906
        },
        "16": {
            "x": 0.3325450122356415,
            "y": 0.8192631006240845,
            "z": -0.15404555201530457
        },
        "17": {
            "x": 0.506797730922699,
            "y": 0.6673411130905151,
            "z": -0.12297355383634567
        },
        "18": {
            "x": 0.48141494393348694,
            "y": 0.7288832068443298,
            "z": -0.15660737454891205
        },
        "19": {
            "x": 0.45262521505355835,
            "y": 0.7903857231140137,
            "z": -0.14988568425178528
        },
        "20": {
            "x": 0.43333113193511963,
            "y": 0.8344907760620117,
            "z": -0.1396874338388443
        }
    }
}