{
    "Ничего": {
        "0": {
            "x": 0.594233512878418,
            "y": 0.428861141204834,
            "z": 9.66226707532769e-07
        },
        "1": {
            "x": 0.6781392693519592,
            "y": 0.5281749367713928,
            "z": 0.004933709278702736
        },
        "2": {
            "x": 0.7539023756980896,
            "y": 0.5900825262069702,
            "z": -0.022105824202299118
        },
        "3": {
            "x": 0.8008805513381958,
            "y": 0.6605165004730225,
            "z": -0.05671180412173271
        },
        "4": {
            "x": 0.8390130400657654,
            "y": 0.7060168981552124,
            "z": -0.09457409381866455
        },
        "5": {
            "x": 0.8552104830741882,
            "y": 0.44186288118362427,
            "z": -0.07429975271224976
        },
        "6": {
            "x": 0.9641368389129639,
            "y": 0.5049117803573608,
            "z": -0.14252841472625732
        },
        "7": {
            "x": 0.9997599720954895,
            "y": 0.5969448089599609,
            "z": -0.1919458657503128
        },
        "8": {
            "x": 1.0089752674102783,
            "y": 0.6788051724433899,
            "z": -0.22366616129875183
        },
        "9": {
            "x": 0.823290228843689,
            "y": 0.40737184882164,
            "z": -0.11435060948133469
        },
        "10": {
            "x": 0.9446661472320557,
            "y": 0.4887414574623108,
            "z": -0.1840393990278244
        },
        "11": {
            "x": 0.974397599697113,
            "y": 0.6009044647216797,
            "z": -0.2328551560640335
        },
        "12": {
            "x": 0.977647602558136,
            "y": 0.6912896633148193,
            "z": -0.26585155725479126
        },
        "13": {
            "x": 0.7685874104499817,
            "y": 0.40051326155662537,
            "z": -0.15123042464256287
        },
        "14": {
            "x": 0.8642132878303528,
            "y": 0.4932572841644287,
            "z": -0.2201765924692154
        },
        "15": {
            "x": 0.8903442621231079,
            "y": 0.6125063896179199,
            "z": -0.2608823776245117
        },
        "16": {
            "x": 0.8985167145729065,
            "y": 0.7058477997779846,
            "z": -0.2850634455680847
        },
        "17": {
            "x": 0.7032531499862671,
            "y": 0.4207254648208618,
            "z": -0.18459561467170715
        },
        "18": {
            "x": 0.7476482391357422,
            "y": 0.5258873701095581,
            "z": -0.2386404126882553
        },
        "19": {
            "x": 0.7610164880752563,
            "y": 0.6188714504241943,
            "z": -0.26138249039649963
        },
        "20": {
            "x": 0.7638397216796875,
            "y": 0.6933092474937439,
            "z": -0.27582791447639465
        }
    }
}