{
    "Ничего": {
        "0": {
            "x": 0.503280758857727,
            "y": 0.3280741572380066,
            "z": 6.904733709234279e-07
        },
        "1": {
            "x": 0.5882301330566406,
            "y": 0.3851131796836853,
            "z": -0.015539780259132385
        },
        "2": {
            "x": 0.6634233593940735,
            "y": 0.408363938331604,
            "z": -0.044926878064870834
        },
        "3": {
            "x": 0.7084634304046631,
            "y": 0.4332934319972992,
            "z": -0.07897652685642242
        },
        "4": {
            "x": 0.7580483555793762,
            "y": 0.45818787813186646,
            "z": -0.11687243729829788
        },
        "5": {
            "x": 0.7216615676879883,
            "y": 0.28257429599761963,
            "z": -0.06571299582719803
        },
        "6": {
            "x": 0.8077722787857056,
            "y": 0.2658369243144989,
            "z": -0.12628401815891266
        },
        "7": {
            "x": 0.8445808291435242,
            "y": 0.32409974932670593,
            "z": -0.17227484285831451
        },
        "8": {
            "x": 0.8659420013427734,
            "y": 0.39045628905296326,
            "z": -0.2018062025308609
        },
        "9": {
            "x": 0.6875933408737183,
            "y": 0.24793380498886108,
            "z": -0.09192153066396713
        },
        "10": {
            "x": 0.7800379991531372,
            "y": 0.19745835661888123,
            "z": -0.15104544162750244
        },
        "11": {
            "x": 0.8144695162773132,
            "y": 0.2760041058063507,
            "z": -0.19472427666187286
        },
        "12": {
            "x": 0.8328251242637634,
            "y": 0.3545367121696472,
            "z": -0.22388285398483276
        },
        "13": {
            "x": 0.639333188533783,
            "y": 0.23247212171554565,
            "z": -0.11873812228441238
        },
        "14": {
            "x": 0.709019660949707,
            "y": 0.18925218284130096,
            "z": -0.1739497035741806
        },
        "15": {
            "x": 0.7445432543754578,
            "y": 0.2657773196697235,
            "z": -0.2058839201927185
        },
        "16": {
            "x": 0.7648244500160217,
            "y": 0.3364867568016052,
            "z": -0.22500988841056824
        },
        "17": {
            "x": 0.5832462310791016,
            "y": 0.23683848977088928,
            "z": -0.14581972360610962
        },
        "18": {
            "x": 0.6289289593696594,
            "y": 0.22312121093273163,
            "z": -0.19120214879512787
        },
        "19": {
            "x": 0.6568794250488281,
            "y": 0.2776550352573395,
            "z": -0.21120159327983856
        },
        "20": {
            "x": 0.6738079786300659,
            "y": 0.3334626257419586,
            "z": -0.22390227019786835
        }
    }
}