{
    "Ничего": {
        "0": {
            "x": 0.38523218035697937,
            "y": 0.3114320635795593,
            "z": 6.411617619050958e-07
        },
        "1": {
            "x": 0.4344117045402527,
            "y": 0.3565875291824341,
            "z": -0.0369022861123085
        },
        "2": {
            "x": 0.47713205218315125,
            "y": 0.38017764687538147,
            "z": -0.0794469565153122
        },
        "3": {
            "x": 0.5058013796806335,
            "y": 0.40831395983695984,
            "z": -0.12295189499855042
        },
        "4": {
            "x": 0.5265259146690369,
            "y": 0.44388705492019653,
            "z": -0.16982083022594452
        },
        "5": {
            "x": 0.5285467505455017,
            "y": 0.2576596438884735,
            "z": -0.09279241412878036
        },
        "6": {
            "x": 0.6012484431266785,
            "y": 0.23236659169197083,
            "z": -0.16220654547214508
        },
        "7": {
            "x": 0.6172112226486206,
            "y": 0.27704331278800964,
            "z": -0.20804370939731598
        },
        "8": {
            "x": 0.6178169250488281,
            "y": 0.338520884513855,
            "z": -0.2340773344039917
        },
        "9": {
            "x": 0.4846639931201935,
            "y": 0.21232734620571136,
            "z": -0.10918521881103516
        },
        "10": {
            "x": 0.5374985337257385,
            "y": 0.1699240505695343,
            "z": -0.18378010392189026
        },
        "11": {
            "x": 0.5451548099517822,
            "y": 0.23964199423789978,
            "z": -0.22308512032032013
        },
        "12": {
            "x": 0.5419813990592957,
            "y": 0.3094102442264557,
            "z": -0.24289502203464508
        },
        "13": {
            "x": 0.42916184663772583,
            "y": 0.19182336330413818,
            "z": -0.12849506735801697
        },
        "14": {
            "x": 0.4588698148727417,
            "y": 0.15621274709701538,
            "z": -0.20017674565315247
        },
        "15": {
            "x": 0.4592147767543793,
            "y": 0.2376159280538559,
            "z": -0.22856974601745605
        },
        "16": {
            "x": 0.4576670527458191,
            "y": 0.3093816637992859,
            "z": -0.2384125143289566
        },
        "17": {
            "x": 0.37176764011383057,
            "y": 0.1967848688364029,
            "z": -0.1489049792289734
        },
        "18": {
            "x": 0.36468303203582764,
            "y": 0.19384446740150452,
            "z": -0.20840635895729065
        },
        "19": {
            "x": 0.3639001250267029,
            "y": 0.2552304267883301,
            "z": -0.23186030983924866
        },
        "20": {
            "x": 0.36822813749313354,
            "y": 0.31227561831474304,
            "z": -0.24237225949764252
        }
    }
}