{
    "Ничего": {
        "0": {
            "x": 0.41527387499809265,
            "y": 0.3479054570198059,
            "z": 5.758668635280628e-07
        },
        "1": {
            "x": 0.47269588708877563,
            "y": 0.399527907371521,
            "z": -0.014018704183399677
        },
        "2": {
            "x": 0.5261178016662598,
            "y": 0.4237403869628906,
            "z": -0.038194186985492706
        },
        "3": {
            "x": 0.5668251514434814,
            "y": 0.4473460912704468,
            "z": -0.06589693576097488
        },
        "4": {
            "x": 0.5989527106285095,
            "y": 0.4818694591522217,
            "z": -0.09797380119562149
        },
        "5": {
            "x": 0.5734195709228516,
            "y": 0.3171272873878479,
            "z": -0.0607202872633934
        },
        "6": {
            "x": 0.6368972063064575,
            "y": 0.3106856942176819,
            "z": -0.11085379123687744
        },
        "7": {
            "x": 0.6596351265907288,
            "y": 0.3543863296508789,
            "z": -0.14545750617980957
        },
        "8": {
            "x": 0.664329469203949,
            "y": 0.41041815280914307,
            "z": -0.1663721799850464
        },
        "9": {
            "x": 0.5404855012893677,
            "y": 0.2799205183982849,
            "z": -0.08092392235994339
        },
        "10": {
            "x": 0.5955431461334229,
            "y": 0.24928316473960876,
            "z": -0.13098067045211792
        },
        "11": {
            "x": 0.616916835308075,
            "y": 0.3109087646007538,
            "z": -0.15874457359313965
        },
        "12": {
            "x": 0.6179751753807068,
            "y": 0.3742496073246002,
            "z": -0.17518164217472076
        },
        "13": {
            "x": 0.49173471331596375,
            "y": 0.26373961567878723,
            "z": -0.10182266682386398
        },
        "14": {
            "x": 0.5249614119529724,
            "y": 0.24547134339809418,
            "z": -0.15113113820552826
        },
        "15": {
            "x": 0.5364912152290344,
            "y": 0.3156384229660034,
            "z": -0.16778549551963806
        },
        "16": {
            "x": 0.5360912680625916,
            "y": 0.3740716874599457,
            "z": -0.17465755343437195
        },
        "17": {
            "x": 0.4368774890899658,
            "y": 0.26576346158981323,
            "z": -0.12274032086133957
        },
        "18": {
            "x": 0.4487663805484772,
            "y": 0.26952534914016724,
            "z": -0.16292940080165863
        },
        "19": {
            "x": 0.45407217741012573,
            "y": 0.3164770305156708,
            "z": -0.17341139912605286
        },
        "20": {
            "x": 0.4519071578979492,
            "y": 0.35720396041870117,
            "z": -0.17731550335884094
        }
    }
}