{
    "Ничего": {
        "0": {
            "x": 0.4306931495666504,
            "y": 0.30955955386161804,
            "z": 5.260311581878341e-07
        },
        "1": {
            "x": 0.4949670433998108,
            "y": 0.35343778133392334,
            "z": -0.020439503714442253
        },
        "2": {
            "x": 0.5524429082870483,
            "y": 0.3757483959197998,
            "z": -0.04659377038478851
        },
        "3": {
            "x": 0.5949182510375977,
            "y": 0.3956318497657776,
            "z": -0.07522457838058472
        },
        "4": {
            "x": 0.6233541369438171,
            "y": 0.41137224435806274,
            "z": -0.10723304003477097
        },
        "5": {
            "x": 0.5981757640838623,
            "y": 0.26424258947372437,
            "z": -0.06342054903507233
        },
        "6": {
            "x": 0.6702956557273865,
            "y": 0.23063233494758606,
            "z": -0.11221381276845932
        },
        "7": {
            "x": 0.6938859224319458,
            "y": 0.26461347937583923,
            "z": -0.14628739655017853
        },
        "8": {
            "x": 0.7032811045646667,
            "y": 0.31334617733955383,
            "z": -0.16661477088928223
        },
        "9": {
            "x": 0.5646457672119141,
            "y": 0.22400256991386414,
            "z": -0.08023714274168015
        },
        "10": {
            "x": 0.6334946155548096,
            "y": 0.1695304661989212,
            "z": -0.1272997409105301
        },
        "11": {
            "x": 0.6562647819519043,
            "y": 0.2199336737394333,
            "z": -0.1562589854001999
        },
        "12": {
            "x": 0.6607154011726379,
            "y": 0.27639341354370117,
            "z": -0.1742146909236908
        },
        "13": {
            "x": 0.5161935091018677,
            "y": 0.2011135071516037,
            "z": -0.09795264154672623
        },
        "14": {
            "x": 0.5673849582672119,
            "y": 0.1528351902961731,
            "z": -0.14499175548553467
        },
        "15": {
            "x": 0.5816043019294739,
            "y": 0.22050923109054565,
            "z": -0.16329196095466614
        },
        "16": {
            "x": 0.5804764628410339,
            "y": 0.28363311290740967,
            "z": -0.1717657446861267
        },
        "17": {
            "x": 0.45974206924438477,
            "y": 0.1920291781425476,
            "z": -0.11645501106977463
        },
        "18": {
            "x": 0.4826965630054474,
            "y": 0.17671339213848114,
            "z": -0.15782156586647034
        },
        "19": {
            "x": 0.49293053150177,
            "y": 0.2269212305545807,
            "z": -0.1707945615053177
        },
        "20": {
            "x": 0.49333858489990234,
            "y": 0.2784537076950073,
            "z": -0.17639411985874176
        }
    }
}