{
    "Ничего": {
        "0": {
            "x": 0.4489918351173401,
            "y": 0.33783745765686035,
            "z": 6.495764068858989e-07
        },
        "1": {
            "x": 0.5011579990386963,
            "y": 0.38437873125076294,
            "z": -0.01352169644087553
        },
        "2": {
            "x": 0.551466703414917,
            "y": 0.4080767035484314,
            "z": -0.034704070538282394
        },
        "3": {
            "x": 0.5855883359909058,
            "y": 0.43536144495010376,
            "z": -0.057674214243888855
        },
        "4": {
            "x": 0.6146308779716492,
            "y": 0.4725054204463959,
            "z": -0.08655756711959839
        },
        "5": {
            "x": 0.5930997133255005,
            "y": 0.3244883418083191,
            "z": -0.0581221878528595
        },
        "6": {
            "x": 0.6481339335441589,
            "y": 0.3248255252838135,
            "z": -0.09901072084903717
        },
        "7": {
            "x": 0.6836562752723694,
            "y": 0.33887600898742676,
            "z": -0.12924090027809143
        },
        "8": {
            "x": 0.7120282053947449,
            "y": 0.3628622591495514,
            "z": -0.14993692934513092
        },
        "9": {
            "x": 0.568881630897522,
            "y": 0.2934812307357788,
            "z": -0.07632862776517868
        },
        "10": {
            "x": 0.6226544976234436,
            "y": 0.27495723962783813,
            "z": -0.11515027284622192
        },
        "11": {
            "x": 0.6559231281280518,
            "y": 0.29259374737739563,
            "z": -0.1429256945848465
        },
        "12": {
            "x": 0.6819270849227905,
            "y": 0.31860002875328064,
            "z": -0.1635417640209198
        },
        "13": {
            "x": 0.5269849300384521,
            "y": 0.27331534028053284,
            "z": -0.09477157145738602
        },
        "14": {
            "x": 0.569473922252655,
            "y": 0.2425265610218048,
            "z": -0.13528241217136383
        },
        "15": {
            "x": 0.5899958610534668,
            "y": 0.2620619535446167,
            "z": -0.16030289232730865
        },
        "16": {
            "x": 0.6062120795249939,
            "y": 0.2870872914791107,
            "z": -0.17781482636928558
        },
        "17": {
            "x": 0.4765944182872772,
            "y": 0.2640121579170227,
            "z": -0.11266804486513138
        },
        "18": {
            "x": 0.49274957180023193,
            "y": 0.24551859498023987,
            "z": -0.15056811273097992
        },
        "19": {
            "x": 0.5037148594856262,
            "y": 0.2585515081882477,
            "z": -0.1684824377298355
        },
        "20": {
            "x": 0.5131556391716003,
            "y": 0.27644479274749756,
            "z": -0.18092094361782074
        }
    }
}