{
    "Ничего": {
        "0": {
            "x": 0.47510963678359985,
            "y": 0.50166255235672,
            "z": -2.9356715458561666e-07
        },
        "1": {
            "x": 0.6123448014259338,
            "y": 0.6197169423103333,
            "z": 0.004826780408620834
        },
        "2": {
            "x": 0.712323784828186,
            "y": 0.6670371294021606,
            "z": -0.019747087731957436
        },
        "3": {
            "x": 0.7934187054634094,
            "y": 0.7099694013595581,
            "z": -0.05257934331893921
        },
        "4": {
            "x": 0.8629018068313599,
            "y": 0.7519091367721558,
            "z": -0.07689788192510605
        },
        "5": {
            "x": 0.8043293356895447,
            "y": 0.4563668668270111,
            "z": -0.034310903400182724
        },
        "6": {
            "x": 0.8613942265510559,
            "y": 0.6516345739364624,
            "z": -0.07688750326633453
        },
        "7": {
            "x": 0.7922142744064331,
            "y": 0.7118045091629028,
            "z": -0.08444827049970627
        },
        "8": {
            "x": 0.7507151365280151,
            "y": 0.699154257774353,
            "z": -0.08567897975444794
        },
        "9": {
            "x": 0.7715806365013123,
            "y": 0.4338265061378479,
            "z": -0.06464727967977524
        },
        "10": {
            "x": 0.8170148730278015,
            "y": 0.6699396371841431,
            "z": -0.10642927885055542
        },
        "11": {
            "x": 0.7353068590164185,
            "y": 0.7116681337356567,
            "z": -0.09817574173212051
        },
        "12": {
            "x": 0.7016288638114929,
            "y": 0.6824976205825806,
            "z": -0.08918829262256622
        },
        "13": {
            "x": 0.7237589359283447,
            "y": 0.44006913900375366,
            "z": -0.09712612628936768
        },
        "14": {
            "x": 0.7619776725769043,
            "y": 0.6715441346168518,
            "z": -0.13509595394134521
        },
        "15": {
            "x": 0.6910400986671448,
            "y": 0.6972041726112366,
            "z": -0.11042743176221848
        },
        "16": {
            "x": 0.6574965715408325,
            "y": 0.6595800518989563,
            "z": -0.09067364037036896
        },
        "17": {
            "x": 0.6671604514122009,
            "y": 0.4678063988685608,
            "z": -0.13022218644618988
        },
        "18": {
            "x": 0.7008870244026184,
            "y": 0.6606577038764954,
            "z": -0.15203501284122467
        },
        "19": {
            "x": 0.6555931568145752,
            "y": 0.6973792314529419,
            "z": -0.13544099032878876
        },
        "20": {
            "x": 0.627308189868927,
            "y": 0.6777629852294922,
            "z": -0.12057045102119446
        }
    }
}