{
    "Ничего": {
        "0": {
            "x": 0.4486374258995056,
            "y": 0.47692444920539856,
            "z": 6.39916493128112e-07
        },
        "1": {
            "x": 0.5217607617378235,
            "y": 0.5256751179695129,
            "z": -0.02209688350558281
        },
        "2": {
            "x": 0.5970590114593506,
            "y": 0.542100727558136,
            "z": -0.04853131249547005
        },
        "3": {
            "x": 0.6514507532119751,
            "y": 0.5621256828308105,
            "z": -0.0758524015545845
        },
        "4": {
            "x": 0.7022393941879272,
            "y": 0.5825107097625732,
            "z": -0.10772157460451126
        },
        "5": {
            "x": 0.6097292304039001,
            "y": 0.42218226194381714,
            "z": -0.06937523931264877
        },
        "6": {
            "x": 0.6737679243087769,
            "y": 0.3963105082511902,
            "z": -0.1192542016506195
        },
        "7": {
            "x": 0.7188478112220764,
            "y": 0.4024438261985779,
            "z": -0.15607813000679016
        },
        "8": {
            "x": 0.7566986680030823,
            "y": 0.42075833678245544,
            "z": -0.18208923935890198
        },
        "9": {
            "x": 0.5785103440284729,
            "y": 0.39439839124679565,
            "z": -0.0863431841135025
        },
        "10": {
            "x": 0.6372423768043518,
            "y": 0.37786921858787537,
            "z": -0.1387103945016861
        },
        "11": {
            "x": 0.6769816875457764,
            "y": 0.4147096276283264,
            "z": -0.17317640781402588
        },
        "12": {
            "x": 0.7097792029380798,
            "y": 0.4554268419742584,
            "z": -0.197954460978508
        },
        "13": {
            "x": 0.5357085466384888,
            "y": 0.38418063521385193,
            "z": -0.10450161248445511
        },
        "14": {
            "x": 0.5828552842140198,
            "y": 0.37200087308883667,
            "z": -0.15510983765125275
        },
        "15": {
            "x": 0.6201134324073792,
            "y": 0.41261476278305054,
            "z": -0.18131808936595917
        },
        "16": {
            "x": 0.651629626750946,
            "y": 0.4555529057979584,
            "z": -0.19864241778850555
        },
        "17": {
            "x": 0.4865363836288452,
            "y": 0.39113089442253113,
            "z": -0.12355460971593857
        },
        "18": {
            "x": 0.5127345323562622,
            "y": 0.39315441250801086,
            "z": -0.16870515048503876
        },
        "19": {
            "x": 0.5368028879165649,
            "y": 0.4245742857456207,
            "z": -0.18990196287631989
        },
        "20": {
            "x": 0.5605071187019348,
            "y": 0.46079203486442566,
            "z": -0.20440395176410675
        }
    }
}