{
    "Ничего": {
        "0": {
            "x": 0.4380997121334076,
            "y": 0.469142884016037,
            "z": 5.967715992483136e-07
        },
        "1": {
            "x": 0.51954585313797,
            "y": 0.5195353031158447,
            "z": -0.0148415332660079
        },
        "2": {
            "x": 0.5943644642829895,
            "y": 0.5325984954833984,
            "z": -0.03291727602481842
        },
        "3": {
            "x": 0.6483559608459473,
            "y": 0.5346574783325195,
            "z": -0.05211116746068001
        },
        "4": {
            "x": 0.6988328099250793,
            "y": 0.5308973789215088,
            "z": -0.07518836855888367
        },
        "5": {
            "x": 0.6028028726577759,
            "y": 0.42759716510772705,
            "z": -0.05924934148788452
        },
        "6": {
            "x": 0.6654563546180725,
            "y": 0.4461537003517151,
            "z": -0.10235349088907242
        },
        "7": {
            "x": 0.7105437517166138,
            "y": 0.46612587571144104,
            "z": -0.1338496059179306
        },
        "8": {
            "x": 0.7487839460372925,
            "y": 0.4863898456096649,
            "z": -0.15581871569156647
        },
        "9": {
            "x": 0.5710071325302124,
            "y": 0.3960076868534088,
            "z": -0.07577310502529144
        },
        "10": {
            "x": 0.6141372323036194,
            "y": 0.4251234233379364,
            "z": -0.1204390600323677
        },
        "11": {
            "x": 0.6480310559272766,
            "y": 0.46531882882118225,
            "z": -0.1479361206293106
        },
        "12": {
            "x": 0.6762596368789673,
            "y": 0.49946776032447815,
            "z": -0.1681026816368103
        },
        "13": {
            "x": 0.5277164578437805,
            "y": 0.38900554180145264,
            "z": -0.09299401938915253
        },
        "14": {
            "x": 0.5617966651916504,
            "y": 0.42554786801338196,
            "z": -0.13751648366451263
        },
        "15": {
            "x": 0.5974360108375549,
            "y": 0.4657955765724182,
            "z": -0.1592274308204651
        },
        "16": {
            "x": 0.628101646900177,
            "y": 0.5024441480636597,
            "z": -0.1740681529045105
        },
        "17": {
            "x": 0.47907158732414246,
            "y": 0.4023006558418274,
            "z": -0.11078634858131409
        },
        "18": {
            "x": 0.5020560622215271,
            "y": 0.4472540616989136,
            "z": -0.15042594075202942
        },
        "19": {
            "x": 0.525297224521637,
            "y": 0.4866689145565033,
            "z": -0.1677771806716919
        },
        "20": {
            "x": 0.5474337935447693,
            "y": 0.52240389585495,
            "z": -0.1795194000005722
        }
    }
}