{
    "Ничего": {
        "0": {
            "x": 0.5374850630760193,
            "y": 0.42738819122314453,
            "z": 5.17585476700333e-07
        },
        "1": {
            "x": 0.611729085445404,
            "y": 0.45184433460235596,
            "z": 0.015214604325592518
        },
        "2": {
            "x": 0.6913414001464844,
            "y": 0.47445932030677795,
            "z": 0.006807693280279636
        },
        "3": {
            "x": 0.7429407835006714,
            "y": 0.5062675476074219,
            "z": -0.0066537754610180855
        },
        "4": {
            "x": 0.7810350656509399,
            "y": 0.5367618203163147,
            "z": -0.02460048906505108
        },
        "5": {
            "x": 0.716888964176178,
            "y": 0.4237340986728668,
            "z": -0.03855407238006592
        },
        "6": {
            "x": 0.7899688482284546,
            "y": 0.4514845609664917,
            "z": -0.07274208217859268
        },
        "7": {
            "x": 0.8449583649635315,
            "y": 0.46276408433914185,
            "z": -0.09638936817646027
        },
        "8": {
            "x": 0.89061039686203,
            "y": 0.4725910425186157,
            "z": -0.11458593606948853
        },
        "9": {
            "x": 0.6989623308181763,
            "y": 0.41896194219589233,
            "z": -0.0691797062754631
        },
        "10": {
            "x": 0.7879101037979126,
            "y": 0.448438435792923,
            "z": -0.1068584993481636
        },
        "11": {
            "x": 0.8525110483169556,
            "y": 0.4631449282169342,
            "z": -0.13320621848106384
        },
        "12": {
            "x": 0.9101002216339111,
            "y": 0.46935009956359863,
            "z": -0.15315751731395721
        },
        "13": {
            "x": 0.6667249798774719,
            "y": 0.42816928029060364,
            "z": -0.09668561816215515
        },
        "14": {
            "x": 0.7558271288871765,
            "y": 0.4525558650493622,
            "z": -0.13223284482955933
        },
        "15": {
            "x": 0.8141018152236938,
            "y": 0.4630412757396698,
            "z": -0.15397387742996216
        },
        "16": {
            "x": 0.8655843734741211,
            "y": 0.46367040276527405,
            "z": -0.1700689196586609
        },
        "17": {
            "x": 0.6284733414649963,
            "y": 0.4468103051185608,
            "z": -0.12136758118867874
        },
        "18": {
            "x": 0.6816394329071045,
            "y": 0.46485617756843567,
            "z": -0.15215030312538147
        },
        "19": {
            "x": 0.723868191242218,
            "y": 0.46672648191452026,
            "z": -0.1682831346988678
        },
        "20": {
            "x": 0.7640182971954346,
            "y": 0.4649718403816223,
            "z": -0.18123015761375427
        }
    }
}