{
    "Ничего": {
        "0": {
            "x": 0.5147377848625183,
            "y": 0.42798763513565063,
            "z": 4.184144302143977e-07
        },
        "1": {
            "x": 0.588798463344574,
            "y": 0.40488412976264954,
            "z": 0.019697997719049454
        },
        "2": {
            "x": 0.6545534729957581,
            "y": 0.4205363392829895,
            "z": 0.015624231658875942
        },
        "3": {
            "x": 0.6990209221839905,
            "y": 0.4425608515739441,
            "z": 0.0052269017323851585
        },
        "4": {
            "x": 0.7337261438369751,
            "y": 0.4754374027252197,
            "z": -0.007351525127887726
        },
        "5": {
            "x": 0.6920657753944397,
            "y": 0.4091752767562866,
            "z": -0.0026634344831109047
        },
        "6": {
            "x": 0.7602024078369141,
            "y": 0.45024868845939636,
            "z": -0.02445167675614357
        },
        "7": {
            "x": 0.809380292892456,
            "y": 0.4694966673851013,
            "z": -0.0429125614464283
        },
        "8": {
            "x": 0.8489630818367004,
            "y": 0.48856639862060547,
            "z": -0.05694274976849556
        },
        "9": {
            "x": 0.6838860511779785,
            "y": 0.42311927676200867,
            "z": -0.02967873029410839
        },
        "10": {
            "x": 0.7684535980224609,
            "y": 0.4494003355503082,
            "z": -0.050076574087142944
        },
        "11": {
            "x": 0.8284039497375488,
            "y": 0.4630291759967804,
            "z": -0.06800223886966705
        },
        "12": {
            "x": 0.8789656758308411,
            "y": 0.47213438153266907,
            "z": -0.08192898333072662
        },
        "13": {
            "x": 0.6618639230728149,
            "y": 0.4483748972415924,
            "z": -0.05517208203673363
        },
        "14": {
            "x": 0.7527791857719421,
            "y": 0.4602678418159485,
            "z": -0.07274548709392548
        },
        "15": {
            "x": 0.8095345497131348,
            "y": 0.46686026453971863,
            "z": -0.08349665254354477
        },
        "16": {
            "x": 0.8571462631225586,
            "y": 0.4695754051208496,
            "z": -0.09300048649311066
        },
        "17": {
            "x": 0.6340670585632324,
            "y": 0.4792698323726654,
            "z": -0.07899759709835052
        },
        "18": {
            "x": 0.6886860728263855,
            "y": 0.4779491722583771,
            "z": -0.09340885281562805
        },
        "19": {
            "x": 0.7294540405273438,
            "y": 0.4725727438926697,
            "z": -0.0985473170876503
        },
        "20": {
            "x": 0.7676994204521179,
            "y": 0.4695577025413513,
            "z": -0.10316925495862961
        }
    }
}