{
    "Ничего": {
        "0": {
            "x": 0.5257203578948975,
            "y": 0.474584698677063,
            "z": 4.7009203285597323e-07
        },
        "1": {
            "x": 0.5984485149383545,
            "y": 0.49942949414253235,
            "z": -0.014124833978712559
        },
        "2": {
            "x": 0.6758593320846558,
            "y": 0.4778473675251007,
            "z": -0.022175783291459084
        },
        "3": {
            "x": 0.7281842231750488,
            "y": 0.45426806807518005,
            "z": -0.031703103333711624
        },
        "4": {
            "x": 0.7707334160804749,
            "y": 0.4359329044818878,
            "z": -0.043689336627721786
        },
        "5": {
            "x": 0.7025843262672424,
            "y": 0.4020638167858124,
            "z": -0.021390093490481377
        },
        "6": {
            "x": 0.76042640209198,
            "y": 0.3824286162853241,
            "z": -0.050330113619565964
        },
        "7": {
            "x": 0.8029670715332031,
            "y": 0.3680301606655121,
            "z": -0.07390187680721283
        },
        "8": {
            "x": 0.8387596011161804,
            "y": 0.35494351387023926,
            "z": -0.09148027002811432
        },
        "9": {
            "x": 0.6799553036689758,
            "y": 0.37803080677986145,
            "z": -0.03507141396403313
        },
        "10": {
            "x": 0.7458493709564209,
            "y": 0.36244136095046997,
            "z": -0.0636737197637558
        },
        "11": {
            "x": 0.7931811809539795,
            "y": 0.35352659225463867,
            "z": -0.08709082752466202
        },
        "12": {
            "x": 0.8354135155677795,
            "y": 0.3446994423866272,
            "z": -0.10394546389579773
        },
        "13": {
            "x": 0.6438853144645691,
            "y": 0.3676537275314331,
            "z": -0.05162934586405754
        },
        "14": {
            "x": 0.7050999402999878,
            "y": 0.35180020332336426,
            "z": -0.08304591476917267
        },
        "15": {
            "x": 0.7469078898429871,
            "y": 0.3542878329753876,
            "z": -0.10023992508649826
        },
        "16": {
            "x": 0.7858930230140686,
            "y": 0.3570319414138794,
            "z": -0.11166857928037643
        },
        "17": {
            "x": 0.5974909067153931,
            "y": 0.36934202909469604,
            "z": -0.06931209564208984
        },
        "18": {
            "x": 0.6373395323753357,
            "y": 0.3621288239955902,
            "z": -0.10027138888835907
        },
        "19": {
            "x": 0.668134331703186,
            "y": 0.36636847257614136,
            "z": -0.11312157660722733
        },
        "20": {
            "x": 0.6979291439056396,
            "y": 0.37295055389404297,
            "z": -0.12118958681821823
        }
    }
}