{
    "Ничего": {
        "0": {
            "x": 0.4829567074775696,
            "y": 0.49197497963905334,
            "z": 6.838355375293759e-07
        },
        "1": {
            "x": 0.5669136643409729,
            "y": 0.4988512396812439,
            "z": -0.0038016082253307104
        },
        "2": {
            "x": 0.661396861076355,
            "y": 0.535021185874939,
            "z": -0.018323997035622597
        },
        "3": {
            "x": 0.7305939197540283,
            "y": 0.5669751763343811,
            "z": -0.03310946747660637
        },
        "4": {
            "x": 0.7870668172836304,
            "y": 0.5638496279716492,
            "z": -0.051262836903333664
        },
        "5": {
            "x": 0.6741276979446411,
            "y": 0.514942467212677,
            "z": -0.0625516027212143
        },
        "6": {
            "x": 0.7447694540023804,
            "y": 0.5982491374015808,
            "z": -0.10017699003219604
        },
        "7": {
            "x": 0.7925137877464294,
            "y": 0.6515051126480103,
            "z": -0.12186355143785477
        },
        "8": {
            "x": 0.8334650993347168,
            "y": 0.6947376132011414,
            "z": -0.13576391339302063
        },
        "9": {
            "x": 0.6370779275894165,
            "y": 0.5234637260437012,
            "z": -0.08202723413705826
        },
        "10": {
            "x": 0.7224950790405273,
            "y": 0.6208357214927673,
            "z": -0.11961697041988373
        },
        "11": {
            "x": 0.7802369594573975,
            "y": 0.6780681610107422,
            "z": -0.13841672241687775
        },
        "12": {
            "x": 0.8295192122459412,
            "y": 0.7242022752761841,
            "z": -0.15121091902256012
        },
        "13": {
            "x": 0.5924921631813049,
            "y": 0.5454784035682678,
            "z": -0.09966731816530228
        },
        "14": {
            "x": 0.6759752631187439,
            "y": 0.6372663974761963,
            "z": -0.13426640629768372
        },
        "15": {
            "x": 0.7324554324150085,
            "y": 0.6877098679542542,
            "z": -0.1497335582971573
        },
        "16": {
            "x": 0.7812645435333252,
            "y": 0.724085807800293,
            "z": -0.15897366404533386
        },
        "17": {
            "x": 0.5430946350097656,
            "y": 0.5803797245025635,
            "z": -0.11612315475940704
        },
        "18": {
            "x": 0.6076321005821228,
            "y": 0.653067946434021,
            "z": -0.14475318789482117
        },
        "19": {
            "x": 0.6536476612091064,
            "y": 0.68612140417099,
            "z": -0.15679146349430084
        },
        "20": {
            "x": 0.6939560174942017,
            "y": 0.710117518901825,
            "z": -0.16447021067142487
        }
    }
}