{
    "Ничего": {
        "0": {
            "x": 0.3971768319606781,
            "y": 0.4719070792198181,
            "z": 7.281990974661312e-07
        },
        "1": {
            "x": 0.4413836896419525,
            "y": 0.49265938997268677,
            "z": -0.03235643357038498
        },
        "2": {
            "x": 0.48181164264678955,
            "y": 0.494934618473053,
            "z": -0.05922568216919899
        },
        "3": {
            "x": 0.5097814202308655,
            "y": 0.4914998710155487,
            "z": -0.08416225016117096
        },
        "4": {
            "x": 0.5353960990905762,
            "y": 0.483436644077301,
            "z": -0.11155800521373749
        },
        "5": {
            "x": 0.509750485420227,
            "y": 0.38662341237068176,
            "z": -0.055696092545986176
        },
        "6": {
            "x": 0.5490469932556152,
            "y": 0.34963470697402954,
            "z": -0.09431473165750504
        },
        "7": {
            "x": 0.5828201770782471,
            "y": 0.3412419855594635,
            "z": -0.12330568581819534
        },
        "8": {
            "x": 0.6148943305015564,
            "y": 0.3427286446094513,
            "z": -0.14059285819530487
        },
        "9": {
            "x": 0.48128455877304077,
            "y": 0.3608495891094208,
            "z": -0.05836286395788193
        },
        "10": {
            "x": 0.520740270614624,
            "y": 0.31643617153167725,
            "z": -0.08957433700561523
        },
        "11": {
            "x": 0.5586074590682983,
            "y": 0.2973998785018921,
            "z": -0.11131491512060165
        },
        "12": {
            "x": 0.5940726399421692,
            "y": 0.2881627678871155,
            "z": -0.12643319368362427
        },
        "13": {
            "x": 0.44570931792259216,
            "y": 0.34794479608535767,
            "z": -0.06404589116573334
        },
        "14": {
            "x": 0.47805729508399963,
            "y": 0.29762446880340576,
            "z": -0.09166616946458817
        },
        "15": {
            "x": 0.5116904377937317,
            "y": 0.27461180090904236,
            "z": -0.10534980893135071
        },
        "16": {
            "x": 0.5439803004264832,
            "y": 0.26051199436187744,
            "z": -0.11405175924301147
        },
        "17": {
            "x": 0.4034588038921356,
            "y": 0.3473488390445709,
            "z": -0.0720522478222847
        },
        "18": {
            "x": 0.424931138753891,
            "y": 0.30159422755241394,
            "z": -0.09287196397781372
        },
        "19": {
            "x": 0.44667717814445496,
            "y": 0.2798457443714142,
            "z": -0.09866692870855331
        },
        "20": {
            "x": 0.46759065985679626,
            "y": 0.2648867964744568,
            "z": -0.10188597440719604
        }
    }
}