{
    "ะช": {
        "0": {
            "x": 0.6575560569763184,
            "y": 0.5971304178237915,
            "z": 8.672101614592975e-08
        },
        "1": {
            "x": 0.7322952151298523,
            "y": 0.5839682221412659,
            "z": -0.024406637996435165
        },
        "2": {
            "x": 0.7979578971862793,
            "y": 0.5343937277793884,
            "z": -0.04675927758216858
        },
        "3": {
            "x": 0.8511227965354919,
            "y": 0.5001444816589355,
            "z": -0.07256657630205154
        },
        "4": {
            "x": 0.8976168632507324,
            "y": 0.477005273103714,
            "z": -0.09717068821191788
        },
        "5": {
            "x": 0.7676966190338135,
            "y": 0.3725031018257141,
            "z": -0.01936231553554535
        },
        "6": {
            "x": 0.800161600112915,
            "y": 0.27472975850105286,
            "z": -0.04919113963842392
        },
        "7": {
            "x": 0.824379563331604,
            "y": 0.21246474981307983,
            "z": -0.06349983811378479
        },
        "8": {
            "x": 0.8425716161727905,
            "y": 0.15890809893608093,
            "z": -0.07283610850572586
        },
        "9": {
            "x": 0.7295721769332886,
            "y": 0.3560100495815277,
            "z": -0.025831667706370354
        },
        "10": {
            "x": 0.7902576327323914,
            "y": 0.35780423879623413,
            "z": -0.07364356517791748
        },
        "11": {
            "x": 0.7677911520004272,
            "y": 0.4527849853038788,
            "z": -0.07651561498641968
        },
        "12": {
            "x": 0.7388463616371155,
            "y": 0.47977131605148315,
            "z": -0.06590870767831802
        },
        "13": {
            "x": 0.6917919516563416,
            "y": 0.3547818660736084,
            "z": -0.03664250671863556
        },
        "14": {
            "x": 0.7515819668769836,
            "y": 0.373570054769516,
            "z": -0.08809680491685867
        },
        "15": {
            "x": 0.7287909984588623,
            "y": 0.4589167535305023,
            "z": -0.07297302037477493
        },
        "16": {
            "x": 0.7016632556915283,
            "y": 0.47362709045410156,
            "z": -0.04868082329630852
        },
        "17": {
            "x": 0.6530122756958008,
            "y": 0.36263513565063477,
            "z": -0.049184687435626984
        },
        "18": {
            "x": 0.7079522013664246,
            "y": 0.374268501996994,
            "z": -0.08073057979345322
        },
        "19": {
            "x": 0.6987625360488892,
            "y": 0.4333171546459198,
            "z": -0.06661440432071686
        },
        "20": {
            "x": 0.6763060092926025,
            "y": 0.4424639046192169,
            "z": -0.04748043790459633
        }
    }
}