{
    "ะช": {
        "0": {
            "x": 0.448047399520874,
            "y": 0.49158090353012085,
            "z": 6.216534842451438e-08
        },
        "1": {
            "x": 0.5183471441268921,
            "y": 0.4854073226451874,
            "z": -0.035448793321847916
        },
        "2": {
            "x": 0.5875300765037537,
            "y": 0.44025856256484985,
            "z": -0.054834626615047455
        },
        "3": {
            "x": 0.6428218483924866,
            "y": 0.4008099436759949,
            "z": -0.07251069694757462
        },
        "4": {
            "x": 0.687950611114502,
            "y": 0.37569278478622437,
            "z": -0.08907172083854675
        },
        "5": {
            "x": 0.5582577586174011,
            "y": 0.30221301317214966,
            "z": -0.03173324093222618
        },
        "6": {
            "x": 0.5797874331474304,
            "y": 0.20237204432487488,
            "z": -0.056454919278621674
        },
        "7": {
            "x": 0.5923524498939514,
            "y": 0.13948602974414825,
            "z": -0.06695866584777832
        },
        "8": {
            "x": 0.5986228585243225,
            "y": 0.0829818844795227,
            "z": -0.0742119550704956
        },
        "9": {
            "x": 0.5137472748756409,
            "y": 0.29270270466804504,
            "z": -0.028743568807840347
        },
        "10": {
            "x": 0.5300774574279785,
            "y": 0.2631458640098572,
            "z": -0.06597457826137543
        },
        "11": {
            "x": 0.5187981128692627,
            "y": 0.3473741114139557,
            "z": -0.06687977910041809
        },
        "12": {
            "x": 0.508979320526123,
            "y": 0.36774954199790955,
            "z": -0.058368463069200516
        },
        "13": {
            "x": 0.469778448343277,
            "y": 0.2941698431968689,
            "z": -0.03030422329902649
        },
        "14": {
            "x": 0.48513364791870117,
            "y": 0.27927690744400024,
            "z": -0.07347957789897919
        },
        "15": {
            "x": 0.48020246624946594,
            "y": 0.3574230968952179,
            "z": -0.059782445430755615
        },
        "16": {
            "x": 0.47426143288612366,
            "y": 0.3674640357494354,
            "z": -0.03991206735372543
        },
        "17": {
            "x": 0.4246136546134949,
            "y": 0.30004140734672546,
            "z": -0.03448422625660896
        },
        "18": {
            "x": 0.4422937035560608,
            "y": 0.2773968279361725,
            "z": -0.06361345201730728
        },
        "19": {
            "x": 0.4466384947299957,
            "y": 0.3373943567276001,
            "z": -0.051274169236421585
        },
        "20": {
            "x": 0.4420168399810791,
            "y": 0.35501331090927124,
            "z": -0.03497961163520813
        }
    }
}