{
    "ะช": {
        "0": {
            "x": 0.4036042392253876,
            "y": 0.6973211765289307,
            "z": 6.160414756095633e-08
        },
        "1": {
            "x": 0.429165244102478,
            "y": 0.6127012372016907,
            "z": -0.0017802334623411298
        },
        "2": {
            "x": 0.45644086599349976,
            "y": 0.5237634778022766,
            "z": -0.012211991474032402
        },
        "3": {
            "x": 0.4723435640335083,
            "y": 0.4475032687187195,
            "z": -0.02414383366703987
        },
        "4": {
            "x": 0.46857893466949463,
            "y": 0.38713327050209045,
            "z": -0.035365816205739975
        },
        "5": {
            "x": 0.43757444620132446,
            "y": 0.5074337124824524,
            "z": -0.026444274932146072
        },
        "6": {
            "x": 0.47388705611228943,
            "y": 0.4585857689380646,
            "z": -0.0505111888051033
        },
        "7": {
            "x": 0.499505877494812,
            "y": 0.4278257489204407,
            "z": -0.06129312142729759
        },
        "8": {
            "x": 0.5220228433609009,
            "y": 0.40595299005508423,
            "z": -0.06746228039264679
        },
        "9": {
            "x": 0.43769410252571106,
            "y": 0.538693904876709,
            "z": -0.038695890456438065
        },
        "10": {
            "x": 0.535548210144043,
            "y": 0.5321484804153442,
            "z": -0.06936340034008026
        },
        "11": {
            "x": 0.5278874635696411,
            "y": 0.5659697651863098,
            "z": -0.06943625956773758
        },
        "12": {
            "x": 0.5055464506149292,
            "y": 0.5804206728935242,
            "z": -0.06441398710012436
        },
        "13": {
            "x": 0.44427546858787537,
            "y": 0.5807754397392273,
            "z": -0.051168251782655716
        },
        "14": {
            "x": 0.5320711731910706,
            "y": 0.5972144603729248,
            "z": -0.0776657685637474
        },
        "15": {
            "x": 0.5146291255950928,
            "y": 0.6189825534820557,
            "z": -0.06846294552087784
        },
        "16": {
            "x": 0.49291208386421204,
            "y": 0.6204947233200073,
            "z": -0.0573970228433609
        },
        "17": {
            "x": 0.45375514030456543,
            "y": 0.6287861466407776,
            "z": -0.06354154646396637
        },
        "18": {
            "x": 0.521242082118988,
            "y": 0.6360529065132141,
            "z": -0.07529517263174057
        },
        "19": {
            "x": 0.5102399587631226,
            "y": 0.6507970690727234,
            "z": -0.06734708696603775
        },
        "20": {
            "x": 0.491364985704422,
            "y": 0.6506336331367493,
            "z": -0.05988852307200432
        }
    }
}