{
    "ะช": {
        "0": {
            "x": 0.3989372253417969,
            "y": 0.727726936340332,
            "z": 1.2256366588303536e-08
        },
        "1": {
            "x": 0.44907236099243164,
            "y": 0.605961799621582,
            "z": -0.011243795976042747
        },
        "2": {
            "x": 0.46015915274620056,
            "y": 0.4957699477672577,
            "z": -0.026594014838337898
        },
        "3": {
            "x": 0.458689421415329,
            "y": 0.4075676202774048,
            "z": -0.04368942230939865
        },
        "4": {
            "x": 0.4477444291114807,
            "y": 0.32124558091163635,
            "z": -0.05982543155550957
        },
        "5": {
            "x": 0.3909396827220917,
            "y": 0.4892072379589081,
            "z": -0.031142549589276314
        },
        "6": {
            "x": 0.39285558462142944,
            "y": 0.4477929472923279,
            "z": -0.0617985874414444
        },
        "7": {
            "x": 0.3897925615310669,
            "y": 0.40920352935791016,
            "z": -0.08136915415525436
        },
        "8": {
            "x": 0.38062891364097595,
            "y": 0.37558525800704956,
            "z": -0.09551963210105896
        },
        "9": {
            "x": 0.3689546585083008,
            "y": 0.5226544737815857,
            "z": -0.04206851124763489
        },
        "10": {
            "x": 0.47269853949546814,
            "y": 0.5115339756011963,
            "z": -0.07760114967823029
        },
        "11": {
            "x": 0.48577070236206055,
            "y": 0.5467817783355713,
            "z": -0.08482769131660461
        },
        "12": {
            "x": 0.4673565626144409,
            "y": 0.5632900595664978,
            "z": -0.08747509866952896
        },
        "13": {
            "x": 0.3679271340370178,
            "y": 0.5776280164718628,
            "z": -0.05468171834945679
        },
        "14": {
            "x": 0.477021187543869,
            "y": 0.5772771239280701,
            "z": -0.0908936858177185
        },
        "15": {
            "x": 0.4760771095752716,
            "y": 0.608220636844635,
            "z": -0.08763032406568527
        },
        "16": {
            "x": 0.4500339925289154,
            "y": 0.6173261404037476,
            "z": -0.08169028162956238
        },
        "17": {
            "x": 0.37974125146865845,
            "y": 0.635343074798584,
            "z": -0.06816321611404419
        },
        "18": {
            "x": 0.46952176094055176,
            "y": 0.6395928859710693,
            "z": -0.09299316257238388
        },
        "19": {
            "x": 0.47315335273742676,
            "y": 0.6555637717247009,
            "z": -0.09224314242601395
        },
        "20": {
            "x": 0.4511430263519287,
            "y": 0.6592962741851807,
            "z": -0.08935270458459854
        }
    }
}