{
    "ะช": {
        "0": {
            "x": 0.44734373688697815,
            "y": 0.7125841379165649,
            "z": 1.1619273010410325e-07
        },
        "1": {
            "x": 0.47812774777412415,
            "y": 0.6497153639793396,
            "z": -0.007882989011704922
        },
        "2": {
            "x": 0.4921247065067291,
            "y": 0.5744776725769043,
            "z": -0.015894928947091103
        },
        "3": {
            "x": 0.49352967739105225,
            "y": 0.5147865414619446,
            "z": -0.023916348814964294
        },
        "4": {
            "x": 0.4902728796005249,
            "y": 0.46376490592956543,
            "z": -0.03172585740685463
        },
        "5": {
            "x": 0.4498195946216583,
            "y": 0.544446587562561,
            "z": -0.026553049683570862
        },
        "6": {
            "x": 0.47256696224212646,
            "y": 0.5116649270057678,
            "z": -0.04670904949307442
        },
        "7": {
            "x": 0.4830095171928406,
            "y": 0.47894859313964844,
            "z": -0.05972049757838249
        },
        "8": {
            "x": 0.4891132116317749,
            "y": 0.4517631530761719,
            "z": -0.06923168897628784
        },
        "9": {
            "x": 0.43655261397361755,
            "y": 0.5662849545478821,
            "z": -0.03329828754067421
        },
        "10": {
            "x": 0.5174962878227234,
            "y": 0.5720594525337219,
            "z": -0.057775676250457764
        },
        "11": {
            "x": 0.5252611041069031,
            "y": 0.601114809513092,
            "z": -0.061735425144433975
        },
        "12": {
            "x": 0.5150887370109558,
            "y": 0.6184173822402954,
            "z": -0.06281660497188568
        },
        "13": {
            "x": 0.4363144338130951,
            "y": 0.6058186292648315,
            "z": -0.04058719798922539
        },
        "14": {
            "x": 0.5155489444732666,
            "y": 0.6173360347747803,
            "z": -0.06390904635190964
        },
        "15": {
            "x": 0.5122541189193726,
            "y": 0.6396775841712952,
            "z": -0.059961188584566116
        },
        "16": {
            "x": 0.49739938974380493,
            "y": 0.6469075679779053,
            "z": -0.055166348814964294
        },
        "17": {
            "x": 0.44419586658477783,
            "y": 0.6513261795043945,
            "z": -0.04850400239229202
        },
        "18": {
            "x": 0.5087085962295532,
            "y": 0.6561903953552246,
            "z": -0.06580331921577454
        },
        "19": {
            "x": 0.5083848237991333,
            "y": 0.6731503009796143,
            "z": -0.06404384970664978
        },
        "20": {
            "x": 0.49519771337509155,
            "y": 0.6811367869377136,
            "z": -0.06070004031062126
        }
    }
}