{
    "ะช": {
        "0": {
            "x": 0.20847225189208984,
            "y": 0.5587636232376099,
            "z": -2.1106087544353613e-08
        },
        "1": {
            "x": 0.28156474232673645,
            "y": 0.5500155687332153,
            "z": -0.04690852016210556
        },
        "2": {
            "x": 0.349295973777771,
            "y": 0.49962666630744934,
            "z": -0.06556494534015656
        },
        "3": {
            "x": 0.40600308775901794,
            "y": 0.4572494626045227,
            "z": -0.07854859530925751
        },
        "4": {
            "x": 0.4525928199291229,
            "y": 0.4256651997566223,
            "z": -0.0857936441898346
        },
        "5": {
            "x": 0.34185224771499634,
            "y": 0.3664839267730713,
            "z": -0.033606283366680145
        },
        "6": {
            "x": 0.35597115755081177,
            "y": 0.26536285877227783,
            "z": -0.06217068433761597
        },
        "7": {
            "x": 0.35911649465560913,
            "y": 0.20627820491790771,
            "z": -0.07026868313550949
        },
        "8": {
            "x": 0.3601226806640625,
            "y": 0.14537467062473297,
            "z": -0.07351356744766235
        },
        "9": {
            "x": 0.29429012537002563,
            "y": 0.3616294860839844,
            "z": -0.025125285610556602
        },
        "10": {
            "x": 0.28540948033332825,
            "y": 0.3203984797000885,
            "z": -0.057666413486003876
        },
        "11": {
            "x": 0.27487337589263916,
            "y": 0.4108358919620514,
            "z": -0.048570387065410614
        },
        "12": {
            "x": 0.2844077944755554,
            "y": 0.4212419390678406,
            "z": -0.032979853451251984
        },
        "13": {
            "x": 0.2475348860025406,
            "y": 0.36203157901763916,
            "z": -0.024872776120901108
        },
        "14": {
            "x": 0.24102628231048584,
            "y": 0.33679646253585815,
            "z": -0.06598055362701416
        },
        "15": {
            "x": 0.23838753998279572,
            "y": 0.42275184392929077,
            "z": -0.04623688757419586
        },
        "16": {
            "x": 0.24971702694892883,
            "y": 0.4201125204563141,
            "z": -0.022230787202715874
        },
        "17": {
            "x": 0.20331639051437378,
            "y": 0.36698096990585327,
            "z": -0.029146777465939522
        },
        "18": {
            "x": 0.20538195967674255,
            "y": 0.3378678560256958,
            "z": -0.05382987856864929
        },
        "19": {
            "x": 0.20722126960754395,
            "y": 0.40005871653556824,
            "z": -0.03842746093869209
        },
        "20": {
            "x": 0.20878079533576965,
            "y": 0.41114118695259094,
            "z": -0.02049022912979126
        }
    }
}