{
    "ะช": {
        "0": {
            "x": 0.710529088973999,
            "y": 0.6534410715103149,
            "z": -1.5856760171573114e-07
        },
        "1": {
            "x": 0.6641759276390076,
            "y": 0.5960536003112793,
            "z": -0.011794080026447773
        },
        "2": {
            "x": 0.6434868574142456,
            "y": 0.5170847177505493,
            "z": -0.02168896049261093
        },
        "3": {
            "x": 0.6370745301246643,
            "y": 0.4537302553653717,
            "z": -0.032185718417167664
        },
        "4": {
            "x": 0.6355629563331604,
            "y": 0.39846140146255493,
            "z": -0.0436917282640934
        },
        "5": {
            "x": 0.6858742237091064,
            "y": 0.4759711027145386,
            "z": -0.02391415275633335
        },
        "6": {
            "x": 0.6723846793174744,
            "y": 0.4387710392475128,
            "z": -0.045812319964170456
        },
        "7": {
            "x": 0.6645577549934387,
            "y": 0.40135663747787476,
            "z": -0.05811667442321777
        },
        "8": {
            "x": 0.6591890454292297,
            "y": 0.3691704273223877,
            "z": -0.06755927205085754
        },
        "9": {
            "x": 0.7111735343933105,
            "y": 0.4984254837036133,
            "z": -0.031202230602502823
        },
        "10": {
            "x": 0.627957284450531,
            "y": 0.5134859085083008,
            "z": -0.06049541011452675
        },
        "11": {
            "x": 0.6107519865036011,
            "y": 0.554374635219574,
            "z": -0.06320706754922867
        },
        "12": {
            "x": 0.6170324683189392,
            "y": 0.5705966949462891,
            "z": -0.06068503484129906
        },
        "13": {
            "x": 0.724011242389679,
            "y": 0.5391629338264465,
            "z": -0.04069548845291138
        },
        "14": {
            "x": 0.6406254172325134,
            "y": 0.5605494379997253,
            "z": -0.06851102411746979
        },
        "15": {
            "x": 0.6375186443328857,
            "y": 0.590165376663208,
            "z": -0.06094861030578613
        },
        "16": {
            "x": 0.6557216644287109,
            "y": 0.5947471261024475,
            "z": -0.05082951486110687
        },
        "17": {
            "x": 0.7298343777656555,
            "y": 0.5842137336730957,
            "z": -0.051391590386629105
        },
        "18": {
            "x": 0.6625851988792419,
            "y": 0.598675012588501,
            "z": -0.07324060052633286
        },
        "19": {
            "x": 0.6595639586448669,
            "y": 0.6157156229019165,
            "z": -0.07154497504234314
        },
        "20": {
            "x": 0.6771889328956604,
            "y": 0.6167768836021423,
            "z": -0.06602872908115387
        }
    }
}