{
    "ะช": {
        "0": {
            "x": 0.6718970537185669,
            "y": 0.7929877042770386,
            "z": -2.535778094170382e-07
        },
        "1": {
            "x": 0.6323531270027161,
            "y": 0.7382932305335999,
            "z": -0.005975026171654463
        },
        "2": {
            "x": 0.6134921908378601,
            "y": 0.6725008487701416,
            "z": -0.010935697704553604
        },
        "3": {
            "x": 0.6057974100112915,
            "y": 0.6197307109832764,
            "z": -0.017188234254717827
        },
        "4": {
            "x": 0.6041020154953003,
            "y": 0.5768693685531616,
            "z": -0.023776497691869736
        },
        "5": {
            "x": 0.6484898924827576,
            "y": 0.63527911901474,
            "z": -0.012005280703306198
        },
        "6": {
            "x": 0.6364423632621765,
            "y": 0.6029834151268005,
            "z": -0.027737880125641823
        },
        "7": {
            "x": 0.625412106513977,
            "y": 0.5741131901741028,
            "z": -0.03640202805399895
        },
        "8": {
            "x": 0.6169222593307495,
            "y": 0.5505614280700684,
            "z": -0.043129973113536835
        },
        "9": {
            "x": 0.6688253283500671,
            "y": 0.6541522741317749,
            "z": -0.01922781579196453
        },
        "10": {
            "x": 0.5980172157287598,
            "y": 0.6669051051139832,
            "z": -0.04225580766797066
        },
        "11": {
            "x": 0.5780226588249207,
            "y": 0.700482964515686,
            "z": -0.04590848088264465
        },
        "12": {
            "x": 0.5778670310974121,
            "y": 0.7169674634933472,
            "z": -0.04488615319132805
        },
        "13": {
            "x": 0.6792668104171753,
            "y": 0.6883708238601685,
            "z": -0.02801121212542057
        },
        "14": {
            "x": 0.6085752844810486,
            "y": 0.704125165939331,
            "z": -0.0511402003467083
        },
        "15": {
            "x": 0.6017277240753174,
            "y": 0.7297891974449158,
            "z": -0.04644770175218582
        },
        "16": {
            "x": 0.6131130456924438,
            "y": 0.7352556586265564,
            "z": -0.03882814198732376
        },
        "17": {
            "x": 0.6839780211448669,
            "y": 0.7274336218833923,
            "z": -0.0373615100979805
        },
        "18": {
            "x": 0.6259888410568237,
            "y": 0.7369033694267273,
            "z": -0.05512485280632973
        },
        "19": {
            "x": 0.6184609532356262,
            "y": 0.7509600520133972,
            "z": -0.05390070751309395
        },
        "20": {
            "x": 0.6289690136909485,
            "y": 0.7532998323440552,
            "z": -0.04917206987738609
        }
    }
}