{
    "ะช": {
        "0": {
            "x": 0.6749652624130249,
            "y": 0.7381601929664612,
            "z": -2.584808385108772e-07
        },
        "1": {
            "x": 0.638554573059082,
            "y": 0.685697078704834,
            "z": -0.003914983943104744
        },
        "2": {
            "x": 0.6197291016578674,
            "y": 0.6267794370651245,
            "z": -0.009246062487363815
        },
        "3": {
            "x": 0.6127392053604126,
            "y": 0.5794275403022766,
            "z": -0.016499368473887444
        },
        "4": {
            "x": 0.615912139415741,
            "y": 0.5447424650192261,
            "z": -0.02382078394293785
        },
        "5": {
            "x": 0.655617356300354,
            "y": 0.5748463869094849,
            "z": -0.0078360540792346
        },
        "6": {
            "x": 0.6445028781890869,
            "y": 0.5439025163650513,
            "z": -0.021416179835796356
        },
        "7": {
            "x": 0.6317834854125977,
            "y": 0.5132665634155273,
            "z": -0.030045460909605026
        },
        "8": {
            "x": 0.6211007833480835,
            "y": 0.48910361528396606,
            "z": -0.03724706545472145
        },
        "9": {
            "x": 0.6758477687835693,
            "y": 0.5905198454856873,
            "z": -0.016816169023513794
        },
        "10": {
            "x": 0.601171612739563,
            "y": 0.613868236541748,
            "z": -0.04129752144217491
        },
        "11": {
            "x": 0.5832205414772034,
            "y": 0.6501595973968506,
            "z": -0.04818199947476387
        },
        "12": {
            "x": 0.5811446309089661,
            "y": 0.6733704209327698,
            "z": -0.04781866818666458
        },
        "13": {
            "x": 0.6877774596214294,
            "y": 0.6242291331291199,
            "z": -0.026673631742596626
        },
        "14": {
            "x": 0.6158338785171509,
            "y": 0.6522877216339111,
            "z": -0.04822329059243202
        },
        "15": {
            "x": 0.6213192343711853,
            "y": 0.6727489829063416,
            "z": -0.04483466222882271
        },
        "16": {
            "x": 0.6376658082008362,
            "y": 0.67540442943573,
            "z": -0.03785576671361923
        },
        "17": {
            "x": 0.6948152184486389,
            "y": 0.6639464497566223,
            "z": -0.037067584693431854
        },
        "18": {
            "x": 0.6366155743598938,
            "y": 0.6828673481941223,
            "z": -0.05228036642074585
        },
        "19": {
            "x": 0.6373439431190491,
            "y": 0.6968008279800415,
            "z": -0.049353085458278656
        },
        "20": {
            "x": 0.651159405708313,
            "y": 0.6986194849014282,
            "z": -0.04313192516565323
        }
    }
}