{
    "ะช": {
        "0": {
            "x": 0.7133716344833374,
            "y": 0.6444516181945801,
            "z": -3.213354489162157e-07
        },
        "1": {
            "x": 0.6709686517715454,
            "y": 0.5815666913986206,
            "z": -0.01665029115974903
        },
        "2": {
            "x": 0.6519875526428223,
            "y": 0.5011326670646667,
            "z": -0.025596510618925095
        },
        "3": {
            "x": 0.6443464159965515,
            "y": 0.4397051930427551,
            "z": -0.03411252424120903
        },
        "4": {
            "x": 0.6400300860404968,
            "y": 0.38436442613601685,
            "z": -0.042030736804008484
        },
        "5": {
            "x": 0.7048307657241821,
            "y": 0.46342140436172485,
            "z": -0.01969674602150917
        },
        "6": {
            "x": 0.684619665145874,
            "y": 0.433409184217453,
            "z": -0.043498218059539795
        },
        "7": {
            "x": 0.6703266501426697,
            "y": 0.4044758379459381,
            "z": -0.05934811756014824
        },
        "8": {
            "x": 0.656565248966217,
            "y": 0.3798776865005493,
            "z": -0.07063832134008408
        },
        "9": {
            "x": 0.7268558144569397,
            "y": 0.48494404554367065,
            "z": -0.02439882606267929
        },
        "10": {
            "x": 0.652970016002655,
            "y": 0.4976964592933655,
            "z": -0.05706791207194328
        },
        "11": {
            "x": 0.6301177144050598,
            "y": 0.5332839488983154,
            "z": -0.0650990679860115
        },
        "12": {
            "x": 0.6280088424682617,
            "y": 0.5536033511161804,
            "z": -0.06544145196676254
        },
        "13": {
            "x": 0.7381553053855896,
            "y": 0.5240219831466675,
            "z": -0.03229157626628876
        },
        "14": {
            "x": 0.6624729037284851,
            "y": 0.5439246892929077,
            "z": -0.061551839113235474
        },
        "15": {
            "x": 0.6583325862884521,
            "y": 0.5741463303565979,
            "z": -0.0564972460269928
        },
        "16": {
            "x": 0.6730818152427673,
            "y": 0.5835100412368774,
            "z": -0.0474829375743866
        },
        "17": {
            "x": 0.742579996585846,
            "y": 0.5684950351715088,
            "z": -0.04219821095466614
        },
        "18": {
            "x": 0.6802897453308105,
            "y": 0.5783782005310059,
            "z": -0.06403664499521255
        },
        "19": {
            "x": 0.6753876209259033,
            "y": 0.5963897109031677,
            "z": -0.06286867707967758
        },
        "20": {
            "x": 0.6903955340385437,
            "y": 0.6006738543510437,
            "z": -0.057386551052331924
        }
    }
}