{
    "ะช": {
        "0": {
            "x": 0.729389488697052,
            "y": 0.6450096964836121,
            "z": -2.650849353358353e-07
        },
        "1": {
            "x": 0.6918997764587402,
            "y": 0.5897567868232727,
            "z": -0.003375187749043107
        },
        "2": {
            "x": 0.6717962026596069,
            "y": 0.5350217819213867,
            "z": -0.00922663975507021
        },
        "3": {
            "x": 0.6612315773963928,
            "y": 0.49216142296791077,
            "z": -0.016709398478269577
        },
        "4": {
            "x": 0.6550506353378296,
            "y": 0.4600740969181061,
            "z": -0.024204213172197342
        },
        "5": {
            "x": 0.7106633186340332,
            "y": 0.48185452818870544,
            "z": -0.01142377220094204
        },
        "6": {
            "x": 0.6877809762954712,
            "y": 0.4556933045387268,
            "z": -0.029208730906248093
        },
        "7": {
            "x": 0.672921895980835,
            "y": 0.4299757480621338,
            "z": -0.04065945744514465
        },
        "8": {
            "x": 0.6619563698768616,
            "y": 0.40613746643066406,
            "z": -0.04891997575759888
        },
        "9": {
            "x": 0.7267769575119019,
            "y": 0.4995226263999939,
            "z": -0.0198979414999485
        },
        "10": {
            "x": 0.6575946807861328,
            "y": 0.5145148038864136,
            "z": -0.04341164603829384
        },
        "11": {
            "x": 0.6390248537063599,
            "y": 0.5432478189468384,
            "z": -0.04847599193453789
        },
        "12": {
            "x": 0.6383594274520874,
            "y": 0.5583686232566833,
            "z": -0.04873034730553627
        },
        "13": {
            "x": 0.7332890629768372,
            "y": 0.5322295427322388,
            "z": -0.029609736055135727
        },
        "14": {
            "x": 0.6641096472740173,
            "y": 0.5542475581169128,
            "z": -0.05147962644696236
        },
        "15": {
            "x": 0.6614358425140381,
            "y": 0.575770914554596,
            "z": -0.04758184030652046
        },
        "16": {
            "x": 0.6736489534378052,
            "y": 0.5795651078224182,
            "z": -0.04100583493709564
        },
        "17": {
            "x": 0.7345404624938965,
            "y": 0.5706174373626709,
            "z": -0.0399259515106678
        },
        "18": {
            "x": 0.6764105558395386,
            "y": 0.5866339206695557,
            "z": -0.056554533541202545
        },
        "19": {
            "x": 0.6677215695381165,
            "y": 0.6001092195510864,
            "z": -0.055643994361162186
        },
        "20": {
            "x": 0.6734716296195984,
            "y": 0.6015989780426025,
            "z": -0.05135699734091759
        }
    }
}