{
    "ะช": {
        "0": {
            "x": 0.28114446997642517,
            "y": 0.5555252432823181,
            "z": -3.186957542311575e-08
        },
        "1": {
            "x": 0.35966816544532776,
            "y": 0.5398644804954529,
            "z": -0.04422291740775108
        },
        "2": {
            "x": 0.42959070205688477,
            "y": 0.4892641305923462,
            "z": -0.062071703374385834
        },
        "3": {
            "x": 0.4893178939819336,
            "y": 0.44689127802848816,
            "z": -0.07422813028097153
        },
        "4": {
            "x": 0.5376200079917908,
            "y": 0.41792285442352295,
            "z": -0.08046595007181168
        },
        "5": {
            "x": 0.4092651605606079,
            "y": 0.34856054186820984,
            "z": -0.030496755614876747
        },
        "6": {
            "x": 0.427775502204895,
            "y": 0.2531541585922241,
            "z": -0.05795629322528839
        },
        "7": {
            "x": 0.4335629940032959,
            "y": 0.1948641836643219,
            "z": -0.06483202427625656
        },
        "8": {
            "x": 0.4353612959384918,
            "y": 0.1338813602924347,
            "z": -0.06703734397888184
        },
        "9": {
            "x": 0.3612039387226105,
            "y": 0.342785507440567,
            "z": -0.023860542103648186
        },
        "10": {
            "x": 0.3746817409992218,
            "y": 0.30899035930633545,
            "z": -0.05022663250565529
        },
        "11": {
            "x": 0.35756027698516846,
            "y": 0.3998085558414459,
            "z": -0.03700292855501175
        },
        "12": {
            "x": 0.3539106249809265,
            "y": 0.39625272154808044,
            "z": -0.01986614055931568
        },
        "13": {
            "x": 0.31406986713409424,
            "y": 0.3431146442890167,
            "z": -0.025756308808922768
        },
        "14": {
            "x": 0.3293873965740204,
            "y": 0.32237085700035095,
            "z": -0.06678298860788345
        },
        "15": {
            "x": 0.31949618458747864,
            "y": 0.40933188796043396,
            "z": -0.048189371824264526
        },
        "16": {
            "x": 0.3175170421600342,
            "y": 0.39287421107292175,
            "z": -0.025607330724596977
        },
        "17": {
            "x": 0.26886457204818726,
            "y": 0.35019147396087646,
            "z": -0.0313815139234066
        },
        "18": {
            "x": 0.28535377979278564,
            "y": 0.33004534244537354,
            "z": -0.055906716734170914
        },
        "19": {
            "x": 0.28845152258872986,
            "y": 0.3943411707878113,
            "z": -0.03975387662649155
        },
        "20": {
            "x": 0.28100961446762085,
            "y": 0.3984639346599579,
            "z": -0.02220791205763817
        }
    }
}