{
    "ะช": {
        "0": {
            "x": 0.3373875319957733,
            "y": 0.7862467765808105,
            "z": -1.9056079736401443e-07
        },
        "1": {
            "x": 0.38090500235557556,
            "y": 0.6609426736831665,
            "z": -0.019429100677371025
        },
        "2": {
            "x": 0.3967091143131256,
            "y": 0.5533880591392517,
            "z": -0.04084921255707741
        },
        "3": {
            "x": 0.39031291007995605,
            "y": 0.47421273589134216,
            "z": -0.06040447577834129
        },
        "4": {
            "x": 0.365466445684433,
            "y": 0.40655720233917236,
            "z": -0.0768694281578064
        },
        "5": {
            "x": 0.34493616223335266,
            "y": 0.5891059637069702,
            "z": -0.0650266706943512
        },
        "6": {
            "x": 0.4111170768737793,
            "y": 0.5875931978225708,
            "z": -0.10687874257564545
        },
        "7": {
            "x": 0.42011356353759766,
            "y": 0.6011450886726379,
            "z": -0.13134734332561493
        },
        "8": {
            "x": 0.4080080986022949,
            "y": 0.6067290306091309,
            "z": -0.1464664489030838
        },
        "9": {
            "x": 0.33637550473213196,
            "y": 0.6490323543548584,
            "z": -0.07293350249528885
        },
        "10": {
            "x": 0.4675924777984619,
            "y": 0.6580209732055664,
            "z": -0.10996608436107635
        },
        "11": {
            "x": 0.46358299255371094,
            "y": 0.6808043122291565,
            "z": -0.113925039768219
        },
        "12": {
            "x": 0.43622198700904846,
            "y": 0.6932701468467712,
            "z": -0.11910991370677948
        },
        "13": {
            "x": 0.3404484987258911,
            "y": 0.7087375521659851,
            "z": -0.08222489058971405
        },
        "14": {
            "x": 0.4656350910663605,
            "y": 0.7160947322845459,
            "z": -0.11429191380739212
        },
        "15": {
            "x": 0.45713698863983154,
            "y": 0.7270949482917786,
            "z": -0.10539112240076065
        },
        "16": {
            "x": 0.4319024682044983,
            "y": 0.7316027283668518,
            "z": -0.09906459599733353
        },
        "17": {
            "x": 0.35212597250938416,
            "y": 0.7669827342033386,
            "z": -0.09348861873149872
        },
        "18": {
            "x": 0.45426130294799805,
            "y": 0.7631450891494751,
            "z": -0.11332911252975464
        },
        "19": {
            "x": 0.45033836364746094,
            "y": 0.7624655961990356,
            "z": -0.10896506160497665
        },
        "20": {
            "x": 0.4281909465789795,
            "y": 0.761753261089325,
            "z": -0.10623897612094879
        }
    }
}