{
    "ะช": {
        "0": {
            "x": 0.29256758093833923,
            "y": 0.9102921485900879,
            "z": -4.0632383502270386e-07
        },
        "1": {
            "x": 0.33859097957611084,
            "y": 0.7739328742027283,
            "z": -0.005819222424179316
        },
        "2": {
            "x": 0.37280839681625366,
            "y": 0.6354435682296753,
            "z": -0.018217725679278374
        },
        "3": {
            "x": 0.37707993388175964,
            "y": 0.5233171582221985,
            "z": -0.03313940763473511
        },
        "4": {
            "x": 0.36469796299934387,
            "y": 0.4336622357368469,
            "z": -0.04623604938387871
        },
        "5": {
            "x": 0.35372933745384216,
            "y": 0.6071439981460571,
            "z": -0.03425728529691696
        },
        "6": {
            "x": 0.40866124629974365,
            "y": 0.5715884566307068,
            "z": -0.06825707107782364
        },
        "7": {
            "x": 0.4047914743423462,
            "y": 0.5456315279006958,
            "z": -0.09100078791379929
        },
        "8": {
            "x": 0.3846951127052307,
            "y": 0.5080037713050842,
            "z": -0.10752499103546143
        },
        "9": {
            "x": 0.33961114287376404,
            "y": 0.6544575095176697,
            "z": -0.05016119405627251
        },
        "10": {
            "x": 0.46714791655540466,
            "y": 0.691860556602478,
            "z": -0.08600134402513504
        },
        "11": {
            "x": 0.4433838427066803,
            "y": 0.720276951789856,
            "z": -0.09167377650737762
        },
        "12": {
            "x": 0.4035782217979431,
            "y": 0.7142114043235779,
            "z": -0.09593262523412704
        },
        "13": {
            "x": 0.3371432423591614,
            "y": 0.7221952080726624,
            "z": -0.06722377240657806
        },
        "14": {
            "x": 0.4555814266204834,
            "y": 0.7567622661590576,
            "z": -0.0983465164899826
        },
        "15": {
            "x": 0.4278595447540283,
            "y": 0.7729488015174866,
            "z": -0.0907588005065918
        },
        "16": {
            "x": 0.39519426226615906,
            "y": 0.7648029327392578,
            "z": -0.08472423255443573
        },
        "17": {
            "x": 0.34046268463134766,
            "y": 0.7979435920715332,
            "z": -0.08542020618915558
        },
        "18": {
            "x": 0.4360540807247162,
            "y": 0.8070759773254395,
            "z": -0.10475564002990723
        },
        "19": {
            "x": 0.4148661494255066,
            "y": 0.8178840279579163,
            "z": -0.09896747022867203
        },
        "20": {
            "x": 0.38391056656837463,
            "y": 0.8157645463943481,
            "z": -0.09373880177736282
        }
    }
}