{
    "ะช": {
        "0": {
            "x": 0.32740363478660583,
            "y": 0.8125283122062683,
            "z": -2.8281260711082723e-07
        },
        "1": {
            "x": 0.37312403321266174,
            "y": 0.6906150579452515,
            "z": -0.00904029980301857
        },
        "2": {
            "x": 0.39868876338005066,
            "y": 0.5788055658340454,
            "z": -0.025781987234950066
        },
        "3": {
            "x": 0.3999447226524353,
            "y": 0.4938376843929291,
            "z": -0.04332131892442703
        },
        "4": {
            "x": 0.3791506290435791,
            "y": 0.4258052110671997,
            "z": -0.05888622626662254
        },
        "5": {
            "x": 0.3465847671031952,
            "y": 0.5866872668266296,
            "z": -0.050649695098400116
        },
        "6": {
            "x": 0.4016016721725464,
            "y": 0.5695281028747559,
            "z": -0.086970254778862
        },
        "7": {
            "x": 0.4055047929286957,
            "y": 0.5739661455154419,
            "z": -0.10880021750926971
        },
        "8": {
            "x": 0.3906417191028595,
            "y": 0.567270815372467,
            "z": -0.1231055036187172
        },
        "9": {
            "x": 0.33741533756256104,
            "y": 0.6448290348052979,
            "z": -0.0646018460392952
        },
        "10": {
            "x": 0.45962467789649963,
            "y": 0.6584801077842712,
            "z": -0.09899091720581055
        },
        "11": {
            "x": 0.44729891419410706,
            "y": 0.6825679540634155,
            "z": -0.10307943820953369
        },
        "12": {
            "x": 0.41240036487579346,
            "y": 0.687559187412262,
            "z": -0.10766757279634476
        },
        "13": {
            "x": 0.33893874287605286,
            "y": 0.7094926834106445,
            "z": -0.07911132276058197
        },
        "14": {
            "x": 0.45436906814575195,
            "y": 0.7199329137802124,
            "z": -0.10896721482276917
        },
        "15": {
            "x": 0.4377240836620331,
            "y": 0.7356378436088562,
            "z": -0.09970511496067047
        },
        "16": {
            "x": 0.40825825929641724,
            "y": 0.7359265685081482,
            "z": -0.09307128190994263
        },
        "17": {
            "x": 0.3478654623031616,
            "y": 0.7734594345092773,
            "z": -0.09462948143482208
        },
        "18": {
            "x": 0.4417107105255127,
            "y": 0.767267644405365,
            "z": -0.11117392033338547
        },
        "19": {
            "x": 0.4303829073905945,
            "y": 0.7726054787635803,
            "z": -0.10341183096170425
        },
        "20": {
            "x": 0.40298840403556824,
            "y": 0.7725239992141724,
            "z": -0.09826862066984177
        }
    }
}