{
    "ะช": {
        "0": {
            "x": 0.30453968048095703,
            "y": 0.9180073738098145,
            "z": -3.9550619135297893e-07
        },
        "1": {
            "x": 0.3422396183013916,
            "y": 0.7936685085296631,
            "z": 0.006184060592204332
        },
        "2": {
            "x": 0.3817715644836426,
            "y": 0.6651641726493835,
            "z": -0.00023704358318354934
        },
        "3": {
            "x": 0.3997611999511719,
            "y": 0.5577842593193054,
            "z": -0.011140423826873302
        },
        "4": {
            "x": 0.4005138576030731,
            "y": 0.47243189811706543,
            "z": -0.01818528212606907
        },
        "5": {
            "x": 0.3628503978252411,
            "y": 0.6189576983451843,
            "z": -0.01486293040215969
        },
        "6": {
            "x": 0.4350135624408722,
            "y": 0.5738823413848877,
            "z": -0.03857799619436264
        },
        "7": {
            "x": 0.4448625147342682,
            "y": 0.6130794286727905,
            "z": -0.047464001923799515
        },
        "8": {
            "x": 0.4324125051498413,
            "y": 0.6448962688446045,
            "z": -0.05030297115445137
        },
        "9": {
            "x": 0.3605896830558777,
            "y": 0.6666626334190369,
            "z": -0.030739283189177513
        },
        "10": {
            "x": 0.47254860401153564,
            "y": 0.6721178889274597,
            "z": -0.0459795743227005
        },
        "11": {
            "x": 0.4615689516067505,
            "y": 0.7133747935295105,
            "z": -0.041863035410642624
        },
        "12": {
            "x": 0.4352733790874481,
            "y": 0.7239759564399719,
            "z": -0.04142434149980545
        },
        "13": {
            "x": 0.36629408597946167,
            "y": 0.7280651926994324,
            "z": -0.0472264364361763
        },
        "14": {
            "x": 0.47527405619621277,
            "y": 0.7365886569023132,
            "z": -0.05908183008432388
        },
        "15": {
            "x": 0.4534982442855835,
            "y": 0.7647872567176819,
            "z": -0.044607456773519516
        },
        "16": {
            "x": 0.42397528886795044,
            "y": 0.7690012454986572,
            "z": -0.03728014603257179
        },
        "17": {
            "x": 0.3752784729003906,
            "y": 0.794600784778595,
            "z": -0.06367219239473343
        },
        "18": {
            "x": 0.46469777822494507,
            "y": 0.7895451784133911,
            "z": -0.06539452075958252
        },
        "19": {
            "x": 0.44456619024276733,
            "y": 0.8089035153388977,
            "z": -0.05053630471229553
        },
        "20": {
            "x": 0.4122408628463745,
            "y": 0.8116050958633423,
            "z": -0.041147734969854355
        }
    }
}