{
    "ะช": {
        "0": {
            "x": 0.3676261901855469,
            "y": 0.6731240153312683,
            "z": -5.864284347012472e-08
        },
        "1": {
            "x": 0.4028288722038269,
            "y": 0.56783527135849,
            "z": -0.002534146886318922
        },
        "2": {
            "x": 0.4430842995643616,
            "y": 0.46518561244010925,
            "z": -0.017171477898955345
        },
        "3": {
            "x": 0.4599744379520416,
            "y": 0.3845864236354828,
            "z": -0.033140480518341064
        },
        "4": {
            "x": 0.44889509677886963,
            "y": 0.31962263584136963,
            "z": -0.047453999519348145
        },
        "5": {
            "x": 0.4246709644794464,
            "y": 0.48081207275390625,
            "z": -0.04348659887909889
        },
        "6": {
            "x": 0.4650556743144989,
            "y": 0.4410150945186615,
            "z": -0.07401015609502792
        },
        "7": {
            "x": 0.47868284583091736,
            "y": 0.4446890354156494,
            "z": -0.08899388462305069
        },
        "8": {
            "x": 0.4776185154914856,
            "y": 0.453838586807251,
            "z": -0.0958622395992279
        },
        "9": {
            "x": 0.4247645139694214,
            "y": 0.532916247844696,
            "z": -0.05782589316368103
        },
        "10": {
            "x": 0.5369592905044556,
            "y": 0.5518359541893005,
            "z": -0.0854341983795166
        },
        "11": {
            "x": 0.5262848734855652,
            "y": 0.5768688321113586,
            "z": -0.08255166560411453
        },
        "12": {
            "x": 0.4951767027378082,
            "y": 0.5829850435256958,
            "z": -0.07928110659122467
        },
        "13": {
            "x": 0.4279552400112152,
            "y": 0.5942205786705017,
            "z": -0.07174523174762726
        },
        "14": {
            "x": 0.5297052264213562,
            "y": 0.6144391298294067,
            "z": -0.09410057216882706
        },
        "15": {
            "x": 0.5097986459732056,
            "y": 0.6271582245826721,
            "z": -0.07960785180330276
        },
        "16": {
            "x": 0.4806450605392456,
            "y": 0.6273143291473389,
            "z": -0.06796585768461227
        },
        "17": {
            "x": 0.4308704137802124,
            "y": 0.6554575562477112,
            "z": -0.08546566963195801
        },
        "18": {
            "x": 0.5143629908561707,
            "y": 0.6594759821891785,
            "z": -0.09262106567621231
        },
        "19": {
            "x": 0.49783632159233093,
            "y": 0.6639386415481567,
            "z": -0.07709425687789917
        },
        "20": {
            "x": 0.4686320424079895,
            "y": 0.6630412936210632,
            "z": -0.06600188463926315
        }
    }
}