{
    "ะช": {
        "0": {
            "x": 0.34456485509872437,
            "y": 0.6858242750167847,
            "z": -1.9494945036058198e-07
        },
        "1": {
            "x": 0.35636767745018005,
            "y": 0.6081840991973877,
            "z": -0.002753540175035596
        },
        "2": {
            "x": 0.38264530897140503,
            "y": 0.5614526271820068,
            "z": -0.010429207235574722
        },
        "3": {
            "x": 0.40967875719070435,
            "y": 0.5485925674438477,
            "z": -0.017887981608510017
        },
        "4": {
            "x": 0.42467060685157776,
            "y": 0.5715060234069824,
            "z": -0.023911671712994576
        },
        "5": {
            "x": 0.4518783390522003,
            "y": 0.6007603406906128,
            "z": -0.016652440652251244
        },
        "6": {
            "x": 0.4852905571460724,
            "y": 0.6152408123016357,
            "z": -0.020805396139621735
        },
        "7": {
            "x": 0.478582501411438,
            "y": 0.6235108971595764,
            "z": -0.021029774099588394
        },
        "8": {
            "x": 0.4617474675178528,
            "y": 0.6250790357589722,
            "z": -0.020836487412452698
        },
        "9": {
            "x": 0.45948144793510437,
            "y": 0.6480062007904053,
            "z": -0.019882984459400177
        },
        "10": {
            "x": 0.4849308729171753,
            "y": 0.6484440565109253,
            "z": -0.017523011192679405
        },
        "11": {
            "x": 0.4687386751174927,
            "y": 0.6511775851249695,
            "z": -0.01293603703379631
        },
        "12": {
            "x": 0.4486500322818756,
            "y": 0.6509274244308472,
            "z": -0.011486003175377846
        },
        "13": {
            "x": 0.45495980978012085,
            "y": 0.6935611963272095,
            "z": -0.022334784269332886
        },
        "14": {
            "x": 0.47568193078041077,
            "y": 0.6929112076759338,
            "z": -0.018682677298784256
        },
        "15": {
            "x": 0.45842012763023376,
            "y": 0.6914201974868774,
            "z": -0.01141376793384552
        },
        "16": {
            "x": 0.43829092383384705,
            "y": 0.6890027523040771,
            "z": -0.009132415987551212
        },
        "17": {
            "x": 0.4422738254070282,
            "y": 0.7346885800361633,
            "z": -0.025146733969449997
        },
        "18": {
            "x": 0.44913414120674133,
            "y": 0.732208788394928,
            "z": -0.02165280282497406
        },
        "19": {
            "x": 0.4344246983528137,
            "y": 0.7275755405426025,
            "z": -0.013959866017103195
        },
        "20": {
            "x": 0.41965433955192566,
            "y": 0.7234492897987366,
            "z": -0.00855205301195383
        }
    }
}