{
    "ะช": {
        "0": {
            "x": 0.3908649981021881,
            "y": 0.6453347206115723,
            "z": 1.1961871848598093e-07
        },
        "1": {
            "x": 0.4262418746948242,
            "y": 0.5591460466384888,
            "z": -0.021700499579310417
        },
        "2": {
            "x": 0.44872796535491943,
            "y": 0.47108030319213867,
            "z": -0.052193377166986465
        },
        "3": {
            "x": 0.4485424757003784,
            "y": 0.40309038758277893,
            "z": -0.07721081376075745
        },
        "4": {
            "x": 0.43903547525405884,
            "y": 0.3426183760166168,
            "z": -0.10452553629875183
        },
        "5": {
            "x": 0.426973432302475,
            "y": 0.48821699619293213,
            "z": -0.10588431358337402
        },
        "6": {
            "x": 0.3767189681529999,
            "y": 0.45376449823379517,
            "z": -0.16333481669425964
        },
        "7": {
            "x": 0.3446562886238098,
            "y": 0.42022767663002014,
            "z": -0.19696463644504547
        },
        "8": {
            "x": 0.3086227476596832,
            "y": 0.3970400094985962,
            "z": -0.21488389372825623
        },
        "9": {
            "x": 0.39685165882110596,
            "y": 0.5384436845779419,
            "z": -0.11222975701093674
        },
        "10": {
            "x": 0.35298168659210205,
            "y": 0.5048277974128723,
            "z": -0.15326279401779175
        },
        "11": {
            "x": 0.3716568350791931,
            "y": 0.524747908115387,
            "z": -0.14852102100849152
        },
        "12": {
            "x": 0.39159274101257324,
            "y": 0.5530380010604858,
            "z": -0.14402011036872864
        },
        "13": {
            "x": 0.3727464973926544,
            "y": 0.5959808826446533,
            "z": -0.11814350634813309
        },
        "14": {
            "x": 0.3451078534126282,
            "y": 0.5688371658325195,
            "z": -0.1560967117547989
        },
        "15": {
            "x": 0.36323314905166626,
            "y": 0.5787048935890198,
            "z": -0.13210999965667725
        },
        "16": {
            "x": 0.38197535276412964,
            "y": 0.5964794754981995,
            "z": -0.111545629799366
        },
        "17": {
            "x": 0.3557041585445404,
            "y": 0.6466817855834961,
            "z": -0.12472011893987656
        },
        "18": {
            "x": 0.3445758819580078,
            "y": 0.6383760571479797,
            "z": -0.15071295201778412
        },
        "19": {
            "x": 0.3635244071483612,
            "y": 0.6461487412452698,
            "z": -0.13383902609348297
        },
        "20": {
            "x": 0.38099902868270874,
            "y": 0.6544126868247986,
            "z": -0.11781128495931625
        }
    }
}