{
    "ะช": {
        "0": {
            "x": 0.6402748823165894,
            "y": 0.5155770182609558,
            "z": 7.570245230681394e-08
        },
        "1": {
            "x": 0.7117044925689697,
            "y": 0.5120894908905029,
            "z": -0.02628479152917862
        },
        "2": {
            "x": 0.7795007228851318,
            "y": 0.46712082624435425,
            "z": -0.04604068025946617
        },
        "3": {
            "x": 0.8341725468635559,
            "y": 0.43325984477996826,
            "z": -0.06745406985282898
        },
        "4": {
            "x": 0.8775945901870728,
            "y": 0.4130028486251831,
            "z": -0.0871509313583374
        },
        "5": {
            "x": 0.7480993270874023,
            "y": 0.3112849295139313,
            "z": -0.019750408828258514
        },
        "6": {
            "x": 0.773935854434967,
            "y": 0.21753238141536713,
            "z": -0.045970529317855835
        },
        "7": {
            "x": 0.7934987545013428,
            "y": 0.1575595885515213,
            "z": -0.05677760764956474
        },
        "8": {
            "x": 0.8078418374061584,
            "y": 0.10577206313610077,
            "z": -0.0637090653181076
        },
        "9": {
            "x": 0.7106302976608276,
            "y": 0.297569215297699,
            "z": -0.023462658748030663
        },
        "10": {
            "x": 0.7597069144248962,
            "y": 0.28602147102355957,
            "z": -0.06347471475601196
        },
        "11": {
            "x": 0.7385843992233276,
            "y": 0.37217074632644653,
            "z": -0.06290376931428909
        },
        "12": {
            "x": 0.7163122892379761,
            "y": 0.3854147493839264,
            "z": -0.05172361060976982
        },
        "13": {
            "x": 0.6733887195587158,
            "y": 0.2944962680339813,
            "z": -0.031809404492378235
        },
        "14": {
            "x": 0.7219566702842712,
            "y": 0.3010123670101166,
            "z": -0.07862173020839691
        },
        "15": {
            "x": 0.7017031908035278,
            "y": 0.3773629069328308,
            "z": -0.06408892571926117
        },
        "16": {
            "x": 0.6792551279067993,
            "y": 0.37912920117378235,
            "z": -0.04199345409870148
        },
        "17": {
            "x": 0.6339331269264221,
            "y": 0.2975251078605652,
            "z": -0.04195783659815788
        },
        "18": {
            "x": 0.6812060475349426,
            "y": 0.29923343658447266,
            "z": -0.0711960420012474
        },
        "19": {
            "x": 0.673828125,
            "y": 0.35412564873695374,
            "z": -0.05767447501420975
        },
        "20": {
            "x": 0.6536514163017273,
            "y": 0.3599121570587158,
            "z": -0.04017282649874687
        }
    }
}