{
    "Т": {
        "0": {
            "x": 0.19965516030788422,
            "y": 0.20854181051254272,
            "z": 1.051462504619849e-06
        },
        "1": {
            "x": 0.2707604467868805,
            "y": 0.25200730562210083,
            "z": -0.018419109284877777
        },
        "2": {
            "x": 0.3155874013900757,
            "y": 0.36060771346092224,
            "z": -0.04050382226705551
        },
        "3": {
            "x": 0.31758397817611694,
            "y": 0.46694204211235046,
            "z": -0.05417060852050781
        },
        "4": {
            "x": 0.31590521335601807,
            "y": 0.5402801036834717,
            "z": -0.06719397008419037
        },
        "5": {
            "x": 0.3199835419654846,
            "y": 0.3302907943725586,
            "z": -0.09476158022880554
        },
        "6": {
            "x": 0.32725271582603455,
            "y": 0.482912540435791,
            "z": -0.12785066664218903
        },
        "7": {
            "x": 0.32095277309417725,
            "y": 0.5845885872840881,
            "z": -0.14540593326091766
        },
        "8": {
            "x": 0.3123908042907715,
            "y": 0.6630219221115112,
            "z": -0.154287189245224
        },
        "9": {
            "x": 0.25275740027427673,
            "y": 0.32222554087638855,
            "z": -0.09715684503316879
        },
        "10": {
            "x": 0.2475244551897049,
            "y": 0.49974334239959717,
            "z": -0.12372466921806335
        },
        "11": {
            "x": 0.24039019644260406,
            "y": 0.609123706817627,
            "z": -0.13005968928337097
        },
        "12": {
            "x": 0.23624764382839203,
            "y": 0.6872140765190125,
            "z": -0.13571132719516754
        },
        "13": {
            "x": 0.19277748465538025,
            "y": 0.3247833847999573,
            "z": -0.0961916595697403
        },
        "14": {
            "x": 0.18813581764698029,
            "y": 0.49687615036964417,
            "z": -0.11274568736553192
        },
        "15": {
            "x": 0.19154243171215057,
            "y": 0.6018476486206055,
            "z": -0.11539451032876968
        },
        "16": {
            "x": 0.19624345004558563,
            "y": 0.6708433628082275,
            "z": -0.11838862299919128
        },
        "17": {
            "x": 0.14691835641860962,
            "y": 0.3375210464000702,
            "z": -0.09493163228034973
        },
        "18": {
            "x": 0.1517580896615982,
            "y": 0.47367316484451294,
            "z": -0.10477098822593689
        },
        "19": {
            "x": 0.1569470912218094,
            "y": 0.5455963611602783,
            "z": -0.10298287123441696
        },
        "20": {
            "x": 0.16289648413658142,
            "y": 0.5956199169158936,
            "z": -0.10198844224214554
        }
    }
}