{
    "Т": {
        "0": {
            "x": 0.5273606181144714,
            "y": 0.3125116229057312,
            "z": 1.0465671493875561e-06
        },
        "1": {
            "x": 0.6073319315910339,
            "y": 0.3641534447669983,
            "z": -0.014003325253725052
        },
        "2": {
            "x": 0.6733062267303467,
            "y": 0.4709216356277466,
            "z": -0.0368943065404892
        },
        "3": {
            "x": 0.7015947699546814,
            "y": 0.5783852338790894,
            "z": -0.05651098117232323
        },
        "4": {
            "x": 0.7149507999420166,
            "y": 0.6614187955856323,
            "z": -0.07739641517400742
        },
        "5": {
            "x": 0.6960772275924683,
            "y": 0.46477723121643066,
            "z": -0.08267593383789062
        },
        "6": {
            "x": 0.6996363997459412,
            "y": 0.6395151615142822,
            "z": -0.1197272464632988
        },
        "7": {
            "x": 0.6984951496124268,
            "y": 0.744960606098175,
            "z": -0.13738314807415009
        },
        "8": {
            "x": 0.6951534152030945,
            "y": 0.8250000476837158,
            "z": -0.14704465866088867
        },
        "9": {
            "x": 0.6405285000801086,
            "y": 0.4516322910785675,
            "z": -0.09479644149541855
        },
        "10": {
            "x": 0.6393753290176392,
            "y": 0.6410562992095947,
            "z": -0.12647809088230133
        },
        "11": {
            "x": 0.6395176649093628,
            "y": 0.7528517246246338,
            "z": -0.1331273764371872
        },
        "12": {
            "x": 0.6383245587348938,
            "y": 0.8361252546310425,
            "z": -0.13847216963768005
        },
        "13": {
            "x": 0.5784135460853577,
            "y": 0.4441905915737152,
            "z": -0.10521844029426575
        },
        "14": {
            "x": 0.5805433392524719,
            "y": 0.6251988410949707,
            "z": -0.1290924996137619
        },
        "15": {
            "x": 0.5843009352684021,
            "y": 0.7327836751937866,
            "z": -0.12873485684394836
        },
        "16": {
            "x": 0.5882809162139893,
            "y": 0.8112649321556091,
            "z": -0.128910094499588
        },
        "17": {
            "x": 0.518469512462616,
            "y": 0.4447360634803772,
            "z": -0.11608139425516129
        },
        "18": {
            "x": 0.5252547264099121,
            "y": 0.5760785937309265,
            "z": -0.1318431794643402
        },
        "19": {
            "x": 0.5360438823699951,
            "y": 0.6505607962608337,
            "z": -0.13051064312458038
        },
        "20": {
            "x": 0.5464809536933899,
            "y": 0.7069048881530762,
            "z": -0.1293429285287857
        }
    }
}