{
    "Т": {
        "0": {
            "x": 0.3996390402317047,
            "y": 0.16661635041236877,
            "z": 1.0007951232182677e-06
        },
        "1": {
            "x": 0.47515571117401123,
            "y": 0.20896384119987488,
            "z": -0.011474129743874073
        },
        "2": {
            "x": 0.5249736905097961,
            "y": 0.3112756907939911,
            "z": -0.03184851258993149
        },
        "3": {
            "x": 0.5317531228065491,
            "y": 0.4174562990665436,
            "z": -0.04939277097582817
        },
        "4": {
            "x": 0.5283464789390564,
            "y": 0.4900984764099121,
            "z": -0.06798423081636429
        },
        "5": {
            "x": 0.554589033126831,
            "y": 0.30773839354515076,
            "z": -0.07326900959014893
        },
        "6": {
            "x": 0.5584619045257568,
            "y": 0.4610629081726074,
            "z": -0.10572798550128937
        },
        "7": {
            "x": 0.5523822903633118,
            "y": 0.5588899254798889,
            "z": -0.12339288741350174
        },
        "8": {
            "x": 0.546103835105896,
            "y": 0.6327109932899475,
            "z": -0.13197065889835358
        },
        "9": {
            "x": 0.4994732439517975,
            "y": 0.28826743364334106,
            "z": -0.08311261981725693
        },
        "10": {
            "x": 0.4949932396411896,
            "y": 0.4697050452232361,
            "z": -0.10923358798027039
        },
        "11": {
            "x": 0.49230119585990906,
            "y": 0.5719203948974609,
            "z": -0.11556201428174973
        },
        "12": {
            "x": 0.49049457907676697,
            "y": 0.6439616680145264,
            "z": -0.12074519693851471
        },
        "13": {
            "x": 0.44066983461380005,
            "y": 0.2831053137779236,
            "z": -0.09120295941829681
        },
        "14": {
            "x": 0.43798014521598816,
            "y": 0.45389440655708313,
            "z": -0.10995117574930191
        },
        "15": {
            "x": 0.4416549801826477,
            "y": 0.5496463775634766,
            "z": -0.11122779548168182
        },
        "16": {
            "x": 0.4456223249435425,
            "y": 0.6130327582359314,
            "z": -0.11205678433179855
        },
        "17": {
            "x": 0.38853228092193604,
            "y": 0.2912331819534302,
            "z": -0.09960924088954926
        },
        "18": {
            "x": 0.399442583322525,
            "y": 0.4292347729206085,
            "z": -0.10863029211759567
        },
        "19": {
            "x": 0.40650811791419983,
            "y": 0.4952608346939087,
            "z": -0.10391280055046082
        },
        "20": {
            "x": 0.4122241735458374,
            "y": 0.5382059812545776,
            "z": -0.10035868734121323
        }
    }
}