{
    "Т": {
        "0": {
            "x": 0.49055221676826477,
            "y": 0.15499602258205414,
            "z": 1.0698885262172553e-06
        },
        "1": {
            "x": 0.5647070407867432,
            "y": 0.2001461386680603,
            "z": -0.01323762722313404
        },
        "2": {
            "x": 0.6186732053756714,
            "y": 0.2970265746116638,
            "z": -0.03638501092791557
        },
        "3": {
            "x": 0.6281452178955078,
            "y": 0.40036654472351074,
            "z": -0.05603238567709923
        },
        "4": {
            "x": 0.6240774393081665,
            "y": 0.4744391441345215,
            "z": -0.0766625702381134
        },
        "5": {
            "x": 0.6395231485366821,
            "y": 0.2821432650089264,
            "z": -0.08210118114948273
        },
        "6": {
            "x": 0.6435865759849548,
            "y": 0.42904049158096313,
            "z": -0.11898826062679291
        },
        "7": {
            "x": 0.6418380737304688,
            "y": 0.5258432626724243,
            "z": -0.13895289599895477
        },
        "8": {
            "x": 0.6394180059432983,
            "y": 0.603936493396759,
            "z": -0.14932753145694733
        },
        "9": {
            "x": 0.585629403591156,
            "y": 0.2677466869354248,
            "z": -0.0925808697938919
        },
        "10": {
            "x": 0.5858821868896484,
            "y": 0.4400799870491028,
            "z": -0.12527933716773987
        },
        "11": {
            "x": 0.5863813161849976,
            "y": 0.5450319647789001,
            "z": -0.13325786590576172
        },
        "12": {
            "x": 0.5864102840423584,
            "y": 0.6227148771286011,
            "z": -0.13844768702983856
        },
        "13": {
            "x": 0.5282673835754395,
            "y": 0.26605284214019775,
            "z": -0.10120151937007904
        },
        "14": {
            "x": 0.5293269157409668,
            "y": 0.4355844259262085,
            "z": -0.12483249604701996
        },
        "15": {
            "x": 0.534119188785553,
            "y": 0.5335524082183838,
            "z": -0.12635444104671478
        },
        "16": {
            "x": 0.5389720797538757,
            "y": 0.6007463335990906,
            "z": -0.12591804563999176
        },
        "17": {
            "x": 0.4750186502933502,
            "y": 0.27615129947662354,
            "z": -0.11023640632629395
        },
        "18": {
            "x": 0.4888378083705902,
            "y": 0.4124380946159363,
            "z": -0.12191895395517349
        },
        "19": {
            "x": 0.4992518424987793,
            "y": 0.4835818409919739,
            "z": -0.11886467784643173
        },
        "20": {
            "x": 0.5072989463806152,
            "y": 0.5330047607421875,
            "z": -0.1160876527428627
        }
    }
}