{
    "Т": {
        "0": {
            "x": 0.3654579520225525,
            "y": 0.42983415722846985,
            "z": 1.2747759683406912e-06
        },
        "1": {
            "x": 0.44173571467399597,
            "y": 0.4542899429798126,
            "z": -0.02946588397026062
        },
        "2": {
            "x": 0.49503853917121887,
            "y": 0.5374504923820496,
            "z": -0.060949623584747314
        },
        "3": {
            "x": 0.4999724328517914,
            "y": 0.6471892595291138,
            "z": -0.0846896842122078
        },
        "4": {
            "x": 0.49217334389686584,
            "y": 0.7123387455940247,
            "z": -0.10892827063798904
        },
        "5": {
            "x": 0.5082229375839233,
            "y": 0.4879583716392517,
            "z": -0.11599913239479065
        },
        "6": {
            "x": 0.5265457034111023,
            "y": 0.636800229549408,
            "z": -0.1579560786485672
        },
        "7": {
            "x": 0.5237150192260742,
            "y": 0.7381477355957031,
            "z": -0.18524456024169922
        },
        "8": {
            "x": 0.5165120363235474,
            "y": 0.81789231300354,
            "z": -0.20158669352531433
        },
        "9": {
            "x": 0.43557009100914,
            "y": 0.4673311114311218,
            "z": -0.11952453851699829
        },
        "10": {
            "x": 0.4452427625656128,
            "y": 0.6467044949531555,
            "z": -0.16182290017604828
        },
        "11": {
            "x": 0.45096656680107117,
            "y": 0.7639250159263611,
            "z": -0.17741863429546356
        },
        "12": {
            "x": 0.4497803747653961,
            "y": 0.8475140929222107,
            "z": -0.1884729117155075
        },
        "13": {
            "x": 0.3664678633213043,
            "y": 0.47710609436035156,
            "z": -0.12028181552886963
        },
        "14": {
            "x": 0.3793228268623352,
            "y": 0.6523369550704956,
            "z": -0.1522102802991867
        },
        "15": {
            "x": 0.3930632770061493,
            "y": 0.764474093914032,
            "z": -0.16067658364772797
        },
        "16": {
            "x": 0.39751943945884705,
            "y": 0.8380820155143738,
            "z": -0.16487209498882294
        },
        "17": {
            "x": 0.317910760641098,
            "y": 0.5057465434074402,
            "z": -0.12211297452449799
        },
        "18": {
            "x": 0.32539185881614685,
            "y": 0.6528151631355286,
            "z": -0.14006999135017395
        },
        "19": {
            "x": 0.332485169172287,
            "y": 0.7194721102714539,
            "z": -0.13909953832626343
        },
        "20": {
            "x": 0.3339660167694092,
            "y": 0.7627887725830078,
            "z": -0.1377992182970047
        }
    }
}