{
    "Т": {
        "0": {
            "x": 0.494966983795166,
            "y": 0.42126524448394775,
            "z": 5.428954636954586e-07
        },
        "1": {
            "x": 0.5411889553070068,
            "y": 0.46378540992736816,
            "z": -0.004911105148494244
        },
        "2": {
            "x": 0.5613517165184021,
            "y": 0.5353230237960815,
            "z": -0.015420100651681423
        },
        "3": {
            "x": 0.556879460811615,
            "y": 0.5975860953330994,
            "z": -0.024697909131646156
        },
        "4": {
            "x": 0.5468099117279053,
            "y": 0.6399479508399963,
            "z": -0.034952301532030106
        },
        "5": {
            "x": 0.571126401424408,
            "y": 0.5354444980621338,
            "z": -0.03993048518896103
        },
        "6": {
            "x": 0.5693092346191406,
            "y": 0.6228660941123962,
            "z": -0.060076646506786346
        },
        "7": {
            "x": 0.5654534101486206,
            "y": 0.6796687841415405,
            "z": -0.07111632078886032
        },
        "8": {
            "x": 0.5618771314620972,
            "y": 0.7257816791534424,
            "z": -0.07805478572845459
        },
        "9": {
            "x": 0.5366461277008057,
            "y": 0.5336781144142151,
            "z": -0.04877762869000435
        },
        "10": {
            "x": 0.5343685746192932,
            "y": 0.6337699294090271,
            "z": -0.06712278723716736
        },
        "11": {
            "x": 0.5321897268295288,
            "y": 0.7020707726478577,
            "z": -0.0772559866309166
        },
        "12": {
            "x": 0.5299825668334961,
            "y": 0.757280170917511,
            "z": -0.08499296009540558
        },
        "13": {
            "x": 0.5007674098014832,
            "y": 0.5292684435844421,
            "z": -0.05624958500266075
        },
        "14": {
            "x": 0.5033338665962219,
            "y": 0.6190767288208008,
            "z": -0.07188677042722702
        },
        "15": {
            "x": 0.5019713640213013,
            "y": 0.6798388361930847,
            "z": -0.08063119649887085
        },
        "16": {
            "x": 0.5009260177612305,
            "y": 0.7276387810707092,
            "z": -0.08677759021520615
        },
        "17": {
            "x": 0.46753737330436707,
            "y": 0.524738073348999,
            "z": -0.06318186223506927
        },
        "18": {
            "x": 0.47315502166748047,
            "y": 0.5888441801071167,
            "z": -0.07562828063964844
        },
        "19": {
            "x": 0.4779577851295471,
            "y": 0.6294127106666565,
            "z": -0.08043188601732254
        },
        "20": {
            "x": 0.4809357523918152,
            "y": 0.6648597717285156,
            "z": -0.08381963521242142
        }
    }
}