{
    "Т": {
        "0": {
            "x": 0.5002806782722473,
            "y": 0.4218685030937195,
            "z": 5.685150767931191e-07
        },
        "1": {
            "x": 0.5460844039916992,
            "y": 0.46117958426475525,
            "z": -0.005051822401583195
        },
        "2": {
            "x": 0.5671687722206116,
            "y": 0.5314569473266602,
            "z": -0.016397375613451004
        },
        "3": {
            "x": 0.5628229379653931,
            "y": 0.5956166386604309,
            "z": -0.025950904935598373
        },
        "4": {
            "x": 0.5524551868438721,
            "y": 0.6403818726539612,
            "z": -0.036795999854803085
        },
        "5": {
            "x": 0.5768184661865234,
            "y": 0.5305427312850952,
            "z": -0.043869201093912125
        },
        "6": {
            "x": 0.5736785531044006,
            "y": 0.6195881366729736,
            "z": -0.06319518387317657
        },
        "7": {
            "x": 0.5689380168914795,
            "y": 0.6762601137161255,
            "z": -0.07310480624437332
        },
        "8": {
            "x": 0.5640583634376526,
            "y": 0.7218918800354004,
            "z": -0.07920857518911362
        },
        "9": {
            "x": 0.5414614081382751,
            "y": 0.5295155644416809,
            "z": -0.052148014307022095
        },
        "10": {
            "x": 0.5383714437484741,
            "y": 0.631592869758606,
            "z": -0.06949847936630249
        },
        "11": {
            "x": 0.5360440611839294,
            "y": 0.6989305019378662,
            "z": -0.07803294062614441
        },
        "12": {
            "x": 0.5331162214279175,
            "y": 0.7525094151496887,
            "z": -0.0848957747220993
        },
        "13": {
            "x": 0.5055451393127441,
            "y": 0.5259419679641724,
            "z": -0.05869369953870773
        },
        "14": {
            "x": 0.5073660016059875,
            "y": 0.6181500554084778,
            "z": -0.07312619686126709
        },
        "15": {
            "x": 0.5061271786689758,
            "y": 0.6792652010917664,
            "z": -0.08047151565551758
        },
        "16": {
            "x": 0.5043020844459534,
            "y": 0.726659893989563,
            "z": -0.08603915572166443
        },
        "17": {
            "x": 0.4733980596065521,
            "y": 0.5221824049949646,
            "z": -0.06461839377880096
        },
        "18": {
            "x": 0.47994428873062134,
            "y": 0.5870163440704346,
            "z": -0.07607205212116241
        },
        "19": {
            "x": 0.48493459820747375,
            "y": 0.6280983090400696,
            "z": -0.08005938678979874
        },
        "20": {
            "x": 0.4868689477443695,
            "y": 0.6631920337677002,
            "z": -0.0830608606338501
        }
    }
}