{
    "Т": {
        "0": {
            "x": 0.5019674301147461,
            "y": 0.44900643825531006,
            "z": 4.928435259898833e-07
        },
        "1": {
            "x": 0.5473421812057495,
            "y": 0.4853546619415283,
            "z": -0.00033695570891723037
        },
        "2": {
            "x": 0.5688850283622742,
            "y": 0.5482139587402344,
            "z": -0.007845859974622726
        },
        "3": {
            "x": 0.5675067901611328,
            "y": 0.6055504083633423,
            "z": -0.014907239936292171
        },
        "4": {
            "x": 0.5598219037055969,
            "y": 0.6471331715583801,
            "z": -0.023073710501194
        },
        "5": {
            "x": 0.5803568363189697,
            "y": 0.5532289743423462,
            "z": -0.030791552737355232
        },
        "6": {
            "x": 0.582780659198761,
            "y": 0.6375615000724792,
            "z": -0.046805765479803085
        },
        "7": {
            "x": 0.5833337306976318,
            "y": 0.6900614500045776,
            "z": -0.0551450178027153
        },
        "8": {
            "x": 0.5827590823173523,
            "y": 0.731317400932312,
            "z": -0.0601266510784626
        },
        "9": {
            "x": 0.5499145984649658,
            "y": 0.5578343868255615,
            "z": -0.040069978684186935
        },
        "10": {
            "x": 0.5541003942489624,
            "y": 0.6527597904205322,
            "z": -0.053554486483335495
        },
        "11": {
            "x": 0.5564512610435486,
            "y": 0.7154497504234314,
            "z": -0.06156163290143013
        },
        "12": {
            "x": 0.5570788383483887,
            "y": 0.7650221586227417,
            "z": -0.06762993335723877
        },
        "13": {
            "x": 0.5169475674629211,
            "y": 0.5581459999084473,
            "z": -0.04765929654240608
        },
        "14": {
            "x": 0.5245440006256104,
            "y": 0.6435942053794861,
            "z": -0.05893155187368393
        },
        "15": {
            "x": 0.5260991454124451,
            "y": 0.6983138918876648,
            "z": -0.06590752303600311
        },
        "16": {
            "x": 0.5266336798667908,
            "y": 0.7411987781524658,
            "z": -0.0711972564458847
        },
        "17": {
            "x": 0.4854794144630432,
            "y": 0.5551382303237915,
            "z": -0.054363954812288284
        },
        "18": {
            "x": 0.49240174889564514,
            "y": 0.6112697720527649,
            "z": -0.06365985423326492
        },
        "19": {
            "x": 0.49655577540397644,
            "y": 0.6469937562942505,
            "z": -0.06635209172964096
        },
        "20": {
            "x": 0.4982224404811859,
            "y": 0.6780985593795776,
            "z": -0.06800729781389236
        }
    }
}