{
    "Т": {
        "0": {
            "x": 0.4850958585739136,
            "y": 0.4272485077381134,
            "z": 4.568041731545236e-07
        },
        "1": {
            "x": 0.5312438011169434,
            "y": 0.45937520265579224,
            "z": 0.0008003886323422194
        },
        "2": {
            "x": 0.5552904605865479,
            "y": 0.5164260268211365,
            "z": -0.0067449607886374
        },
        "3": {
            "x": 0.5584356188774109,
            "y": 0.5703620910644531,
            "z": -0.013666026294231415
        },
        "4": {
            "x": 0.5537551641464233,
            "y": 0.610181987285614,
            "z": -0.021368009969592094
        },
        "5": {
            "x": 0.565043568611145,
            "y": 0.5229380130767822,
            "z": -0.032643336802721024
        },
        "6": {
            "x": 0.568651020526886,
            "y": 0.6088082790374756,
            "z": -0.04674674943089485
        },
        "7": {
            "x": 0.5688849091529846,
            "y": 0.6574311256408691,
            "z": -0.05242827162146568
        },
        "8": {
            "x": 0.5682446956634521,
            "y": 0.6942011117935181,
            "z": -0.05497852340340614
        },
        "9": {
            "x": 0.5350428819656372,
            "y": 0.5245575308799744,
            "z": -0.040390290319919586
        },
        "10": {
            "x": 0.5407917499542236,
            "y": 0.6194051504135132,
            "z": -0.051131147891283035
        },
        "11": {
            "x": 0.5441822409629822,
            "y": 0.675308108329773,
            "z": -0.0539526641368866
        },
        "12": {
            "x": 0.5452178716659546,
            "y": 0.7158840894699097,
            "z": -0.05628348886966705
        },
        "13": {
            "x": 0.5037662386894226,
            "y": 0.5253534317016602,
            "z": -0.04607280343770981
        },
        "14": {
            "x": 0.5112345814704895,
            "y": 0.6112164258956909,
            "z": -0.05277770385146141
        },
        "15": {
            "x": 0.5160852074623108,
            "y": 0.658669114112854,
            "z": -0.052865877747535706
        },
        "16": {
            "x": 0.5194336175918579,
            "y": 0.6918654441833496,
            "z": -0.053555019199848175
        },
        "17": {
            "x": 0.4747420847415924,
            "y": 0.5244402289390564,
            "z": -0.051173269748687744
        },
        "18": {
            "x": 0.4814746379852295,
            "y": 0.5850351452827454,
            "z": -0.05477551370859146
        },
        "19": {
            "x": 0.48579099774360657,
            "y": 0.6179822683334351,
            "z": -0.05234208703041077
        },
        "20": {
            "x": 0.48791125416755676,
            "y": 0.6428186297416687,
            "z": -0.050415582954883575
        }
    }
}