{
    "Т": {
        "0": {
            "x": 0.487182080745697,
            "y": 0.42482537031173706,
            "z": 4.5765591494273394e-07
        },
        "1": {
            "x": 0.5314024686813354,
            "y": 0.4589197039604187,
            "z": 3.081166869378649e-05
        },
        "2": {
            "x": 0.554213285446167,
            "y": 0.5167902708053589,
            "z": -0.007233140990138054
        },
        "3": {
            "x": 0.5559421181678772,
            "y": 0.5713456273078918,
            "z": -0.014063425362110138
        },
        "4": {
            "x": 0.5504298210144043,
            "y": 0.6114792823791504,
            "z": -0.021630723029375076
        },
        "5": {
            "x": 0.5646681189537048,
            "y": 0.5193273425102234,
            "z": -0.030404865741729736
        },
        "6": {
            "x": 0.5685623288154602,
            "y": 0.6030874252319336,
            "z": -0.04477964714169502
        },
        "7": {
            "x": 0.5676795840263367,
            "y": 0.652067244052887,
            "z": -0.05089589208364487
        },
        "8": {
            "x": 0.5657581686973572,
            "y": 0.6900768876075745,
            "z": -0.05390901491045952
        },
        "9": {
            "x": 0.5349211692810059,
            "y": 0.5215681791305542,
            "z": -0.038420144468545914
        },
        "10": {
            "x": 0.5404855608940125,
            "y": 0.6138391494750977,
            "z": -0.05004577711224556
        },
        "11": {
            "x": 0.5424429774284363,
            "y": 0.6708078384399414,
            "z": -0.054232075810432434
        },
        "12": {
            "x": 0.5423557162284851,
            "y": 0.7137904167175293,
            "z": -0.057438790798187256
        },
        "13": {
            "x": 0.5036996603012085,
            "y": 0.522110104560852,
            "z": -0.044797275215387344
        },
        "14": {
            "x": 0.5102891325950623,
            "y": 0.6035027503967285,
            "z": -0.05312366411089897
        },
        "15": {
            "x": 0.5135958194732666,
            "y": 0.6532699465751648,
            "z": -0.05523240193724632
        },
        "16": {
            "x": 0.5156250596046448,
            "y": 0.6900918483734131,
            "z": -0.05705953761935234
        },
        "17": {
            "x": 0.47440746426582336,
            "y": 0.5211995840072632,
            "z": -0.05063808709383011
        },
        "18": {
            "x": 0.48207858204841614,
            "y": 0.5803136825561523,
            "z": -0.05590971186757088
        },
        "19": {
            "x": 0.4869574308395386,
            "y": 0.6150184869766235,
            "z": -0.05505667254328728
        },
        "20": {
            "x": 0.48954761028289795,
            "y": 0.6428276896476746,
            "z": -0.05428177863359451
        }
    }
}