{
    "Т": {
        "0": {
            "x": 0.2763032913208008,
            "y": 0.3837740421295166,
            "z": 1.2657699244300602e-06
        },
        "1": {
            "x": 0.3357333540916443,
            "y": 0.4348280727863312,
            "z": -0.034102100878953934
        },
        "2": {
            "x": 0.37343770265579224,
            "y": 0.5267260670661926,
            "z": -0.06715108454227448
        },
        "3": {
            "x": 0.36769911646842957,
            "y": 0.6128443479537964,
            "z": -0.08817549794912338
        },
        "4": {
            "x": 0.3583080768585205,
            "y": 0.6713076233863831,
            "z": -0.10953424125909805
        },
        "5": {
            "x": 0.3790392279624939,
            "y": 0.466272234916687,
            "z": -0.13294033706188202
        },
        "6": {
            "x": 0.37959086894989014,
            "y": 0.6108574271202087,
            "z": -0.17361482977867126
        },
        "7": {
            "x": 0.3668159246444702,
            "y": 0.7119656801223755,
            "z": -0.19487084448337555
        },
        "8": {
            "x": 0.3509480357170105,
            "y": 0.7914852499961853,
            "z": -0.20560725033283234
        },
        "9": {
            "x": 0.31205853819847107,
            "y": 0.44298243522644043,
            "z": -0.13009101152420044
        },
        "10": {
            "x": 0.29711610078811646,
            "y": 0.6223111152648926,
            "z": -0.1651078164577484
        },
        "11": {
            "x": 0.28701266646385193,
            "y": 0.7369595170021057,
            "z": -0.1726168692111969
        },
        "12": {
            "x": 0.27896827459335327,
            "y": 0.8153987526893616,
            "z": -0.1790877729654312
        },
        "13": {
            "x": 0.250618040561676,
            "y": 0.440552681684494,
            "z": -0.12341185659170151
        },
        "14": {
            "x": 0.23544558882713318,
            "y": 0.6200162768363953,
            "z": -0.14590854942798615
        },
        "15": {
            "x": 0.23438811302185059,
            "y": 0.7308297157287598,
            "z": -0.14732709527015686
        },
        "16": {
            "x": 0.23514524102210999,
            "y": 0.8003976941108704,
            "z": -0.148751363158226
        },
        "17": {
            "x": 0.2033643126487732,
            "y": 0.45516669750213623,
            "z": -0.11764311045408249
        },
        "18": {
            "x": 0.2032851278781891,
            "y": 0.5971658229827881,
            "z": -0.1282864212989807
        },
        "19": {
            "x": 0.20655786991119385,
            "y": 0.67959064245224,
            "z": -0.12444531172513962
        },
        "20": {
            "x": 0.20993125438690186,
            "y": 0.7344038486480713,
            "z": -0.12261953204870224
        }
    }
}