{
    "Т": {
        "0": {
            "x": 0.599245548248291,
            "y": 0.1523229032754898,
            "z": 2.3077107869085012e-07
        },
        "1": {
            "x": 0.5361952185630798,
            "y": 0.20847098529338837,
            "z": 0.006233725231140852
        },
        "2": {
            "x": 0.5095199942588806,
            "y": 0.2981247007846832,
            "z": 0.0012482076417654753
        },
        "3": {
            "x": 0.5055409073829651,
            "y": 0.37785810232162476,
            "z": -0.002254078397527337
        },
        "4": {
            "x": 0.5101007223129272,
            "y": 0.4358997642993927,
            "z": -0.009329447522759438
        },
        "5": {
            "x": 0.5002335906028748,
            "y": 0.3263264298439026,
            "z": -0.04618307948112488
        },
        "6": {
            "x": 0.5074958801269531,
            "y": 0.4570867419242859,
            "z": -0.06282293796539307
        },
        "7": {
            "x": 0.5139017105102539,
            "y": 0.5298696756362915,
            "z": -0.0685209408402443
        },
        "8": {
            "x": 0.5194646716117859,
            "y": 0.5853996872901917,
            "z": -0.07023952156305313
        },
        "9": {
            "x": 0.5475242137908936,
            "y": 0.32566866278648376,
            "z": -0.05658352002501488
        },
        "10": {
            "x": 0.5551058053970337,
            "y": 0.4776500463485718,
            "z": -0.0760839432477951
        },
        "11": {
            "x": 0.556229293346405,
            "y": 0.560670793056488,
            "z": -0.08156171441078186
        },
        "12": {
            "x": 0.5534230470657349,
            "y": 0.6225569248199463,
            "z": -0.08324182778596878
        },
        "13": {
            "x": 0.5943602323532104,
            "y": 0.3209030032157898,
            "z": -0.06229466572403908
        },
        "14": {
            "x": 0.5921612977981567,
            "y": 0.46227705478668213,
            "z": -0.07779895514249802
        },
        "15": {
            "x": 0.584531843662262,
            "y": 0.54296875,
            "z": -0.08066863566637039
        },
        "16": {
            "x": 0.576288640499115,
            "y": 0.6033980846405029,
            "z": -0.08060502260923386
        },
        "17": {
            "x": 0.6362006068229675,
            "y": 0.3081319034099579,
            "z": -0.06520901620388031
        },
        "18": {
            "x": 0.6185017228126526,
            "y": 0.4114612340927124,
            "z": -0.07359489798545837
        },
        "19": {
            "x": 0.6023256778717041,
            "y": 0.44697630405426025,
            "z": -0.06777440011501312
        },
        "20": {
            "x": 0.5883479714393616,
            "y": 0.4681081175804138,
            "z": -0.061450544744729996
        }
    }
}