{
    "Т": {
        "0": {
            "x": 0.23404555022716522,
            "y": 0.3855372965335846,
            "z": 1.1768779586418532e-06
        },
        "1": {
            "x": 0.3040512204170227,
            "y": 0.42264726758003235,
            "z": -0.022773386910557747
        },
        "2": {
            "x": 0.3531951606273651,
            "y": 0.5189858078956604,
            "z": -0.049592070281505585
        },
        "3": {
            "x": 0.35477548837661743,
            "y": 0.6179772615432739,
            "z": -0.06542329490184784
        },
        "4": {
            "x": 0.3458649516105652,
            "y": 0.6855356693267822,
            "z": -0.08145467191934586
        },
        "5": {
            "x": 0.3530959486961365,
            "y": 0.47494420409202576,
            "z": -0.11558116227388382
        },
        "6": {
            "x": 0.35828667879104614,
            "y": 0.6301974058151245,
            "z": -0.14839640259742737
        },
        "7": {
            "x": 0.3498374819755554,
            "y": 0.7334543466567993,
            "z": -0.16423925757408142
        },
        "8": {
            "x": 0.3370263874530792,
            "y": 0.8125630617141724,
            "z": -0.17142726480960846
        },
        "9": {
            "x": 0.281991571187973,
            "y": 0.4682289659976959,
            "z": -0.11364437639713287
        },
        "10": {
            "x": 0.2772596478462219,
            "y": 0.656671404838562,
            "z": -0.13847389817237854
        },
        "11": {
            "x": 0.2713107168674469,
            "y": 0.7719435691833496,
            "z": -0.1422261893749237
        },
        "12": {
            "x": 0.2668214440345764,
            "y": 0.8510822653770447,
            "z": -0.14701366424560547
        },
        "13": {
            "x": 0.22080057859420776,
            "y": 0.47694098949432373,
            "z": -0.1065211221575737
        },
        "14": {
            "x": 0.21950258314609528,
            "y": 0.6575188636779785,
            "z": -0.1191214844584465
        },
        "15": {
            "x": 0.22597327828407288,
            "y": 0.7650215029716492,
            "z": -0.11790692061185837
        },
        "16": {
            "x": 0.23122428357601166,
            "y": 0.8337360620498657,
            "z": -0.11919084936380386
        },
        "17": {
            "x": 0.1760912984609604,
            "y": 0.49671366810798645,
            "z": -0.0990750640630722
        },
        "18": {
            "x": 0.18967626988887787,
            "y": 0.6372056603431702,
            "z": -0.1027793139219284
        },
        "19": {
            "x": 0.19918163120746613,
            "y": 0.7118321061134338,
            "z": -0.09608539938926697
        },
        "20": {
            "x": 0.2055102288722992,
            "y": 0.7625809907913208,
            "z": -0.09264180064201355
        }
    }
}