{
    "Т": {
        "0": {
            "x": 0.6870348453521729,
            "y": 0.06032106280326843,
            "z": 5.688258397640311e-07
        },
        "1": {
            "x": 0.7583267688751221,
            "y": 0.1453111618757248,
            "z": 0.01801428385078907
        },
        "2": {
            "x": 0.7699477076530457,
            "y": 0.2685479521751404,
            "z": 0.024059241637587547
        },
        "3": {
            "x": 0.7363578081130981,
            "y": 0.3429777920246124,
            "z": 0.02964341826736927
        },
        "4": {
            "x": 0.7012296319007874,
            "y": 0.3827340602874756,
            "z": 0.03191787004470825
        },
        "5": {
            "x": 0.8077071905136108,
            "y": 0.31849750876426697,
            "z": -0.013610770925879478
        },
        "6": {
            "x": 0.791718602180481,
            "y": 0.47768163681030273,
            "z": -0.016162173822522163
        },
        "7": {
            "x": 0.7771900296211243,
            "y": 0.5659845471382141,
            "z": -0.012734794057905674
        },
        "8": {
            "x": 0.7668777704238892,
            "y": 0.6300872564315796,
            "z": -0.009576418437063694
        },
        "9": {
            "x": 0.7472869753837585,
            "y": 0.33902791142463684,
            "z": -0.027399888262152672
        },
        "10": {
            "x": 0.7360674142837524,
            "y": 0.503619372844696,
            "z": -0.025054560974240303
        },
        "11": {
            "x": 0.7307154536247253,
            "y": 0.5962252616882324,
            "z": -0.025664271786808968
        },
        "12": {
            "x": 0.7293683886528015,
            "y": 0.6628701686859131,
            "z": -0.026997815817594528
        },
        "13": {
            "x": 0.6877949833869934,
            "y": 0.34115874767303467,
            "z": -0.037279222160577774
        },
        "14": {
            "x": 0.6847187876701355,
            "y": 0.4809255003929138,
            "z": -0.037902165204286575
        },
        "15": {
            "x": 0.6880946159362793,
            "y": 0.5686721205711365,
            "z": -0.05294005945324898
        },
        "16": {
            "x": 0.6906315088272095,
            "y": 0.6316996812820435,
            "z": -0.06694716960191727
        },
        "17": {
            "x": 0.6365137696266174,
            "y": 0.3271275460720062,
            "z": -0.043832238763570786
        },
        "18": {
            "x": 0.6582476496696472,
            "y": 0.351004034280777,
            "z": -0.04142589494585991
        },
        "19": {
            "x": 0.6808905601501465,
            "y": 0.323544442653656,
            "z": -0.04058695584535599
        },
        "20": {
            "x": 0.6900936365127563,
            "y": 0.29195159673690796,
            "z": -0.041927315294742584
        }
    }
}