{
    "Т": {
        "0": {
            "x": 0.604625940322876,
            "y": 0.11511844396591187,
            "z": 5.135870537742449e-07
        },
        "1": {
            "x": 0.6836225986480713,
            "y": 0.19060638546943665,
            "z": 0.021867623552680016
        },
        "2": {
            "x": 0.7089748382568359,
            "y": 0.30242443084716797,
            "z": 0.029921947047114372
        },
        "3": {
            "x": 0.6901927590370178,
            "y": 0.3757031261920929,
            "z": 0.036772504448890686
        },
        "4": {
            "x": 0.6641789078712463,
            "y": 0.4158971607685089,
            "z": 0.04101097583770752
        },
        "5": {
            "x": 0.7282362580299377,
            "y": 0.3461029827594757,
            "z": -0.010351196862757206
        },
        "6": {
            "x": 0.7171099781990051,
            "y": 0.4945988953113556,
            "z": -0.010800585150718689
        },
        "7": {
            "x": 0.7065065503120422,
            "y": 0.5745265483856201,
            "z": -0.0072329784743487835
        },
        "8": {
            "x": 0.6984152793884277,
            "y": 0.6304423809051514,
            "z": -0.0040128822438418865
        },
        "9": {
            "x": 0.6707445979118347,
            "y": 0.3687514662742615,
            "z": -0.02202668786048889
        },
        "10": {
            "x": 0.6655094027519226,
            "y": 0.5224723815917969,
            "z": -0.015527404844760895
        },
        "11": {
            "x": 0.662855327129364,
            "y": 0.6043306589126587,
            "z": -0.013180035166442394
        },
        "12": {
            "x": 0.661389172077179,
            "y": 0.6604568958282471,
            "z": -0.012942538596689701
        },
        "13": {
            "x": 0.6138623356819153,
            "y": 0.3751211166381836,
            "z": -0.029007891193032265
        },
        "14": {
            "x": 0.625177264213562,
            "y": 0.5122141242027283,
            "z": -0.022051824256777763
        },
        "15": {
            "x": 0.6331230998039246,
            "y": 0.5847088098526001,
            "z": -0.029215598478913307
        },
        "16": {
            "x": 0.6337743997573853,
            "y": 0.634376049041748,
            "z": -0.03859957307577133
        },
        "17": {
            "x": 0.56685870885849,
            "y": 0.367899626493454,
            "z": -0.03287173807621002
        },
        "18": {
            "x": 0.592275857925415,
            "y": 0.3899937570095062,
            "z": -0.024140585213899612
        },
        "19": {
            "x": 0.6116988658905029,
            "y": 0.36719298362731934,
            "z": -0.02008908987045288
        },
        "20": {
            "x": 0.614191472530365,
            "y": 0.3423466682434082,
            "z": -0.01917475089430809
        }
    }
}