{
    "Т": {
        "0": {
            "x": 0.6295934319496155,
            "y": 0.11567327380180359,
            "z": 5.228599775364273e-07
        },
        "1": {
            "x": 0.7084800601005554,
            "y": 0.19116097688674927,
            "z": 0.02077934332191944
        },
        "2": {
            "x": 0.731814980506897,
            "y": 0.3117760121822357,
            "z": 0.03006192110478878
        },
        "3": {
            "x": 0.7098516225814819,
            "y": 0.39151114225387573,
            "z": 0.03837905079126358
        },
        "4": {
            "x": 0.6816518902778625,
            "y": 0.43451160192489624,
            "z": 0.044310443103313446
        },
        "5": {
            "x": 0.7570488452911377,
            "y": 0.35543543100357056,
            "z": -0.009014644660055637
        },
        "6": {
            "x": 0.7570358514785767,
            "y": 0.5104711651802063,
            "z": -0.012955373153090477
        },
        "7": {
            "x": 0.7515736222267151,
            "y": 0.5978472828865051,
            "z": -0.011064484715461731
        },
        "8": {
            "x": 0.7478352189064026,
            "y": 0.661162257194519,
            "z": -0.007809032686054707
        },
        "9": {
            "x": 0.6993101239204407,
            "y": 0.3761935830116272,
            "z": -0.02107860893011093
        },
        "10": {
            "x": 0.7053453326225281,
            "y": 0.5394816994667053,
            "z": -0.022603612393140793
        },
        "11": {
            "x": 0.7084333896636963,
            "y": 0.6291202306747437,
            "z": -0.02245827205479145
        },
        "12": {
            "x": 0.7134791016578674,
            "y": 0.6937822699546814,
            "z": -0.021014733240008354
        },
        "13": {
            "x": 0.6416932344436646,
            "y": 0.3829038143157959,
            "z": -0.02892964892089367
        },
        "14": {
            "x": 0.6562494039535522,
            "y": 0.5268832445144653,
            "z": -0.031011711806058884
        },
        "15": {
            "x": 0.6679019331932068,
            "y": 0.6029489636421204,
            "z": -0.03878641128540039
        },
        "16": {
            "x": 0.6751022338867188,
            "y": 0.6573419570922852,
            "z": -0.04468146711587906
        },
        "17": {
            "x": 0.5923655033111572,
            "y": 0.37266746163368225,
            "z": -0.03338015824556351
        },
        "18": {
            "x": 0.6129930019378662,
            "y": 0.42140114307403564,
            "z": -0.02706405147910118
        },
        "19": {
            "x": 0.631475031375885,
            "y": 0.3947426974773407,
            "z": -0.01840067096054554
        },
        "20": {
            "x": 0.634804368019104,
            "y": 0.3626699447631836,
            "z": -0.012529391795396805
        }
    }
}