{
    "Т": {
        "0": {
            "x": 0.4865463674068451,
            "y": 0.08401873707771301,
            "z": 4.4252792008592223e-07
        },
        "1": {
            "x": 0.5810912847518921,
            "y": 0.151876300573349,
            "z": 0.002221213886514306
        },
        "2": {
            "x": 0.5999005436897278,
            "y": 0.2606886625289917,
            "z": 0.002674339571967721
        },
        "3": {
            "x": 0.5833964943885803,
            "y": 0.35418254137039185,
            "z": 0.00611730245873332
        },
        "4": {
            "x": 0.5656848549842834,
            "y": 0.42094314098358154,
            "z": 0.008962084539234638
        },
        "5": {
            "x": 0.6141178607940674,
            "y": 0.3983238935470581,
            "z": -0.028201138600707054
        },
        "6": {
            "x": 0.6286531686782837,
            "y": 0.5791013836860657,
            "z": -0.04010888189077377
        },
        "7": {
            "x": 0.6330011487007141,
            "y": 0.6792497634887695,
            "z": -0.039826907217502594
        },
        "8": {
            "x": 0.6308295130729675,
            "y": 0.7520335912704468,
            "z": -0.036930713802576065
        },
        "9": {
            "x": 0.5421695113182068,
            "y": 0.42622047662734985,
            "z": -0.033737897872924805
        },
        "10": {
            "x": 0.5633122324943542,
            "y": 0.613410234451294,
            "z": -0.047000110149383545
        },
        "11": {
            "x": 0.5740534067153931,
            "y": 0.7161444425582886,
            "z": -0.049151461571455
        },
        "12": {
            "x": 0.5818874835968018,
            "y": 0.7937168478965759,
            "z": -0.046715062111616135
        },
        "13": {
            "x": 0.47787541151046753,
            "y": 0.42344972491264343,
            "z": -0.03723576292395592
        },
        "14": {
            "x": 0.4997502565383911,
            "y": 0.6000890731811523,
            "z": -0.05514924228191376
        },
        "15": {
            "x": 0.5157692432403564,
            "y": 0.6976195573806763,
            "z": -0.0714961364865303
        },
        "16": {
            "x": 0.5288805365562439,
            "y": 0.77006995677948,
            "z": -0.07976353168487549
        },
        "17": {
            "x": 0.4257045090198517,
            "y": 0.3930879831314087,
            "z": -0.037897005677223206
        },
        "18": {
            "x": 0.45107680559158325,
            "y": 0.46908003091812134,
            "z": -0.054123006761074066
        },
        "19": {
            "x": 0.47848665714263916,
            "y": 0.487487256526947,
            "z": -0.061234693974256516
        },
        "20": {
            "x": 0.4958806037902832,
            "y": 0.48912012577056885,
            "z": -0.06206436827778816
        }
    }
}