{
    "Т": {
        "0": {
            "x": 0.559533953666687,
            "y": 0.0795924961566925,
            "z": 7.177558813964424e-07
        },
        "1": {
            "x": 0.6526148915290833,
            "y": 0.16049519181251526,
            "z": 0.013254977762699127
        },
        "2": {
            "x": 0.6824992895126343,
            "y": 0.29884862899780273,
            "z": 0.01791158877313137
        },
        "3": {
            "x": 0.659548819065094,
            "y": 0.40717247128486633,
            "z": 0.02587512694299221
        },
        "4": {
            "x": 0.6315979957580566,
            "y": 0.4813203513622284,
            "z": 0.03330827131867409
        },
        "5": {
            "x": 0.711183488368988,
            "y": 0.32948336005210876,
            "z": -0.03629989176988602
        },
        "6": {
            "x": 0.7212548851966858,
            "y": 0.5102856159210205,
            "z": -0.04246225580573082
        },
        "7": {
            "x": 0.7234654426574707,
            "y": 0.6100571155548096,
            "z": -0.03751709312200546
        },
        "8": {
            "x": 0.726795494556427,
            "y": 0.6848326325416565,
            "z": -0.03262646496295929
        },
        "9": {
            "x": 0.6440542936325073,
            "y": 0.3514288663864136,
            "z": -0.04779908061027527
        },
        "10": {
            "x": 0.6638035178184509,
            "y": 0.5470013618469238,
            "z": -0.0685051679611206
        },
        "11": {
            "x": 0.674294650554657,
            "y": 0.6569725275039673,
            "z": -0.0771738812327385
        },
        "12": {
            "x": 0.6858198046684265,
            "y": 0.7346013784408569,
            "z": -0.07982923090457916
        },
        "13": {
            "x": 0.5774617195129395,
            "y": 0.36439886689186096,
            "z": -0.05256602540612221
        },
        "14": {
            "x": 0.5716682076454163,
            "y": 0.5460689067840576,
            "z": -0.07301941514015198
        },
        "15": {
            "x": 0.5773227214813232,
            "y": 0.6455920934677124,
            "z": -0.08363316208124161
        },
        "16": {
            "x": 0.5840323567390442,
            "y": 0.7185870409011841,
            "z": -0.08721113204956055
        },
        "17": {
            "x": 0.5208677649497986,
            "y": 0.36382412910461426,
            "z": -0.05248263105750084
        },
        "18": {
            "x": 0.5474396347999573,
            "y": 0.46657899022102356,
            "z": -0.058293845504522324
        },
        "19": {
            "x": 0.573288083076477,
            "y": 0.4524284303188324,
            "z": -0.04926733300089836
        },
        "20": {
            "x": 0.5867813229560852,
            "y": 0.42841774225234985,
            "z": -0.04095343500375748
        }
    }
}