{
    "Т": {
        "0": {
            "x": 0.24059735238552094,
            "y": 0.17696616053581238,
            "z": 1.037453330354765e-06
        },
        "1": {
            "x": 0.3074502944946289,
            "y": 0.21795466542243958,
            "z": -0.02117372676730156
        },
        "2": {
            "x": 0.35517820715904236,
            "y": 0.32016420364379883,
            "z": -0.044919636100530624
        },
        "3": {
            "x": 0.36292678117752075,
            "y": 0.4188867509365082,
            "z": -0.05978717282414436
        },
        "4": {
            "x": 0.36561378836631775,
            "y": 0.48193562030792236,
            "z": -0.07422389090061188
        },
        "5": {
            "x": 0.35880762338638306,
            "y": 0.2857415974140167,
            "z": -0.10252668708562851
        },
        "6": {
            "x": 0.3642630875110626,
            "y": 0.4414081573486328,
            "z": -0.13633812963962555
        },
        "7": {
            "x": 0.3582572042942047,
            "y": 0.5406378507614136,
            "z": -0.152415931224823
        },
        "8": {
            "x": 0.35014867782592773,
            "y": 0.6175655722618103,
            "z": -0.1598081737756729
        },
        "9": {
            "x": 0.2945381700992584,
            "y": 0.2800304889678955,
            "z": -0.10396610200405121
        },
        "10": {
            "x": 0.28993743658065796,
            "y": 0.4537222981452942,
            "z": -0.1331341415643692
        },
        "11": {
            "x": 0.28570398688316345,
            "y": 0.5625185370445251,
            "z": -0.1398417055606842
        },
        "12": {
            "x": 0.2823279798030853,
            "y": 0.6412891149520874,
            "z": -0.144923597574234
        },
        "13": {
            "x": 0.23632259666919708,
            "y": 0.2852369248867035,
            "z": -0.10159950703382492
        },
        "14": {
            "x": 0.2322910726070404,
            "y": 0.45373350381851196,
            "z": -0.12145846337080002
        },
        "15": {
            "x": 0.2385294884443283,
            "y": 0.5567029714584351,
            "z": -0.12506607174873352
        },
        "16": {
            "x": 0.24475637078285217,
            "y": 0.6280131340026855,
            "z": -0.1277700960636139
        },
        "17": {
            "x": 0.19023364782333374,
            "y": 0.30006831884384155,
            "z": -0.09889513999223709
        },
        "18": {
            "x": 0.19734874367713928,
            "y": 0.43225061893463135,
            "z": -0.11006718128919601
        },
        "19": {
            "x": 0.20526279509067535,
            "y": 0.500264585018158,
            "z": -0.10846365988254547
        },
        "20": {
            "x": 0.21249540150165558,
            "y": 0.5466554164886475,
            "z": -0.10733292996883392
        }
    }
}