{
    "Т": {
        "0": {
            "x": 0.22816114127635956,
            "y": 0.19919410347938538,
            "z": 1.0769114169306704e-06
        },
        "1": {
            "x": 0.2954943776130676,
            "y": 0.2428777664899826,
            "z": -0.0205522608011961
        },
        "2": {
            "x": 0.3409123420715332,
            "y": 0.344789981842041,
            "z": -0.04471029341220856
        },
        "3": {
            "x": 0.3487325608730316,
            "y": 0.43775618076324463,
            "z": -0.05961691588163376
        },
        "4": {
            "x": 0.358865350484848,
            "y": 0.4974600076675415,
            "z": -0.07451238483190536
        },
        "5": {
            "x": 0.3440271019935608,
            "y": 0.316415935754776,
            "z": -0.10395953059196472
        },
        "6": {
            "x": 0.34844347834587097,
            "y": 0.4692465662956238,
            "z": -0.13917739689350128
        },
        "7": {
            "x": 0.3398231267929077,
            "y": 0.5692538022994995,
            "z": -0.15878738462924957
        },
        "8": {
            "x": 0.33108216524124146,
            "y": 0.6461119651794434,
            "z": -0.16899915039539337
        },
        "9": {
            "x": 0.27926695346832275,
            "y": 0.3036498725414276,
            "z": -0.10496117919683456
        },
        "10": {
            "x": 0.2704331576824188,
            "y": 0.4799818992614746,
            "z": -0.13295778632164001
        },
        "11": {
            "x": 0.2610131502151489,
            "y": 0.589479923248291,
            "z": -0.1410996913909912
        },
        "12": {
            "x": 0.2560592591762543,
            "y": 0.6679372787475586,
            "z": -0.14835016429424286
        },
        "13": {
            "x": 0.220124289393425,
            "y": 0.3032045364379883,
            "z": -0.10181902348995209
        },
        "14": {
            "x": 0.2108905166387558,
            "y": 0.4751379191875458,
            "z": -0.11810842901468277
        },
        "15": {
            "x": 0.21316882967948914,
            "y": 0.5815643072128296,
            "z": -0.12084855884313583
        },
        "16": {
            "x": 0.21618641912937164,
            "y": 0.6519303321838379,
            "z": -0.12450270354747772
        },
        "17": {
            "x": 0.17443323135375977,
            "y": 0.3141481876373291,
            "z": -0.09833070635795593
        },
        "18": {
            "x": 0.17593981325626373,
            "y": 0.44987019896507263,
            "z": -0.10809928178787231
        },
        "19": {
            "x": 0.18018171191215515,
            "y": 0.5254607200622559,
            "z": -0.10651244223117828
        },
        "20": {
            "x": 0.18469569087028503,
            "y": 0.5789313316345215,
            "z": -0.10598856210708618
        }
    }
}