{
    "ла": {
        "0": {
            "x": 0.4214584231376648,
            "y": 0.7794333696365356,
            "z": 2.2277546918303415e-07
        },
        "1": {
            "x": 0.47996076941490173,
            "y": 0.7593865394592285,
            "z": -0.02892499417066574
        },
        "2": {
            "x": 0.5313426852226257,
            "y": 0.6960757374763489,
            "z": -0.04135113209486008
        },
        "3": {
            "x": 0.5415124297142029,
            "y": 0.6196703910827637,
            "z": -0.05174598842859268
        },
        "4": {
            "x": 0.5329900979995728,
            "y": 0.5549774765968323,
            "z": -0.06034281477332115
        },
        "5": {
            "x": 0.5471851229667664,
            "y": 0.5883535742759705,
            "z": -0.016350893303751945
        },
        "6": {
            "x": 0.598908543586731,
            "y": 0.5003536343574524,
            "z": -0.030377112329006195
        },
        "7": {
            "x": 0.624078631401062,
            "y": 0.44191572070121765,
            "z": -0.038600850850343704
        },
        "8": {
            "x": 0.6450314521789551,
            "y": 0.39014431834220886,
            "z": -0.04661903530359268
        },
        "9": {
            "x": 0.5093650221824646,
            "y": 0.5601688623428345,
            "z": -0.018098972737789154
        },
        "10": {
            "x": 0.5308988094329834,
            "y": 0.4830947816371918,
            "z": -0.048451073467731476
        },
        "11": {
            "x": 0.5313799977302551,
            "y": 0.4930184483528137,
            "z": -0.06146899238228798
        },
        "12": {
            "x": 0.5319868922233582,
            "y": 0.5145969390869141,
            "z": -0.06288067251443863
        },
        "13": {
            "x": 0.4665413796901703,
            "y": 0.5481311678886414,
            "z": -0.024126572534441948
        },
        "14": {
            "x": 0.4719266891479492,
            "y": 0.4681042730808258,
            "z": -0.04757270961999893
        },
        "15": {
            "x": 0.48924392461776733,
            "y": 0.4207645058631897,
            "z": -0.05670149251818657
        },
        "16": {
            "x": 0.5058152675628662,
            "y": 0.3818911910057068,
            "z": -0.06007995083928108
        },
        "17": {
            "x": 0.42049819231033325,
            "y": 0.5560181736946106,
            "z": -0.033208753913640976
        },
        "18": {
            "x": 0.4003065526485443,
            "y": 0.47604167461395264,
            "z": -0.050474733114242554
        },
        "19": {
            "x": 0.3927532732486725,
            "y": 0.42082953453063965,
            "z": -0.05681176111102104
        },
        "20": {
            "x": 0.38863512873649597,
            "y": 0.36715465784072876,
            "z": -0.06016504764556885
        }
    }
}