{
    "ла": {
        "0": {
            "x": 0.38412415981292725,
            "y": 0.797824501991272,
            "z": 2.6586252488414175e-07
        },
        "1": {
            "x": 0.44730743765830994,
            "y": 0.7735552787780762,
            "z": -0.03184090182185173
        },
        "2": {
            "x": 0.4999961853027344,
            "y": 0.7019782066345215,
            "z": -0.043962109833955765
        },
        "3": {
            "x": 0.5052883625030518,
            "y": 0.6176157593727112,
            "z": -0.05453123897314072
        },
        "4": {
            "x": 0.49568718671798706,
            "y": 0.5469588041305542,
            "z": -0.06288594007492065
        },
        "5": {
            "x": 0.5196800231933594,
            "y": 0.5943334698677063,
            "z": -0.0057701063342392445
        },
        "6": {
            "x": 0.569674015045166,
            "y": 0.5055283904075623,
            "z": -0.017191221937537193
        },
        "7": {
            "x": 0.5944770574569702,
            "y": 0.4455353617668152,
            "z": -0.026351625099778175
        },
        "8": {
            "x": 0.6142072677612305,
            "y": 0.39301735162734985,
            "z": -0.035523395985364914
        },
        "9": {
            "x": 0.47896620631217957,
            "y": 0.5644035935401917,
            "z": -0.005530546884983778
        },
        "10": {
            "x": 0.49832701683044434,
            "y": 0.4823855757713318,
            "z": -0.03305872529745102
        },
        "11": {
            "x": 0.4955863952636719,
            "y": 0.48802459239959717,
            "z": -0.048227861523628235
        },
        "12": {
            "x": 0.4930263161659241,
            "y": 0.5090704560279846,
            "z": -0.051394663751125336
        },
        "13": {
            "x": 0.4342442452907562,
            "y": 0.5509406328201294,
            "z": -0.010260411538183689
        },
        "14": {
            "x": 0.4398514926433563,
            "y": 0.47088199853897095,
            "z": -0.030033640563488007
        },
        "15": {
            "x": 0.4542129933834076,
            "y": 0.423740416765213,
            "z": -0.03911156952381134
        },
        "16": {
            "x": 0.46784815192222595,
            "y": 0.38664835691452026,
            "z": -0.04285519942641258
        },
        "17": {
            "x": 0.3861449360847473,
            "y": 0.5588506460189819,
            "z": -0.018894286826252937
        },
        "18": {
            "x": 0.37271320819854736,
            "y": 0.4844663739204407,
            "z": -0.03341864421963692
        },
        "19": {
            "x": 0.3668149709701538,
            "y": 0.4327562153339386,
            "z": -0.039225976914167404
        },
        "20": {
            "x": 0.3628014624118805,
            "y": 0.3847307562828064,
            "z": -0.04214446246623993
        }
    }
}