{
    "ла": {
        "0": {
            "x": 0.29830697178840637,
            "y": 0.5765530467033386,
            "z": 2.3252806613527355e-07
        },
        "1": {
            "x": 0.3504694998264313,
            "y": 0.5468803644180298,
            "z": -0.034748535603284836
        },
        "2": {
            "x": 0.3835752606391907,
            "y": 0.4710594415664673,
            "z": -0.04801958426833153
        },
        "3": {
            "x": 0.3804831802845001,
            "y": 0.38909441232681274,
            "z": -0.05708928033709526
        },
        "4": {
            "x": 0.3678880035877228,
            "y": 0.3236485719680786,
            "z": -0.06291542947292328
        },
        "5": {
            "x": 0.41666531562805176,
            "y": 0.38655194640159607,
            "z": -0.014028320088982582
        },
        "6": {
            "x": 0.46009719371795654,
            "y": 0.306130051612854,
            "z": -0.027237344533205032
        },
        "7": {
            "x": 0.479303777217865,
            "y": 0.24954695999622345,
            "z": -0.03590020164847374
        },
        "8": {
            "x": 0.49339163303375244,
            "y": 0.20091551542282104,
            "z": -0.043747879564762115
        },
        "9": {
            "x": 0.3777850270271301,
            "y": 0.364296555519104,
            "z": -0.010694890283048153
        },
        "10": {
            "x": 0.3950580954551697,
            "y": 0.2797725796699524,
            "z": -0.03761539235711098
        },
        "11": {
            "x": 0.3846948444843292,
            "y": 0.2911774814128876,
            "z": -0.04711503908038139
        },
        "12": {
            "x": 0.37568676471710205,
            "y": 0.3157569169998169,
            "z": -0.04501287639141083
        },
        "13": {
            "x": 0.335189551115036,
            "y": 0.35760757327079773,
            "z": -0.01272415928542614
        },
        "14": {
            "x": 0.3353610038757324,
            "y": 0.2754800021648407,
            "z": -0.032293651252985
        },
        "15": {
            "x": 0.33591872453689575,
            "y": 0.22129210829734802,
            "z": -0.039127662777900696
        },
        "16": {
            "x": 0.3374539017677307,
            "y": 0.17269617319107056,
            "z": -0.04047828167676926
        },
        "17": {
            "x": 0.293626070022583,
            "y": 0.37025290727615356,
            "z": -0.01849965937435627
        },
        "18": {
            "x": 0.27731645107269287,
            "y": 0.29944443702697754,
            "z": -0.031456075608730316
        },
        "19": {
            "x": 0.2691059708595276,
            "y": 0.2553602457046509,
            "z": -0.035178132355213165
        },
        "20": {
            "x": 0.2643675208091736,
            "y": 0.21018493175506592,
            "z": -0.0364508293569088
        }
    }
}