{
    "ла": {
        "0": {
            "x": 0.5145604014396667,
            "y": 0.7770966291427612,
            "z": 2.8282311603788912e-08
        },
        "1": {
            "x": 0.5615659952163696,
            "y": 0.76382976770401,
            "z": -0.026080617681145668
        },
        "2": {
            "x": 0.5901645421981812,
            "y": 0.7061269879341125,
            "z": -0.036982741206884384
        },
        "3": {
            "x": 0.5738385915756226,
            "y": 0.6570661664009094,
            "z": -0.043801307678222656
        },
        "4": {
            "x": 0.547964870929718,
            "y": 0.629336416721344,
            "z": -0.04886600747704506
        },
        "5": {
            "x": 0.5835809707641602,
            "y": 0.5906664133071899,
            "z": -0.023021060973405838
        },
        "6": {
            "x": 0.6020761728286743,
            "y": 0.5096883773803711,
            "z": -0.03831929340958595
        },
        "7": {
            "x": 0.613527238368988,
            "y": 0.457412987947464,
            "z": -0.04675164073705673
        },
        "8": {
            "x": 0.6218168139457703,
            "y": 0.40992271900177,
            "z": -0.05396983399987221
        },
        "9": {
            "x": 0.5430245399475098,
            "y": 0.578796923160553,
            "z": -0.022086119279265404
        },
        "10": {
            "x": 0.5443061590194702,
            "y": 0.5201828479766846,
            "z": -0.05659268796443939
        },
        "11": {
            "x": 0.5422937273979187,
            "y": 0.568351686000824,
            "z": -0.06552551686763763
        },
        "12": {
            "x": 0.5429741740226746,
            "y": 0.6140835285186768,
            "z": -0.06046106293797493
        },
        "13": {
            "x": 0.5059741735458374,
            "y": 0.5833737254142761,
            "z": -0.025126179680228233
        },
        "14": {
            "x": 0.5031834840774536,
            "y": 0.5042186975479126,
            "z": -0.05240103229880333
        },
        "15": {
            "x": 0.5039676427841187,
            "y": 0.4488515257835388,
            "z": -0.06540379673242569
        },
        "16": {
            "x": 0.505226731300354,
            "y": 0.39553213119506836,
            "z": -0.0689244270324707
        },
        "17": {
            "x": 0.47206199169158936,
            "y": 0.6037603616714478,
            "z": -0.02926366589963436
        },
        "18": {
            "x": 0.45342227816581726,
            "y": 0.5415186285972595,
            "z": -0.045634228736162186
        },
        "19": {
            "x": 0.44211000204086304,
            "y": 0.5063928961753845,
            "z": -0.0512179434299469
        },
        "20": {
            "x": 0.4320274889469147,
            "y": 0.46597450971603394,
            "z": -0.053518664091825485
        }
    }
}