{
    "ла": {
        "0": {
            "x": 0.469288170337677,
            "y": 0.6525769233703613,
            "z": 4.0603136852723765e-08
        },
        "1": {
            "x": 0.5099198222160339,
            "y": 0.6319330334663391,
            "z": -0.008291717618703842
        },
        "2": {
            "x": 0.5300619006156921,
            "y": 0.5795629024505615,
            "z": -0.010885286144912243
        },
        "3": {
            "x": 0.5166071057319641,
            "y": 0.537510335445404,
            "z": -0.010830004699528217
        },
        "4": {
            "x": 0.4940906763076782,
            "y": 0.5192357897758484,
            "z": -0.010244532488286495
        },
        "5": {
            "x": 0.522572934627533,
            "y": 0.5176023244857788,
            "z": -0.013132601976394653
        },
        "6": {
            "x": 0.5388005971908569,
            "y": 0.4555712044239044,
            "z": -0.022328877821564674
        },
        "7": {
            "x": 0.5469775199890137,
            "y": 0.4144625961780548,
            "z": -0.026168033480644226
        },
        "8": {
            "x": 0.5532438158988953,
            "y": 0.379052072763443,
            "z": -0.029121024534106255
        },
        "9": {
            "x": 0.4924478232860565,
            "y": 0.507453441619873,
            "z": -0.013591596856713295
        },
        "10": {
            "x": 0.49079805612564087,
            "y": 0.4490607976913452,
            "z": -0.03203858435153961
        },
        "11": {
            "x": 0.48886412382125854,
            "y": 0.47080668807029724,
            "z": -0.0356268547475338
        },
        "12": {
            "x": 0.48970913887023926,
            "y": 0.4975084364414215,
            "z": -0.03141644224524498
        },
        "13": {
            "x": 0.4637007415294647,
            "y": 0.5081928372383118,
            "z": -0.015162555500864983
        },
        "14": {
            "x": 0.45948678255081177,
            "y": 0.4425554573535919,
            "z": -0.031162040308117867
        },
        "15": {
            "x": 0.46101924777030945,
            "y": 0.3994820713996887,
            "z": -0.040777478367090225
        },
        "16": {
            "x": 0.4625748097896576,
            "y": 0.3612787127494812,
            "z": -0.04395463317632675
        },
        "17": {
            "x": 0.43880581855773926,
            "y": 0.518501877784729,
            "z": -0.015837736427783966
        },
        "18": {
            "x": 0.42555490136146545,
            "y": 0.46888941526412964,
            "z": -0.024412816390395164
        },
        "19": {
            "x": 0.41822123527526855,
            "y": 0.44117674231529236,
            "z": -0.027759211137890816
        },
        "20": {
            "x": 0.4108129143714905,
            "y": 0.41249075531959534,
            "z": -0.029314352199435234
        }
    }
}