{
    "ла": {
        "0": {
            "x": 0.6791772842407227,
            "y": 0.6115598082542419,
            "z": -1.1808886313247058e-07
        },
        "1": {
            "x": 0.6293537616729736,
            "y": 0.6142910122871399,
            "z": -0.00922278594225645
        },
        "2": {
            "x": 0.579279363155365,
            "y": 0.5759440064430237,
            "z": -0.016488123685121536
        },
        "3": {
            "x": 0.549704372882843,
            "y": 0.543656051158905,
            "z": -0.0252536628395319
        },
        "4": {
            "x": 0.5569786429405212,
            "y": 0.5108475089073181,
            "z": -0.03356555104255676
        },
        "5": {
            "x": 0.6013481616973877,
            "y": 0.4701363146305084,
            "z": -0.0010109390132129192
        },
        "6": {
            "x": 0.5743134617805481,
            "y": 0.3987443149089813,
            "z": -0.011325841769576073
        },
        "7": {
            "x": 0.5520801544189453,
            "y": 0.3629702031612396,
            "z": -0.018939636647701263
        },
        "8": {
            "x": 0.5354641079902649,
            "y": 0.3293389678001404,
            "z": -0.027032334357500076
        },
        "9": {
            "x": 0.6258135437965393,
            "y": 0.45715343952178955,
            "z": -0.00955161266028881
        },
        "10": {
            "x": 0.5960056781768799,
            "y": 0.4152303636074066,
            "z": -0.042152039706707
        },
        "11": {
            "x": 0.5739726424217224,
            "y": 0.45501989126205444,
            "z": -0.056384555995464325
        },
        "12": {
            "x": 0.565615713596344,
            "y": 0.4930086135864258,
            "z": -0.05713513866066933
        },
        "13": {
            "x": 0.6539883613586426,
            "y": 0.4498375952243805,
            "z": -0.020801175385713577
        },
        "14": {
            "x": 0.6373474597930908,
            "y": 0.3787516951560974,
            "z": -0.0435110405087471
        },
        "15": {
            "x": 0.6168956160545349,
            "y": 0.3393040895462036,
            "z": -0.05471660569310188
        },
        "16": {
            "x": 0.6031895279884338,
            "y": 0.3049201965332031,
            "z": -0.05894600600004196
        },
        "17": {
            "x": 0.6834133267402649,
            "y": 0.4537040889263153,
            "z": -0.03252355754375458
        },
        "18": {
            "x": 0.6889197826385498,
            "y": 0.39290231466293335,
            "z": -0.04666118696331978
        },
        "19": {
            "x": 0.6937245726585388,
            "y": 0.3530259132385254,
            "z": -0.05294829607009888
        },
        "20": {
            "x": 0.6984187364578247,
            "y": 0.3134342432022095,
            "z": -0.056365467607975006
        }
    }
}