{
    "ла": {
        "0": {
            "x": 0.5056028366088867,
            "y": 0.7122124433517456,
            "z": 3.049613042094279e-07
        },
        "1": {
            "x": 0.5904937982559204,
            "y": 0.6669982075691223,
            "z": 0.004467947408556938
        },
        "2": {
            "x": 0.6555502414703369,
            "y": 0.6001589894294739,
            "z": -0.0017096668016165495
        },
        "3": {
            "x": 0.704761803150177,
            "y": 0.5634199380874634,
            "z": -0.017298894003033638
        },
        "4": {
            "x": 0.741590678691864,
            "y": 0.5168060660362244,
            "z": -0.03137015923857689
        },
        "5": {
            "x": 0.6002029180526733,
            "y": 0.4470624327659607,
            "z": 0.023489579558372498
        },
        "6": {
            "x": 0.6379421949386597,
            "y": 0.36228856444358826,
            "z": -0.006237695924937725
        },
        "7": {
            "x": 0.6696829795837402,
            "y": 0.3853636682033539,
            "z": -0.03169776126742363
        },
        "8": {
            "x": 0.6873518824577332,
            "y": 0.420680969953537,
            "z": -0.0454687662422657
        },
        "9": {
            "x": 0.5893222093582153,
            "y": 0.433129221200943,
            "z": -0.002312443684786558
        },
        "10": {
            "x": 0.6429569125175476,
            "y": 0.3283008337020874,
            "z": -0.02725881338119507
        },
        "11": {
            "x": 0.6902420520782471,
            "y": 0.2740737497806549,
            "z": -0.04930350184440613
        },
        "12": {
            "x": 0.7177999019622803,
            "y": 0.23588672280311584,
            "z": -0.062487274408340454
        },
        "13": {
            "x": 0.5680083632469177,
            "y": 0.4370698630809784,
            "z": -0.03470605984330177
        },
        "14": {
            "x": 0.605421245098114,
            "y": 0.3156532049179077,
            "z": -0.060972508043050766
        },
        "15": {
            "x": 0.6283618211746216,
            "y": 0.2400585114955902,
            "z": -0.08076274394989014
        },
        "16": {
            "x": 0.639359712600708,
            "y": 0.18248644471168518,
            "z": -0.09149486571550369
        },
        "17": {
            "x": 0.542340099811554,
            "y": 0.45792555809020996,
            "z": -0.06778772175312042
        },
        "18": {
            "x": 0.5363376140594482,
            "y": 0.3574145436286926,
            "z": -0.09167947620153427
        },
        "19": {
            "x": 0.532518744468689,
            "y": 0.27907460927963257,
            "z": -0.10270873457193375
        },
        "20": {
            "x": 0.5273827314376831,
            "y": 0.20959210395812988,
            "z": -0.10854014754295349
        }
    }
}