{
    "ла": {
        "0": {
            "x": 0.5064709186553955,
            "y": 0.7076476812362671,
            "z": -1.2780971303527622e-07
        },
        "1": {
            "x": 0.6080181002616882,
            "y": 0.6469318866729736,
            "z": 0.04556996747851372
        },
        "2": {
            "x": 0.6689420938491821,
            "y": 0.5721709728240967,
            "z": 0.05227729305624962
        },
        "3": {
            "x": 0.7150910496711731,
            "y": 0.5408568382263184,
            "z": 0.043077077716588974
        },
        "4": {
            "x": 0.7583613991737366,
            "y": 0.5081161260604858,
            "z": 0.0345943421125412
        },
        "5": {
            "x": 0.57895427942276,
            "y": 0.4193858206272125,
            "z": 0.05721062049269676
        },
        "6": {
            "x": 0.6709890961647034,
            "y": 0.35919642448425293,
            "z": 0.039852261543273926
        },
        "7": {
            "x": 0.7097482085227966,
            "y": 0.3788449764251709,
            "z": 0.021579613909125328
        },
        "8": {
            "x": 0.7289443016052246,
            "y": 0.4115304946899414,
            "z": 0.009300691075623035
        },
        "9": {
            "x": 0.5658238530158997,
            "y": 0.40865257382392883,
            "z": 0.011614666320383549
        },
        "10": {
            "x": 0.6804709434509277,
            "y": 0.3500925898551941,
            "z": -0.018483838066458702
        },
        "11": {
            "x": 0.7351743578910828,
            "y": 0.3756251931190491,
            "z": -0.03517435863614082
        },
        "12": {
            "x": 0.7624781727790833,
            "y": 0.4080471396446228,
            "z": -0.03957827016711235
        },
        "13": {
            "x": 0.5620470643043518,
            "y": 0.4220893085002899,
            "z": -0.03648246452212334
        },
        "14": {
            "x": 0.6561161875724792,
            "y": 0.30689871311187744,
            "z": -0.05652931332588196
        },
        "15": {
            "x": 0.7061253786087036,
            "y": 0.23724207282066345,
            "z": -0.06781859695911407
        },
        "16": {
            "x": 0.736050546169281,
            "y": 0.17702433466911316,
            "z": -0.07445404678583145
        },
        "17": {
            "x": 0.5716730356216431,
            "y": 0.4454188644886017,
            "z": -0.08200239390134811
        },
        "18": {
            "x": 0.6056016683578491,
            "y": 0.34351077675819397,
            "z": -0.09882908314466476
        },
        "19": {
            "x": 0.6186484098434448,
            "y": 0.26816225051879883,
            "z": -0.10449975728988647
        },
        "20": {
            "x": 0.6246837973594666,
            "y": 0.19814670085906982,
            "z": -0.10845668613910675
        }
    }
}