{
    "ла": {
        "0": {
            "x": 0.5463038682937622,
            "y": 0.7096940875053406,
            "z": 7.728879580781722e-08
        },
        "1": {
            "x": 0.6199371218681335,
            "y": 0.6840305328369141,
            "z": -0.010630505159497261
        },
        "2": {
            "x": 0.6940302848815918,
            "y": 0.6205689311027527,
            "z": -0.025837555527687073
        },
        "3": {
            "x": 0.7436754107475281,
            "y": 0.5827372670173645,
            "z": -0.04578414559364319
        },
        "4": {
            "x": 0.7567144632339478,
            "y": 0.5276105999946594,
            "z": -0.06358148157596588
        },
        "5": {
            "x": 0.6620261669158936,
            "y": 0.44544103741645813,
            "z": 0.0006814023363403976
        },
        "6": {
            "x": 0.6847751140594482,
            "y": 0.3140261769294739,
            "z": -0.02039690874516964
        },
        "7": {
            "x": 0.7093145251274109,
            "y": 0.2483777552843094,
            "z": -0.03826887905597687
        },
        "8": {
            "x": 0.7223721742630005,
            "y": 0.19973549246788025,
            "z": -0.053118567913770676
        },
        "9": {
            "x": 0.6392611861228943,
            "y": 0.4338620901107788,
            "z": -0.01931745745241642
        },
        "10": {
            "x": 0.7106739282608032,
            "y": 0.3990722596645355,
            "z": -0.0801844447851181
        },
        "11": {
            "x": 0.737631618976593,
            "y": 0.4616365432739258,
            "z": -0.10482485592365265
        },
        "12": {
            "x": 0.7391995787620544,
            "y": 0.5099908709526062,
            "z": -0.10455942898988724
        },
        "13": {
            "x": 0.6074860095977783,
            "y": 0.43021291494369507,
            "z": -0.04403878375887871
        },
        "14": {
            "x": 0.6594974398612976,
            "y": 0.32304537296295166,
            "z": -0.08713419735431671
        },
        "15": {
            "x": 0.6939847469329834,
            "y": 0.2507186532020569,
            "z": -0.10522020608186722
        },
        "16": {
            "x": 0.7155960202217102,
            "y": 0.18485957384109497,
            "z": -0.10997508466243744
        },
        "17": {
            "x": 0.5674940347671509,
            "y": 0.44157546758651733,
            "z": -0.06981094181537628
        },
        "18": {
            "x": 0.5425688624382019,
            "y": 0.34270572662353516,
            "z": -0.10051951557397842
        },
        "19": {
            "x": 0.53083336353302,
            "y": 0.2738800048828125,
            "z": -0.11101531237363815
        },
        "20": {
            "x": 0.5215675830841064,
            "y": 0.20344868302345276,
            "z": -0.11439719796180725
        }
    }
}