{
    "ла": {
        "0": {
            "x": 0.5413591861724854,
            "y": 0.7333928346633911,
            "z": -3.397622663214861e-07
        },
        "1": {
            "x": 0.6178107857704163,
            "y": 0.6466231346130371,
            "z": 0.05015531927347183
        },
        "2": {
            "x": 0.6462844610214233,
            "y": 0.5701806545257568,
            "z": 0.06535380333662033
        },
        "3": {
            "x": 0.6794600486755371,
            "y": 0.5273125767707825,
            "z": 0.06728664040565491
        },
        "4": {
            "x": 0.7256916761398315,
            "y": 0.503219723701477,
            "z": 0.0683598667383194
        },
        "5": {
            "x": 0.5334193706512451,
            "y": 0.43169185519218445,
            "z": 0.03239436820149422
        },
        "6": {
            "x": 0.6145049333572388,
            "y": 0.3152320981025696,
            "z": 0.024575313553214073
        },
        "7": {
            "x": 0.6610954403877258,
            "y": 0.2543664276599884,
            "z": 0.018245195969939232
        },
        "8": {
            "x": 0.6957955360412598,
            "y": 0.21720674633979797,
            "z": 0.010841871611773968
        },
        "9": {
            "x": 0.5266926884651184,
            "y": 0.4421735107898712,
            "z": -0.007177507970482111
        },
        "10": {
            "x": 0.6578651070594788,
            "y": 0.3753138482570648,
            "z": -0.04434087127447128
        },
        "11": {
            "x": 0.7029315233230591,
            "y": 0.4406200051307678,
            "z": -0.05748642608523369
        },
        "12": {
            "x": 0.7105845212936401,
            "y": 0.4923333525657654,
            "z": -0.05922699719667435
        },
        "13": {
            "x": 0.5445960760116577,
            "y": 0.46267351508140564,
            "z": -0.043101802468299866
        },
        "14": {
            "x": 0.6495433449745178,
            "y": 0.3599131107330322,
            "z": -0.07480872422456741
        },
        "15": {
            "x": 0.6920679807662964,
            "y": 0.39537471532821655,
            "z": -0.07781586796045303
        },
        "16": {
            "x": 0.7015376091003418,
            "y": 0.4231060743331909,
            "z": -0.07391591370105743
        },
        "17": {
            "x": 0.5767605304718018,
            "y": 0.47684600949287415,
            "z": -0.07441223412752151
        },
        "18": {
            "x": 0.6084353923797607,
            "y": 0.36349546909332275,
            "z": -0.10453139245510101
        },
        "19": {
            "x": 0.61677485704422,
            "y": 0.29147857427597046,
            "z": -0.1159219890832901
        },
        "20": {
            "x": 0.6180059313774109,
            "y": 0.2207316756248474,
            "z": -0.12089864909648895
        }
    }
}