{
    "ла": {
        "0": {
            "x": 0.5431723594665527,
            "y": 0.7142297029495239,
            "z": -3.491318807391508e-07
        },
        "1": {
            "x": 0.5584762096405029,
            "y": 0.6045368313789368,
            "z": 0.06651986390352249
        },
        "2": {
            "x": 0.5770928859710693,
            "y": 0.5125619173049927,
            "z": 0.08601907640695572
        },
        "3": {
            "x": 0.6292954683303833,
            "y": 0.4609529972076416,
            "z": 0.08831436932086945
        },
        "4": {
            "x": 0.6852773427963257,
            "y": 0.44158416986465454,
            "z": 0.0855637937784195
        },
        "5": {
            "x": 0.5271960496902466,
            "y": 0.41629862785339355,
            "z": 0.031034313142299652
        },
        "6": {
            "x": 0.5798047184944153,
            "y": 0.2776533365249634,
            "z": 0.03133785352110863
        },
        "7": {
            "x": 0.600621223449707,
            "y": 0.19910627603530884,
            "z": 0.033887337893247604
        },
        "8": {
            "x": 0.6098946332931519,
            "y": 0.12880674004554749,
            "z": 0.030745886266231537
        },
        "9": {
            "x": 0.5410816669464111,
            "y": 0.42923858761787415,
            "z": -0.015433291904628277
        },
        "10": {
            "x": 0.6580950021743774,
            "y": 0.3488953113555908,
            "z": -0.039873357862234116
        },
        "11": {
            "x": 0.7001067399978638,
            "y": 0.41030153632164,
            "z": -0.04506966099143028
        },
        "12": {
            "x": 0.703354001045227,
            "y": 0.4598061740398407,
            "z": -0.044851154088974
        },
        "13": {
            "x": 0.5740334987640381,
            "y": 0.455885112285614,
            "z": -0.05550704523921013
        },
        "14": {
            "x": 0.680246889591217,
            "y": 0.3583606481552124,
            "z": -0.07617319375276566
        },
        "15": {
            "x": 0.719790518283844,
            "y": 0.40415868163108826,
            "z": -0.07241205871105194
        },
        "16": {
            "x": 0.7257101535797119,
            "y": 0.4409005343914032,
            "z": -0.06778798252344131
        },
        "17": {
            "x": 0.6153132915496826,
            "y": 0.48025092482566833,
            "z": -0.08967573195695877
        },
        "18": {
            "x": 0.6630132794380188,
            "y": 0.36197006702423096,
            "z": -0.11178945004940033
        },
        "19": {
            "x": 0.6876893639564514,
            "y": 0.2910088896751404,
            "z": -0.1194319948554039
        },
        "20": {
            "x": 0.7034755945205688,
            "y": 0.22261260449886322,
            "z": -0.12460629642009735
        }
    }
}