{
    "ла": {
        "0": {
            "x": 0.15860190987586975,
            "y": 0.673130452632904,
            "z": 2.180108396032665e-07
        },
        "1": {
            "x": 0.23695465922355652,
            "y": 0.6660583019256592,
            "z": -0.03691968694329262
        },
        "2": {
            "x": 0.3112359642982483,
            "y": 0.6238009929656982,
            "z": -0.06844402104616165
        },
        "3": {
            "x": 0.3520359992980957,
            "y": 0.5883426666259766,
            "z": -0.09828697144985199
        },
        "4": {
            "x": 0.32684701681137085,
            "y": 0.5561459064483643,
            "z": -0.12585459649562836
        },
        "5": {
            "x": 0.3017856776714325,
            "y": 0.4551374912261963,
            "z": -0.0409042127430439
        },
        "6": {
            "x": 0.3397083878517151,
            "y": 0.33955118060112,
            "z": -0.07384917885065079
        },
        "7": {
            "x": 0.362599641084671,
            "y": 0.2697966992855072,
            "z": -0.09732107818126678
        },
        "8": {
            "x": 0.3730137348175049,
            "y": 0.20619788765907288,
            "z": -0.11606723815202713
        },
        "9": {
            "x": 0.25866854190826416,
            "y": 0.4395720064640045,
            "z": -0.05320529267191887
        },
        "10": {
            "x": 0.3106352984905243,
            "y": 0.39997345209121704,
            "z": -0.12953601777553558
        },
        "11": {
            "x": 0.31587594747543335,
            "y": 0.49257683753967285,
            "z": -0.15890200436115265
        },
        "12": {
            "x": 0.3080514669418335,
            "y": 0.5659597516059875,
            "z": -0.15922297537326813
        },
        "13": {
            "x": 0.21005482971668243,
            "y": 0.4295614957809448,
            "z": -0.07049380987882614
        },
        "14": {
            "x": 0.24888761341571808,
            "y": 0.3469267189502716,
            "z": -0.11971419304609299
        },
        "15": {
            "x": 0.2877228856086731,
            "y": 0.2900533676147461,
            "z": -0.13784070312976837
        },
        "16": {
            "x": 0.3192105293273926,
            "y": 0.23020055890083313,
            "z": -0.14208339154720306
        },
        "17": {
            "x": 0.15748076140880585,
            "y": 0.4335668385028839,
            "z": -0.09106657654047012
        },
        "18": {
            "x": 0.14672568440437317,
            "y": 0.3347683548927307,
            "z": -0.11471202969551086
        },
        "19": {
            "x": 0.14273396134376526,
            "y": 0.2704302668571472,
            "z": -0.118378646671772
        },
        "20": {
            "x": 0.14061471819877625,
            "y": 0.19928428530693054,
            "z": -0.11993927508592606
        }
    }
}