{
    "ла": {
        "0": {
            "x": 0.20401127636432648,
            "y": 0.6318469047546387,
            "z": 3.2802253713271057e-07
        },
        "1": {
            "x": 0.2866450548171997,
            "y": 0.6212150454521179,
            "z": -0.02634957619011402
        },
        "2": {
            "x": 0.363261342048645,
            "y": 0.5559237599372864,
            "z": -0.04840324819087982
        },
        "3": {
            "x": 0.40550968050956726,
            "y": 0.5000971555709839,
            "z": -0.07287010550498962
        },
        "4": {
            "x": 0.3710089325904846,
            "y": 0.4725021421909332,
            "z": -0.09566650539636612
        },
        "5": {
            "x": 0.32512637972831726,
            "y": 0.39664849638938904,
            "z": -0.0021917882841080427
        },
        "6": {
            "x": 0.34548550844192505,
            "y": 0.2807219624519348,
            "z": -0.02458612248301506
        },
        "7": {
            "x": 0.3662264347076416,
            "y": 0.21409697830677032,
            "z": -0.04550476372241974
        },
        "8": {
            "x": 0.37248072028160095,
            "y": 0.15843132138252258,
            "z": -0.06310296803712845
        },
        "9": {
            "x": 0.28865373134613037,
            "y": 0.3852578103542328,
            "z": -0.018250659108161926
        },
        "10": {
            "x": 0.34534892439842224,
            "y": 0.3319884240627289,
            "z": -0.08776859939098358
        },
        "11": {
            "x": 0.3623102903366089,
            "y": 0.41162601113319397,
            "z": -0.11855664104223251
        },
        "12": {
            "x": 0.36201727390289307,
            "y": 0.4791255593299866,
            "z": -0.11815506964921951
        },
        "13": {
            "x": 0.2469019591808319,
            "y": 0.37562066316604614,
            "z": -0.03990261256694794
        },
        "14": {
            "x": 0.2880416512489319,
            "y": 0.27652886509895325,
            "z": -0.08278942853212357
        },
        "15": {
            "x": 0.3256557583808899,
            "y": 0.20633172988891602,
            "z": -0.10191222280263901
        },
        "16": {
            "x": 0.35216498374938965,
            "y": 0.13951539993286133,
            "z": -0.10529100894927979
        },
        "17": {
            "x": 0.2018507421016693,
            "y": 0.37774357199668884,
            "z": -0.06477486342191696
        },
        "18": {
            "x": 0.19717267155647278,
            "y": 0.27846378087997437,
            "z": -0.08294323831796646
        },
        "19": {
            "x": 0.19883021712303162,
            "y": 0.20982526242733002,
            "z": -0.08570148050785065
        },
        "20": {
            "x": 0.19947975873947144,
            "y": 0.13892397284507751,
            "z": -0.0859222486615181
        }
    }
}