{
    "ла": {
        "0": {
            "x": 0.20213232934474945,
            "y": 0.6120216250419617,
            "z": 7.303175380002358e-07
        },
        "1": {
            "x": 0.30079343914985657,
            "y": 0.6048361659049988,
            "z": -0.026779817417263985
        },
        "2": {
            "x": 0.3675769567489624,
            "y": 0.577043890953064,
            "z": -0.06639732420444489
        },
        "3": {
            "x": 0.4098307192325592,
            "y": 0.5480505228042603,
            "z": -0.11583258956670761
        },
        "4": {
            "x": 0.3807585835456848,
            "y": 0.5084818601608276,
            "z": -0.1646648645401001
        },
        "5": {
            "x": 0.34335142374038696,
            "y": 0.4098729193210602,
            "z": 0.012241611257195473
        },
        "6": {
            "x": 0.38591158390045166,
            "y": 0.29708218574523926,
            "z": -0.017684875056147575
        },
        "7": {
            "x": 0.41589292883872986,
            "y": 0.22829554975032806,
            "z": -0.04697087034583092
        },
        "8": {
            "x": 0.4214080274105072,
            "y": 0.18067820370197296,
            "z": -0.07017339766025543
        },
        "9": {
            "x": 0.29619354009628296,
            "y": 0.4040808081626892,
            "z": -0.019962267950177193
        },
        "10": {
            "x": 0.35893911123275757,
            "y": 0.3534706234931946,
            "z": -0.09891562908887863
        },
        "11": {
            "x": 0.3657141923904419,
            "y": 0.4407934546470642,
            "z": -0.14141523838043213
        },
        "12": {
            "x": 0.3640710711479187,
            "y": 0.5087387561798096,
            "z": -0.1487334817647934
        },
        "13": {
            "x": 0.25448328256607056,
            "y": 0.38611334562301636,
            "z": -0.06099129840731621
        },
        "14": {
            "x": 0.3027442395687103,
            "y": 0.29714637994766235,
            "z": -0.10650797188282013
        },
        "15": {
            "x": 0.34780916571617126,
            "y": 0.22990567982196808,
            "z": -0.13295306265354156
        },
        "16": {
            "x": 0.37766700983047485,
            "y": 0.16874685883522034,
            "z": -0.1438414752483368
        },
        "17": {
            "x": 0.21511277556419373,
            "y": 0.3698522448539734,
            "z": -0.10741209238767624
        },
        "18": {
            "x": 0.2184935212135315,
            "y": 0.27261441946029663,
            "z": -0.12325853854417801
        },
        "19": {
            "x": 0.22125376760959625,
            "y": 0.1997191309928894,
            "z": -0.1285219043493271
        },
        "20": {
            "x": 0.22134804725646973,
            "y": 0.12979409098625183,
            "z": -0.1339675635099411
        }
    }
}