{
    "И": {
        "0": {
            "x": 0.5089268088340759,
            "y": 0.7230799198150635,
            "z": 3.445602203555609e-07
        },
        "1": {
            "x": 0.5874752998352051,
            "y": 0.7030589580535889,
            "z": -0.005703662987798452
        },
        "2": {
            "x": 0.6542205810546875,
            "y": 0.6250717639923096,
            "z": -0.00627322169020772
        },
        "3": {
            "x": 0.7113097310066223,
            "y": 0.5751788020133972,
            "z": -0.011482033878564835
        },
        "4": {
            "x": 0.7648098468780518,
            "y": 0.5468188524246216,
            "z": -0.014675161801278591
        },
        "5": {
            "x": 0.6322370767593384,
            "y": 0.5412318706512451,
            "z": 0.030480602756142616
        },
        "6": {
            "x": 0.7011337280273438,
            "y": 0.5218889713287354,
            "z": 0.017158612608909607
        },
        "7": {
            "x": 0.7497071027755737,
            "y": 0.5344662666320801,
            "z": 0.0017464221455156803
        },
        "8": {
            "x": 0.7933311462402344,
            "y": 0.5415114164352417,
            "z": -0.010147817432880402
        },
        "9": {
            "x": 0.6236274838447571,
            "y": 0.5114034414291382,
            "z": 0.017653748393058777
        },
        "10": {
            "x": 0.6999629139900208,
            "y": 0.49921715259552,
            "z": -0.0035014974419027567
        },
        "11": {
            "x": 0.747667670249939,
            "y": 0.5199500918388367,
            "z": -0.021994857117533684
        },
        "12": {
            "x": 0.7886174917221069,
            "y": 0.5366368889808655,
            "z": -0.03279610723257065
        },
        "13": {
            "x": 0.6033615469932556,
            "y": 0.48146283626556396,
            "z": -0.001429537427611649
        },
        "14": {
            "x": 0.6754896640777588,
            "y": 0.4197693467140198,
            "z": -0.028659800067543983
        },
        "15": {
            "x": 0.7399756908416748,
            "y": 0.3996972441673279,
            "z": -0.04758797213435173
        },
        "16": {
            "x": 0.7944108843803406,
            "y": 0.3833746016025543,
            "z": -0.05808040872216225
        },
        "17": {
            "x": 0.5748026967048645,
            "y": 0.45586979389190674,
            "z": -0.021237259730696678
        },
        "18": {
            "x": 0.5999243259429932,
            "y": 0.35714811086654663,
            "z": -0.039165083318948746
        },
        "19": {
            "x": 0.6233308911323547,
            "y": 0.2934507727622986,
            "z": -0.046984367072582245
        },
        "20": {
            "x": 0.6497215032577515,
            "y": 0.23666295409202576,
            "z": -0.05381195619702339
        }
    }
}