{
    "И": {
        "0": {
            "x": 0.42016953229904175,
            "y": 0.7440710067749023,
            "z": 3.810623638855759e-07
        },
        "1": {
            "x": 0.5039576888084412,
            "y": 0.7255704998970032,
            "z": -0.007869062013924122
        },
        "2": {
            "x": 0.5777840614318848,
            "y": 0.6496041417121887,
            "z": -0.009429950267076492
        },
        "3": {
            "x": 0.6372789144515991,
            "y": 0.593214213848114,
            "z": -0.015367448329925537
        },
        "4": {
            "x": 0.6950978636741638,
            "y": 0.5643360614776611,
            "z": -0.01947830803692341
        },
        "5": {
            "x": 0.562152087688446,
            "y": 0.5691952109336853,
            "z": 0.028569430112838745
        },
        "6": {
            "x": 0.6320145130157471,
            "y": 0.5453763008117676,
            "z": 0.013717654161155224
        },
        "7": {
            "x": 0.6798127889633179,
            "y": 0.5540733933448792,
            "z": -0.0021123974584043026
        },
        "8": {
            "x": 0.7232704758644104,
            "y": 0.5573639273643494,
            "z": -0.014566050842404366
        },
        "9": {
            "x": 0.5530114769935608,
            "y": 0.5369799137115479,
            "z": 0.016501611098647118
        },
        "10": {
            "x": 0.625632643699646,
            "y": 0.521336019039154,
            "z": -0.0043871221132576466
        },
        "11": {
            "x": 0.6746461391448975,
            "y": 0.5349854230880737,
            "z": -0.023405954241752625
        },
        "12": {
            "x": 0.7183225154876709,
            "y": 0.5478248000144958,
            "z": -0.03571254014968872
        },
        "13": {
            "x": 0.5320584774017334,
            "y": 0.5046173930168152,
            "z": -0.002043505199253559
        },
        "14": {
            "x": 0.601173996925354,
            "y": 0.4386284649372101,
            "z": -0.03181188926100731
        },
        "15": {
            "x": 0.661095380783081,
            "y": 0.4153899550437927,
            "z": -0.05303288251161575
        },
        "16": {
            "x": 0.7130247950553894,
            "y": 0.399990975856781,
            "z": -0.06516006588935852
        },
        "17": {
            "x": 0.5036178231239319,
            "y": 0.4781877398490906,
            "z": -0.021188100799918175
        },
        "18": {
            "x": 0.527442216873169,
            "y": 0.37879082560539246,
            "z": -0.04351489245891571
        },
        "19": {
            "x": 0.5467686057090759,
            "y": 0.31323492527008057,
            "z": -0.054722607135772705
        },
        "20": {
            "x": 0.5684955716133118,
            "y": 0.25615063309669495,
            "z": -0.06342097371816635
        }
    }
}