{
    "И": {
        "0": {
            "x": 0.20735861361026764,
            "y": 0.5979433059692383,
            "z": 4.514898250818078e-07
        },
        "1": {
            "x": 0.28997260332107544,
            "y": 0.5873310565948486,
            "z": -0.006803832016885281
        },
        "2": {
            "x": 0.36945146322250366,
            "y": 0.5115997195243835,
            "z": -0.005309011787176132
        },
        "3": {
            "x": 0.42751240730285645,
            "y": 0.45555758476257324,
            "z": -0.008140544407069683
        },
        "4": {
            "x": 0.484788179397583,
            "y": 0.4283292293548584,
            "z": -0.009349552914500237
        },
        "5": {
            "x": 0.3673323094844818,
            "y": 0.4475768804550171,
            "z": 0.03725488856434822
        },
        "6": {
            "x": 0.4256576597690582,
            "y": 0.41657501459121704,
            "z": 0.026869110763072968
        },
        "7": {
            "x": 0.4685678482055664,
            "y": 0.42043977975845337,
            "z": 0.012031562626361847
        },
        "8": {
            "x": 0.5093162655830383,
            "y": 0.4198196530342102,
            "z": -0.00036755658220499754
        },
        "9": {
            "x": 0.35626769065856934,
            "y": 0.4136436879634857,
            "z": 0.026677584275603294
        },
        "10": {
            "x": 0.41865551471710205,
            "y": 0.3964158892631531,
            "z": 0.0116678886115551
        },
        "11": {
            "x": 0.46386265754699707,
            "y": 0.4071492850780487,
            "z": -0.006831130478531122
        },
        "12": {
            "x": 0.5058727264404297,
            "y": 0.41721269488334656,
            "z": -0.01956792175769806
        },
        "13": {
            "x": 0.33217838406562805,
            "y": 0.3779638707637787,
            "z": 0.009311937727034092
        },
        "14": {
            "x": 0.3959885835647583,
            "y": 0.32029369473457336,
            "z": -0.014816191047430038
        },
        "15": {
            "x": 0.4491564631462097,
            "y": 0.3004835247993469,
            "z": -0.0358542799949646
        },
        "16": {
            "x": 0.4969016909599304,
            "y": 0.2872469425201416,
            "z": -0.048741765320301056
        },
        "17": {
            "x": 0.3004224896430969,
            "y": 0.3445703387260437,
            "z": -0.008862494491040707
        },
        "18": {
            "x": 0.32917100191116333,
            "y": 0.25481849908828735,
            "z": -0.027578867971897125
        },
        "19": {
            "x": 0.34771376848220825,
            "y": 0.1950749009847641,
            "z": -0.03885180503129959
        },
        "20": {
            "x": 0.3685053288936615,
            "y": 0.14208251237869263,
            "z": -0.0478694923222065
        }
    }
}