{
    "И": {
        "0": {
            "x": 0.1396513283252716,
            "y": 0.5303789377212524,
            "z": 5.347598630578432e-07
        },
        "1": {
            "x": 0.22281883656978607,
            "y": 0.5250668525695801,
            "z": -0.0038396469317376614
        },
        "2": {
            "x": 0.3010638952255249,
            "y": 0.4598376750946045,
            "z": -0.001280487165786326
        },
        "3": {
            "x": 0.3545461595058441,
            "y": 0.40721532702445984,
            "z": -0.004193625412881374
        },
        "4": {
            "x": 0.40878766775131226,
            "y": 0.3772769868373871,
            "z": -0.0067110490053892136
        },
        "5": {
            "x": 0.305644154548645,
            "y": 0.4020620584487915,
            "z": 0.04603671655058861
        },
        "6": {
            "x": 0.35870087146759033,
            "y": 0.36815401911735535,
            "z": 0.04046608880162239
        },
        "7": {
            "x": 0.39930373430252075,
            "y": 0.3691045045852661,
            "z": 0.026942282915115356
        },
        "8": {
            "x": 0.4356544017791748,
            "y": 0.37024402618408203,
            "z": 0.01579427160322666
        },
        "9": {
            "x": 0.2924884855747223,
            "y": 0.36620286107063293,
            "z": 0.03549748286604881
        },
        "10": {
            "x": 0.3468535244464874,
            "y": 0.34230053424835205,
            "z": 0.02841574139893055
        },
        "11": {
            "x": 0.39181089401245117,
            "y": 0.3449995517730713,
            "z": 0.010441301390528679
        },
        "12": {
            "x": 0.43551236391067505,
            "y": 0.35146772861480713,
            "z": -0.0029323517810553312
        },
        "13": {
            "x": 0.26695308089256287,
            "y": 0.3282678723335266,
            "z": 0.0185842327773571
        },
        "14": {
            "x": 0.3260836601257324,
            "y": 0.27800026535987854,
            "z": 0.005008250940591097
        },
        "15": {
            "x": 0.3768351674079895,
            "y": 0.2597728669643402,
            "z": -0.013861013576388359
        },
        "16": {
            "x": 0.4250602424144745,
            "y": 0.24987474083900452,
            "z": -0.027182605117559433
        },
        "17": {
            "x": 0.2316376119852066,
            "y": 0.2917378544807434,
            "z": 0.0005176898557692766
        },
        "18": {
            "x": 0.2577703595161438,
            "y": 0.20585045218467712,
            "z": -0.009142966009676456
        },
        "19": {
            "x": 0.27944135665893555,
            "y": 0.14927907288074493,
            "z": -0.017051445320248604
        },
        "20": {
            "x": 0.3043070435523987,
            "y": 0.10247766971588135,
            "z": -0.024554690346121788
        }
    }
}