{
    "И": {
        "0": {
            "x": 0.55494624376297,
            "y": 0.5280527472496033,
            "z": 4.1990827526205976e-07
        },
        "1": {
            "x": 0.631521463394165,
            "y": 0.5234792828559875,
            "z": -0.006812816020101309
        },
        "2": {
            "x": 0.6990319490432739,
            "y": 0.46646982431411743,
            "z": -0.0060563841834664345
        },
        "3": {
            "x": 0.7547209858894348,
            "y": 0.4245727062225342,
            "z": -0.009236917831003666
        },
        "4": {
            "x": 0.8065594434738159,
            "y": 0.40512901544570923,
            "z": -0.011377307586371899
        },
        "5": {
            "x": 0.6990192532539368,
            "y": 0.3989552855491638,
            "z": 0.02712504006922245
        },
        "6": {
            "x": 0.7640488147735596,
            "y": 0.3848199248313904,
            "z": 0.013469982892274857
        },
        "7": {
            "x": 0.8098806738853455,
            "y": 0.392865389585495,
            "z": -0.001870959298685193
        },
        "8": {
            "x": 0.8500460386276245,
            "y": 0.3999708890914917,
            "z": -0.012721995823085308
        },
        "9": {
            "x": 0.6920566558837891,
            "y": 0.3635631203651428,
            "z": 0.01745222695171833
        },
        "10": {
            "x": 0.7589177489280701,
            "y": 0.3544904887676239,
            "z": 0.0006272517493925989
        },
        "11": {
            "x": 0.8071578741073608,
            "y": 0.3699682652950287,
            "z": -0.016193795949220657
        },
        "12": {
            "x": 0.8511861562728882,
            "y": 0.38498246669769287,
            "z": -0.026775674894452095
        },
        "13": {
            "x": 0.6732829213142395,
            "y": 0.3267338275909424,
            "z": 0.0017733826534822583
        },
        "14": {
            "x": 0.7407315373420715,
            "y": 0.283179372549057,
            "z": -0.02360934391617775
        },
        "15": {
            "x": 0.7994605302810669,
            "y": 0.2812819182872772,
            "z": -0.04123648256063461
        },
        "16": {
            "x": 0.8508392572402954,
            "y": 0.2843194603919983,
            "z": -0.0503242164850235
        },
        "17": {
            "x": 0.6444643139839172,
            "y": 0.29138487577438354,
            "z": -0.014653864316642284
        },
        "18": {
            "x": 0.6785281300544739,
            "y": 0.20632103085517883,
            "z": -0.033587031066417694
        },
        "19": {
            "x": 0.7059428095817566,
            "y": 0.15147081017494202,
            "z": -0.04245243966579437
        },
        "20": {
            "x": 0.733860969543457,
            "y": 0.1064557135105133,
            "z": -0.048734236508607864
        }
    }
}