{
    "И": {
        "0": {
            "x": 0.37767690420150757,
            "y": 0.8208668828010559,
            "z": -3.0605571055275504e-07
        },
        "1": {
            "x": 0.43115127086639404,
            "y": 0.797021210193634,
            "z": -0.02799667976796627
        },
        "2": {
            "x": 0.4510895907878876,
            "y": 0.7187555432319641,
            "z": -0.04015931859612465
        },
        "3": {
            "x": 0.43357715010643005,
            "y": 0.645973265171051,
            "z": -0.05010875687003136
        },
        "4": {
            "x": 0.4121035933494568,
            "y": 0.5920918583869934,
            "z": -0.054664574563503265
        },
        "5": {
            "x": 0.4561973810195923,
            "y": 0.6316155791282654,
            "z": -0.004527214914560318
        },
        "6": {
            "x": 0.46183428168296814,
            "y": 0.556466817855835,
            "z": -0.0279100239276886
        },
        "7": {
            "x": 0.4509722888469696,
            "y": 0.5932415723800659,
            "z": -0.04355382174253464
        },
        "8": {
            "x": 0.44670748710632324,
            "y": 0.6347655653953552,
            "z": -0.052231233566999435
        },
        "9": {
            "x": 0.4176594018936157,
            "y": 0.6135616898536682,
            "z": -0.003494574688374996
        },
        "10": {
            "x": 0.41619405150413513,
            "y": 0.5254278182983398,
            "z": -0.04086783900856972
        },
        "11": {
            "x": 0.40820571780204773,
            "y": 0.5811669826507568,
            "z": -0.05660369247198105
        },
        "12": {
            "x": 0.4092238247394562,
            "y": 0.6330644488334656,
            "z": -0.054788801819086075
        },
        "13": {
            "x": 0.3780750632286072,
            "y": 0.609028697013855,
            "z": -0.009201819077134132
        },
        "14": {
            "x": 0.37983787059783936,
            "y": 0.5058756470680237,
            "z": -0.03799492493271828
        },
        "15": {
            "x": 0.37688207626342773,
            "y": 0.4519389867782593,
            "z": -0.054905764758586884
        },
        "16": {
            "x": 0.37767651677131653,
            "y": 0.3988705277442932,
            "z": -0.059665028005838394
        },
        "17": {
            "x": 0.34162503480911255,
            "y": 0.6204587817192078,
            "z": -0.016416853293776512
        },
        "18": {
            "x": 0.3301267623901367,
            "y": 0.5549579858779907,
            "z": -0.03178642317652702
        },
        "19": {
            "x": 0.3215789198875427,
            "y": 0.5157895088195801,
            "z": -0.04024922102689743
        },
        "20": {
            "x": 0.3156134784221649,
            "y": 0.46988445520401,
            "z": -0.04477498307824135
        }
    }
}