{
    "И": {
        "0": {
            "x": 0.3885762095451355,
            "y": 0.8445542454719543,
            "z": 1.040872348312405e-07
        },
        "1": {
            "x": 0.4433344006538391,
            "y": 0.8241790533065796,
            "z": -0.00902261957526207
        },
        "2": {
            "x": 0.4958808720111847,
            "y": 0.765929102897644,
            "z": -0.0162951722741127
        },
        "3": {
            "x": 0.5348203778266907,
            "y": 0.7270678877830505,
            "z": -0.025993747636675835
        },
        "4": {
            "x": 0.5405235886573792,
            "y": 0.6852759122848511,
            "z": -0.03339354693889618
        },
        "5": {
            "x": 0.46366414427757263,
            "y": 0.6573097705841064,
            "z": 0.004202872049063444
        },
        "6": {
            "x": 0.49571937322616577,
            "y": 0.5960445404052734,
            "z": -0.01989932544529438
        },
        "7": {
            "x": 0.5223320722579956,
            "y": 0.6165070533752441,
            "z": -0.040482793003320694
        },
        "8": {
            "x": 0.5401808023452759,
            "y": 0.6495927572250366,
            "z": -0.05163877457380295
        },
        "9": {
            "x": 0.43954944610595703,
            "y": 0.6395946741104126,
            "z": -0.0062511879950761795
        },
        "10": {
            "x": 0.48546072840690613,
            "y": 0.5807957649230957,
            "z": -0.0406743548810482
        },
        "11": {
            "x": 0.5151913166046143,
            "y": 0.6169020533561707,
            "z": -0.061032380908727646
        },
        "12": {
            "x": 0.5334731340408325,
            "y": 0.6562981009483337,
            "z": -0.06549526005983353
        },
        "13": {
            "x": 0.4087328314781189,
            "y": 0.6317462921142578,
            "z": -0.02128385566174984
        },
        "14": {
            "x": 0.4329493045806885,
            "y": 0.5467544794082642,
            "z": -0.04577914997935295
        },
        "15": {
            "x": 0.45715224742889404,
            "y": 0.49619460105895996,
            "z": -0.06373369693756104
        },
        "16": {
            "x": 0.47862282395362854,
            "y": 0.45544809103012085,
            "z": -0.07179436087608337
        },
        "17": {
            "x": 0.37480106949806213,
            "y": 0.6390101313591003,
            "z": -0.03721920773386955
        },
        "18": {
            "x": 0.36137211322784424,
            "y": 0.5710777044296265,
            "z": -0.050557348877191544
        },
        "19": {
            "x": 0.3541121184825897,
            "y": 0.5258373618125916,
            "z": -0.057635530829429626
        },
        "20": {
            "x": 0.3515441417694092,
            "y": 0.483649879693985,
            "z": -0.06194083392620087
        }
    }
}