{
    "И": {
        "0": {
            "x": 0.42602071166038513,
            "y": 0.832770824432373,
            "z": -2.3482746769332152e-07
        },
        "1": {
            "x": 0.4692245125770569,
            "y": 0.8276799321174622,
            "z": -0.02304234355688095
        },
        "2": {
            "x": 0.4986811578273773,
            "y": 0.7691487073898315,
            "z": -0.03545357659459114
        },
        "3": {
            "x": 0.49251940846443176,
            "y": 0.7109652757644653,
            "z": -0.04665321111679077
        },
        "4": {
            "x": 0.46942105889320374,
            "y": 0.6695363521575928,
            "z": -0.054605141282081604
        },
        "5": {
            "x": 0.5067763328552246,
            "y": 0.6632525324821472,
            "z": -0.009643069468438625
        },
        "6": {
            "x": 0.5141088366508484,
            "y": 0.5960229635238647,
            "z": -0.03209497034549713
        },
        "7": {
            "x": 0.510398805141449,
            "y": 0.6170642971992493,
            "z": -0.04786556959152222
        },
        "8": {
            "x": 0.5072987079620361,
            "y": 0.6477904319763184,
            "z": -0.055984582751989365
        },
        "9": {
            "x": 0.47392451763153076,
            "y": 0.6402007937431335,
            "z": -0.011016755364835262
        },
        "10": {
            "x": 0.476543128490448,
            "y": 0.5581371784210205,
            "z": -0.044529203325510025
        },
        "11": {
            "x": 0.46928250789642334,
            "y": 0.6020805239677429,
            "z": -0.05842543765902519
        },
        "12": {
            "x": 0.4665507972240448,
            "y": 0.6439727544784546,
            "z": -0.05653906986117363
        },
        "13": {
            "x": 0.43885958194732666,
            "y": 0.6311370134353638,
            "z": -0.017469774931669235
        },
        "14": {
            "x": 0.4417591989040375,
            "y": 0.5380939245223999,
            "z": -0.04070281609892845
        },
        "15": {
            "x": 0.4409044086933136,
            "y": 0.4842979907989502,
            "z": -0.052990302443504333
        },
        "16": {
            "x": 0.442003071308136,
            "y": 0.4360288977622986,
            "z": -0.05577196180820465
        },
        "17": {
            "x": 0.4030188024044037,
            "y": 0.6371486186981201,
            "z": -0.02555146813392639
        },
        "18": {
            "x": 0.3951650559902191,
            "y": 0.5653821229934692,
            "z": -0.03521798551082611
        },
        "19": {
            "x": 0.38947567343711853,
            "y": 0.5229129195213318,
            "z": -0.038248851895332336
        },
        "20": {
            "x": 0.3868959844112396,
            "y": 0.47835254669189453,
            "z": -0.039338190108537674
        }
    }
}