{
    "И": {
        "0": {
            "x": 0.6710636019706726,
            "y": 0.8089983463287354,
            "z": -2.602185134037427e-07
        },
        "1": {
            "x": 0.62190842628479,
            "y": 0.8006110191345215,
            "z": -0.0060970233753323555
        },
        "2": {
            "x": 0.5762213468551636,
            "y": 0.7441008687019348,
            "z": -0.010880573652684689
        },
        "3": {
            "x": 0.566019594669342,
            "y": 0.6873980164527893,
            "z": -0.018551399931311607
        },
        "4": {
            "x": 0.5946414470672607,
            "y": 0.6520777344703674,
            "z": -0.024334464222192764
        },
        "5": {
            "x": 0.6027343273162842,
            "y": 0.6683174967765808,
            "z": 0.014849756844341755
        },
        "6": {
            "x": 0.5874652862548828,
            "y": 0.617027997970581,
            "z": 0.0005785998655483127
        },
        "7": {
            "x": 0.580626368522644,
            "y": 0.6366005539894104,
            "z": -0.011393326334655285
        },
        "8": {
            "x": 0.5815330743789673,
            "y": 0.6528103947639465,
            "z": -0.0192972794175148
        },
        "9": {
            "x": 0.6302471160888672,
            "y": 0.6506652235984802,
            "z": 0.005678168497979641
        },
        "10": {
            "x": 0.6185745596885681,
            "y": 0.5941930413246155,
            "z": -0.01906980201601982
        },
        "11": {
            "x": 0.6057246923446655,
            "y": 0.624049186706543,
            "z": -0.033302728086709976
        },
        "12": {
            "x": 0.6026917099952698,
            "y": 0.6531369090080261,
            "z": -0.03495711088180542
        },
        "13": {
            "x": 0.6601471304893494,
            "y": 0.6439539194107056,
            "z": -0.007624531630426645
        },
        "14": {
            "x": 0.6498419642448425,
            "y": 0.5687671899795532,
            "z": -0.026900356635451317
        },
        "15": {
            "x": 0.6309751868247986,
            "y": 0.5242304801940918,
            "z": -0.040654633194208145
        },
        "16": {
            "x": 0.617465078830719,
            "y": 0.48211073875427246,
            "z": -0.04665052518248558
        },
        "17": {
            "x": 0.6921334266662598,
            "y": 0.6493130922317505,
            "z": -0.02115904912352562
        },
        "18": {
            "x": 0.7008550763130188,
            "y": 0.5947890877723694,
            "z": -0.030617062002420425
        },
        "19": {
            "x": 0.7053300142288208,
            "y": 0.559607982635498,
            "z": -0.035122159868478775
        },
        "20": {
            "x": 0.7075049877166748,
            "y": 0.5254366397857666,
            "z": -0.038173649460077286
        }
    }
}