{
    "И": {
        "0": {
            "x": 0.16715621948242188,
            "y": 0.5840798616409302,
            "z": 4.7377517375934985e-07
        },
        "1": {
            "x": 0.2552420496940613,
            "y": 0.5715713500976562,
            "z": -0.0065355305559933186
        },
        "2": {
            "x": 0.33417680859565735,
            "y": 0.5005922317504883,
            "z": -0.005129786673933268
        },
        "3": {
            "x": 0.39232516288757324,
            "y": 0.4418392777442932,
            "z": -0.008208180777728558
        },
        "4": {
            "x": 0.4499272406101227,
            "y": 0.41136816143989563,
            "z": -0.010554931126534939
        },
        "5": {
            "x": 0.33565497398376465,
            "y": 0.43808862566947937,
            "z": 0.04098771885037422
        },
        "6": {
            "x": 0.39349937438964844,
            "y": 0.4057419002056122,
            "z": 0.03281685709953308
        },
        "7": {
            "x": 0.4360915422439575,
            "y": 0.40583744645118713,
            "z": 0.01794116012752056
        },
        "8": {
            "x": 0.47558557987213135,
            "y": 0.40264081954956055,
            "z": 0.005175180733203888
        },
        "9": {
            "x": 0.32165390253067017,
            "y": 0.401875376701355,
            "z": 0.031040498986840248
        },
        "10": {
            "x": 0.3860735297203064,
            "y": 0.3807004988193512,
            "z": 0.02172369882464409
        },
        "11": {
            "x": 0.43026793003082275,
            "y": 0.38273224234580994,
            "z": 0.0039579421281814575
        },
        "12": {
            "x": 0.47232359647750854,
            "y": 0.38544854521751404,
            "z": -0.010258520022034645
        },
        "13": {
            "x": 0.29515814781188965,
            "y": 0.36353424191474915,
            "z": 0.014327740296721458
        },
        "14": {
            "x": 0.36068665981292725,
            "y": 0.30325374007225037,
            "z": -0.004239446483552456
        },
        "15": {
            "x": 0.41038236021995544,
            "y": 0.2700343132019043,
            "z": -0.02415345422923565
        },
        "16": {
            "x": 0.4551115036010742,
            "y": 0.24552279710769653,
            "z": -0.03833133354783058
        },
        "17": {
            "x": 0.2581785321235657,
            "y": 0.32703080773353577,
            "z": -0.0033775209449231625
        },
        "18": {
            "x": 0.28459373116493225,
            "y": 0.23438861966133118,
            "z": -0.01860172115266323
        },
        "19": {
            "x": 0.3040122985839844,
            "y": 0.17280147969722748,
            "z": -0.02850322797894478
        },
        "20": {
            "x": 0.3264097273349762,
            "y": 0.11872595548629761,
            "z": -0.037484705448150635
        }
    }
}