{
    "И": {
        "0": {
            "x": 0.11040463298559189,
            "y": 0.5767520666122437,
            "z": 4.897245275969908e-07
        },
        "1": {
            "x": 0.2015128880739212,
            "y": 0.5638152360916138,
            "z": -0.006558846216648817
        },
        "2": {
            "x": 0.27730992436408997,
            "y": 0.49526309967041016,
            "z": -0.006012951489537954
        },
        "3": {
            "x": 0.32989415526390076,
            "y": 0.4354371428489685,
            "z": -0.009614945389330387
        },
        "4": {
            "x": 0.38504108786582947,
            "y": 0.4060799181461334,
            "z": -0.01205222774296999
        },
        "5": {
            "x": 0.2791869342327118,
            "y": 0.4372183680534363,
            "z": 0.03702264279127121
        },
        "6": {
            "x": 0.3360048830509186,
            "y": 0.4040777087211609,
            "z": 0.026946578174829483
        },
        "7": {
            "x": 0.37784361839294434,
            "y": 0.40014487504959106,
            "z": 0.011581306345760822
        },
        "8": {
            "x": 0.4155944883823395,
            "y": 0.39508044719696045,
            "z": -0.0011773508740589023
        },
        "9": {
            "x": 0.2637060582637787,
            "y": 0.39982810616493225,
            "z": 0.026737511157989502
        },
        "10": {
            "x": 0.32568973302841187,
            "y": 0.3811393082141876,
            "z": 0.014877011068165302
        },
        "11": {
            "x": 0.37093186378479004,
            "y": 0.380612313747406,
            "z": -0.0037837873678654432
        },
        "12": {
            "x": 0.4126395583152771,
            "y": 0.3818962574005127,
            "z": -0.01820331998169422
        },
        "13": {
            "x": 0.23560898005962372,
            "y": 0.36131492257118225,
            "z": 0.009853217750787735
        },
        "14": {
            "x": 0.29940611124038696,
            "y": 0.304659366607666,
            "z": -0.011276607401669025
        },
        "15": {
            "x": 0.3492230474948883,
            "y": 0.2729156017303467,
            "z": -0.03314024209976196
        },
        "16": {
            "x": 0.39356598258018494,
            "y": 0.250855028629303,
            "z": -0.04809325188398361
        },
        "17": {
            "x": 0.1973382979631424,
            "y": 0.32567667961120605,
            "z": -0.007743478287011385
        },
        "18": {
            "x": 0.21993735432624817,
            "y": 0.2353338599205017,
            "z": -0.025853516533970833
        },
        "19": {
            "x": 0.2371038794517517,
            "y": 0.17506065964698792,
            "z": -0.03793563321232796
        },
        "20": {
            "x": 0.25744837522506714,
            "y": 0.12297946214675903,
            "z": -0.04791165888309479
        }
    }
}