{
    "И": {
        "0": {
            "x": 0.6396040916442871,
            "y": 0.9033514261245728,
            "z": -2.0650001886224345e-07
        },
        "1": {
            "x": 0.7031362652778625,
            "y": 0.8543025851249695,
            "z": -0.005623165983706713
        },
        "2": {
            "x": 0.7611433863639832,
            "y": 0.77440345287323,
            "z": -0.01881393976509571
        },
        "3": {
            "x": 0.7949181795120239,
            "y": 0.720895528793335,
            "z": -0.037015605717897415
        },
        "4": {
            "x": 0.7707095742225647,
            "y": 0.6853247284889221,
            "z": -0.05161617323756218
        },
        "5": {
            "x": 0.7000940442085266,
            "y": 0.651724100112915,
            "z": 0.01012936420738697
        },
        "6": {
            "x": 0.7294194102287292,
            "y": 0.5758708119392395,
            "z": -0.019748810678720474
        },
        "7": {
            "x": 0.7520843744277954,
            "y": 0.6305251121520996,
            "z": -0.04338223487138748
        },
        "8": {
            "x": 0.7667050361633301,
            "y": 0.6865960359573364,
            "z": -0.05532355606555939
        },
        "9": {
            "x": 0.6660722494125366,
            "y": 0.6440554857254028,
            "z": -0.007952962070703506
        },
        "10": {
            "x": 0.713137686252594,
            "y": 0.5852347016334534,
            "z": -0.057940997183322906
        },
        "11": {
            "x": 0.7421536445617676,
            "y": 0.663684606552124,
            "z": -0.08052271604537964
        },
        "12": {
            "x": 0.7589276432991028,
            "y": 0.7298189401626587,
            "z": -0.08029599487781525
        },
        "13": {
            "x": 0.6262766122817993,
            "y": 0.6449755430221558,
            "z": -0.031705938279628754
        },
        "14": {
            "x": 0.6416842341423035,
            "y": 0.5381060838699341,
            "z": -0.06438647955656052
        },
        "15": {
            "x": 0.654700756072998,
            "y": 0.46700745820999146,
            "z": -0.0823034718632698
        },
        "16": {
            "x": 0.664018988609314,
            "y": 0.4023979604244232,
            "z": -0.08767680823802948
        },
        "17": {
            "x": 0.5862287878990173,
            "y": 0.6622523665428162,
            "z": -0.055829983204603195
        },
        "18": {
            "x": 0.557468831539154,
            "y": 0.5761465430259705,
            "z": -0.06788191944360733
        },
        "19": {
            "x": 0.5371745824813843,
            "y": 0.5234633684158325,
            "z": -0.06908585876226425
        },
        "20": {
            "x": 0.5201993584632874,
            "y": 0.47114455699920654,
            "z": -0.06890702247619629
        }
    }
}