{
    "И": {
        "0": {
            "x": 0.6150191426277161,
            "y": 0.7605200409889221,
            "z": -3.6882514820035794e-08
        },
        "1": {
            "x": 0.6719233393669128,
            "y": 0.700572669506073,
            "z": -0.0029236890841275454
        },
        "2": {
            "x": 0.7181420922279358,
            "y": 0.6204153299331665,
            "z": -0.013748880475759506
        },
        "3": {
            "x": 0.7470911145210266,
            "y": 0.5630453824996948,
            "z": -0.029428180307149887
        },
        "4": {
            "x": 0.7312800288200378,
            "y": 0.5183194875717163,
            "z": -0.04184543341398239
        },
        "5": {
            "x": 0.6552779078483582,
            "y": 0.5290142297744751,
            "z": 0.01694919727742672
        },
        "6": {
            "x": 0.6802085041999817,
            "y": 0.4576072692871094,
            "z": -0.011183067224919796
        },
        "7": {
            "x": 0.7085306644439697,
            "y": 0.4954264163970947,
            "z": -0.037092410027980804
        },
        "8": {
            "x": 0.7281826138496399,
            "y": 0.5403598546981812,
            "z": -0.05020385980606079
        },
        "9": {
            "x": 0.6248564720153809,
            "y": 0.5207223892211914,
            "z": 0.0008365351823158562
        },
        "10": {
            "x": 0.6652325391769409,
            "y": 0.4581388831138611,
            "z": -0.041413526982069016
        },
        "11": {
            "x": 0.6945803761482239,
            "y": 0.5166163444519043,
            "z": -0.06491788476705551
        },
        "12": {
            "x": 0.7108506560325623,
            "y": 0.5711977481842041,
            "z": -0.06846330314874649
        },
        "13": {
            "x": 0.5896620750427246,
            "y": 0.5213736891746521,
            "z": -0.02039455622434616
        },
        "14": {
            "x": 0.604437530040741,
            "y": 0.4193258285522461,
            "z": -0.04701272025704384
        },
        "15": {
            "x": 0.6229734420776367,
            "y": 0.35325977206230164,
            "z": -0.06297220289707184
        },
        "16": {
            "x": 0.6352674961090088,
            "y": 0.2971527576446533,
            "z": -0.0686228796839714
        },
        "17": {
            "x": 0.5551894903182983,
            "y": 0.5350456833839417,
            "z": -0.041930973529815674
        },
        "18": {
            "x": 0.5313475728034973,
            "y": 0.4546118378639221,
            "z": -0.0493815615773201
        },
        "19": {
            "x": 0.5189433097839355,
            "y": 0.4048128128051758,
            "z": -0.04773427173495293
        },
        "20": {
            "x": 0.5085157155990601,
            "y": 0.35823482275009155,
            "z": -0.046195898205041885
        }
    }
}