{
    "И": {
        "0": {
            "x": 0.5562041401863098,
            "y": 0.9532362222671509,
            "z": -1.7162413712412672e-07
        },
        "1": {
            "x": 0.6218591332435608,
            "y": 0.903719961643219,
            "z": -0.006678080651909113
        },
        "2": {
            "x": 0.6796677112579346,
            "y": 0.8038543462753296,
            "z": -0.015804873779416084
        },
        "3": {
            "x": 0.7128814458847046,
            "y": 0.7380842566490173,
            "z": -0.02945263870060444
        },
        "4": {
            "x": 0.6863555908203125,
            "y": 0.7013800740242004,
            "z": -0.039516787976026535
        },
        "5": {
            "x": 0.6182481050491333,
            "y": 0.6880274415016174,
            "z": 0.01622883975505829
        },
        "6": {
            "x": 0.648181676864624,
            "y": 0.5964421629905701,
            "z": -0.014786805957555771
        },
        "7": {
            "x": 0.6715596318244934,
            "y": 0.6361283659934998,
            "z": -0.03982257843017578
        },
        "8": {
            "x": 0.6829918622970581,
            "y": 0.6884385943412781,
            "z": -0.05149620398879051
        },
        "9": {
            "x": 0.5827623009681702,
            "y": 0.678972601890564,
            "z": -0.0011341755744069815
        },
        "10": {
            "x": 0.6242733001708984,
            "y": 0.5975171327590942,
            "z": -0.05236080288887024
        },
        "11": {
            "x": 0.6526975631713867,
            "y": 0.6752316355705261,
            "z": -0.07612762600183487
        },
        "12": {
            "x": 0.6675112247467041,
            "y": 0.7452314496040344,
            "z": -0.07506450265645981
        },
        "13": {
            "x": 0.5422402620315552,
            "y": 0.6783586144447327,
            "z": -0.02482575550675392
        },
        "14": {
            "x": 0.5601150393486023,
            "y": 0.5673980116844177,
            "z": -0.05573900043964386
        },
        "15": {
            "x": 0.5786638855934143,
            "y": 0.4967915415763855,
            "z": -0.07328461855649948
        },
        "16": {
            "x": 0.5908926725387573,
            "y": 0.4321140944957733,
            "z": -0.07790640741586685
        },
        "17": {
            "x": 0.5007351636886597,
            "y": 0.6929486989974976,
            "z": -0.0495290532708168
        },
        "18": {
            "x": 0.48456770181655884,
            "y": 0.596611738204956,
            "z": -0.058180637657642365
        },
        "19": {
            "x": 0.4767686724662781,
            "y": 0.5384562611579895,
            "z": -0.0577155165374279
        },
        "20": {
            "x": 0.47029900550842285,
            "y": 0.48016560077667236,
            "z": -0.0567440390586853
        }
    }
}