{
    "И": {
        "0": {
            "x": 0.3740471303462982,
            "y": 0.5772014856338501,
            "z": 4.1397507288820634e-07
        },
        "1": {
            "x": 0.45252084732055664,
            "y": 0.5714454650878906,
            "z": -0.012427367269992828
        },
        "2": {
            "x": 0.5331371426582336,
            "y": 0.5068855285644531,
            "z": -0.013638636097311974
        },
        "3": {
            "x": 0.5968979597091675,
            "y": 0.4550451338291168,
            "z": -0.01641741953790188
        },
        "4": {
            "x": 0.6540989875793457,
            "y": 0.43071019649505615,
            "z": -0.0171977486461401
        },
        "5": {
            "x": 0.5216156840324402,
            "y": 0.42670267820358276,
            "z": 0.02246357873082161
        },
        "6": {
            "x": 0.5874566435813904,
            "y": 0.40866875648498535,
            "z": 0.009681005030870438
        },
        "7": {
            "x": 0.6347931027412415,
            "y": 0.411452054977417,
            "z": -0.004492010921239853
        },
        "8": {
            "x": 0.6784106492996216,
            "y": 0.4112703800201416,
            "z": -0.016146766021847725
        },
        "9": {
            "x": 0.5131357908248901,
            "y": 0.3906058967113495,
            "z": 0.015600468963384628
        },
        "10": {
            "x": 0.5855528116226196,
            "y": 0.37740686535835266,
            "z": -0.0018977903528138995
        },
        "11": {
            "x": 0.6326661109924316,
            "y": 0.39141684770584106,
            "z": -0.018630435690283775
        },
        "12": {
            "x": 0.6756777167320251,
            "y": 0.4015636146068573,
            "z": -0.029818104580044746
        },
        "13": {
            "x": 0.4937903583049774,
            "y": 0.35584840178489685,
            "z": 0.0024622709024697542
        },
        "14": {
            "x": 0.5694034695625305,
            "y": 0.29679983854293823,
            "z": -0.026993414387106895
        },
        "15": {
            "x": 0.6297481656074524,
            "y": 0.27775681018829346,
            "z": -0.047845736145973206
        },
        "16": {
            "x": 0.6809619665145874,
            "y": 0.2645336389541626,
            "z": -0.05959729105234146
        },
        "17": {
            "x": 0.4668113589286804,
            "y": 0.32596951723098755,
            "z": -0.011057511903345585
        },
        "18": {
            "x": 0.4946126937866211,
            "y": 0.23622526228427887,
            "z": -0.03580062836408615
        },
        "19": {
            "x": 0.512487530708313,
            "y": 0.1751265972852707,
            "z": -0.04874693229794502
        },
        "20": {
            "x": 0.5318149924278259,
            "y": 0.11981919407844543,
            "z": -0.058142438530921936
        }
    }
}