{
    "И": {
        "0": {
            "x": 0.5093203186988831,
            "y": 0.5688349008560181,
            "z": 4.541772682387091e-07
        },
        "1": {
            "x": 0.58445143699646,
            "y": 0.5637177228927612,
            "z": -0.008359860628843307
        },
        "2": {
            "x": 0.6543909311294556,
            "y": 0.49397674202919006,
            "z": -0.006272637285292149
        },
        "3": {
            "x": 0.7093815207481384,
            "y": 0.4458320140838623,
            "z": -0.007225644774734974
        },
        "4": {
            "x": 0.7572179436683655,
            "y": 0.42042484879493713,
            "z": -0.006327420473098755
        },
        "5": {
            "x": 0.6341671347618103,
            "y": 0.4222886562347412,
            "z": 0.027136102318763733
        },
        "6": {
            "x": 0.6988013982772827,
            "y": 0.40285524725914,
            "z": 0.014538746327161789
        },
        "7": {
            "x": 0.7477267980575562,
            "y": 0.4054946005344391,
            "z": 0.0003452114178799093
        },
        "8": {
            "x": 0.790657103061676,
            "y": 0.4060885012149811,
            "z": -0.01002202183008194
        },
        "9": {
            "x": 0.6270026564598083,
            "y": 0.3870357573032379,
            "z": 0.01878421939909458
        },
        "10": {
            "x": 0.693562924861908,
            "y": 0.3725527822971344,
            "z": 0.0029450347647070885
        },
        "11": {
            "x": 0.7453398108482361,
            "y": 0.384526789188385,
            "z": -0.012154210358858109
        },
        "12": {
            "x": 0.790888249874115,
            "y": 0.39273402094841003,
            "z": -0.021984055638313293
        },
        "13": {
            "x": 0.6077020764350891,
            "y": 0.3507401943206787,
            "z": 0.003948459401726723
        },
        "14": {
            "x": 0.6747728586196899,
            "y": 0.2919924557209015,
            "z": -0.02160928212106228
        },
        "15": {
            "x": 0.735666036605835,
            "y": 0.2808602750301361,
            "z": -0.03927668184041977
        },
        "16": {
            "x": 0.7872943878173828,
            "y": 0.2730691432952881,
            "z": -0.048817362636327744
        },
        "17": {
            "x": 0.5801010727882385,
            "y": 0.3164699375629425,
            "z": -0.011646483093500137
        },
        "18": {
            "x": 0.6078355312347412,
            "y": 0.22475877404212952,
            "z": -0.030987460166215897
        },
        "19": {
            "x": 0.6290836930274963,
            "y": 0.16629822552204132,
            "z": -0.04034663736820221
        },
        "20": {
            "x": 0.6512017846107483,
            "y": 0.11515414714813232,
            "z": -0.047569528222084045
        }
    }
}