{
    "Ё": {
        "0": {
            "x": 0.4083586633205414,
            "y": 0.6219271421432495,
            "z": 5.279067067931464e-07
        },
        "1": {
            "x": 0.4800836145877838,
            "y": 0.5152133107185364,
            "z": 0.015354069881141186
        },
        "2": {
            "x": 0.5053272247314453,
            "y": 0.4035526216030121,
            "z": 0.01706160046160221
        },
        "3": {
            "x": 0.5313020944595337,
            "y": 0.3193756341934204,
            "z": 0.004931594245135784
        },
        "4": {
            "x": 0.5574793815612793,
            "y": 0.23518438637256622,
            "z": -0.006650921888649464
        },
        "5": {
            "x": 0.40574318170547485,
            "y": 0.33570337295532227,
            "z": 0.07154548168182373
        },
        "6": {
            "x": 0.4444425106048584,
            "y": 0.24710959196090698,
            "z": 0.05684896185994148
        },
        "7": {
            "x": 0.49799883365631104,
            "y": 0.21633358299732208,
            "z": 0.03313635289669037
        },
        "8": {
            "x": 0.5396995544433594,
            "y": 0.21108588576316833,
            "z": 0.01728357933461666
        },
        "9": {
            "x": 0.38247987627983093,
            "y": 0.3358686566352844,
            "z": 0.04539325833320618
        },
        "10": {
            "x": 0.4293709099292755,
            "y": 0.21928544342517853,
            "z": 0.026510771363973618
        },
        "11": {
            "x": 0.4898344874382019,
            "y": 0.19117151200771332,
            "z": -0.00010795455455081537
        },
        "12": {
            "x": 0.5406576991081238,
            "y": 0.20088201761245728,
            "z": -0.015168567188084126
        },
        "13": {
            "x": 0.36737075448036194,
            "y": 0.3449290990829468,
            "z": 0.013535946607589722
        },
        "14": {
            "x": 0.41618481278419495,
            "y": 0.22191287577152252,
            "z": -0.0038201671559363604
        },
        "15": {
            "x": 0.48173683881759644,
            "y": 0.19399100542068481,
            "z": -0.016408443450927734
        },
        "16": {
            "x": 0.5356855392456055,
            "y": 0.20039431750774384,
            "z": -0.021541260182857513
        },
        "17": {
            "x": 0.36723509430885315,
            "y": 0.36218658089637756,
            "z": -0.019610624760389328
        },
        "18": {
            "x": 0.41789695620536804,
            "y": 0.2607390880584717,
            "z": -0.032116394490003586
        },
        "19": {
            "x": 0.46963709592819214,
            "y": 0.22608551383018494,
            "z": -0.03529338166117668
        },
        "20": {
            "x": 0.5154768824577332,
            "y": 0.21672825515270233,
            "z": -0.035351287573575974
        }
    }
}