{
    "Ё": {
        "0": {
            "x": 0.4674827754497528,
            "y": 0.6897586584091187,
            "z": 6.301841182221324e-08
        },
        "1": {
            "x": 0.5624305605888367,
            "y": 0.6086521744728088,
            "z": 0.023119641467928886
        },
        "2": {
            "x": 0.6107504963874817,
            "y": 0.511439859867096,
            "z": 0.01978396624326706
        },
        "3": {
            "x": 0.6577327251434326,
            "y": 0.4473419785499573,
            "z": 0.0038195373490452766
        },
        "4": {
            "x": 0.7032667994499207,
            "y": 0.3992650806903839,
            "z": -0.010587667115032673
        },
        "5": {
            "x": 0.49850624799728394,
            "y": 0.3781387209892273,
            "z": 0.023969918489456177
        },
        "6": {
            "x": 0.5935781598091125,
            "y": 0.2960751950740814,
            "z": -0.005649090278893709
        },
        "7": {
            "x": 0.6607730984687805,
            "y": 0.31982389092445374,
            "z": -0.03151875361800194
        },
        "8": {
            "x": 0.6973004341125488,
            "y": 0.358113169670105,
            "z": -0.046093542128801346
        },
        "9": {
            "x": 0.4823932349681854,
            "y": 0.3849056661128998,
            "z": -0.006735531613230705
        },
        "10": {
            "x": 0.5947012305259705,
            "y": 0.28330501914024353,
            "z": -0.03523078188300133
        },
        "11": {
            "x": 0.6683001518249512,
            "y": 0.31189095973968506,
            "z": -0.05288752540946007
        },
        "12": {
            "x": 0.7056918144226074,
            "y": 0.35888391733169556,
            "z": -0.06057165190577507
        },
        "13": {
            "x": 0.4855576753616333,
            "y": 0.40840625762939453,
            "z": -0.0388907715678215
        },
        "14": {
            "x": 0.5917971134185791,
            "y": 0.30239880084991455,
            "z": -0.06286076456308365
        },
        "15": {
            "x": 0.6663616895675659,
            "y": 0.3247302770614624,
            "z": -0.06658148020505905
        },
        "16": {
            "x": 0.7045290470123291,
            "y": 0.36569303274154663,
            "z": -0.06421369314193726
        },
        "17": {
            "x": 0.5065616369247437,
            "y": 0.4463108777999878,
            "z": -0.07026420533657074
        },
        "18": {
            "x": 0.5940309166908264,
            "y": 0.3607957065105438,
            "z": -0.08383633196353912
        },
        "19": {
            "x": 0.6527038812637329,
            "y": 0.35908249020576477,
            "z": -0.08015041053295135
        },
        "20": {
            "x": 0.6885676383972168,
            "y": 0.3757389187812805,
            "z": -0.07449114322662354
        }
    }
}