{
    "Ё": {
        "0": {
            "x": 0.28614819049835205,
            "y": 0.7751525640487671,
            "z": 2.0384806020956603e-07
        },
        "1": {
            "x": 0.35552817583084106,
            "y": 0.7257884740829468,
            "z": -0.01534581184387207
        },
        "2": {
            "x": 0.4066207706928253,
            "y": 0.6584850549697876,
            "z": -0.031601082533597946
        },
        "3": {
            "x": 0.43679070472717285,
            "y": 0.598102331161499,
            "z": -0.05289527401328087
        },
        "4": {
            "x": 0.45408326387405396,
            "y": 0.5326590538024902,
            "z": -0.07212868332862854
        },
        "5": {
            "x": 0.39381706714630127,
            "y": 0.5222395658493042,
            "z": -0.004490440245717764
        },
        "6": {
            "x": 0.42063039541244507,
            "y": 0.40996742248535156,
            "z": -0.04296908155083656
        },
        "7": {
            "x": 0.456633985042572,
            "y": 0.4326384365558624,
            "z": -0.07351092249155045
        },
        "8": {
            "x": 0.47533684968948364,
            "y": 0.47665703296661377,
            "z": -0.0887473002076149
        },
        "9": {
            "x": 0.35735613107681274,
            "y": 0.5130966901779175,
            "z": -0.01589186117053032
        },
        "10": {
            "x": 0.3826092779636383,
            "y": 0.38554221391677856,
            "z": -0.0558948777616024
        },
        "11": {
            "x": 0.42861583828926086,
            "y": 0.4274154305458069,
            "z": -0.08242041617631912
        },
        "12": {
            "x": 0.44872918725013733,
            "y": 0.48824238777160645,
            "z": -0.09348318725824356
        },
        "13": {
            "x": 0.3171640932559967,
            "y": 0.5180858969688416,
            "z": -0.03199203312397003
        },
        "14": {
            "x": 0.3341953754425049,
            "y": 0.3943817913532257,
            "z": -0.06382264196872711
        },
        "15": {
            "x": 0.383536696434021,
            "y": 0.43531158566474915,
            "z": -0.07279970496892929
        },
        "16": {
            "x": 0.41123825311660767,
            "y": 0.492328405380249,
            "z": -0.07229012250900269
        },
        "17": {
            "x": 0.2732860743999481,
            "y": 0.5384756922721863,
            "z": -0.05057806149125099
        },
        "18": {
            "x": 0.29259148240089417,
            "y": 0.46169528365135193,
            "z": -0.07555290311574936
        },
        "19": {
            "x": 0.3364773690700531,
            "y": 0.4711947739124298,
            "z": -0.08179612457752228
        },
        "20": {
            "x": 0.3682822287082672,
            "y": 0.4999311566352844,
            "z": -0.08116734027862549
        }
    }
}