{
    "Ё": {
        "0": {
            "x": 0.2868640422821045,
            "y": 0.7736015319824219,
            "z": 1.565207128351176e-07
        },
        "1": {
            "x": 0.3581428825855255,
            "y": 0.7229143381118774,
            "z": -0.013975264504551888
        },
        "2": {
            "x": 0.4102809429168701,
            "y": 0.6578028798103333,
            "z": -0.03165555000305176
        },
        "3": {
            "x": 0.4412427842617035,
            "y": 0.5979133248329163,
            "z": -0.05509807914495468
        },
        "4": {
            "x": 0.46074622869491577,
            "y": 0.5299965143203735,
            "z": -0.07715814560651779
        },
        "5": {
            "x": 0.3958890438079834,
            "y": 0.5209735035896301,
            "z": -0.0059632668271660805
        },
        "6": {
            "x": 0.4230930805206299,
            "y": 0.40555524826049805,
            "z": -0.04735098406672478
        },
        "7": {
            "x": 0.4591507017612457,
            "y": 0.4288731515407562,
            "z": -0.079678475856781
        },
        "8": {
            "x": 0.47594618797302246,
            "y": 0.47765257954597473,
            "z": -0.09477564692497253
        },
        "9": {
            "x": 0.35868969559669495,
            "y": 0.5148513317108154,
            "z": -0.01850239187479019
        },
        "10": {
            "x": 0.38584330677986145,
            "y": 0.3851950466632843,
            "z": -0.06035693734884262
        },
        "11": {
            "x": 0.43013232946395874,
            "y": 0.4297458827495575,
            "z": -0.08797562122344971
        },
        "12": {
            "x": 0.44586318731307983,
            "y": 0.49532487988471985,
            "z": -0.09903573244810104
        },
        "13": {
            "x": 0.31809937953948975,
            "y": 0.5217028856277466,
            "z": -0.035545941442251205
        },
        "14": {
            "x": 0.3373377025127411,
            "y": 0.40236496925354004,
            "z": -0.06816601753234863
        },
        "15": {
            "x": 0.38574886322021484,
            "y": 0.445873498916626,
            "z": -0.07703331112861633
        },
        "16": {
            "x": 0.4090680778026581,
            "y": 0.5069072842597961,
            "z": -0.07569705694913864
        },
        "17": {
            "x": 0.2736872732639313,
            "y": 0.5425524711608887,
            "z": -0.05477512627840042
        },
        "18": {
            "x": 0.29423022270202637,
            "y": 0.46021416783332825,
            "z": -0.07875579595565796
        },
        "19": {
            "x": 0.33895638585090637,
            "y": 0.46999984979629517,
            "z": -0.08318755775690079
        },
        "20": {
            "x": 0.369106262922287,
            "y": 0.5005258321762085,
            "z": -0.08090142905712128
        }
    }
}