{
    "Ё": {
        "0": {
            "x": 0.5611196160316467,
            "y": 0.7211964130401611,
            "z": 3.02766835602597e-07
        },
        "1": {
            "x": 0.6528997421264648,
            "y": 0.601046085357666,
            "z": 0.020607896149158478
        },
        "2": {
            "x": 0.6741437911987305,
            "y": 0.4948262870311737,
            "z": 0.018372323364019394
        },
        "3": {
            "x": 0.7015653252601624,
            "y": 0.4164876639842987,
            "z": 0.0036184859927743673
        },
        "4": {
            "x": 0.7279200553894043,
            "y": 0.34752848744392395,
            "z": -0.009247992187738419
        },
        "5": {
            "x": 0.5311212539672852,
            "y": 0.4204917252063751,
            "z": 0.025834666565060616
        },
        "6": {
            "x": 0.6142734885215759,
            "y": 0.3018210828304291,
            "z": -0.0002212117105955258
        },
        "7": {
            "x": 0.6853324174880981,
            "y": 0.28919315338134766,
            "z": -0.02243281528353691
        },
        "8": {
            "x": 0.730428159236908,
            "y": 0.31412142515182495,
            "z": -0.03352911025285721
        },
        "9": {
            "x": 0.5236512422561646,
            "y": 0.42878320813179016,
            "z": -0.000470812083221972
        },
        "10": {
            "x": 0.6194767951965332,
            "y": 0.2814187705516815,
            "z": -0.021106813102960587
        },
        "11": {
            "x": 0.6937383413314819,
            "y": 0.2784625291824341,
            "z": -0.03362245112657547
        },
        "12": {
            "x": 0.7321404218673706,
            "y": 0.30888181924819946,
            "z": -0.03919271379709244
        },
        "13": {
            "x": 0.5428754091262817,
            "y": 0.4453439712524414,
            "z": -0.028291553258895874
        },
        "14": {
            "x": 0.6285504698753357,
            "y": 0.29326996207237244,
            "z": -0.04452095553278923
        },
        "15": {
            "x": 0.7026477456092834,
            "y": 0.2892582416534424,
            "z": -0.04223234951496124
        },
        "16": {
            "x": 0.7378553152084351,
            "y": 0.3235391676425934,
            "z": -0.03712420538067818
        },
        "17": {
            "x": 0.5822197198867798,
            "y": 0.4673515260219574,
            "z": -0.05600638687610626
        },
        "18": {
            "x": 0.6493703722953796,
            "y": 0.3397156298160553,
            "z": -0.06238527595996857
        },
        "19": {
            "x": 0.7034083008766174,
            "y": 0.32183998823165894,
            "z": -0.052719589322805405
        },
        "20": {
            "x": 0.7342967391014099,
            "y": 0.3393569886684418,
            "z": -0.04337257519364357
        }
    }
}