{
    "Ё": {
        "0": {
            "x": 0.6928874850273132,
            "y": 0.6339868307113647,
            "z": -4.395393489176058e-07
        },
        "1": {
            "x": 0.640259325504303,
            "y": 0.637495756149292,
            "z": -0.04143179580569267
        },
        "2": {
            "x": 0.5912765264511108,
            "y": 0.6066849827766418,
            "z": -0.05866123363375664
        },
        "3": {
            "x": 0.5464481711387634,
            "y": 0.5819063186645508,
            "z": -0.06486651301383972
        },
        "4": {
            "x": 0.5142461657524109,
            "y": 0.5593003630638123,
            "z": -0.06721310317516327
        },
        "5": {
            "x": 0.627038300037384,
            "y": 0.48176494240760803,
            "z": -0.06349044293165207
        },
        "6": {
            "x": 0.5575335621833801,
            "y": 0.465167373418808,
            "z": -0.06651312112808228
        },
        "7": {
            "x": 0.5332089066505432,
            "y": 0.5056921243667603,
            "z": -0.05975328013300896
        },
        "8": {
            "x": 0.5273656845092773,
            "y": 0.5442578792572021,
            "z": -0.053292881697416306
        },
        "9": {
            "x": 0.6363532543182373,
            "y": 0.4600604474544525,
            "z": -0.038393694907426834
        },
        "10": {
            "x": 0.5584309101104736,
            "y": 0.4513024687767029,
            "z": -0.04432563856244087
        },
        "11": {
            "x": 0.5329586267471313,
            "y": 0.5004191398620605,
            "z": -0.03995831683278084
        },
        "12": {
            "x": 0.5294399261474609,
            "y": 0.5406441688537598,
            "z": -0.03602562099695206
        },
        "13": {
            "x": 0.6392834186553955,
            "y": 0.4577838182449341,
            "z": -0.012387856841087341
        },
        "14": {
            "x": 0.5671747922897339,
            "y": 0.44676369428634644,
            "z": -0.018459554761648178
        },
        "15": {
            "x": 0.5413079857826233,
            "y": 0.4920589327812195,
            "z": -0.015308822505176067
        },
        "16": {
            "x": 0.5366121530532837,
            "y": 0.5336881875991821,
            "z": -0.012312158942222595
        },
        "17": {
            "x": 0.6339831352233887,
            "y": 0.469475120306015,
            "z": 0.01174907200038433
        },
        "18": {
            "x": 0.5795580744743347,
            "y": 0.4590447247028351,
            "z": 0.002496207831427455
        },
        "19": {
            "x": 0.5552372336387634,
            "y": 0.4902594983577728,
            "z": 0.0008757545729167759
        },
        "20": {
            "x": 0.5465460419654846,
            "y": 0.5240015387535095,
            "z": 0.0025074214208871126
        }
    }
}