{
    "Ё": {
        "0": {
            "x": 0.6743026971817017,
            "y": 0.6348236799240112,
            "z": -5.99771396991855e-07
        },
        "1": {
            "x": 0.6130626797676086,
            "y": 0.6392083764076233,
            "z": 0.012036878615617752
        },
        "2": {
            "x": 0.573042631149292,
            "y": 0.6144980788230896,
            "z": 0.013782190158963203
        },
        "3": {
            "x": 0.5361667275428772,
            "y": 0.592597246170044,
            "z": 0.00789056345820427
        },
        "4": {
            "x": 0.506825864315033,
            "y": 0.5654809474945068,
            "z": 0.0016660233959555626
        },
        "5": {
            "x": 0.6174062490463257,
            "y": 0.5024306774139404,
            "z": 0.030273761600255966
        },
        "6": {
            "x": 0.55960613489151,
            "y": 0.47942981123924255,
            "z": 0.02261490561068058
        },
        "7": {
            "x": 0.5317099690437317,
            "y": 0.5102968215942383,
            "z": 0.012814315967261791
        },
        "8": {
            "x": 0.5241773128509521,
            "y": 0.5438129901885986,
            "z": 0.0076750232838094234
        },
        "9": {
            "x": 0.6270349025726318,
            "y": 0.48249679803848267,
            "z": 0.016473785042762756
        },
        "10": {
            "x": 0.5550563335418701,
            "y": 0.4590696096420288,
            "z": 0.012434097938239574
        },
        "11": {
            "x": 0.5253317952156067,
            "y": 0.5034998655319214,
            "z": 0.0063586151227355
        },
        "12": {
            "x": 0.5238593220710754,
            "y": 0.5417670607566833,
            "z": 0.00248933513648808
        },
        "13": {
            "x": 0.6299836039543152,
            "y": 0.47830912470817566,
            "z": 0.0004131751775275916
        },
        "14": {
            "x": 0.559188961982727,
            "y": 0.4474845230579376,
            "z": -0.006986189167946577
        },
        "15": {
            "x": 0.5285199284553528,
            "y": 0.49394524097442627,
            "z": -0.009035472758114338
        },
        "16": {
            "x": 0.5267960429191589,
            "y": 0.5366060733795166,
            "z": -0.00915418192744255
        },
        "17": {
            "x": 0.622685432434082,
            "y": 0.4857209622859955,
            "z": -0.015215911902487278
        },
        "18": {
            "x": 0.5648124814033508,
            "y": 0.4577847123146057,
            "z": -0.02282855659723282
        },
        "19": {
            "x": 0.5369212627410889,
            "y": 0.48739883303642273,
            "z": -0.02208842523396015
        },
        "20": {
            "x": 0.5306690335273743,
            "y": 0.524226188659668,
            "z": -0.019601281732320786
        }
    }
}