{
    "Ё": {
        "0": {
            "x": 0.6938734650611877,
            "y": 0.6015051007270813,
            "z": -5.647353873428074e-07
        },
        "1": {
            "x": 0.6268892288208008,
            "y": 0.5943371057510376,
            "z": 0.028151605278253555
        },
        "2": {
            "x": 0.5863016247749329,
            "y": 0.5697234869003296,
            "z": 0.02877878211438656
        },
        "3": {
            "x": 0.54604572057724,
            "y": 0.5601082444190979,
            "z": 0.019820060580968857
        },
        "4": {
            "x": 0.5123782753944397,
            "y": 0.5495814085006714,
            "z": 0.008575549349188805
        },
        "5": {
            "x": 0.62387615442276,
            "y": 0.43956974148750305,
            "z": 0.021326344460248947
        },
        "6": {
            "x": 0.5547876358032227,
            "y": 0.44888362288475037,
            "z": 0.01931767538189888
        },
        "7": {
            "x": 0.5315902829170227,
            "y": 0.49274948239326477,
            "z": 0.014754570089280605
        },
        "8": {
            "x": 0.5228240489959717,
            "y": 0.5275704860687256,
            "z": 0.010548251681029797
        },
        "9": {
            "x": 0.6287257671356201,
            "y": 0.4343607723712921,
            "z": -0.0013058977201581001
        },
        "10": {
            "x": 0.5472376346588135,
            "y": 0.43973681330680847,
            "z": -0.0018370581092312932
        },
        "11": {
            "x": 0.5222619771957397,
            "y": 0.4898246228694916,
            "z": -0.006248767022043467
        },
        "12": {
            "x": 0.5144851207733154,
            "y": 0.5291089415550232,
            "z": -0.012166050262749195
        },
        "13": {
            "x": 0.6279301643371582,
            "y": 0.44957441091537476,
            "z": -0.021865248680114746
        },
        "14": {
            "x": 0.5503734946250916,
            "y": 0.4523506760597229,
            "z": -0.022408727556467056
        },
        "15": {
            "x": 0.5266437530517578,
            "y": 0.4975152611732483,
            "z": -0.020656194537878036
        },
        "16": {
            "x": 0.5183759927749634,
            "y": 0.5344669222831726,
            "z": -0.02253003977239132
        },
        "17": {
            "x": 0.6176671981811523,
            "y": 0.4799829423427582,
            "z": -0.04037334397435188
        },
        "18": {
            "x": 0.557979941368103,
            "y": 0.4815942347049713,
            "z": -0.04375305399298668
        },
        "19": {
            "x": 0.5360122919082642,
            "y": 0.5076252222061157,
            "z": -0.04154899716377258
        },
        "20": {
            "x": 0.525773286819458,
            "y": 0.5341759920120239,
            "z": -0.04053356871008873
        }
    }
}