{
    "Ё": {
        "0": {
            "x": 0.3006991147994995,
            "y": 0.6910866498947144,
            "z": 2.4112327423608804e-07
        },
        "1": {
            "x": 0.38715657591819763,
            "y": 0.654248833656311,
            "z": 0.027634412050247192
        },
        "2": {
            "x": 0.4415030777454376,
            "y": 0.619146466255188,
            "z": 0.030517181381583214
        },
        "3": {
            "x": 0.4847108721733093,
            "y": 0.5980831384658813,
            "z": 0.020373376086354256
        },
        "4": {
            "x": 0.5243868827819824,
            "y": 0.5677967071533203,
            "z": 0.0106032220646739
        },
        "5": {
            "x": 0.38880133628845215,
            "y": 0.4874621629714966,
            "z": 0.05552968382835388
        },
        "6": {
            "x": 0.4526023864746094,
            "y": 0.4580603539943695,
            "z": 0.040639348328113556
        },
        "7": {
            "x": 0.4918006658554077,
            "y": 0.4921421706676483,
            "z": 0.01981259696185589
        },
        "8": {
            "x": 0.5086572170257568,
            "y": 0.5322758555412292,
            "z": 0.008172162808477879
        },
        "9": {
            "x": 0.37486502528190613,
            "y": 0.4768051505088806,
            "z": 0.02911892719566822
        },
        "10": {
            "x": 0.456838995218277,
            "y": 0.4470271170139313,
            "z": 0.017532793805003166
        },
        "11": {
            "x": 0.4971831440925598,
            "y": 0.4858449697494507,
            "z": -0.00028612776077352464
        },
        "12": {
            "x": 0.512010395526886,
            "y": 0.5300295352935791,
            "z": -0.010972809977829456
        },
        "13": {
            "x": 0.3687766492366791,
            "y": 0.481281042098999,
            "z": 0.00040325132431462407
        },
        "14": {
            "x": 0.45216670632362366,
            "y": 0.4516151547431946,
            "z": -0.008495918475091457
        },
        "15": {
            "x": 0.4950469136238098,
            "y": 0.4871939420700073,
            "z": -0.014745745807886124
        },
        "16": {
            "x": 0.5110092759132385,
            "y": 0.5298081636428833,
            "z": -0.016869861632585526
        },
        "17": {
            "x": 0.37121888995170593,
            "y": 0.49960562586784363,
            "z": -0.02773183025419712
        },
        "18": {
            "x": 0.43756210803985596,
            "y": 0.46780771017074585,
            "z": -0.03195735812187195
        },
        "19": {
            "x": 0.4775877296924591,
            "y": 0.48482412099838257,
            "z": -0.02939431555569172
        },
        "20": {
            "x": 0.49942368268966675,
            "y": 0.5136556625366211,
            "z": -0.025695623829960823
        }
    }
}