{
    "Ё": {
        "0": {
            "x": 0.32806456089019775,
            "y": 0.6628333330154419,
            "z": 1.0670925121303299e-07
        },
        "1": {
            "x": 0.4045509696006775,
            "y": 0.6386511325836182,
            "z": 0.01752733625471592
        },
        "2": {
            "x": 0.4612608551979065,
            "y": 0.6063697338104248,
            "z": 0.01939435862004757
        },
        "3": {
            "x": 0.5065579414367676,
            "y": 0.5861333608627319,
            "z": 0.011605492793023586
        },
        "4": {
            "x": 0.5433701276779175,
            "y": 0.5552118420600891,
            "z": 0.00534086162224412
        },
        "5": {
            "x": 0.4165636897087097,
            "y": 0.47591090202331543,
            "z": 0.04303453117609024
        },
        "6": {
            "x": 0.48198869824409485,
            "y": 0.4507773220539093,
            "z": 0.028484288603067398
        },
        "7": {
            "x": 0.5178536176681519,
            "y": 0.4876878261566162,
            "z": 0.01101209968328476
        },
        "8": {
            "x": 0.5316153168678284,
            "y": 0.5287995338439941,
            "z": 0.002103230217471719
        },
        "9": {
            "x": 0.4025189280509949,
            "y": 0.46266183257102966,
            "z": 0.023524843156337738
        },
        "10": {
            "x": 0.4826085567474365,
            "y": 0.4369589388370514,
            "z": 0.00969990435987711
        },
        "11": {
            "x": 0.5208731889724731,
            "y": 0.4806535243988037,
            "z": -0.005606179125607014
        },
        "12": {
            "x": 0.5338008999824524,
            "y": 0.5292500257492065,
            "z": -0.012913544662296772
        },
        "13": {
            "x": 0.3946966230869293,
            "y": 0.4647555649280548,
            "z": 0.001440485124476254
        },
        "14": {
            "x": 0.476741760969162,
            "y": 0.4406074583530426,
            "z": -0.011317526921629906
        },
        "15": {
            "x": 0.5165135264396667,
            "y": 0.4797639548778534,
            "z": -0.018011467531323433
        },
        "16": {
            "x": 0.5312461853027344,
            "y": 0.5247794985771179,
            "z": -0.018524276092648506
        },
        "17": {
            "x": 0.39460352063179016,
            "y": 0.4794543385505676,
            "z": -0.020306821912527084
        },
        "18": {
            "x": 0.45936524868011475,
            "y": 0.4544781446456909,
            "z": -0.028038306161761284
        },
        "19": {
            "x": 0.4971090853214264,
            "y": 0.4716140031814575,
            "z": -0.027836577966809273
        },
        "20": {
            "x": 0.5185989141464233,
            "y": 0.49912959337234497,
            "z": -0.024619633331894875
        }
    }
}