{
    "Ё": {
        "0": {
            "x": 0.29413753747940063,
            "y": 0.779781699180603,
            "z": 3.869803890665935e-07
        },
        "1": {
            "x": 0.3645136058330536,
            "y": 0.6755265593528748,
            "z": 0.003477461403235793
        },
        "2": {
            "x": 0.3904016315937042,
            "y": 0.5484087467193604,
            "z": 0.002045074012130499
        },
        "3": {
            "x": 0.4122869372367859,
            "y": 0.45614588260650635,
            "z": -0.009408600628376007
        },
        "4": {
            "x": 0.43475979566574097,
            "y": 0.3733001947402954,
            "z": -0.01981562376022339
        },
        "5": {
            "x": 0.3126716911792755,
            "y": 0.46488669514656067,
            "z": 0.03891871124505997
        },
        "6": {
            "x": 0.3309095799922943,
            "y": 0.36547690629959106,
            "z": 0.0137481065467
        },
        "7": {
            "x": 0.3832225799560547,
            "y": 0.3363901972770691,
            "z": -0.012442574836313725
        },
        "8": {
            "x": 0.42797544598579407,
            "y": 0.33040887117385864,
            "z": -0.028937578201293945
        },
        "9": {
            "x": 0.2850819528102875,
            "y": 0.46790453791618347,
            "z": 0.01827259548008442
        },
        "10": {
            "x": 0.3014177083969116,
            "y": 0.3413647413253784,
            "z": -0.01250778790563345
        },
        "11": {
            "x": 0.3632713556289673,
            "y": 0.3154263496398926,
            "z": -0.039509367197752
        },
        "12": {
            "x": 0.41730859875679016,
            "y": 0.3243437111377716,
            "z": -0.052995264530181885
        },
        "13": {
            "x": 0.2627216577529907,
            "y": 0.48458167910575867,
            "z": -0.007820377126336098
        },
        "14": {
            "x": 0.2835342288017273,
            "y": 0.35301685333251953,
            "z": -0.03938448056578636
        },
        "15": {
            "x": 0.3542497754096985,
            "y": 0.3268566429615021,
            "z": -0.05520940199494362
        },
        "16": {
            "x": 0.4157780706882477,
            "y": 0.33408600091934204,
            "z": -0.059554100036621094
        },
        "17": {
            "x": 0.25116175413131714,
            "y": 0.5116927027702332,
            "z": -0.035032425075769424
        },
        "18": {
            "x": 0.288108766078949,
            "y": 0.4066579341888428,
            "z": -0.06024213880300522
        },
        "19": {
            "x": 0.34173306822776794,
            "y": 0.36740314960479736,
            "z": -0.06947989761829376
        },
        "20": {
            "x": 0.39073628187179565,
            "y": 0.35352402925491333,
            "z": -0.07198438048362732
        }
    }
}