{
    "Ё": {
        "0": {
            "x": 0.34145572781562805,
            "y": 0.5708865523338318,
            "z": 5.194902996663586e-07
        },
        "1": {
            "x": 0.40450572967529297,
            "y": 0.49230092763900757,
            "z": -0.009716843254864216
        },
        "2": {
            "x": 0.44533130526542664,
            "y": 0.4167766869068146,
            "z": -0.031071815639734268
        },
        "3": {
            "x": 0.4874415695667267,
            "y": 0.3670317828655243,
            "z": -0.05288223549723625
        },
        "4": {
            "x": 0.5257839560508728,
            "y": 0.3347286581993103,
            "z": -0.0731828361749649
        },
        "5": {
            "x": 0.3390308618545532,
            "y": 0.3213668465614319,
            "z": -0.05434562638401985
        },
        "6": {
            "x": 0.4345189332962036,
            "y": 0.30088120698928833,
            "z": -0.08971504122018814
        },
        "7": {
            "x": 0.48830369114875793,
            "y": 0.32209062576293945,
            "z": -0.10652986913919449
        },
        "8": {
            "x": 0.5178093910217285,
            "y": 0.3431139886379242,
            "z": -0.11589052528142929
        },
        "9": {
            "x": 0.32540082931518555,
            "y": 0.35625049471855164,
            "z": -0.06882007420063019
        },
        "10": {
            "x": 0.433639794588089,
            "y": 0.3112989068031311,
            "z": -0.10891629755496979
        },
        "11": {
            "x": 0.4898977279663086,
            "y": 0.3367774784564972,
            "z": -0.11908780038356781
        },
        "12": {
            "x": 0.5240014791488647,
            "y": 0.3651540279388428,
            "z": -0.12187203019857407
        },
        "13": {
            "x": 0.3296526074409485,
            "y": 0.4062798321247101,
            "z": -0.08299753814935684
        },
        "14": {
            "x": 0.435903936624527,
            "y": 0.37488114833831787,
            "z": -0.12152411788702011
        },
        "15": {
            "x": 0.4929158091545105,
            "y": 0.3961728513240814,
            "z": -0.12438062578439713
        },
        "16": {
            "x": 0.526738166809082,
            "y": 0.41776055097579956,
            "z": -0.11992296576499939
        },
        "17": {
            "x": 0.3470335006713867,
            "y": 0.46051087975502014,
            "z": -0.0968710258603096
        },
        "18": {
            "x": 0.43599000573158264,
            "y": 0.43391627073287964,
            "z": -0.12300016731023788
        },
        "19": {
            "x": 0.48494192957878113,
            "y": 0.4359150826931,
            "z": -0.12467828392982483
        },
        "20": {
            "x": 0.518044650554657,
            "y": 0.43981802463531494,
            "z": -0.12174473702907562
        }
    }
}