{
    "Ё": {
        "0": {
            "x": 0.38733118772506714,
            "y": 0.5890081524848938,
            "z": 2.735314978963288e-07
        },
        "1": {
            "x": 0.4560225307941437,
            "y": 0.5131697058677673,
            "z": 0.009512009099125862
        },
        "2": {
            "x": 0.4901011288166046,
            "y": 0.4495028257369995,
            "z": 0.002318051876500249
        },
        "3": {
            "x": 0.5255126357078552,
            "y": 0.4078903794288635,
            "z": -0.012503274716436863
        },
        "4": {
            "x": 0.5494152903556824,
            "y": 0.3687768876552582,
            "z": -0.026037395000457764
        },
        "5": {
            "x": 0.37014248967170715,
            "y": 0.3543681204319,
            "z": 0.01257348246872425
        },
        "6": {
            "x": 0.4434240758419037,
            "y": 0.30594342947006226,
            "z": -0.014496048912405968
        },
        "7": {
            "x": 0.49569612741470337,
            "y": 0.3156065344810486,
            "z": -0.04045837000012398
        },
        "8": {
            "x": 0.5329667925834656,
            "y": 0.3363906443119049,
            "z": -0.056713636964559555
        },
        "9": {
            "x": 0.36028558015823364,
            "y": 0.362998366355896,
            "z": -0.008582010865211487
        },
        "10": {
            "x": 0.45015329122543335,
            "y": 0.29742592573165894,
            "z": -0.03936145082116127
        },
        "11": {
            "x": 0.5063456892967224,
            "y": 0.318179726600647,
            "z": -0.06347834318876266
        },
        "12": {
            "x": 0.5419192314147949,
            "y": 0.35304611921310425,
            "z": -0.07518209517002106
        },
        "13": {
            "x": 0.3667576014995575,
            "y": 0.38422098755836487,
            "z": -0.03080514259636402
        },
        "14": {
            "x": 0.4496529996395111,
            "y": 0.32367071509361267,
            "z": -0.056221578270196915
        },
        "15": {
            "x": 0.5062026977539062,
            "y": 0.3391369879245758,
            "z": -0.06673801690340042
        },
        "16": {
            "x": 0.5388141870498657,
            "y": 0.3684649169445038,
            "z": -0.06821791082620621
        },
        "17": {
            "x": 0.38518083095550537,
            "y": 0.41459178924560547,
            "z": -0.05279501527547836
        },
        "18": {
            "x": 0.4496432840824127,
            "y": 0.36846452951431274,
            "z": -0.06827479600906372
        },
        "19": {
            "x": 0.4911539852619171,
            "y": 0.3700196146965027,
            "z": -0.07000314444303513
        },
        "20": {
            "x": 0.5201826691627502,
            "y": 0.3854614496231079,
            "z": -0.06747831404209137
        }
    }
}