{
    "Ё": {
        "0": {
            "x": 0.4147922098636627,
            "y": 0.6648502945899963,
            "z": 1.725456542089887e-07
        },
        "1": {
            "x": 0.4765225946903229,
            "y": 0.578355073928833,
            "z": 0.03276209533214569
        },
        "2": {
            "x": 0.4971233308315277,
            "y": 0.5044872164726257,
            "z": 0.041232880204916
        },
        "3": {
            "x": 0.5266257524490356,
            "y": 0.4499926269054413,
            "z": 0.03525843843817711
        },
        "4": {
            "x": 0.544194757938385,
            "y": 0.39432641863822937,
            "z": 0.029250530526041985
        },
        "5": {
            "x": 0.37121012806892395,
            "y": 0.4378177225589752,
            "z": 0.0700126513838768
        },
        "6": {
            "x": 0.43136048316955566,
            "y": 0.36914998292922974,
            "z": 0.06240326911211014
        },
        "7": {
            "x": 0.48596298694610596,
            "y": 0.36338871717453003,
            "z": 0.042680222541093826
        },
        "8": {
            "x": 0.5252255201339722,
            "y": 0.3776719570159912,
            "z": 0.029369622468948364
        },
        "9": {
            "x": 0.3595196604728699,
            "y": 0.4384880065917969,
            "z": 0.04177483543753624
        },
        "10": {
            "x": 0.4339965879917145,
            "y": 0.3558378219604492,
            "z": 0.034401439130306244
        },
        "11": {
            "x": 0.49103844165802,
            "y": 0.35421493649482727,
            "z": 0.013541391119360924
        },
        "12": {
            "x": 0.5335516333580017,
            "y": 0.3797909617424011,
            "z": 0.0004529696889221668
        },
        "13": {
            "x": 0.3659720718860626,
            "y": 0.44449684023857117,
            "z": 0.012004396878182888
        },
        "14": {
            "x": 0.43930840492248535,
            "y": 0.3628825545310974,
            "z": 0.005722443573176861
        },
        "15": {
            "x": 0.4960962235927582,
            "y": 0.3633572459220886,
            "z": -0.0030050422064960003
        },
        "16": {
            "x": 0.534369707107544,
            "y": 0.387622207403183,
            "z": -0.006600888445973396
        },
        "17": {
            "x": 0.3878507614135742,
            "y": 0.4524798095226288,
            "z": -0.016762563958764076
        },
        "18": {
            "x": 0.44690972566604614,
            "y": 0.3845599293708801,
            "z": -0.017217488959431648
        },
        "19": {
            "x": 0.48824870586395264,
            "y": 0.37930920720100403,
            "z": -0.013821271248161793
        },
        "20": {
            "x": 0.5204483270645142,
            "y": 0.3933086395263672,
            "z": -0.009765321388840675
        }
    }
}