{
    "Ё": {
        "0": {
            "x": 0.3836352825164795,
            "y": 0.6664870381355286,
            "z": 3.6668376424131566e-07
        },
        "1": {
            "x": 0.4339861273765564,
            "y": 0.5632311105728149,
            "z": -0.003236361313611269
        },
        "2": {
            "x": 0.4597095847129822,
            "y": 0.4837068021297455,
            "z": -0.02254004031419754
        },
        "3": {
            "x": 0.4915546178817749,
            "y": 0.4275204539299011,
            "z": -0.04681975394487381
        },
        "4": {
            "x": 0.5174509882926941,
            "y": 0.3765275180339813,
            "z": -0.06961072981357574
        },
        "5": {
            "x": 0.32009807229042053,
            "y": 0.41602611541748047,
            "z": -0.018346112221479416
        },
        "6": {
            "x": 0.39272981882095337,
            "y": 0.3442370593547821,
            "z": -0.056433919817209244
        },
        "7": {
            "x": 0.44977957010269165,
            "y": 0.34292247891426086,
            "z": -0.08493907004594803
        },
        "8": {
            "x": 0.4883553683757782,
            "y": 0.35438308119773865,
            "z": -0.10179195553064346
        },
        "9": {
            "x": 0.30528774857521057,
            "y": 0.44309085607528687,
            "z": -0.03710164502263069
        },
        "10": {
            "x": 0.3913586437702179,
            "y": 0.3547721207141876,
            "z": -0.07746361196041107
        },
        "11": {
            "x": 0.4562397301197052,
            "y": 0.36066266894340515,
            "z": -0.09915430843830109
        },
        "12": {
            "x": 0.4978541135787964,
            "y": 0.3780019283294678,
            "z": -0.10890506207942963
        },
        "13": {
            "x": 0.31161051988601685,
            "y": 0.48164960741996765,
            "z": -0.057448793202638626
        },
        "14": {
            "x": 0.39203038811683655,
            "y": 0.4046862721443176,
            "z": -0.09473145753145218
        },
        "15": {
            "x": 0.458834707736969,
            "y": 0.40221500396728516,
            "z": -0.10323960334062576
        },
        "16": {
            "x": 0.5019495487213135,
            "y": 0.4109905958175659,
            "z": -0.10199391096830368
        },
        "17": {
            "x": 0.33419710397720337,
            "y": 0.5248327255249023,
            "z": -0.07799305766820908
        },
        "18": {
            "x": 0.39713627099990845,
            "y": 0.46363720297813416,
            "z": -0.1035381630063057
        },
        "19": {
            "x": 0.4450940191745758,
            "y": 0.44638198614120483,
            "z": -0.10677418857812881
        },
        "20": {
            "x": 0.48056188225746155,
            "y": 0.4377245008945465,
            "z": -0.10407988727092743
        }
    }
}