{
    "Ё": {
        "0": {
            "x": 0.4449652135372162,
            "y": 0.6516066193580627,
            "z": -5.453421181300655e-08
        },
        "1": {
            "x": 0.5341405868530273,
            "y": 0.6095117330551147,
            "z": 0.016901995986700058
        },
        "2": {
            "x": 0.5872205495834351,
            "y": 0.55326247215271,
            "z": 0.013634739443659782
        },
        "3": {
            "x": 0.6256275177001953,
            "y": 0.5216464996337891,
            "z": 0.0005327544640749693
        },
        "4": {
            "x": 0.6579616069793701,
            "y": 0.49586325883865356,
            "z": -0.009974513202905655
        },
        "5": {
            "x": 0.4973950684070587,
            "y": 0.3899554908275604,
            "z": 0.022638367488980293
        },
        "6": {
            "x": 0.583480715751648,
            "y": 0.3388722836971283,
            "z": -0.0011886677239090204
        },
        "7": {
            "x": 0.6304666996002197,
            "y": 0.3859747648239136,
            "z": -0.022049875929951668
        },
        "8": {
            "x": 0.6465473175048828,
            "y": 0.43989676237106323,
            "z": -0.031510692089796066
        },
        "9": {
            "x": 0.48451536893844604,
            "y": 0.39201849699020386,
            "z": 0.0001974763727048412
        },
        "10": {
            "x": 0.5876643061637878,
            "y": 0.3385642170906067,
            "z": -0.019412830471992493
        },
        "11": {
            "x": 0.635671079158783,
            "y": 0.3935661315917969,
            "z": -0.031639955937862396
        },
        "12": {
            "x": 0.6488775610923767,
            "y": 0.45491933822631836,
            "z": -0.03530370071530342
        },
        "13": {
            "x": 0.4874779284000397,
            "y": 0.4118482768535614,
            "z": -0.02361561730504036
        },
        "14": {
            "x": 0.5867753028869629,
            "y": 0.3565397262573242,
            "z": -0.041352491825819016
        },
        "15": {
            "x": 0.6342685222625732,
            "y": 0.40664786100387573,
            "z": -0.04031452164053917
        },
        "16": {
            "x": 0.6479833126068115,
            "y": 0.46516478061676025,
            "z": -0.03338709473609924
        },
        "17": {
            "x": 0.5032994151115417,
            "y": 0.44574999809265137,
            "z": -0.04701077193021774
        },
        "18": {
            "x": 0.5777618885040283,
            "y": 0.3966341018676758,
            "z": -0.05593177676200867
        },
        "19": {
            "x": 0.6157671213150024,
            "y": 0.4181010127067566,
            "z": -0.04863625392317772
        },
        "20": {
            "x": 0.631868302822113,
            "y": 0.45305880904197693,
            "z": -0.0388820581138134
        }
    }
}