{
    "Ё": {
        "0": {
            "x": 0.26742643117904663,
            "y": 0.7937628030776978,
            "z": 2.5741630338416144e-07
        },
        "1": {
            "x": 0.34082984924316406,
            "y": 0.6907719373703003,
            "z": -0.008639062754809856
        },
        "2": {
            "x": 0.3691900074481964,
            "y": 0.5688096284866333,
            "z": -0.015687350183725357
        },
        "3": {
            "x": 0.3849340081214905,
            "y": 0.4716053605079651,
            "z": -0.030520986765623093
        },
        "4": {
            "x": 0.39513707160949707,
            "y": 0.38052743673324585,
            "z": -0.04470381513237953
        },
        "5": {
            "x": 0.30273914337158203,
            "y": 0.46945077180862427,
            "z": 0.02010619081556797
        },
        "6": {
            "x": 0.309894859790802,
            "y": 0.3522037863731384,
            "z": -0.013660256750881672
        },
        "7": {
            "x": 0.3531530499458313,
            "y": 0.3395657241344452,
            "z": -0.04439086094498634
        },
        "8": {
            "x": 0.3870779275894165,
            "y": 0.3565678000450134,
            "z": -0.06216384470462799
        },
        "9": {
            "x": 0.26748359203338623,
            "y": 0.4782719910144806,
            "z": 0.004805424250662327
        },
        "10": {
            "x": 0.270571768283844,
            "y": 0.3409327268600464,
            "z": -0.034284934401512146
        },
        "11": {
            "x": 0.3247411251068115,
            "y": 0.33725762367248535,
            "z": -0.06725774705410004
        },
        "12": {
            "x": 0.3657529950141907,
            "y": 0.3692433834075928,
            "z": -0.08356935530900955
        },
        "13": {
            "x": 0.23386099934577942,
            "y": 0.5012930631637573,
            "z": -0.016195202246308327
        },
        "14": {
            "x": 0.23179084062576294,
            "y": 0.3667665123939514,
            "z": -0.05346198379993439
        },
        "15": {
            "x": 0.2931908369064331,
            "y": 0.3556762933731079,
            "z": -0.07250574231147766
        },
        "16": {
            "x": 0.3428580164909363,
            "y": 0.3808259963989258,
            "z": -0.07794196158647537
        },
        "17": {
            "x": 0.20503851771354675,
            "y": 0.5384554266929626,
            "z": -0.0388747900724411
        },
        "18": {
            "x": 0.22277605533599854,
            "y": 0.4355214238166809,
            "z": -0.07057636976242065
        },
        "19": {
            "x": 0.27267733216285706,
            "y": 0.4068731665611267,
            "z": -0.0837511271238327
        },
        "20": {
            "x": 0.3173695206642151,
            "y": 0.40732821822166443,
            "z": -0.08794236183166504
        }
    }
}