{
    "Ё": {
        "0": {
            "x": 0.5879363417625427,
            "y": 0.5431979894638062,
            "z": 1.7845245281478128e-08
        },
        "1": {
            "x": 0.6427183151245117,
            "y": 0.4690704047679901,
            "z": 0.00220044469460845
        },
        "2": {
            "x": 0.6509862542152405,
            "y": 0.3940989673137665,
            "z": -0.00463233795017004
        },
        "3": {
            "x": 0.6535306572914124,
            "y": 0.3378469944000244,
            "z": -0.016207192093133926
        },
        "4": {
            "x": 0.6540071964263916,
            "y": 0.2959060072898865,
            "z": -0.025303587317466736
        },
        "5": {
            "x": 0.5652244687080383,
            "y": 0.3423127830028534,
            "z": -0.008733032271265984
        },
        "6": {
            "x": 0.6308918595314026,
            "y": 0.2720116972923279,
            "z": -0.034810181707143784
        },
        "7": {
            "x": 0.6724261045455933,
            "y": 0.2922084331512451,
            "z": -0.05102504417300224
        },
        "8": {
            "x": 0.6889441609382629,
            "y": 0.3277745842933655,
            "z": -0.057627636939287186
        },
        "9": {
            "x": 0.5695399641990662,
            "y": 0.35858413577079773,
            "z": -0.020372683182358742
        },
        "10": {
            "x": 0.6434364914894104,
            "y": 0.28114640712738037,
            "z": -0.04274420067667961
        },
        "11": {
            "x": 0.6841955184936523,
            "y": 0.3050677180290222,
            "z": -0.04993820935487747
        },
        "12": {
            "x": 0.6987679600715637,
            "y": 0.3419255316257477,
            "z": -0.05145622044801712
        },
        "13": {
            "x": 0.5864121913909912,
            "y": 0.3821323812007904,
            "z": -0.033346232026815414
        },
        "14": {
            "x": 0.6561291217803955,
            "y": 0.30820077657699585,
            "z": -0.05153090879321098
        },
        "15": {
            "x": 0.6955925822257996,
            "y": 0.32618650794029236,
            "z": -0.04981764778494835
        },
        "16": {
            "x": 0.7108720541000366,
            "y": 0.35955825448036194,
            "z": -0.044840723276138306
        },
        "17": {
            "x": 0.6113630533218384,
            "y": 0.4092854857444763,
            "z": -0.04651020094752312
        },
        "18": {
            "x": 0.664352536201477,
            "y": 0.3520786762237549,
            "z": -0.057253140956163406
        },
        "19": {
            "x": 0.6974036693572998,
            "y": 0.35245710611343384,
            "z": -0.054798346012830734
        },
        "20": {
            "x": 0.7168692946434021,
            "y": 0.36967897415161133,
            "z": -0.050121963024139404
        }
    }
}