{
    "Ё": {
        "0": {
            "x": 0.4257528483867645,
            "y": 0.4922865331172943,
            "z": -2.1730102162109688e-07
        },
        "1": {
            "x": 0.4636532962322235,
            "y": 0.41980549693107605,
            "z": 0.014231407083570957
        },
        "2": {
            "x": 0.469355970621109,
            "y": 0.3607669770717621,
            "z": 0.013327464461326599
        },
        "3": {
            "x": 0.47810566425323486,
            "y": 0.3167334496974945,
            "z": 0.0035693601239472628
        },
        "4": {
            "x": 0.4830968677997589,
            "y": 0.2865649461746216,
            "z": -0.003926573786884546
        },
        "5": {
            "x": 0.3688104450702667,
            "y": 0.3150748014450073,
            "z": 0.019293159246444702
        },
        "6": {
            "x": 0.4146036207675934,
            "y": 0.23350432515144348,
            "z": 0.0012984955683350563
        },
        "7": {
            "x": 0.45350006222724915,
            "y": 0.2582210898399353,
            "z": -0.01258992962539196
        },
        "8": {
            "x": 0.46963968873023987,
            "y": 0.29928824305534363,
            "z": -0.01846902444958687
        },
        "9": {
            "x": 0.3621683120727539,
            "y": 0.3193930983543396,
            "z": 0.0009043838363140821
        },
        "10": {
            "x": 0.41602393984794617,
            "y": 0.2239721715450287,
            "z": -0.01346082054078579
        },
        "11": {
            "x": 0.45926764607429504,
            "y": 0.25723332166671753,
            "z": -0.019170034676790237
        },
        "12": {
            "x": 0.47375768423080444,
            "y": 0.30178073048591614,
            "z": -0.01990269124507904
        },
        "13": {
            "x": 0.3689476251602173,
            "y": 0.3250373303890228,
            "z": -0.01907055266201496
        },
        "14": {
            "x": 0.4196583926677704,
            "y": 0.22469741106033325,
            "z": -0.03467585891485214
        },
        "15": {
            "x": 0.46241191029548645,
            "y": 0.2595168352127075,
            "z": -0.03146534413099289
        },
        "16": {
            "x": 0.4777546525001526,
            "y": 0.3063527047634125,
            "z": -0.024276040494441986
        },
        "17": {
            "x": 0.38701605796813965,
            "y": 0.33299747109413147,
            "z": -0.038506366312503815
        },
        "18": {
            "x": 0.4257935583591461,
            "y": 0.25018635392189026,
            "z": -0.046511366963386536
        },
        "19": {
            "x": 0.45918798446655273,
            "y": 0.26500633358955383,
            "z": -0.038870155811309814
        },
        "20": {
            "x": 0.4751119911670685,
            "y": 0.2985200881958008,
            "z": -0.03043236956000328
        }
    }
}