{
    "Ё": {
        "0": {
            "x": 0.5992340445518494,
            "y": 0.5369799733161926,
            "z": 8.157593356372672e-08
        },
        "1": {
            "x": 0.6417578458786011,
            "y": 0.45407241582870483,
            "z": 0.004947383888065815
        },
        "2": {
            "x": 0.6438955664634705,
            "y": 0.3636593222618103,
            "z": -0.00033047221950255334
        },
        "3": {
            "x": 0.6452191472053528,
            "y": 0.29225555062294006,
            "z": -0.00996440090239048
        },
        "4": {
            "x": 0.6518564224243164,
            "y": 0.24086490273475647,
            "z": -0.017448734492063522
        },
        "5": {
            "x": 0.5816311836242676,
            "y": 0.3201562762260437,
            "z": -0.013300064019858837
        },
        "6": {
            "x": 0.6559431552886963,
            "y": 0.2519126832485199,
            "z": -0.038110360503196716
        },
        "7": {
            "x": 0.6990549564361572,
            "y": 0.27361536026000977,
            "z": -0.05083191394805908
        },
        "8": {
            "x": 0.7165021300315857,
            "y": 0.3042218089103699,
            "z": -0.055521409958601
        },
        "9": {
            "x": 0.586216151714325,
            "y": 0.34349972009658813,
            "z": -0.025755641981959343
        },
        "10": {
            "x": 0.6685709357261658,
            "y": 0.26876190304756165,
            "z": -0.045143771916627884
        },
        "11": {
            "x": 0.7105563879013062,
            "y": 0.2932906150817871,
            "z": -0.046523317694664
        },
        "12": {
            "x": 0.725223183631897,
            "y": 0.32394978404045105,
            "z": -0.04491044953465462
        },
        "13": {
            "x": 0.6049808263778687,
            "y": 0.37677282094955444,
            "z": -0.038890887051820755
        },
        "14": {
            "x": 0.6819849014282227,
            "y": 0.30256280303001404,
            "z": -0.055755339562892914
        },
        "15": {
            "x": 0.7203783988952637,
            "y": 0.32016438245773315,
            "z": -0.04864581301808357
        },
        "16": {
            "x": 0.7350209951400757,
            "y": 0.34749096632003784,
            "z": -0.040336888283491135
        },
        "17": {
            "x": 0.6327480673789978,
            "y": 0.4130702018737793,
            "z": -0.05174051225185394
        },
        "18": {
            "x": 0.6917365193367004,
            "y": 0.3521418273448944,
            "z": -0.06024990975856781
        },
        "19": {
            "x": 0.7252345085144043,
            "y": 0.3434670865535736,
            "z": -0.05428871512413025
        },
        "20": {
            "x": 0.7441404461860657,
            "y": 0.3472597897052765,
            "z": -0.04763190075755119
        }
    }
}