{
    "Ё": {
        "0": {
            "x": 0.5565892457962036,
            "y": 0.5712001323699951,
            "z": 1.772733071447874e-07
        },
        "1": {
            "x": 0.5931136012077332,
            "y": 0.4808312654495239,
            "z": 0.0022432305850088596
        },
        "2": {
            "x": 0.6089394092559814,
            "y": 0.4016592800617218,
            "z": -0.011244584806263447
        },
        "3": {
            "x": 0.633538544178009,
            "y": 0.3471515476703644,
            "z": -0.02863905392587185
        },
        "4": {
            "x": 0.6602599024772644,
            "y": 0.3213280439376831,
            "z": -0.04480757191777229
        },
        "5": {
            "x": 0.5268375873565674,
            "y": 0.35171473026275635,
            "z": -0.031721144914627075
        },
        "6": {
            "x": 0.6064902544021606,
            "y": 0.2933419942855835,
            "z": -0.05974064767360687
        },
        "7": {
            "x": 0.6502671837806702,
            "y": 0.31190815567970276,
            "z": -0.0738455057144165
        },
        "8": {
            "x": 0.667340874671936,
            "y": 0.33172607421875,
            "z": -0.08076436817646027
        },
        "9": {
            "x": 0.5301105380058289,
            "y": 0.39083966612815857,
            "z": -0.047377973794937134
        },
        "10": {
            "x": 0.6201531291007996,
            "y": 0.32780179381370544,
            "z": -0.07196881622076035
        },
        "11": {
            "x": 0.6633676290512085,
            "y": 0.34247952699661255,
            "z": -0.07511484622955322
        },
        "12": {
            "x": 0.681606650352478,
            "y": 0.36181655526161194,
            "z": -0.07651739567518234
        },
        "13": {
            "x": 0.5460836887359619,
            "y": 0.43731242418289185,
            "z": -0.06306605786085129
        },
        "14": {
            "x": 0.631446897983551,
            "y": 0.37353143095970154,
            "z": -0.08373523503541946
        },
        "15": {
            "x": 0.6723427772521973,
            "y": 0.3809967339038849,
            "z": -0.07954379171133041
        },
        "16": {
            "x": 0.6898748874664307,
            "y": 0.39778661727905273,
            "z": -0.07449498027563095
        },
        "17": {
            "x": 0.5711696743965149,
            "y": 0.4818999469280243,
            "z": -0.07860177755355835
        },
        "18": {
            "x": 0.6341021656990051,
            "y": 0.4245080053806305,
            "z": -0.08869332820177078
        },
        "19": {
            "x": 0.66683030128479,
            "y": 0.41758352518081665,
            "z": -0.08348613977432251
        },
        "20": {
            "x": 0.6857516169548035,
            "y": 0.4219307601451874,
            "z": -0.07867825031280518
        }
    }
}