{
    "Ё": {
        "0": {
            "x": 0.5622940063476562,
            "y": 0.5282310247421265,
            "z": -4.46386394514775e-09
        },
        "1": {
            "x": 0.6193605661392212,
            "y": 0.4555574059486389,
            "z": 0.0018736739875748754
        },
        "2": {
            "x": 0.6297888159751892,
            "y": 0.3783823549747467,
            "z": -0.004166393540799618
        },
        "3": {
            "x": 0.6333080530166626,
            "y": 0.316072016954422,
            "z": -0.014008515514433384
        },
        "4": {
            "x": 0.636941134929657,
            "y": 0.2649504542350769,
            "z": -0.021296413615345955
        },
        "5": {
            "x": 0.5578363537788391,
            "y": 0.32808881998062134,
            "z": -0.008838864043354988
        },
        "6": {
            "x": 0.6307581663131714,
            "y": 0.2742227613925934,
            "z": -0.03318966180086136
        },
        "7": {
            "x": 0.6695223450660706,
            "y": 0.3027938902378082,
            "z": -0.04834425821900368
        },
        "8": {
            "x": 0.6827300190925598,
            "y": 0.3385794758796692,
            "z": -0.05495810881257057
        },
        "9": {
            "x": 0.5569178462028503,
            "y": 0.3447990119457245,
            "z": -0.019697824493050575
        },
        "10": {
            "x": 0.637641191482544,
            "y": 0.28148147463798523,
            "z": -0.04115314409136772
        },
        "11": {
            "x": 0.6751565337181091,
            "y": 0.3130840063095093,
            "z": -0.04616245999932289
        },
        "12": {
            "x": 0.6850954294204712,
            "y": 0.3515128493309021,
            "z": -0.04628097265958786
        },
        "13": {
            "x": 0.5675281882286072,
            "y": 0.3708786070346832,
            "z": -0.03188035264611244
        },
        "14": {
            "x": 0.6413238048553467,
            "y": 0.3066248893737793,
            "z": -0.050045374780893326
        },
        "15": {
            "x": 0.6785390973091125,
            "y": 0.33121976256370544,
            "z": -0.04557555168867111
        },
        "16": {
            "x": 0.6900464296340942,
            "y": 0.3650283217430115,
            "z": -0.0386376790702343
        },
        "17": {
            "x": 0.5855891108512878,
            "y": 0.40132954716682434,
            "z": -0.044126708060503006
        },
        "18": {
            "x": 0.6435713768005371,
            "y": 0.3501276969909668,
            "z": -0.05376330390572548
        },
        "19": {
            "x": 0.6736806035041809,
            "y": 0.35124513506889343,
            "z": -0.04885431379079819
        },
        "20": {
            "x": 0.6878537535667419,
            "y": 0.3645022213459015,
            "z": -0.042711030691862106
        }
    }
}