{
    "Ё": {
        "0": {
            "x": 0.40750622749328613,
            "y": 0.7720264792442322,
            "z": 4.518181526691478e-07
        },
        "1": {
            "x": 0.5033811926841736,
            "y": 0.7120230197906494,
            "z": 0.00015749907470308244
        },
        "2": {
            "x": 0.5715327262878418,
            "y": 0.6329221725463867,
            "z": -0.0198772344738245
        },
        "3": {
            "x": 0.6307557225227356,
            "y": 0.5936948657035828,
            "z": -0.0480835922062397
        },
        "4": {
            "x": 0.6830498576164246,
            "y": 0.5686107873916626,
            "z": -0.07812965661287308
        },
        "5": {
            "x": 0.4980798363685608,
            "y": 0.4576534628868103,
            "z": -0.021785026416182518
        },
        "6": {
            "x": 0.5776091814041138,
            "y": 0.42192238569259644,
            "z": -0.0715922862291336
        },
        "7": {
            "x": 0.6412326097488403,
            "y": 0.45908671617507935,
            "z": -0.1120157390832901
        },
        "8": {
            "x": 0.6779857873916626,
            "y": 0.5093902349472046,
            "z": -0.13583526015281677
        },
        "9": {
            "x": 0.4585745334625244,
            "y": 0.4686841666698456,
            "z": -0.04812723025679588
        },
        "10": {
            "x": 0.5496615767478943,
            "y": 0.4294928312301636,
            "z": -0.10135690867900848
        },
        "11": {
            "x": 0.6244193315505981,
            "y": 0.4843970537185669,
            "z": -0.13511697947978973
        },
        "12": {
            "x": 0.6589938402175903,
            "y": 0.5466526746749878,
            "z": -0.1525305062532425
        },
        "13": {
            "x": 0.42788878083229065,
            "y": 0.5116182565689087,
            "z": -0.07588480412960052
        },
        "14": {
            "x": 0.5044292211532593,
            "y": 0.45335477590560913,
            "z": -0.12469133734703064
        },
        "15": {
            "x": 0.5824743509292603,
            "y": 0.506595253944397,
            "z": -0.14039205014705658
        },
        "16": {
            "x": 0.624217689037323,
            "y": 0.5647123456001282,
            "z": -0.1430703103542328
        },
        "17": {
            "x": 0.4068264067173004,
            "y": 0.576869010925293,
            "z": -0.10312899947166443
        },
        "18": {
            "x": 0.47505226731300354,
            "y": 0.5388193130493164,
            "z": -0.14117199182510376
        },
        "19": {
            "x": 0.5376260876655579,
            "y": 0.5584471821784973,
            "z": -0.14889726042747498
        },
        "20": {
            "x": 0.5802546143531799,
            "y": 0.5886427164077759,
            "z": -0.14813752472400665
        }
    }
}